timestamp,model,quantization,device,prompt_id,prompt_text,paper_reference,repetition,inference_time_s,tokens_generated,tokens_per_second,cpu_power_w,gpu_power_w,ram_power_w,cpu_energy_wh,gpu_energy_wh,ram_energy_wh,total_energy_wh,emissions_kg_co2,emissions_mg_co2,carbon_intensity,duration_s,country_iso_code,cpu_count,cpu_model,gpu_count,gpu_model,ram_total_gb
2026-06-12T10:40:47.528302,llama-2-7b,q4,cpu,1,"If all roses are flowers and some flowers fade quickly, can we conclude that some roses fade quickly",Zheng et al. 2023,1,7.1657469272613525,125,17.444099166333974,0.09060678098747633,0.0,3.0001987010191935,0.0001803514617916808,0.0,0.005971851284167163,0.006152202745958844,1.4614557623025234e-07,0.14614557623025234,26,7.1657469272613525,PRY,10,Apple M4,1,Apple M4,16.0
2026-06-12T10:41:05.907270,llama-2-7b,q4,cpu,1,"If all roses are flowers and some flowers fade quickly, can we conclude that some roses fade quickly",Zheng et al. 2023,2,13.988714933395386,256,18.30046585543386,0.05820236170421355,0.0,3.0001080746030686,0.00022616006842516995,0.0,0.01165768239583334,0.011883842464258509,2.8230067773846085e-07,0.28230067773846085,26,13.988714933395386,PRY,10,Apple M4,1,Apple M4,16.0
2026-06-12T10:41:23.057057,llama-2-7b,q4,cpu,1,"If all roses are flowers and some flowers fade quickly, can we conclude that some roses fade quickly",Zheng et al. 2023,3,13.919897079467773,256,18.39094057510001,0.0536008818055807,0.0,3.000035202314648,0.00020725521058400005,0.0,0.01160005034750005,0.01180730555808405,2.804825435322866e-07,0.28048254353228663,26,13.919897079467773,PRY,10,Apple M4,1,Apple M4,16.0
2026-06-12T10:41:43.243734,llama-2-7b,q4,cpu,1,"If all roses are flowers and some flowers fade quickly, can we conclude that some roses fade quickly",Zheng et al. 2023,4,13.92199182510376,256,18.38817341771367,0.054501225976287176,0.0,3.0000533615231575,0.00021076822847222298,0.0,0.011601866215000126,0.011812634443472348,2.806091312046856e-07,0.2806091312046856,26,13.92199182510376,PRY,10,Apple M4,1,Apple M4,16.0
2026-06-12T10:42:01.525108,llama-2-7b,q4,cpu,1,"If all roses are flowers and some flowers fade quickly, can we conclude that some roses fade quickly",Zheng et al. 2023,5,13.97525668144226,256,18.318089308509254,0.05240174376707231,0.0,3.0000853440978013,0.00020342439436111184,0.0,0.011646378541666612,0.011849802936027722,2.8149206874533854e-07,0.28149206874533855,26,13.97525668144226,PRY,10,Apple M4,1,Apple M4,16.0
2026-06-12T10:42:18.711143,llama-2-7b,q4,cpu,1,"If all roses are flowers and some flowers fade quickly, can we conclude that some roses fade quickly",Zheng et al. 2023,6,13.918032169342041,256,18.393404820826916,0.05510083399488079,0.0,3.00003318478992,0.00021302643891620178,0.0,0.011598488437499934,0.011811514876416136,2.805825358892653e-07,0.2805825358892653,26,13.918032169342041,PRY,10,Apple M4,1,Apple M4,16.0
2026-06-12T10:42:29.120248,llama-2-7b,q4,cpu,1,"If all roses are flowers and some flowers fade quickly, can we conclude that some roses fade quickly",Zheng et al. 2023,7,4.1303558349609375,75,18.15824180695785,0.05360524001974672,0.0,3.0002534876313245,6.150242108334511e-05,0.0,0.003442254027499984,0.0035037564485833296,8.323173443609698e-08,0.08323173443609698,26,4.1303558349609375,PRY,10,Apple M4,1,Apple M4,16.0
2026-06-12T10:42:47.320159,llama-2-7b,q4,cpu,1,"If all roses are flowers and some flowers fade quickly, can we conclude that some roses fade quickly",Zheng et al. 2023,8,13.924440860748291,256,18.384939299188687,0.05250192261495289,0.0,3.0000970983875193,0.0002030721990354152,0.0,0.011604076284166544,0.01180714848320196,2.804788122184625e-07,0.2804788122184625,26,13.924440860748291,PRY,10,Apple M4,1,Apple M4,16.0
2026-06-12T10:43:04.480911,llama-2-7b,q4,cpu,1,"If all roses are flowers and some flowers fade quickly, can we conclude that some roses fade quickly",Zheng et al. 2023,9,13.910634994506836,256,18.403185771252836,0.052200841681861156,0.0,3.000034363526778,0.00020170745973400247,0.0,0.011592328611666288,0.011794036071400291,2.801673268761139e-07,0.2801673268761139,26,13.910634994506836,PRY,10,Apple M4,1,Apple M4,16.0
2026-06-12T10:43:24.681855,llama-2-7b,q4,cpu,1,"If all roses are flowers and some flowers fade quickly, can we conclude that some roses fade quickly",Zheng et al. 2023,10,13.9186532497406,256,18.392584067339346,0.05790163916641464,0.0,3.00007305841745,0.0002238646772635902,0.0,0.011599160173333683,0.011823024850597273,2.808559553259382e-07,0.2808559553259382,26,13.9186532497406,PRY,10,Apple M4,1,Apple M4,16.0
2026-06-12T10:43:31.274849,llama-2-7b,q4,cpu,2,A farmer has 17 sheep. All but 9 die. How many sheep does the farmer have left? Explain.,Zheng et al. 2023,1,1.318742036819458,17,12.891073102515636,0.045214421421060386,0.0,3.000811960574928,1.656282172178403e-05,0.0,0.0010992491325002144,0.0011158119542219983,2.6506112972543568e-08,0.02650611297254357,26,1.318742036819458,PRY,10,Apple M4,1,Apple M4,16.0
2026-06-12T10:43:37.450466,llama-2-7b,q4,cpu,2,A farmer has 17 sheep. All but 9 die. How many sheep does the farmer have left? Explain.,Zheng et al. 2023,2,2.9394030570983887,53,18.03087190509987,0.04810356367219415,0.0,3.0001548201099077,3.9276600587604024e-05,0.0,0.0024496289583332024,0.002488905558920807,5.912395155216376e-08,0.05912395155216376,26,2.9394030570983887,PRY,10,Apple M4,1,Apple M4,16.0
2026-06-12T10:43:54.635812,llama-2-7b,q4,cpu,2,A farmer has 17 sheep. All but 9 die. How many sheep does the farmer have left? Explain.,Zheng et al. 2023,3,13.923350811004639,256,18.386378643685724,0.05230085401271148,0.0,3.0000360234396473,0.00020227864948170045,0.0,0.011602931666667095,0.011805210316148796,2.8043277106011464e-07,0.28043277106011466,26,13.923350811004639,PRY,10,Apple M4,1,Apple M4,16.0
2026-06-12T10:44:15.074222,llama-2-7b,q4,cpu,2,A farmer has 17 sheep. All but 9 die. How many sheep does the farmer have left? Explain.,Zheng et al. 2023,4,13.937333583831787,256,18.367932320783126,0.05130182657480278,0.0,3.0000937587162797,0.00019861407512025356,0.0,0.011614807638333485,0.011813421713453738,2.806278328030935e-07,0.2806278328030935,26,13.937333583831787,PRY,10,Apple M4,1,Apple M4,16.0
2026-06-12T10:44:33.404327,llama-2-7b,q4,cpu,2,A farmer has 17 sheep. All but 9 die. How many sheep does the farmer have left? Explain.,Zheng et al. 2023,5,13.961040019989014,256,18.33674279519768,0.053502012891056556,0.0,3.0000997195790613,0.00020748437308944686,0.0,0.011634586735833636,0.011842071108923083,2.813083991924678e-07,0.2813083991924678,26,13.961040019989014,PRY,10,Apple M4,1,Apple M4,16.0
2026-06-12T10:44:50.555046,llama-2-7b,q4,cpu,2,A farmer has 17 sheep. All but 9 die. How many sheep does the farmer have left? Explain.,Zheng et al. 2023,6,13.908101081848145,256,18.406538642008638,0.06720106942385179,0.0,3.0000342519408725,0.00025962201843200705,0.0,0.011590216562500094,0.0118498385809321,2.81492915490042e-07,0.281492915490042,26,13.908101081848145,PRY,10,Apple M4,1,Apple M4,16.0
2026-06-12T10:45:00.145615,llama-2-7b,q4,cpu,2,A farmer has 17 sheep. All but 9 die. How many sheep does the farmer have left? Explain.,Zheng et al. 2023,7,3.3104870319366455,60,18.12422142759454,0.05880544784557242,0.003862080353572895,3.00021757499225,5.4076297916665074e-05,3.551490813000101e-06,0.002758939270833404,0.002816567059563069,6.69075504999207e-08,0.0669075504999207,26,3.3104870319366455,PRY,10,Apple M4,1,Apple M4,16.0
2026-06-12T10:45:18.341717,llama-2-7b,q4,cpu,2,A farmer has 17 sheep. All but 9 die. How many sheep does the farmer have left? Explain.,Zheng et al. 2023,8,13.91992712020874,256,18.39090088541793,0.05070135888654769,0.0,3.0000680421216908,0.00019604422794341434,0.0,0.011600202361667016,0.01179624658961043,2.8021983773619577e-07,0.28021983773619574,26,13.91992712020874,PRY,10,Apple M4,1,Apple M4,16.0
2026-06-12T10:45:35.576457,llama-2-7b,q4,cpu,2,A farmer has 17 sheep. All but 9 die. How many sheep does the farmer have left? Explain.,Zheng et al. 2023,9,14.002701997756958,256,18.28218582677884,4.170767748955559,3.2371042018487945,3.0000364220226414,0.016222782747355637,0.012591168187270988,0.011669060000000021,0.04048301093462665,9.61673924752056e-07,0.961673924752056,26,14.002701997756958,PRY,10,Apple M4,1,Apple M4,16.0
2026-06-12T10:45:55.969169,llama-2-7b,q4,cpu,2,A farmer has 17 sheep. All but 9 die. How many sheep does the farmer have left? Explain.,Zheng et al. 2023,10,14.090476989746094,256,18.168299070804775,0.4735169970749672,0.0,3.000093025861431,0.0018533556532051372,0.0,0.01174242826333284,0.01359578391653798,3.2296784693735965e-07,0.32296784693735964,26,14.090476989746094,PRY,10,Apple M4,1,Apple M4,16.0
2026-06-12T10:46:07.169256,llama-2-7b,q4,cpu,3,"If it takes 5 machines 5 minutes to make 5 widgets, how long does it take 100 machines to make 100 w",Zheng et al. 2023,1,6.9208009243011475,115,16.61657389915641,0.3332229807105507,0.0,3.000177992418822,0.0006406027535833229,0.0,0.005767676284166707,0.00640827903775003,1.5222866854175194e-07,0.15222866854175193,26,6.9208009243011475,PRY,10,Apple M4,1,Apple M4,16.0
2026-06-12T10:46:14.678306,llama-2-7b,q4,cpu,3,"If it takes 5 machines 5 minutes to make 5 widgets, how long does it take 100 machines to make 100 w",Zheng et al. 2023,2,4.236258029937744,77,18.176418777099748,0.270013024033572,0.0,3.0001007750672395,0.00031773467812499796,0.0,0.003530333610833623,0.003848068288958621,9.141086220421203e-08,0.09141086220421203,26,4.236258029937744,PRY,10,Apple M4,1,Apple M4,16.0
2026-06-12T10:46:31.941637,llama-2-7b,q4,cpu,3,"If it takes 5 machines 5 minutes to make 5 widgets, how long does it take 100 machines to make 100 w",Zheng et al. 2023,3,13.994828939437866,256,18.2924708196028,0.30910537945622946,0.0,3.000038071754088,0.0012016324749305452,0.0,0.011662505451666524,0.012864137926597068,3.0558759644631335e-07,0.30558759644631334,26,13.994828939437866,PRY,10,Apple M4,1,Apple M4,16.0
2026-06-12T10:46:52.173764,llama-2-7b,q4,cpu,3,"If it takes 5 machines 5 minutes to make 5 widgets, how long does it take 100 machines to make 100 w",Zheng et al. 2023,4,13.944637060165405,256,18.35831215222488,0.26430639881997353,0.0,3.000058979197565,0.0010237935567288504,0.0,0.0116207593400001,0.012644552896728951,3.003713540617962e-07,0.3003713540617962,26,13.944637060165405,PRY,10,Apple M4,1,Apple M4,16.0
2026-06-12T10:47:10.416451,llama-2-7b,q4,cpu,3,"If it takes 5 machines 5 minutes to make 5 widgets, how long does it take 100 machines to make 100 w",Zheng et al. 2023,5,13.950520992279053,256,18.350569139438146,0.27110819275814513,0.0,3.000078206696729,0.001050583481736483,0.0,0.011625737222500447,0.012676320704236932,3.011259983291483e-07,0.3011259983291483,26,13.950520992279053,PRY,10,Apple M4,1,Apple M4,16.0
2026-06-12T10:47:27.633857,llama-2-7b,q4,cpu,3,"If it takes 5 machines 5 minutes to make 5 widgets, how long does it take 100 machines to make 100 w",Zheng et al. 2023,6,13.9352388381958,256,18.37069338907322,0.28000474936568365,0.0,3.0000376821969144,0.0010838702939555433,0.0,0.011612844895833708,0.012696715189789251,3.0161046933344364e-07,0.30161046933344365,26,13.9352388381958,PRY,10,Apple M4,1,Apple M4,16.0
2026-06-12T10:47:47.868635,llama-2-7b,q4,cpu,3,"If it takes 5 machines 5 minutes to make 5 widgets, how long does it take 100 machines to make 100 w",Zheng et al. 2023,7,13.939590215682983,256,18.364958800007095,0.27160952189237664,0.0,3.000091661801589,0.0010517015094048073,0.0,0.011616680104167092,0.012668381613571901,3.009374052304005e-07,0.30093740523040047,26,13.939590215682983,PRY,10,Apple M4,1,Apple M4,16.0
2026-06-12T10:48:06.098567,llama-2-7b,q4,cpu,3,"If it takes 5 machines 5 minutes to make 5 widgets, how long does it take 100 machines to make 100 w",Zheng et al. 2023,8,13.946177005767822,256,18.356285015895338,0.24940835501270242,0.0,3.0000868864417125,0.0009661925182568135,0.0,0.011622150764166388,0.012588343282423201,2.9903609467396313e-07,0.29903609467396314,26,13.946177005767822,PRY,10,Apple M4,1,Apple M4,16.0
2026-06-12T10:48:15.166858,llama-2-7b,q4,cpu,3,"If it takes 5 machines 5 minutes to make 5 widgets, how long does it take 100 machines to make 100 w",Zheng et al. 2023,9,5.798393964767456,106,18.280924104861356,0.32611063595473067,0.0,3.0000681189827954,0.0005252549842684409,0.0,0.004832104687500304,0.005357359671768746,1.2726407900286653e-07,0.12726407900286654,26,5.798393964767456,PRY,10,Apple M4,1,Apple M4,16.0
2026-06-12T10:48:35.404805,llama-2-7b,q4,cpu,3,"If it takes 5 machines 5 minutes to make 5 widgets, how long does it take 100 machines to make 100 w",Zheng et al. 2023,10,13.951149940490723,256,18.34974185583123,0.2524098150632736,0.0,3.000103337612736,0.0009781686601109064,0.0,0.011626358750000539,0.012604527410111446,2.9942054862719734e-07,0.29942054862719736,26,13.951149940490723,PRY,10,Apple M4,1,Apple M4,16.0
2026-06-12T10:48:54.058398,llama-2-7b,q4,cpu,4,A bat and ball cost $1.10. The bat costs $1 more than the ball. How much does the ball cost?,Zheng et al. 2023,1,14.379358053207397,256,17.80329824549419,0.3029098572608771,0.0,3.0000846327334227,0.0012099025820555824,0.0,0.011983136423333084,0.013193039005388665,3.134006415730077e-07,0.31340064157300773,26,14.379358053207397,PRY,10,Apple M4,1,Apple M4,16.0
2026-06-12T10:49:11.257736,llama-2-7b,q4,cpu,4,A bat and ball cost $1.10. The bat costs $1 more than the ball. How much does the ball cost?,Zheng et al. 2023,2,13.923846244812012,256,18.385724425489467,0.27110446282543377,0.0,3.0000368534350845,0.0010485602379621372,0.0,0.011603347743333263,0.0126519079812954,3.005460740956722e-07,0.3005460740956722,26,13.923846244812012,PRY,10,Apple M4,1,Apple M4,16.0
2026-06-12T10:49:18.432669,llama-2-7b,q4,cpu,4,A bat and ball cost $1.10. The bat costs $1 more than the ball. How much does the ball cost?,Zheng et al. 2023,3,0.8881018161773682,15,16.88995532580271,0.3139559459577572,0.0,3.001262864739975,7.745134605687994e-05,0.0,0.0007403963891670173,0.0008178477352238974,1.942797295024368e-08,0.01942797295024368,26,0.8881018161773682,PRY,10,Apple M4,1,Apple M4,16.0
2026-06-12T10:49:36.633999,llama-2-7b,q4,cpu,4,A bat and ball cost $1.10. The bat costs $1 more than the ball. How much does the ball cost?,Zheng et al. 2023,4,13.935819864273071,256,18.36992745983328,0.2510083678805925,0.0,3.0000862639725954,0.0009716687220025343,0.0,0.011613517153333912,0.012585185875336446,2.989610904686173e-07,0.2989610904686173,26,13.935819864273071,PRY,10,Apple M4,1,Apple M4,16.0
2026-06-12T10:49:53.798800,llama-2-7b,q4,cpu,4,A bat and ball cost $1.10. The bat costs $1 more than the ball. How much does the ball cost?,Zheng et al. 2023,5,13.924864053726196,256,18.384380559284253,0.29010492506638424,0.0,3.0000370084633885,0.0011221310119071738,0.0,0.01160419652750003,0.012726327539407204,3.023139106986181e-07,0.3023139106986181,26,13.924864053726196,PRY,10,Apple M4,1,Apple M4,16.0
2026-06-12T10:50:13.991541,llama-2-7b,q4,cpu,4,A bat and ball cost $1.10. The bat costs $1 more than the ball. How much does the ball cost?,Zheng et al. 2023,6,13.921548843383789,256,18.38875852679739,0.2562060536824108,0.0,3.0000568700980814,0.000990773636197303,0.0,0.011601510624999872,0.012592284261197175,2.991297126247389e-07,0.2991297126247389,26,13.921548843383789,PRY,10,Apple M4,1,Apple M4,16.0
2026-06-12T10:50:32.237970,llama-2-7b,q4,cpu,4,A bat and ball cost $1.10. The bat costs $1 more than the ball. How much does the ball cost?,Zheng et al. 2023,7,13.979013204574585,256,18.31316676317502,0.330109869752206,0.0,3.0000762312232236,0.0012818361745073567,0.0,0.011649473680833277,0.012931309855340634,3.0718326561361673e-07,0.30718326561361675,26,13.979013204574585,PRY,10,Apple M4,1,Apple M4,16.0
2026-06-12T10:50:41.054872,llama-2-7b,q4,cpu,4,A bat and ball cost $1.10. The bat costs $1 more than the ball. How much does the ball cost?,Zheng et al. 2023,8,5.582489967346191,101,18.092285089768545,0.36261293317795706,0.01756993021675312,3.000074424130327,0.0005623008504155334,2.7245544211665828e-05,0.004652190381666515,0.005241736776293714,1.2451745712085714e-07,0.12451745712085714,26,5.582489967346191,PRY,10,Apple M4,1,Apple M4,16.0
2026-06-12T10:56:27.716499,llama-2-7b,q4,cpu,4,A bat and ball cost $1.10. The bat costs $1 more than the ball. How much does the ball cost?,Zheng et al. 2023,9,340.3782148361206,256,0.7521045379571499,0.011458205397348093,0.0,0.12684303186613968,0.001083367638437485,0.0,0.011992945764166051,0.013076313402603536,3.10627824878847e-07,0.310627824878847,26,340.3782148361206,PRY,10,Apple M4,1,Apple M4,16.0
2026-06-12T10:56:43.378939,llama-2-7b,q4,cpu,4,A bat and ball cost $1.10. The bat costs $1 more than the ball. How much does the ball cost?,Zheng et al. 2023,10,11.343953847885132,208,18.335758659559225,0.2830119782337197,0.0,3.001169187350589,0.0008917985609672189,0.0,0.009456979097500002,0.01034877765846722,2.458352132768888e-07,0.24583521327688881,26,11.343953847885132,PRY,10,Apple M4,1,Apple M4,16.0
2026-06-12T10:57:01.617172,llama-2-7b,q4,cpu,5,Three switches control three light bulbs in another room. You can only enter the room once. How do y,Zheng et al. 2023,1,14.89695405960083,256,17.184721049402203,0.07901158297467414,0.0,3.000424756039034,0.00032695331159723884,0.0,0.012415886041667365,0.012742839353264604,3.027061488368006e-07,0.30270614883680064,26,14.89695405960083,PRY,10,Apple M4,1,Apple M4,16.0
2026-06-12T10:57:26.862109,llama-2-7b,q4,cpu,5,Three switches control three light bulbs in another room. You can only enter the room once. How do y,Zheng et al. 2023,2,14.145493030548096,256,18.097637137648835,0.6375475747459847,0.0,3.0002083107565265,0.0025051179931144907,0.0,0.0117887293749997,0.01429384736811419,3.3955034422955257e-07,0.33955034422955255,26,14.145493030548096,PRY,10,Apple M4,1,Apple M4,16.0
2026-06-12T10:57:46.090753,llama-2-7b,q4,cpu,5,Three switches control three light bulbs in another room. You can only enter the room once. How do y,Zheng et al. 2023,3,14.891243934631348,256,17.19131062010486,0.6274310383430466,0.0,3.0001321042831934,0.002595341290034817,0.0,0.012409916389166635,0.015005257679201451,3.5644989616943045e-07,0.35644989616943046,26,14.891243934631348,PRY,10,Apple M4,1,Apple M4,16.0
2026-06-12T11:00:23.907752,llama-2-7b,q4,cpu,5,Three switches control three light bulbs in another room. You can only enter the room once. How do y,Zheng et al. 2023,4,154.53673815727234,210,1.3589001715972715,0.02124576785171086,0.0,0.2752031216338803,0.0009120143509583433,0.0,0.011813609096666369,0.012725623447624712,3.02297184998325e-07,0.302297184998325,26,154.53673815727234,PRY,10,Apple M4,1,Apple M4,16.0
2026-06-12T11:00:45.683973,llama-2-7b,q4,cpu,5,Three switches control three light bulbs in another room. You can only enter the room once. How do y,Zheng et al. 2023,5,15.472272157669067,256,16.545727569373817,3.6604661489678034,0.0,5.910601070294148,0.015732146800212406,0.0,0.025402896770833648,0.041135043571046054,9.771629600301989e-07,0.9771629600301989,26,15.472272157669067,PRY,10,Apple M4,1,Apple M4,16.0
2026-06-12T11:01:09.125221,llama-2-7b,q4,cpu,5,Three switches control three light bulbs in another room. You can only enter the room once. How do y,Zheng et al. 2023,6,19.050622940063477,256,13.437880787700216,5.208431735053965,0.0,2.432746629640873,0.027562185859326026,0.0,0.012873705208332923,0.04043589106765895,9.605545923122384e-07,0.9605545923122384,26,19.050622940063477,PRY,10,Apple M4,1,Apple M4,16.0
2026-06-12T11:01:37.037843,llama-2-7b,q4,cpu,5,Three switches control three light bulbs in another room. You can only enter the room once. How do y,Zheng et al. 2023,7,21.40794801712036,256,11.958175524121776,3.0721831622684594,0.0,2.4268907899744603,0.018269204843587676,0.0,0.014431875520833727,0.0327010803644214,7.768141640568303e-07,0.7768141640568303,26,21.40794801712036,PRY,10,Apple M4,1,Apple M4,16.0
2026-06-12T11:03:04.944075,llama-2-7b,q4,cpu,5,Three switches control three light bulbs in another room. You can only enter the room once. How do y,Zheng et al. 2023,8,83.57163190841675,256,3.0632404101016184,0.9329274375212703,0.0,0.5976772049962608,0.021657296779386128,0.0,0.013874683159999677,0.035531979939385804,8.440621834601097e-07,0.8440621834601097,26,83.57163190841675,PRY,10,Apple M4,1,Apple M4,16.0
2026-06-12T11:03:29.671768,llama-2-7b,q4,cpu,5,Three switches control three light bulbs in another room. You can only enter the room once. How do y,Zheng et al. 2023,9,18.30755615234375,256,13.983297271887741,5.551634778216816,0.0,5.459845154548682,0.028232462622085782,0.0,0.027765672708333872,0.05599813533041965,1.3302357047741188e-06,1.3302357047741187,26,18.30755615234375,PRY,10,Apple M4,1,Apple M4,16.0
2026-06-12T11:03:52.982224,llama-2-7b,q4,cpu,5,Three switches control three light bulbs in another room. You can only enter the room once. How do y,Zheng et al. 2023,10,18.79319715499878,232,12.344892573975397,3.7892462558260798,0.0,5.396297935075977,0.019781125542939017,0.0,0.02817046972249879,0.0479515952654378,1.1390901455304749e-06,1.139090145530475,26,18.79319715499878,PRY,10,Apple M4,1,Apple M4,16.0
2026-06-12T11:04:02.786845,llama-2-7b,q4,cpu,6,"Given that f(x) = 4x³ - 9x - 14, find the value of f(2).",Zheng et al. 2023,1,3.33158016204834,50,15.007893422338887,0.6894162694707258,0.0,3.0004308432592586,0.0006380126574339007,0.0,0.002776715520833477,0.003414728178267378,8.111686787474156e-08,0.08111686787474155,26,3.33158016204834,PRY,10,Apple M4,1,Apple M4,16.0
2026-06-12T11:04:33.934759,llama-2-7b,q4,cpu,6,"Given that f(x) = 4x³ - 9x - 14, find the value of f(2).",Zheng et al. 2023,2,26.528794050216675,256,9.649892095185876,1.7920909465815824,0.0,2.517096004235898,0.013206114344755736,0.0,0.018548755972499293,0.03175487031725503,7.543369443863932e-07,0.7543369443863932,26,26.528794050216675,PRY,10,Apple M4,1,Apple M4,16.0
2026-06-12T11:05:11.642346,llama-2-7b,q4,cpu,6,"Given that f(x) = 4x³ - 9x - 14, find the value of f(2).",Zheng et al. 2023,3,30.6321542263031,256,8.357231362467447,3.2057752174867082,0.0,3.5914887650483602,0.02727772246580923,0.0,0.03055973270916562,0.05783745517497486,1.3739287476815277e-06,1.3739287476815276,26,30.6321542263031,PRY,10,Apple M4,1,Apple M4,16.0
2026-06-12T11:05:38.279056,llama-2-7b,q4,cpu,6,"Given that f(x) = 4x³ - 9x - 14, find the value of f(2).",Zheng et al. 2023,4,22.34701895713806,203,9.083985671169708,1.69352838132242,0.18826615005649913,2.3894433011141207,0.01051258634496207,0.0011686631178611068,0.014832481874167722,0.0265137313369909,6.298336879102189e-07,0.6298336879102189,26,22.34701895713806,PRY,10,Apple M4,1,Apple M4,16.0
2026-06-12T11:05:58.850336,llama-2-7b,q4,cpu,6,"Given that f(x) = 4x³ - 9x - 14, find the value of f(2).",Zheng et al. 2023,5,14.284688949584961,256,17.921286273961048,0.06880230486422788,0.0,3.0000876656293127,0.0002730054233333366,0.0,0.01190425531250033,0.012177260735833665,2.892708287797287e-07,0.2892708287797287,26,14.284688949584961,PRY,10,Apple M4,1,Apple M4,16.0
2026-06-12T11:06:17.018170,llama-2-7b,q4,cpu,6,"Given that f(x) = 4x³ - 9x - 14, find the value of f(2).",Zheng et al. 2023,6,13.912491083145142,256,18.400730571546724,0.05620212815995898,0.0,3.0000995418115584,0.00021719766857755828,0.0,0.01159412725666698,0.011811324925244539,2.80578023599184e-07,0.280578023599184,26,13.912491083145142,PRY,10,Apple M4,1,Apple M4,16.0
2026-06-12T11:06:27.792323,llama-2-7b,q4,cpu,6,"Given that f(x) = 4x³ - 9x - 14, find the value of f(2).",Zheng et al. 2023,7,7.509696960449219,138,18.376240842579225,0.047901685220304004,0.0,3.000080561660066,9.992420552758673e-05,0.0,0.006258248854167051,0.006358173059694636,1.510384010330461e-07,0.15103840103304608,26,7.509696960449219,PRY,10,Apple M4,1,Apple M4,16.0
2026-06-12T11:06:44.723563,llama-2-7b,q4,cpu,6,"Given that f(x) = 4x³ - 9x - 14, find the value of f(2).",Zheng et al. 2023,8,10.646921873092651,196,18.409076570322117,0.05590266412369877,0.0,3.0001255883846945,0.00016533091595076675,0.0,0.008872806319166102,0.009038137235116869,2.147009500202012e-07,0.2147009500202012,26,10.646921873092651,PRY,10,Apple M4,1,Apple M4,16.0
2026-06-12T11:07:02.888809,llama-2-7b,q4,cpu,6,"Given that f(x) = 4x³ - 9x - 14, find the value of f(2).",Zheng et al. 2023,9,13.900744915008545,256,18.416279240085792,0.051001516012967534,0.0,3.0000766059647073,0.0001969330734374959,0.0,0.011584249895833332,0.01178118296927083,2.798620014350285e-07,0.27986200143502854,26,13.900744915008545,PRY,10,Apple M4,1,Apple M4,16.0
2026-06-12T11:07:20.090829,llama-2-7b,q4,cpu,6,"Given that f(x) = 4x³ - 9x - 14, find the value of f(2).",Zheng et al. 2023,10,13.950140953063965,256,18.351069058106756,0.05330120562593122,0.0,3.0000546600790865,0.00020654425873610735,0.0,0.011625329270833238,0.011831873529569346,2.810661556949198e-07,0.2810661556949198,26,13.950140953063965,PRY,10,Apple M4,1,Apple M4,16.0
2026-06-12T11:07:40.547110,llama-2-7b,q4,cpu,7,"Calculate the compound interest on $10,000 at 5% annual rate over 3 years.",Zheng et al. 2023,1,14.182230949401855,256,18.050756676670602,0.054201599567975337,0.0,3.0000753337607953,0.00021352766747222946,0.0,0.011818822569166514,0.012032350236638744,2.8582847987135333e-07,0.28582847987135335,26,14.182230949401855,PRY,10,Apple M4,1,Apple M4,16.0
2026-06-12T11:07:58.708990,llama-2-7b,q4,cpu,7,"Calculate the compound interest on $10,000 at 5% annual rate over 3 years.",Zheng et al. 2023,2,13.903806924819946,256,18.412223456800856,0.055602293672530834,0.0,3.0001100040835427,0.00021474543216666846,0.0,0.011586930624999544,0.011801676057166213,2.8034881473798336e-07,0.28034881473798334,26,13.903806924819946,PRY,10,Apple M4,1,Apple M4,16.0
2026-06-12T11:08:15.862353,llama-2-7b,q4,cpu,7,"Calculate the compound interest on $10,000 at 5% annual rate over 3 years.",Zheng et al. 2023,3,13.901396036148071,256,18.415416648394032,0.058701268560556026,0.0,3.0000522350815313,0.0002266748839123825,0.0,0.011584698402499878,0.01181137328641226,2.805791724187232e-07,0.2805791724187232,26,13.901396036148071,PRY,10,Apple M4,1,Apple M4,16.0
2026-06-12T11:08:36.044558,llama-2-7b,q4,cpu,7,"Calculate the compound interest on $10,000 at 5% annual rate over 3 years.",Zheng et al. 2023,4,13.901386976242065,256,18.415428650214007,0.05150147979471911,0.0,3.000072596804603,0.0001988727779098617,0.0,0.011584769479166727,0.01178364225707659,2.7992042181685435e-07,0.27992042181685434,26,13.901386976242065,PRY,10,Apple M4,1,Apple M4,16.0
2026-06-12T11:08:54.196245,llama-2-7b,q4,cpu,7,"Calculate the compound interest on $10,000 at 5% annual rate over 3 years.",Zheng et al. 2023,5,13.900492906570435,256,18.416613117294197,0.05510217191911454,0.0,3.0001054659929767,0.00021276315274952118,0.0,0.011584151319166267,0.01179691447191579,2.8023570328035954e-07,0.28023570328035957,26,13.900492906570435,PRY,10,Apple M4,1,Apple M4,16.0
2026-06-12T11:09:11.348576,llama-2-7b,q4,cpu,7,"Calculate the compound interest on $10,000 at 5% annual rate over 3 years.",Zheng et al. 2023,6,13.900249242782593,256,18.416935950477473,0.050501213911827963,0.0,3.0000565921977222,0.00019499429456596899,0.0,0.011583759548333699,0.011778753842899668,2.798042975380816e-07,0.2798042975380816,26,13.900249242782593,PRY,10,Apple M4,1,Apple M4,16.0
2026-06-12T11:09:31.545398,llama-2-7b,q4,cpu,7,"Calculate the compound interest on $10,000 at 5% annual rate over 3 years.",Zheng et al. 2023,7,13.88966703414917,256,18.430967378166645,0.06180177402665675,0.0,3.0000727986891014,0.00023844612870833074,0.0,0.011575003403333237,0.011813449532041567,2.8062849363364743e-07,0.28062849363364745,26,13.88966703414917,PRY,10,Apple M4,1,Apple M4,16.0
2026-06-12T11:09:40.162708,llama-2-7b,q4,cpu,7,"Calculate the compound interest on $10,000 at 5% annual rate over 3 years.",Zheng et al. 2023,8,4.341408014297485,79,18.196861419113485,0.04930553956487089,0.0,3.0002946528181376,5.945985128227562e-05,0.0,0.0036181953474995984,0.003677655198781874,8.736269924706341e-08,0.08736269924706341,26,4.341408014297485,PRY,10,Apple M4,1,Apple M4,16.0
2026-06-12T11:09:57.305957,llama-2-7b,q4,cpu,7,"Calculate the compound interest on $10,000 at 5% annual rate over 3 years.",Zheng et al. 2023,9,13.895040035247803,256,18.423840402805613,0.05520127971367593,0.0,3.0000563974091676,0.00021306221989401096,0.0,0.0115794177083338,0.01179247992822781,2.801303606950516e-07,0.2801303606950516,26,13.895040035247803,PRY,10,Apple M4,1,Apple M4,16.0
2026-06-12T11:10:17.486738,llama-2-7b,q4,cpu,7,"Calculate the compound interest on $10,000 at 5% annual rate over 3 years.",Zheng et al. 2023,10,13.897496938705444,256,18.42058329849479,0.05710166203374214,0.0,3.0000734077430975,0.00022043615925247895,0.0,0.011581530833333697,0.011801966992586175,2.8035572590888457e-07,0.2803557259088846,26,13.897496938705444,PRY,10,Apple M4,1,Apple M4,16.0
2026-06-12T11:10:35.742657,llama-2-7b,q4,cpu,8,What is the area of a circle with radius 7 cm?,Zheng et al. 2023,1,14.002386093139648,256,18.28259828697518,0.060702109827612004,0.0,3.000091018171617,0.00023610399402066386,0.0,0.011669009097499839,0.011905113091520503,2.8280596148906956e-07,0.28280596148906956,26,14.002386093139648,PRY,10,Apple M4,1,Apple M4,16.0
2026-06-12T11:10:53.205208,llama-2-7b,q4,cpu,8,What is the area of a circle with radius 7 cm?,Zheng et al. 2023,2,14.206684112548828,256,18.01968692848418,0.5387816408767239,0.0,2.995436877730711,0.002126194604882317,0.0,0.011820895972499934,0.013947090577382252,3.3131313666571534e-07,0.3313131366657153,26,14.206684112548828,PRY,10,Apple M4,1,Apple M4,16.0
2026-06-12T11:11:13.844723,llama-2-7b,q4,cpu,8,What is the area of a circle with radius 7 cm?,Zheng et al. 2023,3,14.277281999588013,256,17.93058370685591,0.8814827571706736,0.39727400896674747,2.9989064621147885,0.003495882750527797,0.0015755536269791972,0.0118933981249999,0.0169648345025069,4.0299964360705133e-07,0.4029996436070513,26,14.277281999588013,PRY,10,Apple M4,1,Apple M4,16.0
2026-06-12T11:11:32.304178,llama-2-7b,q4,cpu,8,What is the area of a circle with radius 7 cm?,Zheng et al. 2023,4,14.1354501247406,256,18.110495084407358,0.5297482616554146,0.0,2.9996948010014766,0.002080063925360596,0.0,0.011778343402500014,0.01385840732786061,3.2920646607332877e-07,0.32920646607332876,26,14.1354501247406,PRY,10,Apple M4,1,Apple M4,16.0
2026-06-12T11:11:49.687275,llama-2-7b,q4,cpu,8,What is the area of a circle with radius 7 cm?,Zheng et al. 2023,5,14.11373496055603,256,18.138359599032356,0.5936835243029158,0.0,2.9999039849003424,0.0023275255312389387,0.0,0.011761069374999808,0.014088594906238745,3.346745719977014e-07,0.3346745719977014,26,14.11373496055603,PRY,10,Apple M4,1,Apple M4,16.0
2026-06-12T11:12:10.142868,llama-2-7b,q4,cpu,8,What is the area of a circle with radius 7 cm?,Zheng et al. 2023,6,14.098368883132935,256,18.158128938325223,0.17000452873151617,0.0,3.000067621198637,0.000665774043850024,0.0,0.01174890555500042,0.012414679598850443,2.9491071387069225e-07,0.29491071387069223,26,14.098368883132935,PRY,10,Apple M4,1,Apple M4,16.0
2026-06-12T11:12:28.472164,llama-2-7b,q4,cpu,8,What is the area of a circle with radius 7 cm?,Zheng et al. 2023,7,14.033444166183472,256,18.24213621178511,0.1681045408660039,0.0,3.0000684079715416,0.0006553015800902704,0.0,0.011694803471666546,0.012350105051756816,2.9337674550448313e-07,0.2933767455044831,26,14.033444166183472,PRY,10,Apple M4,1,Apple M4,16.0
2026-06-12T11:12:45.892138,llama-2-7b,q4,cpu,8,What is the area of a circle with radius 7 cm?,Zheng et al. 2023,8,14.145901918411255,256,18.097114024720433,0.17520175402584284,0.0,3.000017919873154,0.0006884407856619964,0.0,0.011788322013333831,0.012476762798995827,2.9638550029014585e-07,0.2963855002901458,26,14.145901918411255,PRY,10,Apple M4,1,Apple M4,16.0
2026-06-12T11:13:06.205736,llama-2-7b,q4,cpu,8,What is the area of a circle with radius 7 cm?,Zheng et al. 2023,9,14.012907028198242,256,18.26887165417211,0.17670618632913532,0.0,3.000092016410546,0.0006878242667604579,0.0,0.011677780695000214,0.012365604961760672,2.9374494586662474e-07,0.29374494586662475,26,14.012907028198242,PRY,10,Apple M4,1,Apple M4,16.0
2026-06-12T11:13:24.636132,llama-2-7b,q4,cpu,8,What is the area of a circle with radius 7 cm?,Zheng et al. 2023,10,14.144461870193481,256,18.098956492609087,0.18410577685746624,0.0,3.0000814904400053,0.0007233547613452169,0.0,0.011787371735833857,0.012510726497179075,2.971923079404889e-07,0.2971923079404889,26,14.144461870193481,PRY,10,Apple M4,1,Apple M4,16.0
2026-06-12T11:13:42.315920,llama-2-7b,q4,cpu,9,Solve for x: 2x + 5 = 15,Zheng et al. 2023,1,14.406192779541016,256,17.770135657462458,0.27940341203342994,0.0,3.0000240112278505,0.0011180942825042006,0.0,0.012005256735833428,0.01312335101833763,3.117452034406104e-07,0.31174520344061035,26,14.406192779541016,PRY,10,Apple M4,1,Apple M4,16.0
2026-06-12T11:13:53.938027,llama-2-7b,q4,cpu,9,Solve for x: 2x + 5 = 15,Zheng et al. 2023,2,5.314245939254761,97,18.252824786201508,0.047203409671319786,0.0,3.0001842564773824,6.968070226799725e-05,0.0,0.00442881027833361,0.004498490980601607,1.0686165324419116e-07,0.10686165324419115,26,5.314245939254761,PRY,10,Apple M4,1,Apple M4,16.0
2026-06-12T11:14:12.095457,llama-2-7b,q4,cpu,9,Solve for x: 2x + 5 = 15,Zheng et al. 2023,3,13.874059915542603,256,18.451700623925703,0.05610180223386027,0.0,3.0000820599290097,0.0002162110459895831,0.0,0.011562032847499876,0.011778243893489459,2.797921836898421e-07,0.2797921836898421,26,13.874059915542603,PRY,10,Apple M4,1,Apple M4,16.0
2026-06-12T11:14:16.132176,llama-2-7b,q4,cpu,9,Solve for x: 2x + 5 = 15,Zheng et al. 2023,4,0.7654919624328613,13,16.982542780310624,0.01750461404900363,0.0,3.000477781242626,3.7221226000004508e-06,0.0,0.0006380115624998932,0.0006417336850998936,1.5244383689547973e-08,0.015244383689547973,26,0.7654919624328613,PRY,10,Apple M4,1,Apple M4,16.0
2026-06-12T11:14:26.828001,llama-2-7b,q4,cpu,9,Solve for x: 2x + 5 = 15,Zheng et al. 2023,5,4.381946086883545,80,18.25672849774751,0.07310509561174049,0.0,3.0001681021022337,8.898405212419824e-05,0.0,0.0036518263541665875,0.003740810406290786,8.886295120143762e-08,0.08886295120143761,26,4.381946086883545,PRY,10,Apple M4,1,Apple M4,16.0
2026-06-12T11:14:45.077579,llama-2-7b,q4,cpu,9,Solve for x: 2x + 5 = 15,Zheng et al. 2023,6,13.981651067733765,256,18.3097116899724,0.061101570177502736,0.0,3.0000634168164177,0.00023730578719791408,0.0,0.011651622187500077,0.01188892797469799,2.8242148403895075e-07,0.28242148403895073,26,13.981651067733765,PRY,10,Apple M4,1,Apple M4,16.0
2026-06-12T11:15:02.196683,llama-2-7b,q4,cpu,9,Solve for x: 2x + 5 = 15,Zheng et al. 2023,7,13.861857891082764,256,18.467942898526108,0.09960134681185591,0.0,3.000026751590764,0.0003835165875739989,0.0,0.011551651249999396,0.011935167837573394,2.8351991198155595e-07,0.28351991198155596,26,13.861857891082764,PRY,10,Apple M4,1,Apple M4,16.0
2026-06-12T11:15:22.435151,llama-2-7b,q4,cpu,9,Solve for x: 2x + 5 = 15,Zheng et al. 2023,8,13.928545951843262,256,18.37952079743986,0.05290181069874639,0.0,3.000088318226016,0.00020467925034811183,0.0,0.01160746333333312,0.011812142583681233,2.8059744707534767e-07,0.2805974470753477,26,13.928545951843262,PRY,10,Apple M4,1,Apple M4,16.0
2026-06-12T11:15:40.650348,llama-2-7b,q4,cpu,9,Solve for x: 2x + 5 = 15,Zheng et al. 2023,9,13.897457838058472,256,18.420635125003855,0.05850184141570261,0.0,3.0000813806984157,0.00022584079847875278,0.0,0.011581529027500134,0.011807369825978888,2.804840702161285e-07,0.2804840702161285,26,13.897457838058472,PRY,10,Apple M4,1,Apple M4,16.0
2026-06-12T11:15:49.229244,llama-2-7b,q4,cpu,9,Solve for x: 2x + 5 = 15,Zheng et al. 2023,10,5.2980241775512695,97,18.308712219737945,0.08540266889819248,0.0,3.0000601811803285,0.00012568483462500822,0.0,0.004415108715000618,0.004540793549625626,1.0786655077135674e-07,0.10786655077135673,26,5.2980241775512695,PRY,10,Apple M4,1,Apple M4,16.0
2026-06-12T11:15:59.702117,llama-2-7b,q4,cpu,10,"If the probability of rain is 30%, what is the probability of no rain?",Zheng et al. 2023,1,4.186151027679443,65,15.52739009419643,0.17261766300265158,0.0,3.0002611986412338,0.00020072322427060383,0.0,0.003488762916666322,0.003689486140936926,8.764374327795666e-08,0.08764374327795667,26,4.186151027679443,PRY,10,Apple M4,1,Apple M4,16.0
2026-06-12T11:16:04.419033,llama-2-7b,q4,cpu,10,"If the probability of rain is 30%, what is the probability of no rain?",Zheng et al. 2023,2,0.41014790534973145,6,14.628869053674245,0.2487961936040502,0.0,3.0042671434608152,2.8345343796024287e-05,0.0,0.00034227607666707625,0.00037062142046310055,8.804111843100952e-09,0.008804111843100952,26,0.41014790534973145,PRY,10,Apple M4,1,Apple M4,16.0
2026-06-12T11:18:28.669901,llama-2-7b,q4,cpu,10,"If the probability of rain is 30%, what is the probability of no rain?",Zheng et al. 2023,3,140.99324584007263,256,1.8156898117685616,0.016362369227323738,0.0,0.3069849586986303,0.0006408287630539154,0.0,0.012023001597500147,0.012663830360554063,3.0082929021496176e-07,0.30082929021496174,26,140.99324584007263,PRY,10,Apple M4,1,Apple M4,16.0
2026-06-12T11:18:49.133368,llama-2-7b,q4,cpu,10,"If the probability of rain is 30%, what is the probability of no rain?",Zheng et al. 2023,4,14.11885380744934,256,18.131783464244823,0.11727164591079245,0.0,2.9992594707409945,0.00045992811788151186,0.0,0.01176280722166666,0.012222735339548173,2.903510779909668e-07,0.2903510779909668,26,14.11885380744934,PRY,10,Apple M4,1,Apple M4,16.0
2026-06-12T11:19:09.201786,llama-2-7b,q4,cpu,10,"If the probability of rain is 30%, what is the probability of no rain?",Zheng et al. 2023,5,15.736455917358398,256,16.26795775010651,2.534997399253532,0.0,5.8614260962823,0.011081076339992054,0.0,0.025621687049166817,0.03670276338915887,8.718741443094689e-07,0.8718741443094689,26,15.736455917358398,PRY,10,Apple M4,1,Apple M4,16.0
2026-06-12T11:19:32.235198,llama-2-7b,q4,cpu,10,"If the probability of rain is 30%, what is the probability of no rain?",Zheng et al. 2023,6,19.597564220428467,256,13.062847868264468,4.284683661971409,0.0,2.4253954899381527,0.023324823119362584,0.0,0.013203289965000142,0.03652811308436272,8.677253263190364e-07,0.8677253263190364,26,19.597564220428467,PRY,10,Apple M4,1,Apple M4,16.0
2026-06-12T11:20:06.414634,llama-2-7b,q4,cpu,10,"If the probability of rain is 30%, what is the probability of no rain?",Zheng et al. 2023,7,27.445432901382446,256,9.327599273797757,1.8059548209424314,0.0,2.5292160856936077,0.013768114405862125,0.0,0.019282063992500296,0.03305017839836242,7.851069878530992e-07,0.7851069878530992,26,27.445432901382446,PRY,10,Apple M4,1,Apple M4,16.0
2026-06-12T11:20:41.726183,llama-2-7b,q4,cpu,10,"If the probability of rain is 30%, what is the probability of no rain?",Zheng et al. 2023,8,30.442225694656372,256,8.409371987703794,2.0260405371914425,0.0,3.6318723739508614,0.01713255091658465,0.0,0.03071174402833321,0.04784429494491787,1.1365412264165239e-06,1.1365412264165238,26,30.442225694656372,PRY,10,Apple M4,1,Apple M4,16.0
2026-06-12T11:21:18.301834,llama-2-7b,q4,cpu,10,"If the probability of rain is 30%, what is the probability of no rain?",Zheng et al. 2023,9,29.713688135147095,256,8.615557881459628,0.7142389699996038,0.0,2.510998303497272,0.0058951872245935856,0.0,0.02072528347166705,0.026620470696260633,6.323692813896713e-07,0.6323692813896713,26,29.713688135147095,PRY,10,Apple M4,1,Apple M4,16.0
2026-06-12T11:25:22.957198,llama-2-7b,q4,cpu,10,"If the probability of rain is 30%, what is the probability of no rain?",Zheng et al. 2023,10,15.19942831993103,256,16.84273872750246,2.8254623902870226,0.0,5.961156307516399,0.011929281408841277,0.0,0.025168380000000067,0.03709766140884135,8.812549467670261e-07,0.8812549467670261,26,15.19942831993103,PRY,10,Apple M4,1,Apple M4,16.0
2026-06-12T11:25:37.952716,llama-2-7b,q4,gpu,1,"If all roses are flowers and some flowers fade quickly, can we conclude that some roses fade quickly",Zheng et al. 2023,1,11.199193000793457,256,22.858789912975205,0.1413010871573498,0.0,3.000012802138404,0.0004395717073047494,0.0,0.009332700659999773,0.009772272367304522,2.3214033008531892e-07,0.23214033008531892,26,11.199193000793457,PRY,10,Apple M4,1,Apple M4,16.0
2026-06-12T11:41:45.950017,llama-2-7b,q4,gpu,1,"If all roses are flowers and some flowers fade quickly, can we conclude that some roses fade quickly",Zheng et al. 2023,2,961.4063699245453,256,0.26627657981930347,0.0046533893319158515,0.0,0.03565801524977542,0.001242721707067451,0.0,0.00952273416666685,0.010765455873734302,2.557334042805583e-07,0.2557334042805583,26,961.4063699245453,PRY,10,Apple M4,1,Apple M4,16.0
2026-06-12T11:42:01.427089,llama-2-7b,q4,gpu,1,"If all roses are flowers and some flowers fade quickly, can we conclude that some roses fade quickly",Zheng et al. 2023,3,10.91712999343872,256,23.44938643708172,0.16486195574814183,0.0,2.9974803033093904,0.0004999498338541684,0.0,0.009089967256666873,0.009589917090521042,2.2780848048532732e-07,0.2278084804853273,26,10.91712999343872,PRY,10,Apple M4,1,Apple M4,16.0
2026-06-12T11:42:15.977242,llama-2-7b,q4,gpu,1,"If all roses are flowers and some flowers fade quickly, can we conclude that some roses fade quickly",Zheng et al. 2023,4,10.952935934066772,256,23.372728694939827,0.32119234761710774,0.0,2.998986328755539,0.0009772220016563016,0.0,0.009124362535000426,0.010101584536656728,2.3996314066828056e-07,0.23996314066828056,26,10.952935934066772,PRY,10,Apple M4,1,Apple M4,16.0
2026-06-12T11:42:33.539070,llama-2-7b,q4,gpu,1,"If all roses are flowers and some flowers fade quickly, can we conclude that some roses fade quickly",Zheng et al. 2023,5,10.99259901046753,256,23.288396106892286,0.14838805517365397,0.0,2.9997484527180793,0.0004531028856853083,0.0,0.009159731075833406,0.009612833961518715,2.2835287075587705e-07,0.22835287075587704,26,10.99259901046753,PRY,10,Apple M4,1,Apple M4,16.0
2026-06-12T11:42:49.204363,llama-2-7b,q4,gpu,1,"If all roses are flowers and some flowers fade quickly, can we conclude that some roses fade quickly",Zheng et al. 2023,6,11.062541961669922,256,23.14115516008909,0.2694917809774547,0.0,2.999899073014614,0.0008281289264967368,0.0,0.009218474826666352,0.010046603753163089,2.3865707215638914e-07,0.23865707215638915,26,11.062541961669922,PRY,10,Apple M4,1,Apple M4,16.0
2026-06-12T11:43:04.199326,llama-2-7b,q4,gpu,1,"If all roses are flowers and some flowers fade quickly, can we conclude that some roses fade quickly",Zheng et al. 2023,7,11.447597980499268,256,22.36276993969306,0.12579824331516373,0.0,2.9999474065652216,0.0004000243655902844,0.0,0.009539497742500012,0.009939522108090296,2.36113347677685e-07,0.236113347677685,26,11.447597980499268,PRY,10,Apple M4,1,Apple M4,16.0
2026-06-12T11:43:22.294586,llama-2-7b,q4,gpu,1,"If all roses are flowers and some flowers fade quickly, can we conclude that some roses fade quickly",Zheng et al. 2023,8,11.46095895767212,256,22.33669982987158,0.17290035454098734,0.0,2.999997535370836,0.0005504455186558929,0.0,0.009550791285000741,0.010101236803656634,2.399548802708633e-07,0.23995488027086329,26,11.46095895767212,PRY,10,Apple M4,1,Apple M4,16.0
2026-06-12T11:43:39.679617,llama-2-7b,q4,gpu,1,"If all roses are flowers and some flowers fade quickly, can we conclude that some roses fade quickly",Zheng et al. 2023,9,12.757670879364014,256,20.066358696718623,0.19790322970390312,0.0,3.0000397886820305,0.0007013289640348811,0.0,0.010631533402500585,0.011332862366535466,2.6921214551705e-07,0.26921214551704997,26,12.757670879364014,PRY,10,Apple M4,1,Apple M4,16.0
2026-06-12T11:43:57.678911,llama-2-7b,q4,gpu,1,"If all roses are flowers and some flowers fade quickly, can we conclude that some roses fade quickly",Zheng et al. 2023,10,14.454492092132568,256,17.710757207397013,0.2105996429198241,0.0,2.999985383409119,0.000845586353664039,0.0,0.012045351389166778,0.012890937742830818,3.0622422608094604e-07,0.30622422608094607,26,14.454492092132568,PRY,10,Apple M4,1,Apple M4,16.0
2026-06-12T11:44:20.785053,llama-2-7b,q4,gpu,2,A farmer has 17 sheep. All but 9 die. How many sheep does the farmer have left? Explain.,Zheng et al. 2023,1,16.482192993164062,256,15.531913751172262,0.34791177346540536,0.0,5.732097901728551,0.0015928747207918854,0.0,0.026243762186666873,0.027836636907458762,6.612593097366829e-07,0.6612593097366829,26,16.482192993164062,PRY,10,Apple M4,1,Apple M4,16.0
2026-06-12T11:44:44.412356,llama-2-7b,q4,gpu,2,A farmer has 17 sheep. All but 9 die. How many sheep does the farmer have left? Explain.,Zheng et al. 2023,2,18.72248601913452,256,13.67339784569026,0.09471759879247736,1.821119834251248,2.5005417592061967,0.0004925969219883751,0.00947108073220488,0.013004543924166683,0.02296822157835994,5.456101035939404e-07,0.5456101035939404,26,18.72248601913452,PRY,10,Apple M4,1,Apple M4,16.0
2026-06-12T12:00:22.373604,llama-2-7b,q4,gpu,2,A farmer has 17 sheep. All but 9 die. How many sheep does the farmer have left? Explain.,Zheng et al. 2023,3,12.477030277252197,256,20.517702875718165,0.07366810577920986,0.1387331881721444,2.9986901966741355,0.0002553219961875053,0.0004808272748009922,0.010392985660000704,0.011129134930989203,2.643726002856485e-07,0.2643726002856485,26,12.477030277252197,PRY,10,Apple M4,1,Apple M4,16.0
2026-06-12T12:00:38.594614,llama-2-7b,q4,gpu,2,A farmer has 17 sheep. All but 9 die. How many sheep does the farmer have left? Explain.,Zheng et al. 2023,4,11.618149995803833,256,22.034489147795508,0.057989528485289,0.0,2.9994484179999907,0.0001871475111466741,0.0,0.009680011562500113,0.009867159073646789,2.3439436379447942e-07,0.23439436379447942,26,11.618149995803833,PRY,10,Apple M4,1,Apple M4,16.0
2026-06-12T12:00:53.132399,llama-2-7b,q4,gpu,2,A farmer has 17 sheep. All but 9 die. How many sheep does the farmer have left? Explain.,Zheng et al. 2023,5,10.942989110946655,256,23.393973749266937,0.055396009682577366,0.0,2.999774094279201,0.00016838831409620545,0.0,0.00911847090249921,0.009286859216595417,2.2060934069022412e-07,0.22060934069022411,26,10.942989110946655,PRY,10,Apple M4,1,Apple M4,16.0
2026-06-12T12:01:10.646299,llama-2-7b,q4,gpu,2,A farmer has 17 sheep. All but 9 die. How many sheep does the farmer have left? Explain.,Zheng et al. 2023,6,10.966594219207764,256,23.343619257072653,0.04939922534939165,0.0,2.9999440428258914,0.0001504836830972167,0.0,0.00913865805500033,0.009289141738097547,2.2066356198850721e-07,0.2206635619885072,26,10.966594219207764,PRY,10,Apple M4,1,Apple M4,16.0
2026-06-12T12:01:26.201241,llama-2-7b,q4,gpu,2,A farmer has 17 sheep. All but 9 die. How many sheep does the farmer have left? Explain.,Zheng et al. 2023,7,10.966685056686401,256,23.3434259009669,0.05330049384382095,0.0,3.000017686013436,0.00016236936926417687,0.0,0.009138958090832906,0.009301327460097084,2.209530338146062e-07,0.22095303381460618,26,10.966685056686401,PRY,10,Apple M4,1,Apple M4,16.0
2026-06-12T12:01:40.692763,llama-2-7b,q4,gpu,2,A farmer has 17 sheep. All but 9 die. How many sheep does the farmer have left? Explain.,Zheng et al. 2023,8,10.968623161315918,256,23.339301226325237,0.05699992857052698,0.0,2.999986952788496,0.00017366964908667644,0.0,0.00914047954833374,0.009314149197420418,2.21257614184722e-07,0.22125761418472198,26,10.968623161315918,PRY,10,Apple M4,1,Apple M4,16.0
2026-06-12T12:01:58.193539,llama-2-7b,q4,gpu,2,A farmer has 17 sheep. All but 9 die. How many sheep does the farmer have left? Explain.,Zheng et al. 2023,9,10.960758924484253,256,23.356046945631167,0.05320109648729889,0.0,3.0000528454780904,0.00016197899808764144,0.0,0.00913412666666621,0.009296105664753852,2.2082899006622772e-07,0.22082899006622772,26,10.960758924484253,PRY,10,Apple M4,1,Apple M4,16.0
2026-06-12T12:02:09.097985,llama-2-7b,q4,gpu,2,A farmer has 17 sheep. All but 9 die. How many sheep does the farmer have left? Explain.,Zheng et al. 2023,10,6.329345941543579,147,23.22514859476146,0.061104581529929626,0.0,3.0001987847369525,0.00010743112086560523,0.0,0.005274804444999669,0.005382235565865275,1.278550058671296e-07,0.12785500586712958,26,6.329345941543579,PRY,10,Apple M4,1,Apple M4,16.0
2026-06-12T12:02:23.951482,llama-2-7b,q4,gpu,3,"If it takes 5 machines 5 minutes to make 5 widgets, how long does it take 100 machines to make 100 w",Zheng et al. 2023,1,11.310675859451294,256,22.633483903270402,0.05070000231094314,0.0,2.999989516421716,0.00015929202561458595,0.0,0.009425530278332796,0.009584822303947383,2.2768745383027005e-07,0.22768745383027006,26,11.310675859451294,PRY,10,Apple M4,1,Apple M4,16.0
2026-06-12T12:02:41.501840,llama-2-7b,q4,gpu,3,"If it takes 5 machines 5 minutes to make 5 widgets, how long does it take 100 machines to make 100 w",Zheng et al. 2023,2,10.994585037231445,256,23.284189365319016,0.05420036153316179,0.0,3.0000099263690205,0.00016553068997917652,0.0,0.009162184513334068,0.009327715203313245,2.2157987465470612e-07,0.2215798746547061,26,10.994585037231445,PRY,10,Apple M4,1,Apple M4,16.0
2026-06-12T12:02:57.068517,llama-2-7b,q4,gpu,3,"If it takes 5 machines 5 minutes to make 5 widgets, how long does it take 100 machines to make 100 w",Zheng et al. 2023,3,11.002742052078247,256,23.26692735213633,0.05420077066947157,0.0,3.0000330342897232,0.00016565474963890114,0.0,0.009169052673334288,0.00933470742297319,2.2174597483272811e-07,0.22174597483272812,26,11.002742052078247,PRY,10,Apple M4,1,Apple M4,16.0
2026-06-12T12:03:08.976538,llama-2-7b,q4,gpu,3,"If it takes 5 machines 5 minutes to make 5 widgets, how long does it take 100 machines to make 100 w",Zheng et al. 2023,4,8.350236177444458,194,23.232875798654668,0.044000179760235784,0.0,2.9999980651641103,0.00010205885912443897,0.0,0.006958525659999093,0.0070605845191235314,1.6772418525177947e-07,0.16772418525177946,26,8.350236177444458,PRY,10,Apple M4,1,Apple M4,16.0
2026-06-12T12:03:26.776869,llama-2-7b,q4,gpu,3,"If it takes 5 machines 5 minutes to make 5 widgets, how long does it take 100 machines to make 100 w",Zheng et al. 2023,5,10.99608302116394,256,23.28101738658047,0.05720210273871184,0.0,3.0001007231850774,0.00017472196408334015,0.0,0.009163710173332524,0.009338432137415864,2.2183445542431383e-07,0.22183445542431382,26,10.99608302116394,PRY,10,Apple M4,1,Apple M4,16.0
2026-06-12T12:03:42.408064,llama-2-7b,q4,gpu,3,"If it takes 5 machines 5 minutes to make 5 widgets, how long does it take 100 machines to make 100 w",Zheng et al. 2023,6,11.009656190872192,256,23.25231556388134,0.05190127758657671,0.0,3.0000643573576595,0.00015872645058200846,0.0,0.009174910312499378,0.009333636763081387,2.2172054130699834e-07,0.22172054130699834,26,11.009656190872192,PRY,10,Apple M4,1,Apple M4,16.0
2026-06-12T12:03:56.992416,llama-2-7b,q4,gpu,3,"If it takes 5 machines 5 minutes to make 5 widgets, how long does it take 100 machines to make 100 w",Zheng et al. 2023,7,11.016674995422363,256,23.237501342861876,0.051099856230121775,0.001021245539627492,2.9999827547544884,0.00015637514122223895,3.1252028335002252e-06,0.009180509722500575,0.009340010066556315,2.2187193913104524e-07,0.22187193913104525,26,11.016674995422363,PRY,10,Apple M4,1,Apple M4,16.0
2026-06-12T12:04:14.604770,llama-2-7b,q4,gpu,3,"If it takes 5 machines 5 minutes to make 5 widgets, how long does it take 100 machines to make 100 w",Zheng et al. 2023,8,11.00815200805664,256,23.255492821378088,0.16400379082288677,0.0,3.0000588973361833,0.0005014940720210728,0.0,0.009173640104166526,0.0096751341761876,2.298328123553364e-07,0.2298328123553364,26,11.00815200805664,PRY,10,Apple M4,1,Apple M4,16.0
2026-06-12T12:04:30.077714,llama-2-7b,q4,gpu,3,"If it takes 5 machines 5 minutes to make 5 widgets, how long does it take 100 machines to make 100 w",Zheng et al. 2023,9,10.882411003112793,252,23.156633206365594,0.0551017100855218,0.0,3.0000830572989106,0.00016656651559028156,0.0,0.009068926909167203,0.009235493424757485,2.1938914630511403e-07,0.21938914630511402,26,10.882411003112793,PRY,10,Apple M4,1,Apple M4,16.0
2026-06-12T12:04:44.662072,llama-2-7b,q4,gpu,3,"If it takes 5 machines 5 minutes to make 5 widgets, how long does it take 100 machines to make 100 w",Zheng et al. 2023,10,11.01734972000122,256,23.23607823170486,0.05029992100269702,0.0,2.9999853155244534,0.00015393661682642986,0.0,0.009181079826666974,0.009335016443493403,2.2175331561518578e-07,0.22175331561518577,26,11.01734972000122,PRY,10,Apple M4,1,Apple M4,16.0
2026-06-12T12:05:02.344031,llama-2-7b,q4,gpu,4,A bat and ball cost $1.10. The bat costs $1 more than the ball. How much does the ball cost?,Zheng et al. 2023,1,11.11635708808899,256,23.029127075658643,0.047601046746347644,0.0,3.0000570656131584,0.00014698617594422693,0.0,0.009263807118333413,0.009410793294277641,2.2355339470556533e-07,0.22355339470556534,26,11.11635708808899,PRY,10,Apple M4,1,Apple M4,16.0
2026-06-12T12:05:17.560296,llama-2-7b,q4,gpu,4,A bat and ball cost $1.10. The bat costs $1 more than the ball. How much does the ball cost?,Zheng et al. 2023,2,10.62556004524231,246,23.151720846013074,0.051400465380134035,0.0,3.0000169509438024,0.0001517107586805591,0.0,0.008854683402499479,0.009006394161180039,2.139468932988318e-07,0.21394689329883182,26,10.62556004524231,PRY,10,Apple M4,1,Apple M4,16.0
2026-06-12T12:05:32.214023,llama-2-7b,q4,gpu,4,A bat and ball cost $1.10. The bat costs $1 more than the ball. How much does the ball cost?,Zheng et al. 2023,3,11.061458826065063,256,23.143421136890666,0.07309995351516085,0.0,2.999988091336021,0.00022460892388756164,0.0,0.009217845764166366,0.009442454688053928,2.2430551111472103e-07,0.22430551111472102,26,11.061458826065063,PRY,10,Apple M4,1,Apple M4,16.0
2026-06-12T12:05:49.839698,llama-2-7b,q4,gpu,4,A bat and ball cost $1.10. The bat costs $1 more than the ball. How much does the ball cost?,Zheng et al. 2023,4,11.001506090164185,256,23.26954127025162,0.07120134664022904,0.0,3.00004651458647,0.0002175894579695475,0.0,0.009168063889166357,0.009385653347135906,2.2295619526121344e-07,0.22295619526121344,26,11.001506090164185,PRY,10,Apple M4,1,Apple M4,16.0
2026-06-12T12:06:05.455785,llama-2-7b,q4,gpu,4,A bat and ball cost $1.10. The bat costs $1 more than the ball. How much does the ball cost?,Zheng et al. 2023,5,11.00227403640747,256,23.26791708267527,0.06470163067103106,0.0,3.0000663513538424,0.00019774029756808618,0.0,0.009168764479166687,0.009366504776734773,2.2250132097133451e-07,0.22250132097133452,26,11.00227403640747,PRY,10,Apple M4,1,Apple M4,16.0
2026-06-12T12:06:12.917639,llama-2-7b,q4,gpu,4,A bat and ball cost $1.10. The bat costs $1 more than the ball. How much does the ball cost?,Zheng et al. 2023,6,3.9017281532287598,90,23.066701847365547,0.04270106990291943,0.0,3.0000439649582824,4.627999072589167e-05,0.0,0.0032514877775004906,0.0032977677682263823,7.83384733342177e-08,0.0783384733342177,26,3.9017281532287598,PRY,10,Apple M4,1,Apple M4,16.0
2026-06-12T12:06:30.557101,llama-2-7b,q4,gpu,4,A bat and ball cost $1.10. The bat costs $1 more than the ball. How much does the ball cost?,Zheng et al. 2023,7,10.988998174667358,256,23.296027165620057,0.054102040796349,0.0,3.000103237617852,0.00016514645209912725,0.0,0.009157813611665613,0.00932296006376474,2.2146691631473136e-07,0.22146691631473137,26,10.988998174667358,PRY,10,Apple M4,1,Apple M4,16.0
2026-06-12T12:06:42.966594,llama-2-7b,q4,gpu,4,A bat and ball cost $1.10. The bat costs $1 more than the ball. How much does the ball cost?,Zheng et al. 2023,8,7.814079999923706,181,23.16331545130933,0.04750106632017628,0.0,3.000053509207942,0.00010310475897431641,0.0,0.006511849479167419,0.006614954238141736,1.5713823792705691e-07,0.15713823792705692,26,7.814079999923706,PRY,10,Apple M4,1,Apple M4,16.0
2026-06-12T12:06:55.745542,llama-2-7b,q4,gpu,4,A bat and ball cost $1.10. The bat costs $1 more than the ball. How much does the ball cost?,Zheng et al. 2023,9,9.20758605003357,214,23.241705137169998,0.5316010748506451,0.0,2.999993983102626,0.0013596562891604587,0.0,0.0076729729858334384,0.009032629274993898,2.1457010842748002e-07,0.21457010842748003,26,9.20758605003357,PRY,10,Apple M4,1,Apple M4,16.0
2026-06-12T12:07:05.032697,llama-2-7b,q4,gpu,4,A bat and ball cost $1.10. The bat costs $1 more than the ball. How much does the ball cost?,Zheng et al. 2023,10,2.6982059478759766,62,22.97823116460265,1.2356754363658733,0.0,3.0003834149029727,0.0009261407811240673,0.0,0.0022487923266665652,0.0031749331077906328,7.542053597556647e-08,0.07542053597556647,26,2.6982059478759766,PRY,10,Apple M4,1,Apple M4,16.0
2026-06-12T12:07:20.776764,llama-2-7b,q4,gpu,5,Three switches control three light bulbs in another room. You can only enter the room once. How do y,Zheng et al. 2023,1,11.156234979629517,256,22.946809606237014,0.7217176590480592,0.0,3.000063131613145,0.00223656994258008,0.0,0.009297058124999844,0.011533628067579925,2.739813347453611e-07,0.27398133474536107,26,11.156234979629517,PRY,10,Apple M4,1,Apple M4,16.0
2026-06-12T12:07:25.783500,llama-2-7b,q4,gpu,5,Three switches control three light bulbs in another room. You can only enter the room once. How do y,Zheng et al. 2023,2,1.4547603130340576,33,22.6841492061156,0.6704500288201323,0.0,3.0001486058543976,0.0002709289149444635,0.0,0.0012123603125003986,0.001483289227444862,3.523553559795269e-08,0.03523553559795269,26,1.4547603130340576,PRY,10,Apple M4,1,Apple M4,16.0
2026-06-12T12:07:43.418826,llama-2-7b,q4,gpu,5,Three switches control three light bulbs in another room. You can only enter the room once. How do y,Zheng et al. 2023,3,11.017450094223022,256,23.235866539956742,0.05090102327031165,0.0,3.000049123647274,0.00015577763434042872,0.0,0.009181358750000377,0.009337136384340805,2.2180367481001578e-07,0.22180367481001578,26,11.017450094223022,PRY,10,Apple M4,1,Apple M4,16.0
2026-06-12T12:08:04.242102,llama-2-7b,q4,gpu,5,Three switches control three light bulbs in another room. You can only enter the room once. How do y,Zheng et al. 2023,4,16.284661054611206,256,15.720314911160548,3.5700077812785667,13.020629376249351,5.765264851515782,0.016148990744568343,0.05889903780831512,0.02607927333249942,0.10112730188538288,2.40227905628727e-06,2.40227905628727,26,16.284661054611206,PRY,10,Apple M4,1,Apple M4,16.0
2026-06-12T12:08:21.884170,llama-2-7b,q4,gpu,5,Three switches control three light bulbs in another room. You can only enter the room once. How do y,Zheng et al. 2023,5,11.065030813217163,256,23.13595003225914,0.9617172105823141,0.002040540716219952,3.0000433402630278,0.00295595293574849,6.2718460834994405e-06,0.009220992222499261,0.01218321700433125,2.8941231993788887e-07,0.28941231993788885,26,11.065030813217163,PRY,10,Apple M4,1,Apple M4,16.0
2026-06-12T12:08:37.479009,llama-2-7b,q4,gpu,5,Three switches control three light bulbs in another room. You can only enter the room once. How do y,Zheng et al. 2023,6,10.985911130905151,256,23.30257335505204,0.6284138922422995,0.0,3.000057151225313,0.001917694214888919,0.0,0.00915510034749938,0.011072794562388298,2.63034234829534e-07,0.263034234829534,26,10.985911130905151,PRY,10,Apple M4,1,Apple M4,16.0
2026-06-12T12:08:42.618209,llama-2-7b,q4,gpu,5,Three switches control three light bulbs in another room. You can only enter the room once. How do y,Zheng et al. 2023,7,1.587240219116211,36,22.680876887082103,0.018401415123568073,0.0,3.0001623683976346,8.113185047994596e-06,0.0,0.0013227717708332422,0.0013308849558812369,3.1615172126958775e-08,0.031615172126958774,26,1.587240219116211,PRY,10,Apple M4,1,Apple M4,16.0
2026-06-12T12:09:00.209827,llama-2-7b,q4,gpu,5,Three switches control three light bulbs in another room. You can only enter the room once. How do y,Zheng et al. 2023,8,11.018638849258423,256,23.233359719129858,0.05210047532105596,0.002043776208030768,3.000016524565716,0.0001594656448437269,6.255453312499412e-06,0.00918224961833251,0.009347970716488737,2.2206104437018992e-07,0.22206104437018992,26,11.018638849258423,PRY,10,Apple M4,1,Apple M4,16.0
2026-06-12T12:09:15.821566,llama-2-7b,q4,gpu,5,Three switches control three light bulbs in another room. You can only enter the room once. How do y,Zheng et al. 2023,9,11.02186393737793,256,23.226561446820188,0.05170038375655203,0.0,3.000011188113655,0.00015828738757637237,0.0,0.009184920868333392,0.009343208255909764,2.2194791211913642e-07,0.22194791211913642,26,11.02186393737793,PRY,10,Apple M4,1,Apple M4,16.0
2026-06-12T12:09:23.841504,llama-2-7b,q4,gpu,5,Three switches control three light bulbs in another room. You can only enter the room once. How do y,Zheng et al. 2023,10,4.4364259243011475,102,22.99148047108837,0.6618115349943776,0.0,3.00002890346817,0.0008155771807918313,0.0,0.0036970572224997037,0.0045126344032915345,1.071976302501904e-07,0.1071976302501904,26,4.4364259243011475,PRY,10,Apple M4,1,Apple M4,16.0
2026-06-12T12:09:40.654072,llama-2-7b,q4,gpu,6,"Given that f(x) = 4x³ - 9x - 14, find the value of f(2).",Zheng et al. 2023,1,9.960514068603516,229,22.990781241083702,0.053701450786956796,0.0,3.000070947060313,0.00014858168224108403,0.0,0.008300624687500811,0.008449206369741894,2.0071089731321868e-07,0.20071089731321867,26,9.960514068603516,PRY,10,Apple M4,1,Apple M4,16.0
2026-06-12T12:09:56.354995,llama-2-7b,q4,gpu,6,"Given that f(x) = 4x³ - 9x - 14, find the value of f(2).",Zheng et al. 2023,2,11.11008596420288,256,23.04212594077505,0.722313825715972,0.0010192125998651144,3.0000468927412745,0.0022291579713435298,3.1454276667500377e-06,0.009258549687498695,0.011490853086508974,2.7296521507002066e-07,0.27296521507002064,26,11.11008596420288,PRY,10,Apple M4,1,Apple M4,16.0
2026-06-12T12:10:11.039464,llama-2-7b,q4,gpu,6,"Given that f(x) = 4x³ - 9x - 14, find the value of f(2).",Zheng et al. 2023,3,11.099483013153076,256,23.064137284289334,0.7350002916196083,0.0010195234914896522,2.999984398961973,0.002266145347637333,3.1433843542499743e-06,0.009249521076667405,0.011518809808658988,2.7362932700469425e-07,0.2736293270046942,26,11.099483013153076,PRY,10,Apple M4,1,Apple M4,16.0
2026-06-12T12:10:28.762143,llama-2-7b,q4,gpu,6,"Given that f(x) = 4x³ - 9x - 14, find the value of f(2).",Zheng et al. 2023,4,11.104864120483398,256,23.05296104684406,0.7692121797966884,0.0030597558394817245,3.000038239058381,0.002372776871239742,9.438381344250045e-06,0.009254171389166004,0.011636386641749995,2.764223646747711e-07,0.2764223646747711,26,11.104864120483398,PRY,10,Apple M4,1,Apple M4,16.0
2026-06-12T12:10:44.500503,llama-2-7b,q4,gpu,6,"Given that f(x) = 4x³ - 9x - 14, find the value of f(2).",Zheng et al. 2023,5,11.085327863693237,256,23.093588493530575,0.7092121962354604,0.0,3.0000391650949916,0.002183847144500007,0.0,0.009237893819166251,0.011421740963666258,2.713234565918919e-07,0.27132345659189194,26,11.085327863693237,PRY,10,Apple M4,1,Apple M4,16.0
2026-06-12T12:27:47.502754,llama-2-7b,q4,gpu,6,"Given that f(x) = 4x³ - 9x - 14, find the value of f(2).",Zheng et al. 2023,6,1019.5064017772675,256,0.25110190534725896,0.0009883561417028657,0.0019046346457852051,0.03638107365813577,0.0002798987260283199,0.0005393853373402207,0.010302982638333257,0.011122266701701796,2.6420944549892613e-07,0.2642094454989261,26,1019.5064017772675,PRY,10,Apple M4,1,Apple M4,16.0
2026-06-12T12:28:05.305721,llama-2-7b,q4,gpu,6,"Given that f(x) = 4x³ - 9x - 14, find the value of f(2).",Zheng et al. 2023,7,11.211813926696777,256,22.833058207506543,0.08690272625220159,0.0,3.0000849971217747,0.00027064922123954207,0.0,0.00934344298666777,0.009614092207907312,2.283827603988382e-07,0.2283827603988382,26,11.211813926696777,PRY,10,Apple M4,1,Apple M4,16.0
2026-06-12T12:28:20.818751,llama-2-7b,q4,gpu,6,"Given that f(x) = 4x³ - 9x - 14, find the value of f(2).",Zheng et al. 2023,8,10.940748691558838,256,23.39876430920242,0.051701867813216285,0.0,3.0000972214380695,0.00015712698406349836,0.0,0.009117586041666074,0.009274713025729572,2.2032080792620596e-07,0.22032080792620595,26,10.940748691558838,PRY,10,Apple M4,1,Apple M4,16.0
2026-06-12T12:28:25.748138,llama-2-7b,q4,gpu,6,"Given that f(x) = 4x³ - 9x - 14, find the value of f(2).",Zheng et al. 2023,9,1.4074077606201172,32,22.736836399069233,0.01850207179903348,0.0,3.000254877903598,7.233322065975092e-06,0.0,0.001172939444166635,0.0011801727662326099,2.8035004061855647e-08,0.028035004061855648,26,1.4074077606201172,PRY,10,Apple M4,1,Apple M4,16.0
2026-06-12T12:28:43.293025,llama-2-7b,q4,gpu,6,"Given that f(x) = 4x³ - 9x - 14, find the value of f(2).",Zheng et al. 2023,10,10.949962854385376,256,23.379074742474945,0.04660170149141683,0.0,3.0000987731062394,0.00014174636118949164,0.0,0.009125269479166795,0.009267015840356286,2.2013796128766359e-07,0.22013796128766358,26,10.949962854385376,PRY,10,Apple M4,1,Apple M4,16.0
2026-06-12T12:28:49.249696,llama-2-7b,q4,gpu,7,"Calculate the compound interest on $10,000 at 5% annual rate over 3 years.",Zheng et al. 2023,1,1.4017727375030518,29,20.68808960549275,0.12642389279650748,0.0,3.0004916356793654,4.922710174754239e-05,0.0,0.0011683353816670204,0.0012175624834145629,2.892319679351294e-08,0.028923196793512938,26,1.4017727375030518,PRY,10,Apple M4,1,Apple M4,16.0
2026-06-12T12:28:54.225015,llama-2-7b,q4,gpu,7,"Calculate the compound interest on $10,000 at 5% annual rate over 3 years.",Zheng et al. 2023,2,1.4495253562927246,33,22.766072947078417,0.019401953158453007,0.0,3.000229079898396,7.812117517994819e-06,0.0,0.0012080300349998653,0.00121584215251786,2.8882330333061765e-08,0.028882330333061763,26,1.4495253562927246,PRY,10,Apple M4,1,Apple M4,16.0
2026-06-12T12:29:08.804213,llama-2-7b,q4,gpu,7,"Calculate the compound interest on $10,000 at 5% annual rate over 3 years.",Zheng et al. 2023,3,11.044885873794556,256,23.17814805197704,0.04970072335151505,0.0,3.0000327983126933,0.00015248300479514437,0.0,0.009204172187501171,0.009356655192296314,2.2226734409299894e-07,0.22226734409299895,26,11.044885873794556,PRY,10,Apple M4,1,Apple M4,16.0
2026-06-12T12:29:21.344578,llama-2-7b,q4,gpu,7,"Calculate the compound interest on $10,000 at 5% annual rate over 3 years.",Zheng et al. 2023,4,5.969126224517822,139,23.286490312278197,0.052803762143642415,0.0,3.000195036828523,8.755342260133815e-05,0.0,0.004974595242500376,0.005062148665101713,1.202513415394912e-07,0.1202513415394912,26,5.969126224517822,PRY,10,Apple M4,1,Apple M4,16.0
2026-06-12T12:29:36.865810,llama-2-7b,q4,gpu,7,"Calculate the compound interest on $10,000 at 5% annual rate over 3 years.",Zheng et al. 2023,5,10.96772027015686,256,23.341222578093586,0.26700743056585186,0.0,3.000069847197701,0.0008134618912498871,0.0,0.00913997968749906,0.009953441578748947,2.3644400470318122e-07,0.23644400470318122,26,10.96772027015686,PRY,10,Apple M4,1,Apple M4,16.0
2026-06-12T12:29:51.392181,llama-2-7b,q4,gpu,7,"Calculate the compound interest on $10,000 at 5% annual rate over 3 years.",Zheng et al. 2023,6,10.970757722854614,256,23.33476013846273,0.05250082920891648,0.0,3.0000379491958435,0.00015999274374999767,0.0,0.009142413749999228,0.009302406493749226,2.2097866625901284e-07,0.22097866625901286,26,10.970757722854614,PRY,10,Apple M4,1,Apple M4,16.0
2026-06-12T12:30:08.923147,llama-2-7b,q4,gpu,7,"Calculate the compound interest on $10,000 at 5% annual rate over 3 years.",Zheng et al. 2023,7,10.976739883422852,256,23.32204303999341,0.049701207550613045,0.0,3.000063108239674,0.0001515436742153031,0.0,0.009147475659166656,0.009299019333381958,2.2089820426448842e-07,0.22089820426448842,26,10.976739883422852,PRY,10,Apple M4,1,Apple M4,16.0
2026-06-12T12:30:24.494799,llama-2-7b,q4,gpu,7,"Calculate the compound interest on $10,000 at 5% annual rate over 3 years.",Zheng et al. 2023,8,10.982166051864624,256,23.310519872947527,0.05340211450074374,0.0,3.0001095043911894,0.00016290858026884872,0.0,0.009152139097500367,0.009315047677769216,2.212789575854077e-07,0.2212789575854077,26,10.982166051864624,PRY,10,Apple M4,1,Apple M4,16.0
2026-06-12T12:30:39.050732,llama-2-7b,q4,gpu,7,"Calculate the compound interest on $10,000 at 5% annual rate over 3 years.",Zheng et al. 2023,9,10.992947340011597,256,23.287658175912807,0.05370068121602023,0.0,3.000029039524754,0.00016398021131401675,0.0,0.009160878125000332,0.009324858336314348,2.2151200977914732e-07,0.2215120097791473,26,10.992947340011597,PRY,10,Apple M4,1,Apple M4,16.0
2026-06-12T12:30:56.647342,llama-2-7b,q4,gpu,7,"Calculate the compound interest on $10,000 at 5% annual rate over 3 years.",Zheng et al. 2023,10,10.993005990982056,256,23.287533929300654,0.054301483338163745,0.0,3.000071309253868,0.00016581570323767953,0.0,0.009161056076666986,0.009326871779904666,2.2155983913163533e-07,0.22155983913163532,26,10.993005990982056,PRY,10,Apple M4,1,Apple M4,16.0
2026-06-12T12:31:12.380354,llama-2-7b,q4,gpu,8,What is the area of a circle with radius 7 cm?,Zheng et al. 2023,1,11.178030967712402,256,22.902065734068252,0.05500186046548898,0.0,3.0000915497432534,0.00017078124987917565,0.0,0.009315310069167328,0.009486091319046505,2.253420992839497e-07,0.22534209928394972,26,11.178030967712402,PRY,10,Apple M4,1,Apple M4,16.0
2026-06-12T12:31:26.950199,llama-2-7b,q4,gpu,8,What is the area of a circle with radius 7 cm?,Zheng et al. 2023,2,10.985831260681152,256,23.302742771613197,0.049400721861366396,0.001021752155931434,3.000033460732125,0.00015075222070133715,3.117999104249975e-06,0.009154961493333455,0.009308831713139043,2.2113129734561794e-07,0.22113129734561793,26,10.985831260681152,PRY,10,Apple M4,1,Apple M4,16.0
2026-06-12T12:31:44.550727,llama-2-7b,q4,gpu,8,What is the area of a circle with radius 7 cm?,Zheng et al. 2023,3,10.986819744110107,256,23.300646225422813,0.049601060554922194,0.0,3.0000543962391393,0.00015137719762045004,0.0,0.009155849131667917,0.009307226329288366,2.210931614522451e-07,0.2210931614522451,26,10.986819744110107,PRY,10,Apple M4,1,Apple M4,16.0
2026-06-12T12:31:58.911093,llama-2-7b,q4,gpu,8,What is the area of a circle with radius 7 cm?,Zheng et al. 2023,4,9.813782930374146,228,23.232631251128318,0.05270229448022709,0.0,3.000120094859103,0.00014366913276711227,0.0,0.00817847982666687,0.008322148959433982,1.976926485313542e-07,0.1976926485313542,26,9.813782930374146,PRY,10,Apple M4,1,Apple M4,16.0
2026-06-12T12:32:13.449241,llama-2-7b,q4,gpu,8,What is the area of a circle with radius 7 cm?,Zheng et al. 2023,5,10.989652872085571,256,23.29463932844108,0.05370081217543938,0.0,3.000035283984569,0.00016393146798809587,0.0,0.009158151770833076,0.009322083238821171,2.2144608733819692e-07,0.22144608733819693,26,10.989652872085571,PRY,10,Apple M4,1,Apple M4,16.0
2026-06-12T12:32:31.019921,llama-2-7b,q4,gpu,8,What is the area of a circle with radius 7 cm?,Zheng et al. 2023,6,10.99110198020935,256,23.29156807579033,0.04960095189866323,0.0,3.000047611911711,0.00015143586684268504,0.0,0.00915939701333476,0.009310832880177445,2.2117883506861518e-07,0.2211788350686152,26,10.99110198020935,PRY,10,Apple M4,1,Apple M4,16.0
2026-06-12T12:32:46.594938,llama-2-7b,q4,gpu,8,What is the area of a circle with radius 7 cm?,Zheng et al. 2023,7,10.992283821105957,256,23.289063871191356,0.05240216962859336,0.0,3.0001144358811263,0.0001600054226108991,0.0,0.009160585937500703,0.009320591360111603,2.214106477594511e-07,0.2214106477594511,26,10.992283821105957,PRY,10,Apple M4,1,Apple M4,16.0
2026-06-12T12:33:01.239686,llama-2-7b,q4,gpu,8,What is the area of a circle with radius 7 cm?,Zheng et al. 2023,8,11.07880687713623,256,23.10718138144616,0.17910287347210876,0.0,3.000037785620722,0.0005511794850937941,0.0,0.009232455347500945,0.009783634832594739,2.3241024544828802e-07,0.23241024544828803,26,11.07880687713623,PRY,10,Apple M4,1,Apple M4,16.0
2026-06-12T12:33:18.824851,llama-2-7b,q4,gpu,8,What is the area of a circle with radius 7 cm?,Zheng et al. 2023,9,10.991602897644043,256,23.290506615270047,0.05220195097593569,0.0,3.000101969392166,0.00015938419878049084,0.0,0.009159980416666259,0.00931936461544675,2.213815064399375e-07,0.2213815064399375,26,10.991602897644043,PRY,10,Apple M4,1,Apple M4,16.0
2026-06-12T12:33:34.471481,llama-2-7b,q4,gpu,8,What is the area of a circle with radius 7 cm?,Zheng et al. 2023,10,11.027297019958496,256,23.21511786040234,0.052901429264344255,0.0,3.0000719409411527,0.00016204438146618017,0.0,0.009189634548333743,0.009351678929799923,2.2214913297739716e-07,0.22214913297739716,26,11.027297019958496,PRY,10,Apple M4,1,Apple M4,16.0
2026-06-12T12:33:49.203056,llama-2-7b,q4,gpu,9,Solve for x: 2x + 5 = 15,Zheng et al. 2023,1,11.0924232006073,256,23.078816537218326,0.04900080124397423,0.0,3.0000379219377162,0.00015098267349083523,0.0,0.009243802846667676,0.009394785520158511,2.231731300313654e-07,0.2231731300313654,26,11.0924232006073,PRY,10,Apple M4,1,Apple M4,16.0
2026-06-12T12:34:06.857333,llama-2-7b,q4,gpu,9,Solve for x: 2x + 5 = 15,Zheng et al. 2023,2,10.983556747436523,256,23.307568384872088,0.053601937786336325,0.0,3.000098579969433,0.00016353886818021863,0.0,0.009153264722499443,0.009316803590679663,2.2132066929659538e-07,0.22132066929659538,26,10.983556747436523,PRY,10,Apple M4,1,Apple M4,16.0
2026-06-12T12:34:22.434991,llama-2-7b,q4,gpu,9,Solve for x: 2x + 5 = 15,Zheng et al. 2023,3,10.97525405883789,256,23.325200366897604,0.059802304674944115,0.0010226989965449347,3.0001051638059555,0.0001823181908643168,3.1178836979997867e-06,0.009146365660000507,0.009331801734562824,2.2167695020453986e-07,0.22167695020453987,26,10.97525405883789,PRY,10,Apple M4,1,Apple M4,16.0
2026-06-12T12:34:37.029869,llama-2-7b,q4,gpu,9,Solve for x: 2x + 5 = 15,Zheng et al. 2023,4,10.981137990951538,256,23.312702218198524,0.05110070755950725,0.0,3.000031807099183,0.00015587331142950263,0.0,0.009151045347499954,0.009306918658929457,2.2108585274286925e-07,0.22108585274286924,26,10.981137990951538,PRY,10,Apple M4,1,Apple M4,16.0
2026-06-12T12:34:54.732077,llama-2-7b,q4,gpu,9,Solve for x: 2x + 5 = 15,Zheng et al. 2023,5,11.059383869171143,256,23.14776329571298,0.4332163440591785,0.0,3.0001040083695725,0.0013308627353748263,0.0,0.009216472743332815,0.010547335478707641,2.505519542967e-07,0.2505519542967,26,11.059383869171143,PRY,10,Apple M4,1,Apple M4,16.0
2026-06-12T12:35:10.564944,llama-2-7b,q4,gpu,9,Solve for x: 2x + 5 = 15,Zheng et al. 2023,6,11.208886861801147,256,22.839020783805427,0.05190276181351152,0.0,3.0001487915451506,0.00016160338471740655,0.0,0.009341202325833063,0.009502805710550469,2.2573914965412637e-07,0.22573914965412636,26,11.208886861801147,PRY,10,Apple M4,1,Apple M4,16.0
2026-06-12T12:35:18.272988,llama-2-7b,q4,gpu,9,Solve for x: 2x + 5 = 15,Zheng et al. 2023,7,4.1397480964660645,95,22.948256219043294,0.7033280719626789,0.0,3.0000928705313434,0.0008087780686385131,0.0,0.0034498968750009836,0.004258674943639496,1.0116482328615622e-07,0.10116482328615622,26,4.1397480964660645,PRY,10,Apple M4,1,Apple M4,16.0
2026-06-12T12:35:35.895940,llama-2-7b,q4,gpu,9,Solve for x: 2x + 5 = 15,Zheng et al. 2023,8,10.980566024780273,256,23.313916552414035,0.05460111411682239,0.0010224389696999628,3.0000516187101725,0.00016654198294064736,3.1185996147496552e-06,0.009150629132498884,0.00932028971505428,2.214034821811144e-07,0.2214034821811144,26,10.980566024780273,PRY,10,Apple M4,1,Apple M4,16.0
2026-06-12T12:35:51.491659,llama-2-7b,q4,gpu,9,Solve for x: 2x + 5 = 15,Zheng et al. 2023,9,10.970013856887817,256,23.33634244584509,0.05030187314814542,0.0,3.0001018393735857,0.00015328117929515792,0.0,0.009141988541667463,0.009295269720962621,2.2080913222146704e-07,0.22080913222146703,26,10.970013856887817,PRY,10,Apple M4,1,Apple M4,16.0
2026-06-12T12:36:03.606028,llama-2-7b,q4,gpu,9,Solve for x: 2x + 5 = 15,Zheng et al. 2023,10,8.548930644989014,199,23.277765168985734,0.04990094255677164,0.0,3.000043828994399,0.0001184999158437282,0.0,0.007124212951666778,0.007242712867510506,1.7205064416771206e-07,0.17205064416771207,26,8.548930644989014,PRY,10,Apple M4,1,Apple M4,16.0
2026-06-12T12:36:21.340607,llama-2-7b,q4,gpu,10,"If the probability of rain is 30%, what is the probability of no rain?",Zheng et al. 2023,1,11.0921049118042,256,23.079478785632944,0.049801282949344806,0.0,3.0000671551156004,0.00015344473756016063,0.0,0.009243627674166723,0.009397072411726883,2.232274551405721e-07,0.2232274551405721,26,11.0921049118042,PRY,10,Apple M4,1,Apple M4,16.0
2026-06-12T12:36:36.964403,llama-2-7b,q4,gpu,10,"If the probability of rain is 30%, what is the probability of no rain?",Zheng et al. 2023,2,10.969953060150146,256,23.336471778530665,0.053701857430006904,0.0,3.0000956880624776,0.0001636407931250142,0.0,0.009141919131667843,0.009305559924792858,2.210535760134543e-07,0.22105357601345432,26,10.969953060150146,PRY,10,Apple M4,1,Apple M4,16.0
2026-06-12T12:36:51.511266,llama-2-7b,q4,gpu,10,"If the probability of rain is 30%, what is the probability of no rain?",Zheng et al. 2023,3,10.954869985580444,256,23.368602305364178,0.05200073383489736,0.0010229669968198547,3.0000318960663312,0.00015823924397668736,3.1129084582503307e-06,0.009129155381666957,0.009290507534101895,2.206960064725905e-07,0.2206960064725905,26,10.954869985580444,PRY,10,Apple M4,1,Apple M4,16.0
2026-06-12T12:37:09.175735,llama-2-7b,q4,gpu,10,"If the probability of rain is 30%, what is the probability of no rain?",Zheng et al. 2023,4,11.058627843856812,256,23.149345797201303,0.056401969854481974,0.0,3.000094470800635,0.00017325788730031857,0.0,0.009215813402499103,0.009389071289799423,2.2303738848918526e-07,0.22303738848918525,26,11.058627843856812,PRY,10,Apple M4,1,Apple M4,16.0
2026-06-12T12:37:24.758037,llama-2-7b,q4,gpu,10,"If the probability of rain is 30%, what is the probability of no rain?",Zheng et al. 2023,5,10.961145162582397,256,23.355223948123275,0.0528013662471478,0.0,3.000068287870131,0.00016076762228268488,0.0,0.009134495555834595,0.009295263178117281,2.20808976796176e-07,0.220808976796176,26,10.961145162582397,PRY,10,Apple M4,1,Apple M4,16.0
2026-06-12T12:37:39.315210,llama-2-7b,q4,gpu,10,"If the probability of rain is 30%, what is the probability of no rain?",Zheng et al. 2023,6,10.941704988479614,256,23.396719274513362,0.052500866122313555,0.0010246629820493283,3.00003853700695,0.00015956916354167183,3.11432223949987e-06,0.00911820461833334,0.009280888104114513,2.2046749691324026e-07,0.22046749691324025,26,10.941704988479614,PRY,10,Apple M4,1,Apple M4,16.0
2026-06-12T12:37:57.719509,llama-2-7b,q4,gpu,10,"If the probability of rain is 30%, what is the probability of no rain?",Zheng et al. 2023,7,10.981348037719727,256,23.312256302292585,0.05090113273027244,0.01821453304138515,3.000058156597778,0.0001552675150070246,5.556114629777665e-05,0.009151300764166686,0.009362129425471488,2.2239738450207517e-07,0.22239738450207516,26,10.981348037719727,PRY,10,Apple M4,1,Apple M4,16.0
2026-06-12T12:53:37.201444,llama-2-7b,q4,gpu,10,"If the probability of rain is 30%, what is the probability of no rain?",Zheng et al. 2023,8,934.8881237506866,256,0.2738295561750759,0.0008560559218857714,0.0,0.0363247350289957,0.0002223101429548481,0.0,0.009433212049166287,0.009655522192121136,2.2936692967383758e-07,0.22936692967383757,26,934.8881237506866,PRY,10,Apple M4,1,Apple M4,16.0
2026-06-12T12:53:51.620319,llama-2-7b,q4,gpu,10,"If the probability of rain is 30%, what is the probability of no rain?",Zheng et al. 2023,9,10.867688179016113,256,23.556067839183854,0.047145637642540386,0.0,2.996534620663912,0.00014232335802778147,0.0,0.009045945520833813,0.009188268878861594,2.1826732721735712e-07,0.21826732721735712,26,10.867688179016113,PRY,10,Apple M4,1,Apple M4,16.0
2026-06-12T12:54:09.239665,llama-2-7b,q4,gpu,10,"If the probability of rain is 30%, what is the probability of no rain?",Zheng et al. 2023,10,10.880261898040771,256,23.528845389842903,0.04828433200347296,0.0,2.999017078612569,0.00014592949382492707,0.0,0.009063914236667189,0.009209843730492115,2.187798378178402e-07,0.2187798378178402,26,10.880261898040771,PRY,10,Apple M4,1,Apple M4,16.0
2026-06-12T13:10:30.922831,llama-2-7b,q8,cpu,1,"If all roses are flowers and some flowers fade quickly, can we conclude that some roses fade quickly",Zheng et al. 2023,1,956.3761320114136,256,0.2676771109517242,0.19229862043585125,0.0,0.06604196234817902,0.05108605855654733,0.0,0.017544710139165243,0.06863076869571258,1.6303239103666522e-06,1.6303239103666523,26,956.3761320114136,PRY,10,Apple M4,1,Apple M4,16.0
2026-06-12T13:10:57.807478,llama-2-7b,q8,cpu,1,"If all roses are flowers and some flowers fade quickly, can we conclude that some roses fade quickly",Zheng et al. 2023,2,20.317983865737915,256,12.599675326629782,8.874469090842068,0.0,2.555139573446924,0.05008647772353304,0.0,0.014420912396667518,0.06450739012020056,1.5323730523053643e-06,1.5323730523053642,26,20.317983865737915,PRY,10,Apple M4,1,Apple M4,16.0
2026-06-12T13:11:23.424935,llama-2-7b,q8,cpu,1,"If all roses are flowers and some flowers fade quickly, can we conclude that some roses fade quickly",Zheng et al. 2023,3,21.30824303627014,256,12.014129910394105,6.380135302185635,0.0,2.5375958158992424,0.03776374267312732,0.0,0.015019918992500911,0.05278366166562823,1.2538758828669985e-06,1.2538758828669985,26,21.30824303627014,PRY,10,Apple M4,1,Apple M4,16.0
2026-06-12T13:11:51.750047,llama-2-7b,q8,cpu,1,"If all roses are flowers and some flowers fade quickly, can we conclude that some roses fade quickly",Zheng et al. 2023,4,21.9617280960083,256,11.65664190362733,4.8039076479449525,0.0,2.5419530570615922,0.029306142656250506,0.0,0.01550713385333438,0.04481327650958489,1.064539383485189e-06,1.0645393834851888,26,21.9617280960083,PRY,10,Apple M4,1,Apple M4,16.0
2026-06-12T13:12:19.277825,llama-2-7b,q8,cpu,1,"If all roses are flowers and some flowers fade quickly, can we conclude that some roses fade quickly",Zheng et al. 2023,5,23.088908910751343,256,11.087574600841952,3.033654122613042,0.0,2.5156059930120627,0.019456601028816058,0.0,0.016134054896665473,0.03559065592548153,8.454560315098136e-07,0.8454560315098136,26,23.088908910751343,PRY,10,Apple M4,1,Apple M4,16.0
2026-06-12T13:12:51.081922,llama-2-7b,q8,cpu,1,"If all roses are flowers and some flowers fade quickly, can we conclude that some roses fade quickly",Zheng et al. 2023,6,25.224295139312744,256,10.148945633014621,1.829069730478312,0.0,2.502006147265636,0.012815831864435598,0.0,0.01753092819416755,0.030346760058603147,7.208872851921177e-07,0.7208872851921176,26,25.224295139312744,PRY,10,Apple M4,1,Apple M4,16.0
2026-06-12T13:28:35.914789,llama-2-7b,q8,cpu,1,"If all roses are flowers and some flowers fade quickly, can we conclude that some roses fade quickly",Zheng et al. 2023,7,940.5727276802063,256,0.27217459369823416,0.044230707488453896,0.0,0.07027867083604421,0.011556165886011225,0.0,0.018361722534999295,0.029917888421010518,7.106994394411048e-07,0.7106994394411048,26,940.5727276802063,PRY,10,Apple M4,1,Apple M4,16.0
2026-06-12T13:29:02.486065,llama-2-7b,q8,cpu,1,"If all roses are flowers and some flowers fade quickly, can we conclude that some roses fade quickly",Zheng et al. 2023,8,20.28873085975647,256,12.61784198181595,8.787986324463633,0.0,2.541339745714407,0.0495269692600731,0.0,0.014322377256667096,0.0638493465167402,1.5167412265051631e-06,1.5167412265051632,26,20.28873085975647,PRY,10,Apple M4,1,Apple M4,16.0
2026-06-12T13:45:29.008935,llama-2-7b,q8,cpu,1,"If all roses are flowers and some flowers fade quickly, can we conclude that some roses fade quickly",Zheng et al. 2023,9,982.2516942024231,256,0.260625663983068,0.17627297573428455,0.0,0.054360196513945504,0.048095674738084335,0.0,0.014832054200833228,0.06292772893891756,1.4948482009439865e-06,1.4948482009439865,26,982.2516942024231,PRY,10,Apple M4,1,Apple M4,16.0
2026-06-12T13:45:55.595713,llama-2-7b,q8,cpu,1,"If all roses are flowers and some flowers fade quickly, can we conclude that some roses fade quickly",Zheng et al. 2023,10,20.300092220306396,256,12.610780149260627,8.706378112675063,0.0,2.533046251315259,0.04909452183115581,0.0,0.014283631250000326,0.06337815308115614,1.505548026442864e-06,1.505548026442864,26,20.300092220306396,PRY,10,Apple M4,1,Apple M4,16.0
2026-06-12T13:46:20.418721,llama-2-7b,q8,cpu,2,A farmer has 17 sheep. All but 9 die. How many sheep does the farmer have left? Explain.,Zheng et al. 2023,1,20.516934871673584,256,12.477497326047605,8.82861759017493,0.0,2.5497302509461166,0.050315603362369676,0.0,0.014531291527499282,0.06484689488986896,1.540437988108837e-06,1.540437988108837,26,20.516934871673584,PRY,10,Apple M4,1,Apple M4,16.0
2026-06-12T13:46:48.177834,llama-2-7b,q8,cpu,2,A farmer has 17 sheep. All but 9 die. How many sheep does the farmer have left? Explain.,Zheng et al. 2023,2,21.447983980178833,256,11.93585374907882,6.324503784557249,0.0,2.546203173336521,0.03767995995937897,0.0,0.015169701353333948,0.052849661312712924,1.2554437044834955e-06,1.2554437044834956,26,21.447983980178833,PRY,10,Apple M4,1,Apple M4,16.0
2026-06-12T13:47:01.716307,llama-2-7b,q8,cpu,2,A farmer has 17 sheep. All but 9 die. How many sheep does the farmer have left? Explain.,Zheng et al. 2023,3,9.203919172286987,108,11.73413173001216,0.05190248014546201,0.0,3.0001152479853976,0.0001326961755833507,0.0,0.007670227291667591,0.007802923467250942,1.853584469645461e-07,0.1853584469645461,26,9.203919172286987,PRY,10,Apple M4,1,Apple M4,16.0
2026-06-12T13:47:26.976333,llama-2-7b,q8,cpu,2,A farmer has 17 sheep. All but 9 die. How many sheep does the farmer have left? Explain.,Zheng et al. 2023,4,21.892936944961548,245,11.19082380842395,3.951195501214475,0.0,2.5155832684510133,0.02402868721258451,0.0,0.015298196076666196,0.03932688328925071,9.342101125361504e-07,0.9342101125361504,26,21.892936944961548,PRY,10,Apple M4,1,Apple M4,16.0
2026-06-12T13:47:56.417545,llama-2-7b,q8,cpu,2,A farmer has 17 sheep. All but 9 die. How many sheep does the farmer have left? Explain.,Zheng et al. 2023,5,22.979307889938354,256,11.14045737261266,2.8931764336326657,0.0,2.4968427475190706,0.018467553346766342,0.0,0.015937699513333427,0.03440525286009977,8.172967816916701e-07,0.8172967816916701,26,22.979307889938354,PRY,10,Apple M4,1,Apple M4,16.0
2026-06-12T13:48:03.158411,llama-2-7b,q8,cpu,2,A farmer has 17 sheep. All but 9 die. How many sheep does the farmer have left? Explain.,Zheng et al. 2023,6,2.4608371257781982,30,12.190973423530826,0.01940224251740513,0.0014228542396489976,3.0002782580203564,1.3262710752828552e-05,9.726145937497674e-07,0.0020508878125004536,0.002065123137847032,4.905700013955624e-08,0.049057000139556245,26,2.4608371257781982,PRY,10,Apple M4,1,Apple M4,16.0
2026-06-12T13:48:18.587021,llama-2-7b,q8,cpu,2,A farmer has 17 sheep. All but 9 die. How many sheep does the farmer have left? Explain.,Zheng et al. 2023,7,11.84831976890564,106,8.946416206472,0.6812069460111616,0.0,3.000003666619819,0.002241988256983301,0.0,0.00987361187500028,0.01211560013198358,2.878060811352699e-07,0.2878060811352699,26,11.84831976890564,PRY,10,Apple M4,1,Apple M4,16.0
2026-06-12T13:48:39.136577,llama-2-7b,q8,cpu,2,A farmer has 17 sheep. All but 9 die. How many sheep does the farmer have left? Explain.,Zheng et al. 2023,8,13.925065040588379,121,8.689366954288019,0.6844186294731935,0.0,3.000057558240016,0.002647381647334605,0.0,0.01160444350666694,0.014251825154001545,3.385521065333067e-07,0.3385521065333067,26,13.925065040588379,PRY,10,Apple M4,1,Apple M4,16.0
2026-06-12T13:48:44.321285,llama-2-7b,q8,cpu,2,A farmer has 17 sheep. All but 9 die. How many sheep does the farmer have left? Explain.,Zheng et al. 2023,9,0.9244260787963867,10,10.817522600638997,0.6768499590066838,0.0022741634634944707,3.001336520723694,0.0001738049315383455,5.839711147500565e-07,0.0007706982641669431,0.0009450871668200386,2.2450545647810015e-08,0.022450545647810016,26,0.9244260787963867,PRY,10,Apple M4,1,Apple M4,16.0
2026-06-12T13:49:19.107683,llama-2-7b,q8,cpu,2,A farmer has 17 sheep. All but 9 die. How many sheep does the farmer have left? Explain.,Zheng et al. 2023,10,30.90329885482788,246,7.960315212806757,2.700797629824818,0.0,3.619159200329969,0.023184321194690875,0.0,0.03106776621416581,0.05425208740885668,1.2887583363973905e-06,1.2887583363973905,26,30.90329885482788,PRY,10,Apple M4,1,Apple M4,16.0
2026-06-12T13:49:48.352561,llama-2-7b,q8,cpu,3,"If it takes 5 machines 5 minutes to make 5 widgets, how long does it take 100 machines to make 100 w",Zheng et al. 2023,1,22.5827419757843,166,7.350745989039039,1.8102884592950068,0.0,2.4248985490655923,0.011355910327222012,0.0,0.015211349514167222,0.026567259841389232,6.311052575322012e-07,0.6311052575322011,26,22.5827419757843,PRY,10,Apple M4,1,Apple M4,16.0
2026-06-12T13:50:20.372095,llama-2-7b,q8,cpu,3,"If it takes 5 machines 5 minutes to make 5 widgets, how long does it take 100 machines to make 100 w",Zheng et al. 2023,2,27.363189935684204,212,7.747634705540373,1.6279694814397814,0.0,2.529670783548945,0.012374010591703904,0.0,0.019227739479166908,0.03160175007087081,7.50699572933536e-07,0.750699572933536,26,27.363189935684204,PRY,10,Apple M4,1,Apple M4,16.0
2026-06-12T13:51:01.509213,llama-2-7b,q8,cpu,3,"If it takes 5 machines 5 minutes to make 5 widgets, how long does it take 100 machines to make 100 w",Zheng et al. 2023,3,34.50539803504944,256,7.419129022652157,1.8476425243658021,0.0,2.2359259425912046,0.01770934464714598,0.0,0.021430976285000725,0.03914032093214671,9.29778323743145e-07,0.929778323743145,26,34.50539803504944,PRY,10,Apple M4,1,Apple M4,16.0
2026-06-12T13:51:36.915514,llama-2-7b,q8,cpu,3,"If it takes 5 machines 5 minutes to make 5 widgets, how long does it take 100 machines to make 100 w",Zheng et al. 2023,4,30.798614025115967,228,7.402930528434437,2.9316008288170208,0.0,3.6066446580816724,0.025080345111790414,0.0,0.030855460208334382,0.05593580532012479,1.3287550553795644e-06,1.3287550553795644,26,30.798614025115967,PRY,10,Apple M4,1,Apple M4,16.0
2026-06-12T13:52:16.928762,llama-2-7b,q8,cpu,3,"If it takes 5 machines 5 minutes to make 5 widgets, how long does it take 100 machines to make 100 w",Zheng et al. 2023,5,33.36634373664856,256,7.672401927539262,1.8076313028018773,0.0,3.5697092537944664,0.016753902055114803,0.0,0.03308559611166705,0.049839498166781855,1.183937278951903e-06,1.183937278951903,26,33.36634373664856,PRY,10,Apple M4,1,Apple M4,16.0
2026-06-12T13:52:55.219141,llama-2-7b,q8,cpu,3,"If it takes 5 machines 5 minutes to make 5 widgets, how long does it take 100 machines to make 100 w",Zheng et al. 2023,6,33.65503287315369,256,7.606588915389498,1.8238903072812704,0.0,3.5669775587938095,0.017050857846827094,0.0,0.03334631861083532,0.050397176457662424,1.1971849267517709e-06,1.197184926751771,26,33.65503287315369,PRY,10,Apple M4,1,Apple M4,16.0
2026-06-12T13:53:36.361317,llama-2-7b,q8,cpu,3,"If it takes 5 machines 5 minutes to make 5 widgets, how long does it take 100 machines to make 100 w",Zheng et al. 2023,7,34.50990629196167,256,7.418159812842773,1.7081778128597551,0.0,2.243932353651011,0.01637473784772172,0.0,0.02151052645833261,0.03788526430605433,8.999644535903206e-07,0.8999644535903206,26,34.50990629196167,PRY,10,Apple M4,1,Apple M4,16.0
2026-06-12T13:54:15.428219,llama-2-7b,q8,cpu,3,"If it takes 5 machines 5 minutes to make 5 widgets, how long does it take 100 machines to make 100 w",Zheng et al. 2023,8,34.40232014656067,256,7.441358574345844,1.6892973993972342,0.0,3.5614731426551787,0.016143263876893337,0.0,0.03403414979083361,0.05017741366772693,1.1919644616768534e-06,1.1919644616768534,26,34.40232014656067,PRY,10,Apple M4,1,Apple M4,16.0
2026-06-12T13:54:40.377903,llama-2-7b,q8,cpu,3,"If it takes 5 machines 5 minutes to make 5 widgets, how long does it take 100 machines to make 100 w",Zheng et al. 2023,9,18.26331901550293,134,7.337111063232991,1.8084259139132028,0.0,5.465690999936532,0.00917440538380535,0.0,0.0277282384366678,0.036902643820473154,8.766223039553397e-07,0.8766223039553397,26,18.26331901550293,PRY,10,Apple M4,1,Apple M4,16.0
2026-06-12T13:55:20.643306,llama-2-7b,q8,cpu,3,"If it takes 5 machines 5 minutes to make 5 widgets, how long does it take 100 machines to make 100 w",Zheng et al. 2023,10,35.5977680683136,256,7.191462102588155,1.5632635172434055,0.0,2.2554653031594687,0.015457970032357472,0.0,0.02230264742999983,0.037760617462357295,8.970034678182975e-07,0.8970034678182975,26,35.5977680683136,PRY,10,Apple M4,1,Apple M4,16.0
2026-06-12T13:55:41.025090,llama-2-7b,q8,cpu,4,A bat and ball cost $1.10. The bat costs $1 more than the ball. How much does the ball cost?,Zheng et al. 2023,1,13.716495990753174,97,7.0717769367184955,0.04310098262387872,0.0,3.0000451392792407,0.00016422068204387632,0.0,0.011430585312500624,0.0115948059945445,2.754346164004046e-07,0.27543461640040456,26,13.716495990753174,PRY,10,Apple M4,1,Apple M4,16.0
2026-06-12T13:56:21.722166,llama-2-7b,q8,cpu,4,A bat and ball cost $1.10. The bat costs $1 more than the ball. How much does the ball cost?,Zheng et al. 2023,2,36.02791929244995,256,7.105600462851254,1.5293460432966963,0.0,2.266598091805916,0.01530532106058918,0.0,0.02268355920000128,0.03798888026059046,9.024258505903264e-07,0.9024258505903264,26,36.02791929244995,PRY,10,Apple M4,1,Apple M4,16.0
2026-06-12T13:57:04.787513,llama-2-7b,q8,cpu,4,A bat and ball cost $1.10. The bat costs $1 more than the ball. How much does the ball cost?,Zheng et al. 2023,3,36.41584014892578,256,7.0299078355206275,1.472175563816742,0.0,2.2712155112102077,0.014891808334195879,0.0,0.02297450583333102,0.0378663141675269,8.995142930496014e-07,0.8995142930496014,26,36.41584014892578,PRY,10,Apple M4,1,Apple M4,16.0
2026-06-12T13:57:36.934970,llama-2-7b,q8,cpu,4,A bat and ball cost $1.10. The bat costs $1 more than the ball. How much does the ball cost?,Zheng et al. 2023,4,27.501039743423462,191,6.945191955721431,1.1869807137628596,0.0,2.516215905711271,0.00906755660663043,0.0,0.019221820451666646,0.028289377058297076,6.72014152019847e-07,0.672014152019847,26,27.501039743423462,PRY,10,Apple M4,1,Apple M4,16.0
2026-06-12T13:58:21.077332,llama-2-7b,q8,cpu,4,A bat and ball cost $1.10. The bat costs $1 more than the ball. How much does the ball cost?,Zheng et al. 2023,5,37.44581985473633,256,6.836544132111448,1.4481548009694734,0.0,2.2919776781477954,0.015063151055242899,0.0,0.02384027312416644,0.03890342417940934,9.241508413818688e-07,0.9241508413818688,26,37.44581985473633,PRY,10,Apple M4,1,Apple M4,16.0
2026-06-12T13:58:53.769044,llama-2-7b,q8,cpu,4,A bat and ball cost $1.10. The bat costs $1 more than the ball. How much does the ball cost?,Zheng et al. 2023,6,27.987834930419922,190,6.788663734524508,1.1128735197069788,0.0,2.519356978605153,0.008651922324442873,0.0,0.019586485346667362,0.028238407671110233,6.708033742272235e-07,0.6708033742272236,26,27.987834930419922,PRY,10,Apple M4,1,Apple M4,16.0
2026-06-12T13:59:16.371181,llama-2-7b,q8,cpu,4,A bat and ball cost $1.10. The bat costs $1 more than the ball. How much does the ball cost?,Zheng et al. 2023,7,15.881120920181274,107,6.737559680943393,2.0064337031536232,0.0,5.83556164522579,0.00885122673836383,0.0,0.025743127812500766,0.03459435455086459,8.217888923557884e-07,0.8217888923557884,26,15.881120920181274,PRY,10,Apple M4,1,Apple M4,16.0
2026-06-12T13:59:36.813737,llama-2-7b,q8,cpu,4,A bat and ball cost $1.10. The bat costs $1 more than the ball. How much does the ball cost?,Zheng et al. 2023,8,15.778038024902344,106,6.718199045578487,3.490240749882336,0.0,5.854137621751633,0.015296986463251989,0.0,0.025657446110835733,0.04095443257408772,9.728725457974539e-07,0.9728725457974539,26,15.778038024902344,PRY,10,Apple M4,1,Apple M4,16.0
2026-06-12T14:00:19.355139,llama-2-7b,q8,cpu,4,A bat and ball cost $1.10. The bat costs $1 more than the ball. How much does the ball cost?,Zheng et al. 2023,9,38.905340909957886,256,6.580073429827635,1.3428220533320319,0.0,2.3253226358401586,0.014511930490636763,0.0,0.025129852742500895,0.039641783233137655,9.41690560703185e-07,0.941690560703185,26,38.905340909957886,PRY,10,Apple M4,1,Apple M4,16.0
2026-06-12T14:00:36.061952,llama-2-7b,q8,cpu,4,A bat and ball cost $1.10. The bat costs $1 more than the ball. How much does the ball cost?,Zheng et al. 2023,10,9.993004083633423,71,7.104970577995064,0.04620220547404696,0.0,3.0001025092249916,0.00012824967443750604,0.0,0.00832778795166784,0.008456037626105346,2.0087317380813248e-07,0.20087317380813247,26,9.993004083633423,PRY,10,Apple M4,1,Apple M4,16.0
2026-06-12T14:01:21.077974,llama-2-7b,q8,cpu,5,Three switches control three light bulbs in another room. You can only enter the room once. How do y,Zheng et al. 2023,1,40.332873821258545,256,6.347179750555444,1.273165683475763,0.0,2.336785720816336,0.014264008573662317,0.0,0.0261803565625011,0.04044436513616342,9.607558938095619e-07,0.9607558938095618,26,40.332873821258545,PRY,10,Apple M4,1,Apple M4,16.0
2026-06-12T14:01:37.425341,llama-2-7b,q8,cpu,5,Three switches control three light bulbs in another room. You can only enter the room once. How do y,Zheng et al. 2023,2,9.586851119995117,68,7.093048504547407,0.040801393626588044,0.0,3.0000562764571295,0.00010865469060733811,0.0,0.007989192465000391,0.00809784715560773,1.9236435918146158e-07,0.19236435918146158,26,9.586851119995117,PRY,10,Apple M4,1,Apple M4,16.0
2026-06-12T14:02:22.124928,llama-2-7b,q8,cpu,5,Three switches control three light bulbs in another room. You can only enter the room once. How do y,Zheng et al. 2023,3,40.019553899765015,256,6.396872904710294,1.2632316698436545,0.0,2.3298613031154263,0.014042768860888415,0.0,0.025900002777501263,0.039942771638389676,9.488405402699468e-07,0.9488405402699468,26,40.019553899765015,PRY,10,Apple M4,1,Apple M4,16.0
2026-06-12T14:03:08.618111,llama-2-7b,q8,cpu,5,Three switches control three light bulbs in another room. You can only enter the room once. How do y,Zheng et al. 2023,4,39.81593108177185,256,6.42958717891692,1.2562318314391725,0.0,2.3273051667859836,0.013893900006475035,0.0,0.025739950590833966,0.039633850597309006,9.415021209390753e-07,0.9415021209390754,26,39.81593108177185,PRY,10,Apple M4,1,Apple M4,16.0
2026-06-12T14:03:53.917119,llama-2-7b,q8,cpu,5,Three switches control three light bulbs in another room. You can only enter the room once. How do y,Zheng et al. 2023,5,40.59957671165466,256,6.305484459066089,1.2371324222785447,0.0,2.3408236046391053,0.013951959077992479,0.0,0.026399013195832596,0.040350972273825066,9.585373463647143e-07,0.9585373463647143,26,40.59957671165466,PRY,10,Apple M4,1,Apple M4,16.0
2026-06-12T14:04:41.158184,llama-2-7b,q8,cpu,5,Three switches control three light bulbs in another room. You can only enter the room once. How do y,Zheng et al. 2023,6,40.55289387702942,256,6.312743075162076,1.198826346990399,0.0,2.3419368950335144,0.01350441045180236,0.0,0.026381199547498305,0.039885609999300665,9.474826655333873e-07,0.9474826655333872,26,40.55289387702942,PRY,10,Apple M4,1,Apple M4,16.0
2026-06-12T14:05:27.498419,llama-2-7b,q8,cpu,5,Three switches control three light bulbs in another room. You can only enter the room once. How do y,Zheng et al. 2023,7,41.64233589172363,256,6.147589814981529,1.1526453630813107,0.0,2.3613048179303147,0.01333301260374158,0.0,0.027313957880833187,0.04064697048457476,9.655687838610734e-07,0.9655687838610735,26,41.64233589172363,PRY,10,Apple M4,1,Apple M4,16.0
2026-06-12T14:06:15.184728,llama-2-7b,q8,cpu,5,Three switches control three light bulbs in another room. You can only enter the room once. How do y,Zheng et al. 2023,8,40.96639275550842,256,6.249024695140573,1.143124546747804,0.0,2.3443131287679084,0.013008246986259188,0.0,0.02667723677083359,0.03968548375709277,9.427286666497388e-07,0.9427286666497388,26,40.96639275550842,PRY,10,Apple M4,1,Apple M4,16.0
2026-06-12T14:07:01.892407,llama-2-7b,q8,cpu,5,Three switches control three light bulbs in another room. You can only enter the room once. How do y,Zheng et al. 2023,9,41.99412131309509,256,6.096091357438907,1.1418347592328493,0.0,2.362790621530541,0.0133195409440925,0.0,0.027562032221665807,0.04088157316575831,9.711417705525886e-07,0.9711417705525887,26,41.99412131309509,PRY,10,Apple M4,1,Apple M4,16.0
2026-06-12T14:07:17.827761,llama-2-7b,q8,cpu,5,Three switches control three light bulbs in another room. You can only enter the room once. How do y,Zheng et al. 2023,10,9.06488585472107,62,6.839578676846755,0.04250119290904484,0.0,3.000033404925558,0.00010701901733610332,0.0,0.007554155660000105,0.007661174677336208,1.819912044601216e-07,0.1819912044601216,26,9.06488585472107,PRY,10,Apple M4,1,Apple M4,16.0
2026-06-12T14:08:05.570978,llama-2-7b,q8,cpu,6,"Given that f(x) = 4x³ - 9x - 14, find the value of f(2).",Zheng et al. 2023,1,43.028282165527344,256,5.949575189062455,1.0701673997141972,0.0,2.378725906515467,0.012790962455347546,0.0,0.028431247083332587,0.04122220953868014,9.792335875913466e-07,0.9792335875913466,26,43.028282165527344,PRY,10,Apple M4,1,Apple M4,16.0
2026-06-12T14:08:54.037360,llama-2-7b,q8,cpu,6,"Given that f(x) = 4x³ - 9x - 14, find the value of f(2).",Zheng et al. 2023,2,41.73961091041565,256,6.133262730921099,1.1017003045542315,0.0,2.3607443678974964,0.012773483903327791,0.0,0.0273712642708324,0.04014474817416019,9.536384928771752e-07,0.9536384928771752,26,41.73961091041565,PRY,10,Apple M4,1,Apple M4,16.0
2026-06-12T14:09:41.993487,llama-2-7b,q8,cpu,6,"Given that f(x) = 4x³ - 9x - 14, find the value of f(2).",Zheng et al. 2023,3,43.24626278877258,256,5.919586653079805,1.0725756891193297,0.0,2.3888344006183573,0.012884691697917604,0.0,0.02869671118000042,0.04158140287791803,9.877662253649427e-07,0.9877662253649427,26,43.24626278877258,PRY,10,Apple M4,1,Apple M4,16.0
2026-06-12T14:10:30.932425,llama-2-7b,q8,cpu,6,"Given that f(x) = 4x³ - 9x - 14, find the value of f(2).",Zheng et al. 2023,4,42.2339870929718,256,6.061468916880955,1.0947865550658686,0.0,2.368313004851049,0.012843667010058601,0.0,0.027784250244165684,0.04062791725422429,9.65116174374098e-07,0.9651161743740979,26,42.2339870929718,PRY,10,Apple M4,1,Apple M4,16.0
2026-06-12T14:11:19.355095,llama-2-7b,q8,cpu,6,"Given that f(x) = 4x³ - 9x - 14, find the value of f(2).",Zheng et al. 2023,5,43.715492248535156,256,5.856047520740846,0.9634421116851769,0.0,2.3884231825961177,0.01169926282369047,0.0,0.029003081979167292,0.04070234480285777,9.66884200791886e-07,0.9668842007918861,26,43.715492248535156,PRY,10,Apple M4,1,Apple M4,16.0
2026-06-12T14:12:08.695827,llama-2-7b,q8,cpu,6,"Given that f(x) = 4x³ - 9x - 14, find the value of f(2).",Zheng et al. 2023,6,42.59113001823425,256,6.0106411802269735,1.0078010789383538,0.0,2.368318681162433,0.011923162995994498,0.0,0.028019269131667295,0.03994243212766179,9.488324751926057e-07,0.9488324751926057,26,42.59113001823425,PRY,10,Apple M4,1,Apple M4,16.0
2026-06-12T14:12:56.849875,llama-2-7b,q8,cpu,6,"Given that f(x) = 4x³ - 9x - 14, find the value of f(2).",Zheng et al. 2023,7,43.413613080978394,256,5.896767899103196,1.0443494369811621,0.0,2.381580031271489,0.012594161771788277,0.0,0.028720276110834678,0.041314437882622956,9.814244719017083e-07,0.9814244719017082,26,43.413613080978394,PRY,10,Apple M4,1,Apple M4,16.0
2026-06-12T14:13:46.867433,llama-2-7b,q8,cpu,6,"Given that f(x) = 4x³ - 9x - 14, find the value of f(2).",Zheng et al. 2023,8,43.3152859210968,256,5.910153761107107,0.8569019362929168,0.0,2.3800528885760426,0.010310264549130324,0.0,0.028636853160001013,0.03894711770913133,9.251887811804147e-07,0.9251887811804147,26,43.3152859210968,PRY,10,Apple M4,1,Apple M4,16.0
2026-06-12T14:14:19.852641,llama-2-7b,q8,cpu,6,"Given that f(x) = 4x³ - 9x - 14, find the value of f(2).",Zheng et al. 2023,9,28.260919094085693,169,5.979989519709835,0.9590392148616572,0.0,2.526589771878439,0.007528702683127989,0.0,0.019834374757500276,0.027363077440628266,6.500099046021244e-07,0.6500099046021245,26,28.260919094085693,PRY,10,Apple M4,1,Apple M4,16.0
2026-06-12T14:15:10.054793,llama-2-7b,q8,cpu,6,"Given that f(x) = 4x³ - 9x - 14, find the value of f(2).",Zheng et al. 2023,10,43.49002122879028,256,5.886407795784856,0.891188656150531,0.0,2.385875401787629,0.010766059326345466,0.0,0.028822714409164594,0.03958877373551006,9.404313200870415e-07,0.9404313200870414,26,43.49002122879028,PRY,10,Apple M4,1,Apple M4,16.0
2026-06-12T14:15:59.828157,llama-2-7b,q8,cpu,7,"Calculate the compound interest on $10,000 at 5% annual rate over 3 years.",Zheng et al. 2023,1,44.88946580886841,256,5.702897002383672,0.6401017252151943,0.0,2.36629821351118,0.007981617918956985,0.0,0.02950607298583236,0.03748769090478936,8.905200974432711e-07,0.8905200974432711,26,44.88946580886841,PRY,10,Apple M4,1,Apple M4,16.0
2026-06-12T14:16:10.842091,llama-2-7b,q8,cpu,7,"Calculate the compound interest on $10,000 at 5% annual rate over 3 years.",Zheng et al. 2023,2,3.4775521755218506,32,9.20187487775018,0.020905531625497634,0.0,3.0005222703624304,2.0194465829080598e-05,0.0,0.0028984646525001758,0.002918659118329256,6.933274735591148e-08,0.06933274735591148,26,3.4775521755218506,PRY,10,Apple M4,1,Apple M4,16.0
2026-06-12T14:17:01.301735,llama-2-7b,q8,cpu,7,"Calculate the compound interest on $10,000 at 5% annual rate over 3 years.",Zheng et al. 2023,3,45.51962375640869,256,5.623948066221831,1.1848751306164331,0.0,3.0205166097544023,0.0149819639288849,0.0,0.03819243878500098,0.053174402713885884,1.263157936468359e-06,1.263157936468359,26,45.51962375640869,PRY,10,Apple M4,1,Apple M4,16.0
2026-06-12T14:17:53.825240,llama-2-7b,q8,cpu,7,"Calculate the compound interest on $10,000 at 5% annual rate over 3 years.",Zheng et al. 2023,4,45.569525957107544,256,5.6177894025266095,1.275733840835177,0.0,3.0309488023862463,0.016148496215083085,0.0,0.038366361145834464,0.054514857360917546,1.2950004366085961e-06,1.295000436608596,26,45.569525957107544,PRY,10,Apple M4,1,Apple M4,16.0
2026-06-12T14:18:44.413105,llama-2-7b,q8,cpu,7,"Calculate the compound interest on $10,000 at 5% annual rate over 3 years.",Zheng et al. 2023,5,45.6119282245636,256,5.61256693072965,1.140492280163786,0.0,3.0229884015679653,0.014450014450972078,0.0,0.03830120277666841,0.05275121722764048,1.2531051652425995e-06,1.2531051652425995,26,45.6119282245636,PRY,10,Apple M4,1,Apple M4,16.0
2026-06-12T14:19:36.772243,llama-2-7b,q8,cpu,7,"Calculate the compound interest on $10,000 at 5% annual rate over 3 years.",Zheng et al. 2023,6,45.388909101486206,256,5.640144367153728,1.1788027615985934,0.0,3.019976899918744,0.014862380942994299,0.0,0.038075960277499994,0.052938341220494296,1.2575502956928419e-06,1.257550295692842,26,45.388909101486206,PRY,10,Apple M4,1,Apple M4,16.0
2026-06-12T14:20:27.355958,llama-2-7b,q8,cpu,7,"Calculate the compound interest on $10,000 at 5% annual rate over 3 years.",Zheng et al. 2023,7,45.68492412567139,256,5.60359910625632,1.0750709481269143,0.0,3.0214538360025576,0.013642926304136577,0.0,0.03834302479083211,0.05198595109496868,1.234926268260981e-06,1.234926268260981,26,45.68492412567139,PRY,10,Apple M4,1,Apple M4,16.0
2026-06-12T14:21:19.708205,llama-2-7b,q8,cpu,7,"Calculate the compound interest on $10,000 at 5% annual rate over 3 years.",Zheng et al. 2023,8,45.39033913612366,256,5.6399666729139675,1.2404650408563398,0.0,3.023913904132296,0.01564031358082632,0.0,0.03812679934083462,0.05376711292166094,1.2772377674540555e-06,1.2772377674540556,26,45.39033913612366,PRY,10,Apple M4,1,Apple M4,16.0
2026-06-12T14:22:07.312013,llama-2-7b,q8,cpu,7,"Calculate the compound interest on $10,000 at 5% annual rate over 3 years.",Zheng et al. 2023,9,42.72753190994263,239,5.593583090728091,0.5709902780986704,0.0,2.313464087660018,0.006776945924368877,0.0,0.027457947396666595,0.03423489332103547,8.132498908411976e-07,0.8132498908411976,26,42.72753190994263,PRY,10,Apple M4,1,Apple M4,16.0
2026-06-12T14:22:43.965611,llama-2-7b,q8,cpu,7,"Calculate the compound interest on $10,000 at 5% annual rate over 3 years.",Zheng et al. 2023,10,29.77633500099182,174,5.843566711423828,0.5041842681822867,0.0,2.5062682789710253,0.00417021101989602,0.0,0.020729856632500133,0.024900067652396156,5.915011070826706e-07,0.5915011070826706,26,29.77633500099182,PRY,10,Apple M4,1,Apple M4,16.0
2026-06-12T14:23:35.214648,llama-2-7b,q8,cpu,8,What is the area of a circle with radius 7 cm?,Zheng et al. 2023,1,46.37252593040466,256,5.5205101482761965,0.835705026154809,0.0,3.022515426749854,0.010764931387648164,0.0,0.038933798611668256,0.04969872999931642,1.1805933311337614e-06,1.1805933311337613,26,46.37252593040466,PRY,10,Apple M4,1,Apple M4,16.0
2026-06-12T14:24:26.782682,llama-2-7b,q8,cpu,8,What is the area of a circle with radius 7 cm?,Zheng et al. 2023,2,44.69728398323059,256,5.727417354845216,0.54275413632789,0.0,2.343128743802251,0.006738787712366875,0.0,0.029092080797499878,0.035830868509866755,8.511622814518847e-07,0.8511622814518848,26,44.69728398323059,PRY,10,Apple M4,1,Apple M4,16.0
2026-06-12T14:25:17.798143,llama-2-7b,q8,cpu,8,What is the area of a circle with radius 7 cm?,Zheng et al. 2023,3,46.08595609664917,256,5.55483756186222,0.8856737610997727,0.0,3.0221171598767436,0.011338089463888408,0.0,0.03868809965250269,0.0500261891163911,1.1883721224598705e-06,1.1883721224598705,26,46.08595609664917,PRY,10,Apple M4,1,Apple M4,16.0
2026-06-12T14:26:09.480393,llama-2-7b,q8,cpu,8,What is the area of a circle with radius 7 cm?,Zheng et al. 2023,4,44.81184482574463,256,5.712775294020627,0.5452947528596955,0.0,2.344785137938186,0.006787684402622624,0.0,0.029187263264166173,0.0359749476667888,8.545848818245678e-07,0.8545848818245678,26,44.81184482574463,PRY,10,Apple M4,1,Apple M4,16.0
2026-06-12T14:26:46.930547,llama-2-7b,q8,cpu,8,What is the area of a circle with radius 7 cm?,Zheng et al. 2023,5,32.53779101371765,184,5.6549628683283135,0.7672773203784382,0.0,3.482712949850445,0.0069348636388996965,0.0,0.03147771836750053,0.03841258200640022,9.124908855620373e-07,0.9124908855620373,26,32.53779101371765,PRY,10,Apple M4,1,Apple M4,16.0
2026-06-12T14:27:39.004419,llama-2-7b,q8,cpu,8,What is the area of a circle with radius 7 cm?,Zheng et al. 2023,6,45.13050699234009,256,5.672437937456594,0.5432390766160236,0.0,3.0207102736989264,0.006810181929369951,0.0,0.03786838503583415,0.0446785669652041,1.0613393582584233e-06,1.0613393582584234,26,45.13050699234009,PRY,10,Apple M4,1,Apple M4,16.0
2026-06-12T14:28:29.599574,llama-2-7b,q8,cpu,8,What is the area of a circle with radius 7 cm?,Zheng et al. 2023,7,45.661754846572876,256,5.606442434378187,1.078258160991688,0.0,3.023314039547003,0.013676433280144158,0.0,0.038347173471665885,0.05202360675181004,1.2358207783892473e-06,1.2358207783892472,26,45.661754846572876,PRY,10,Apple M4,1,Apple M4,16.0
2026-06-12T14:29:22.203653,llama-2-7b,q8,cpu,8,What is the area of a circle with radius 7 cm?,Zheng et al. 2023,8,45.650043964385986,256,5.607880689002603,1.1265329618825204,0.0,3.0180422057092122,0.014285077565907503,0.0,0.03827048871583277,0.052555566281740275,1.2484574770227403e-06,1.2484574770227403,26,45.650043964385986,PRY,10,Apple M4,1,Apple M4,16.0
2026-06-12T14:30:12.679481,llama-2-7b,q8,cpu,8,What is the area of a circle with radius 7 cm?,Zheng et al. 2023,9,45.51435208320618,256,5.624599456716391,1.1229479913139935,0.0,3.026860431213766,0.014197291735498403,0.0,0.038268219825830174,0.05246551156132857,1.2463182271393602e-06,1.2463182271393602,26,45.51435208320618,PRY,10,Apple M4,1,Apple M4,16.0
2026-06-12T14:31:04.461532,llama-2-7b,q8,cpu,8,What is the area of a circle with radius 7 cm?,Zheng et al. 2023,10,44.89012384414673,256,5.7028134047658705,0.5602259276391511,0.0,2.3468213240124647,0.006985725353450967,0.0,0.029263638854167762,0.036249364207618734,8.611036467519829e-07,0.8611036467519829,26,44.89012384414673,PRY,10,Apple M4,1,Apple M4,16.0
2026-06-12T14:31:55.703578,llama-2-7b,q8,cpu,9,Solve for x: 2x + 5 = 15,Zheng et al. 2023,1,46.36954593658447,256,5.520864930402997,0.8284457935989182,0.0,3.021587836823141,0.010670737578404227,0.0,0.03891934888916543,0.049590086467569655,1.178012504037117e-06,1.178012504037117,26,46.36954593658447,PRY,10,Apple M4,1,Apple M4,16.0
2026-06-12T14:32:47.444819,llama-2-7b,q8,cpu,9,Solve for x: 2x + 5 = 15,Zheng et al. 2023,2,44.84583902359009,256,5.708444876353797,0.5415235707277097,0.0,2.3479985388970293,0.006745855244537382,0.0,0.029249434584166917,0.0359952898287043,8.550681098808706e-07,0.8550681098808706,26,44.84583902359009,PRY,10,Apple M4,1,Apple M4,16.0
2026-06-12T14:33:38.533902,llama-2-7b,q8,cpu,9,Solve for x: 2x + 5 = 15,Zheng et al. 2023,3,46.193981885910034,256,5.541847434418388,0.8556511371726068,0.0,3.025646868226009,0.010979425869780478,0.0,0.038824076839997966,0.04980350270977843,1.1830822068707865e-06,1.1830822068707865,26,46.193981885910034,PRY,10,Apple M4,1,Apple M4,16.0
2026-06-12T14:34:30.210227,llama-2-7b,q8,cpu,9,Solve for x: 2x + 5 = 15,Zheng et al. 2023,4,44.80264210700989,256,5.713948730714385,0.5412880369723736,0.0,2.3445514608516,0.006736426165910886,0.0,0.029178361111667068,0.03591478727757796,8.531557717788643e-07,0.8531557717788643,26,44.80264210700989,PRY,10,Apple M4,1,Apple M4,16.0
2026-06-12T14:35:21.167372,llama-2-7b,q8,cpu,9,Solve for x: 2x + 5 = 15,Zheng et al. 2023,5,46.01170110702515,256,5.563802116434106,0.8958825811966555,0.0,3.0199703072220565,0.011450300431391862,0.0,0.03859832531333116,0.050048625744723026,1.1889051045658954e-06,1.1889051045658954,26,46.01170110702515,PRY,10,Apple M4,1,Apple M4,16.0
2026-06-12T14:36:02.376232,llama-2-7b,q8,cpu,9,Solve for x: 2x + 5 = 15,Zheng et al. 2023,6,34.0931670665741,196,5.748952557480761,0.7113490889146492,0.0,3.461192172864673,0.006736706480839558,0.0,0.032778611944164975,0.03951531842500453,9.386863891859827e-07,0.9386863891859827,26,34.0931670665741,PRY,10,Apple M4,1,Apple M4,16.0
2026-06-12T14:36:52.626204,llama-2-7b,q8,cpu,9,Solve for x: 2x + 5 = 15,Zheng et al. 2023,7,45.29873585700989,256,5.65137183536623,1.0736259163282906,0.0,3.0215609036653412,0.013509415775832066,0.0,0.03802024701416789,0.05152966278999995,1.2240871395764488e-06,1.2240871395764488,26,45.29873585700989,PRY,10,Apple M4,1,Apple M4,16.0
2026-06-12T14:37:44.958664,llama-2-7b,q8,cpu,9,Solve for x: 2x + 5 = 15,Zheng et al. 2023,8,45.37480926513672,256,5.641896994081582,1.2658020280056947,0.0,3.023368890619369,0.01595431266338379,0.0,0.03810688520833385,0.054061197871717634,1.2842237554426524e-06,1.2842237554426525,26,45.37480926513672,PRY,10,Apple M4,1,Apple M4,16.0
2026-06-12T14:38:35.372811,llama-2-7b,q8,cpu,9,Solve for x: 2x + 5 = 15,Zheng et al. 2023,9,45.47247004508972,256,5.629779946991109,1.209879262523795,0.0,3.018347155738605,0.015282277367580144,0.0,0.03812547239583486,0.053407749763415,1.2687010956299232e-06,1.2687010956299232,26,45.47247004508972,PRY,10,Apple M4,1,Apple M4,16.0
2026-06-12T14:39:23.928075,llama-2-7b,q8,cpu,9,Solve for x: 2x + 5 = 15,Zheng et al. 2023,10,41.66508102416992,230,5.52021007391242,0.6018026186392573,0.0,2.2935958067756816,0.006965043018378414,0.0,0.026545237535001435,0.03351028055337985,7.960367145455384e-07,0.7960367145455384,26,41.66508102416992,PRY,10,Apple M4,1,Apple M4,16.0
2026-06-12T14:40:08.266976,llama-2-7b,q8,cpu,10,"If the probability of rain is 30%, what is the probability of no rain?",Zheng et al. 2023,1,39.45806574821472,219,5.550196033365083,0.6106360225833619,0.0,2.2570734002598134,0.0066929212020340615,0.0,0.024738819618332856,0.03143174082036691,7.46661003187816e-07,0.746661003187816,26,39.45806574821472,PRY,10,Apple M4,1,Apple M4,16.0
2026-06-12T14:41:00.583601,llama-2-7b,q8,cpu,10,"If the probability of rain is 30%, what is the probability of no rain?",Zheng et al. 2023,2,45.33552098274231,256,5.646786326718303,1.244651240954261,0.0,3.0219207071460215,0.015674142347355043,0.0,0.038055652674167204,0.05372979502152225,1.276351280736261e-06,1.276351280736261,26,45.33552098274231,PRY,10,Apple M4,1,Apple M4,16.0
2026-06-12T14:41:51.947995,llama-2-7b,q8,cpu,10,"If the probability of rain is 30%, what is the probability of no rain?",Zheng et al. 2023,3,47.44064712524414,256,5.396216441233516,0.7218528484357086,0.0,3.0193461184423804,0.009512546183052998,0.0,0.039788814931666826,0.049301361114719826,1.1711538332801693e-06,1.1711538332801694,26,47.44064712524414,PRY,10,Apple M4,1,Apple M4,16.0
2026-06-12T14:42:43.610840,llama-2-7b,q8,cpu,10,"If the probability of rain is 30%, what is the probability of no rain?",Zheng et al. 2023,4,44.77030396461487,256,5.718075986313045,0.5437177043519507,0.0,2.343336197916248,0.006761779692994286,0.0,0.02914218718666537,0.03590396687965966,8.528987332263152e-07,0.8528987332263153,26,44.77030396461487,PRY,10,Apple M4,1,Apple M4,16.0
2026-06-12T14:43:35.086015,llama-2-7b,q8,cpu,10,"If the probability of rain is 30%, what is the probability of no rain?",Zheng et al. 2023,5,46.601988315582275,256,5.493327844005348,0.7321475263636458,0.0,3.018376212887041,0.009477647352466968,0.0,0.03907287027916482,0.04855051763163178,1.153317546339413e-06,1.153317546339413,26,46.601988315582275,PRY,10,Apple M4,1,Apple M4,16.0
2026-06-12T14:43:53.787486,llama-2-7b,q8,cpu,10,"If the probability of rain is 30%, what is the probability of no rain?",Zheng et al. 2023,6,11.88461709022522,74,6.226536323232747,0.036001406755622335,0.0,3.0000758315831018,0.00011885081500000526,0.0,0.009904097916667826,0.010022948731667832,2.3809514712076934e-07,0.23809514712076935,26,11.88461709022522,PRY,10,Apple M4,1,Apple M4,16.0
2026-06-12T14:44:44.279246,llama-2-7b,q8,cpu,10,"If the probability of rain is 30%, what is the probability of no rain?",Zheng et al. 2023,7,45.543184995651245,256,5.6210385818305095,1.1636966124874784,0.0,3.021742397114694,0.014721791694813862,0.0,0.038227714722499216,0.052949506417313066,1.2578155249432718e-06,1.2578155249432719,26,45.543184995651245,PRY,10,Apple M4,1,Apple M4,16.0
2026-06-12T14:45:36.713661,llama-2-7b,q8,cpu,10,"If the probability of rain is 30%, what is the probability of no rain?",Zheng et al. 2023,8,45.492881059646606,256,5.627254067825544,1.1010432993725454,0.0,3.0225568494930424,0.013913786627743355,0.0,0.038195783125001985,0.05210956975274533,1.2378628294764653e-06,1.2378628294764653,26,45.492881059646606,PRY,10,Apple M4,1,Apple M4,16.0
2026-06-12T14:46:27.574685,llama-2-7b,q8,cpu,10,"If the probability of rain is 30%, what is the probability of no rain?",Zheng et al. 2023,9,45.89992809295654,256,5.577350785420595,1.0865148750993134,0.0,3.020265992405306,0.013853042955273929,0.0,0.03850833107583488,0.052361374031108805,1.2438444401089898e-06,1.2438444401089896,26,45.89992809295654,PRY,10,Apple M4,1,Apple M4,16.0
2026-06-12T14:47:19.928023,llama-2-7b,q8,cpu,10,"If the probability of rain is 30%, what is the probability of no rain?",Zheng et al. 2023,10,45.42448806762695,256,5.635726694792311,1.2052991502767332,0.0,3.0196703108418785,0.015208360241573992,0.0,0.038101938334167855,0.053310298575741835,1.2663861426667473e-06,1.2663861426667473,26,45.42448806762695,PRY,10,Apple M4,1,Apple M4,16.0
2026-06-12T14:48:17.000866,llama-2-7b,q8,gpu,1,"If all roses are flowers and some flowers fade quickly, can we conclude that some roses fade quickly",Zheng et al. 2023,1,42.73895716667175,256,5.989851343392891,0.07791926885178871,0.571477930917079,2.575382681794204,0.0009250523038652716,0.006784547447545344,0.030574769479164085,0.0382843692305747,9.094451910723019e-07,0.9094451910723019,26,42.73895716667175,PRY,10,Apple M4,1,Apple M4,16.0
2026-06-12T14:49:09.246632,llama-2-7b,q8,gpu,1,"If all roses are flowers and some flowers fade quickly, can we conclude that some roses fade quickly",Zheng et al. 2023,2,43.047008991241455,256,5.946986933565743,0.05829389759957633,0.611011928834096,2.5679551312727207,0.000697049426139853,0.007306176665076977,0.030706329895833735,0.038709555987050566,9.195455024723862e-07,0.9195455024723862,26,43.047008991241455,PRY,10,Apple M4,1,Apple M4,16.0
2026-06-12T14:50:01.122093,llama-2-7b,q8,gpu,1,"If all roses are flowers and some flowers fade quickly, can we conclude that some roses fade quickly",Zheng et al. 2023,3,43.22180724143982,256,5.922936044066075,0.04213933327982172,0.7916021449508949,2.1959356498634164,0.0005059272611953457,0.009504020922493856,0.026364529825834017,0.03637447800952322,8.640757251162241e-07,0.8640757251162241,26,43.22180724143982,PRY,10,Apple M4,1,Apple M4,16.0
2026-06-12T14:50:52.726044,llama-2-7b,q8,gpu,1,"If all roses are flowers and some flowers fade quickly, can we conclude that some roses fade quickly",Zheng et al. 2023,4,40.82592797279358,256,6.270524950972297,0.05842238414525473,0.9205471950919548,2.180898596042491,0.0006625411241980687,0.010439498189550363,0.02473255805499927,0.03583459736874771,8.512508604946016e-07,0.8512508604946016,26,40.82592797279358,PRY,10,Apple M4,1,Apple M4,16.0
2026-06-12T14:51:44.074223,llama-2-7b,q8,gpu,1,"If all roses are flowers and some flowers fade quickly, can we conclude that some roses fade quickly",Zheng et al. 2023,5,42.74425911903381,256,5.98910836861375,0.07064415781138152,0.7543881992411976,2.2041960854820144,0.0008387867185376689,0.008957156851307517,0.0261713135075009,0.0359672570773461,8.544021918723564e-07,0.8544021918723564,26,42.74425911903381,PRY,10,Apple M4,1,Apple M4,16.0
2026-06-12T14:52:36.051240,llama-2-7b,q8,gpu,1,"If all roses are flowers and some flowers fade quickly, can we conclude that some roses fade quickly",Zheng et al. 2023,6,41.18216800689697,256,6.216282735700716,0.05424987523378264,0.6514303317474633,2.18157056741052,0.0006205909656196766,0.007452031490781295,0.024956057118333774,0.033028679574734744,7.845962832978238e-07,0.7845962832978238,26,41.18216800689697,PRY,10,Apple M4,1,Apple M4,16.0
2026-06-12T14:53:31.266254,llama-2-7b,q8,gpu,1,"If all roses are flowers and some flowers fade quickly, can we conclude that some roses fade quickly",Zheng et al. 2023,7,45.4501690864563,256,5.632542301724582,0.8291925457288757,0.7863891751276348,2.8174682861663087,0.010468594835724042,0.009928200271474973,0.035570669444996386,0.0559674645521954,1.3295071204374016e-06,1.3295071204374016,26,45.4501690864563,PRY,10,Apple M4,1,Apple M4,16.0
2026-06-12T14:54:27.882376,llama-2-7b,q8,gpu,1,"If all roses are flowers and some flowers fade quickly, can we conclude that some roses fade quickly",Zheng et al. 2023,8,45.83367609977722,256,5.5854127747183755,0.6531923267756928,0.7571170559297086,2.8504735898247757,0.008316168204526929,0.009639293864194216,0.036291023124166114,0.05424648519288726,1.2886252557570368e-06,1.2886252557570368,26,45.83367609977722,PRY,10,Apple M4,1,Apple M4,16.0
2026-06-12T14:55:24.911585,llama-2-7b,q8,gpu,1,"If all roses are flowers and some flowers fade quickly, can we conclude that some roses fade quickly",Zheng et al. 2023,9,48.340182065963745,256,5.295801320124718,0.2554986751285703,0.7291909354143662,2.879933849484277,0.003430792353702114,0.00979145071632802,0.03867125739500049,0.05189350046503063,1.2327301035468024e-06,1.2327301035468023,26,48.340182065963745,PRY,10,Apple M4,1,Apple M4,16.0
2026-06-12T14:56:21.109635,llama-2-7b,q8,gpu,1,"If all roses are flowers and some flowers fade quickly, can we conclude that some roses fade quickly",Zheng et al. 2023,10,45.40942096710205,256,5.637596660513803,0.5772119746863402,0.7223062226467901,2.8581595429728672,0.007280794873828965,0.009110974258701509,0.03605204718833192,0.0524438163208624,1.2458028567020863e-06,1.2458028567020862,26,45.40942096710205,PRY,10,Apple M4,1,Apple M4,16.0
2026-06-12T14:57:18.055372,llama-2-7b,q8,gpu,2,A farmer has 17 sheep. All but 9 die. How many sheep does the farmer have left? Explain.,Zheng et al. 2023,1,48.20965003967285,256,5.310140185405444,0.31293839513302585,0.7352304924360475,2.8920528360249027,0.004190736253705566,0.00984589020523283,0.03872912642250109,0.0527657528814395,1.2534504596985952e-06,1.2534504596985951,26,48.20965003967285,PRY,10,Apple M4,1,Apple M4,16.0
2026-06-12T14:58:13.359070,llama-2-7b,q8,gpu,2,A farmer has 17 sheep. All but 9 die. How many sheep does the farmer have left? Explain.,Zheng et al. 2023,2,44.47254514694214,256,5.756360450119239,0.17398220976760664,0.7934389999000158,2.256621870176463,0.002149286577404068,0.009801736595666131,0.027877143889166598,0.03982816706223679,9.46118108563435e-07,0.9461181085634349,26,44.47254514694214,PRY,10,Apple M4,1,Apple M4,16.0
2026-06-12T14:58:47.164939,llama-2-7b,q8,gpu,2,A farmer has 17 sheep. All but 9 die. How many sheep does the farmer have left? Explain.,Zheng et al. 2023,3,25.014463186264038,150,5.996530842299591,0.22969390137281728,0.9367160045219786,2.3167195842052446,0.0015960193444443612,0.006508735558638714,0.016097637986666392,0.024202392889749468,5.749278430959986e-07,0.5749278430959985,26,25.014463186264038,PRY,10,Apple M4,1,Apple M4,16.0
2026-06-12T14:59:44.092789,llama-2-7b,q8,gpu,2,A farmer has 17 sheep. All but 9 die. How many sheep does the farmer have left? Explain.,Zheng et al. 2023,4,46.119455099105835,256,5.550802789189141,0.7204137040917675,0.7174344724497501,2.8596463133745758,0.009229190966289108,0.009191024149638037,0.0366348138191673,0.05505502893509444,1.3078322123531684e-06,1.3078322123531685,26,46.119455099105835,PRY,10,Apple M4,1,Apple M4,16.0
2026-06-12T15:00:35.294744,llama-2-7b,q8,gpu,2,A farmer has 17 sheep. All but 9 die. How many sheep does the farmer have left? Explain.,Zheng et al. 2023,5,42.375612020492554,225,5.309657826090902,0.25239561383335435,0.7402839389395487,2.188580703121289,0.0029709496131878573,0.008713884717084532,0.025761790764167927,0.037446625094440314,8.895445791184297e-07,0.8895445791184297,26,42.375612020492554,PRY,10,Apple M4,1,Apple M4,16.0
2026-06-12T15:01:32.020997,llama-2-7b,q8,gpu,2,A farmer has 17 sheep. All but 9 die. How many sheep does the farmer have left? Explain.,Zheng et al. 2023,6,45.907185792922974,256,5.576469033731639,0.657894770268606,0.7101911613291714,2.878210899095624,0.008389471514142575,0.009056354886563889,0.0367029340266663,0.05414876042737276,1.2863038039522397e-06,1.2863038039522396,26,45.907185792922974,PRY,10,Apple M4,1,Apple M4,16.0
2026-06-12T15:02:28.597088,llama-2-7b,q8,gpu,2,A farmer has 17 sheep. All but 9 die. How many sheep does the farmer have left? Explain.,Zheng et al. 2023,7,47.728129148483276,256,5.363713276998105,0.41817902856163514,0.6996653466818685,2.8775459634868525,0.005544139633993611,0.009276032785319596,0.038149968159999235,0.05297014057931245,1.2583056894615672e-06,1.2583056894615672,26,47.728129148483276,PRY,10,Apple M4,1,Apple M4,16.0
2026-06-12T15:03:01.702723,llama-2-7b,q8,gpu,2,A farmer has 17 sheep. All but 9 die. How many sheep does the farmer have left? Explain.,Zheng et al. 2023,8,22.29235076904297,144,6.459614846899435,0.23359151887847684,0.9566047163551702,2.222679816828053,0.0014464733543090357,0.005923602190086197,0.013763543923334204,0.02113361946772944,5.020291304559129e-07,0.5020291304559129,26,22.29235076904297,PRY,10,Apple M4,1,Apple M4,16.0
2026-06-12T15:03:11.822016,llama-2-7b,q8,gpu,2,A farmer has 17 sheep. All but 9 die. How many sheep does the farmer have left? Explain.,Zheng et al. 2023,9,1.4701778888702393,10,6.80189797146556,0.38649194133069537,0.0,3.0004233041401656,0.00015783664065858948,0.0,0.0012253211108327379,0.0013831577514913274,3.2856912386676476e-08,0.03285691238667648,26,1.4701778888702393,PRY,10,Apple M4,1,Apple M4,16.0
2026-06-12T15:04:05.189167,llama-2-7b,q8,gpu,2,A farmer has 17 sheep. All but 9 die. How many sheep does the farmer have left? Explain.,Zheng et al. 2023,10,45.54977107048035,256,5.620225831736553,0.672823834947572,0.7032825454563001,2.8481305657995333,0.008513047681284601,0.0088984330398331,0.03603658201416845,0.05344806273528613,1.269658730276722e-06,1.269658730276722,26,45.54977107048035,PRY,10,Apple M4,1,Apple M4,16.0
2026-06-12T15:05:02.433625,llama-2-7b,q8,gpu,3,"If it takes 5 machines 5 minutes to make 5 widgets, how long does it take 100 machines to make 100 w",Zheng et al. 2023,1,46.415229082107544,256,5.515431143238386,0.6308731357673736,0.7503883420713524,2.8694451774092706,0.00813392253288616,0.009674846332717972,0.036996098680000006,0.05480486754560413,1.3018896285458262e-06,1.3018896285458261,26,46.415229082107544,PRY,10,Apple M4,1,Apple M4,16.0
2026-06-12T15:05:59.317392,llama-2-7b,q8,gpu,3,"If it takes 5 machines 5 minutes to make 5 widgets, how long does it take 100 machines to make 100 w",Zheng et al. 2023,2,48.12316393852234,256,5.319683475655127,0.28191156873768203,0.7355168576094625,2.8766990035786884,0.003768465732924856,0.009832055088413044,0.03845440493083364,0.05205492575217154,1.236564761242835e-06,1.236564761242835,26,48.12316393852234,PRY,10,Apple M4,1,Apple M4,16.0
2026-06-12T15:06:55.718548,llama-2-7b,q8,gpu,3,"If it takes 5 machines 5 minutes to make 5 widgets, how long does it take 100 machines to make 100 w",Zheng et al. 2023,3,45.6001238822937,256,5.614019836016356,0.6136457552570335,0.7135962779990872,2.858570635914644,0.007772867349879002,0.00903891074408391,0.036208659756665235,0.05302043785062815,1.2595005011416715e-06,1.2595005011416716,26,45.6001238822937,PRY,10,Apple M4,1,Apple M4,16.0
2026-06-12T15:07:52.941906,llama-2-7b,q8,gpu,3,"If it takes 5 machines 5 minutes to make 5 widgets, how long does it take 100 machines to make 100 w",Zheng et al. 2023,4,48.467950105667114,256,5.281840875091336,0.28590610375153924,0.7128609589810764,2.8828731990185363,0.0038492452143153583,0.009597474831159117,0.038813042880832045,0.05225976292630652,1.2414306683144112e-06,1.2414306683144112,26,48.467950105667114,PRY,10,Apple M4,1,Apple M4,16.0
2026-06-12T15:08:49.271594,llama-2-7b,q8,gpu,3,"If it takes 5 machines 5 minutes to make 5 widgets, how long does it take 100 machines to make 100 w",Zheng et al. 2023,5,45.54320311546326,256,5.621036345444936,0.5854344065227974,0.7103359669565602,2.8628324662727103,0.0074062661352912364,0.008986382006478227,0.036217377915833515,0.05261002605760298,1.2497511689983588e-06,1.2497511689983587,26,45.54320311546326,PRY,10,Apple M4,1,Apple M4,16.0
2026-06-12T15:09:46.159302,llama-2-7b,q8,gpu,3,"If it takes 5 machines 5 minutes to make 5 widgets, how long does it take 100 machines to make 100 w",Zheng et al. 2023,6,48.063657999038696,256,5.3262695903237365,0.2856107550414539,0.7314304826395083,2.8592260811639667,0.003813193791988794,0.009765340157682538,0.03817357347416571,0.05175210742383703,1.2293713118532485e-06,1.2293713118532485,26,48.063657999038696,PRY,10,Apple M4,1,Apple M4,16.0
2026-06-12T15:10:42.501091,llama-2-7b,q8,gpu,3,"If it takes 5 machines 5 minutes to make 5 widgets, how long does it take 100 machines to make 100 w",Zheng et al. 2023,7,45.54421401023865,256,5.620911581489791,0.5972285389387442,0.7361796268391642,2.860626960599589,0.007555640108457865,0.009313534020761256,0.036190279582501726,0.053059453711720835,1.2604273229219285e-06,1.2604273229219285,26,45.54421401023865,PRY,10,Apple M4,1,Apple M4,16.0
2026-06-12T15:11:39.599629,llama-2-7b,q8,gpu,3,"If it takes 5 machines 5 minutes to make 5 widgets, how long does it take 100 machines to make 100 w",Zheng et al. 2023,8,48.37600612640381,256,5.291879601037883,0.2552529842440534,0.7333229535651905,2.831734398806232,0.003430033313770328,0.009854232137306164,0.03805222239583297,0.05133648784690945,1.2194982688033339e-06,1.2194982688033338,26,48.37600612640381,PRY,10,Apple M4,1,Apple M4,16.0
2026-06-12T15:12:35.821278,llama-2-7b,q8,gpu,3,"If it takes 5 machines 5 minutes to make 5 widgets, how long does it take 100 machines to make 100 w",Zheng et al. 2023,9,45.38601589202881,256,5.6405039078339,0.7148100134204537,0.7152241180985963,2.8600588023149887,0.009011771841356122,0.009016992552884772,0.036057409515001373,0.05408617390924228,1.2848170612140504e-06,1.2848170612140504,26,45.38601589202881,PRY,10,Apple M4,1,Apple M4,16.0
2026-06-12T15:13:34.512195,llama-2-7b,q8,gpu,3,"If it takes 5 machines 5 minutes to make 5 widgets, how long does it take 100 machines to make 100 w",Zheng et al. 2023,10,49.97565698623657,256,5.12249393880911,0.3428694033341365,0.6252729063755632,2.8918424832674487,0.004759756581139557,0.008680117858836767,0.04014492444500017,0.05358479888497648,1.2729068975126161e-06,1.272906897512616,26,49.97565698623657,PRY,10,Apple M4,1,Apple M4,16.0
2026-06-12T15:13:55.477975,llama-2-7b,q8,gpu,4,A bat and ball cost $1.10. The bat costs $1 more than the ball. How much does the ball cost?,Zheng et al. 2023,1,10.2850182056427,73,7.097702555348885,0.307725165518064,0.0,3.0002060771339942,0.0008791552582465838,0.0,0.0085714372566675,0.009450592514914083,2.24498825191784e-07,0.224498825191784,26,10.2850182056427,PRY,10,Apple M4,1,Apple M4,16.0
2026-06-12T15:14:49.878346,llama-2-7b,q8,gpu,4,A bat and ball cost $1.10. The bat costs $1 more than the ball. How much does the ball cost?,Zheng et al. 2023,2,45.60506820678711,256,5.613411185774768,0.5737187405274008,0.7628429777997369,2.8562987678554155,0.007267911748128919,0.009663751676007108,0.036183805590835616,0.05311546901497165,1.2617579664506513e-06,1.2617579664506513,26,45.60506820678711,PRY,10,Apple M4,1,Apple M4,16.0
2026-06-12T15:15:04.391575,llama-2-7b,q8,gpu,4,A bat and ball cost $1.10. The bat costs $1 more than the ball. How much does the ball cost?,Zheng et al. 2023,3,3.875195026397705,28,7.225442799462967,0.3206602296918033,0.0,3.000470504527538,0.00034517247979589494,0.0,0.00322983565999948,0.003575008139795375,8.492431836083912e-08,0.08492431836083912,26,3.875195026397705,PRY,10,Apple M4,1,Apple M4,16.0
2026-06-12T15:15:58.355294,llama-2-7b,q8,gpu,4,A bat and ball cost $1.10. The bat costs $1 more than the ball. How much does the ball cost?,Zheng et al. 2023,4,45.20777487754822,256,5.662742762575972,0.3625155625877742,0.6379306621155806,2.8439146910954967,0.004552367206409954,0.008010951600112901,0.03571307086833258,0.04827638967485543,1.1468056367261907e-06,1.1468056367261907,26,45.20777487754822,PRY,10,Apple M4,1,Apple M4,16.0
2026-06-12T15:16:54.550468,llama-2-7b,q8,gpu,4,A bat and ball cost $1.10. The bat costs $1 more than the ball. How much does the ball cost?,Zheng et al. 2023,5,45.380942821502686,256,5.641134451677819,0.6822230319232674,0.7882017676701984,2.8949341250078895,0.008599979000895,0.00993592759734684,0.03649301111083332,0.055028917709075156,1.3072119401790802e-06,1.3072119401790803,26,45.380942821502686,PRY,10,Apple M4,1,Apple M4,16.0
2026-06-12T15:17:47.931944,llama-2-7b,q8,gpu,4,A bat and ball cost $1.10. The bat costs $1 more than the ball. How much does the ball cost?,Zheng et al. 2023,6,44.64104700088501,233,5.2194116324238715,0.2783508849292774,0.7422392886285938,2.2230527292972257,0.0034516319269071684,0.009203983047103475,0.027566500381667542,0.04022211535567818,9.55476350274135e-07,0.955476350274135,26,44.64104700088501,PRY,10,Apple M4,1,Apple M4,16.0
2026-06-12T15:18:43.554364,llama-2-7b,q8,gpu,4,A bat and ball cost $1.10. The bat costs $1 more than the ball. How much does the ball cost?,Zheng et al. 2023,7,44.81989884376526,256,5.711748723315364,0.2194887515287453,0.7433021590016887,2.2432319230231013,0.0027326287891285255,0.00925409099355778,0.027928174409166784,0.039914894191853095,9.481783115274702e-07,0.9481783115274701,26,44.81989884376526,PRY,10,Apple M4,1,Apple M4,16.0
2026-06-12T15:19:09.350005,llama-2-7b,q8,gpu,4,A bat and ball cost $1.10. The bat costs $1 more than the ball. How much does the ball cost?,Zheng et al. 2023,8,16.980916261672974,110,6.477860105127372,1.646408894477806,0.0,5.650459302220783,0.007765980991555889,0.0,0.026652771180833954,0.03441875217238984,8.176174578551207e-07,0.8176174578551206,26,16.980916261672974,PRY,10,Apple M4,1,Apple M4,16.0
2026-06-12T15:20:07.370602,llama-2-7b,q8,gpu,4,A bat and ball cost $1.10. The bat costs $1 more than the ball. How much does the ball cost?,Zheng et al. 2023,9,47.1779580116272,256,5.426262830979412,0.4776260825847257,0.667602170550266,2.8479380421653895,0.0062592842415111595,0.008748918658525453,0.03732219482583181,0.05233039772586842,1.2431085979780043e-06,1.2431085979780043,26,47.1779580116272,PRY,10,Apple M4,1,Apple M4,16.0
2026-06-12T15:20:24.802892,llama-2-7b,q8,gpu,4,A bat and ball cost $1.10. The bat costs $1 more than the ball. How much does the ball cost?,Zheng et al. 2023,10,8.787387132644653,65,7.396965561984702,0.3058239391615955,0.0,3.00019389734806,0.0007464981521786959,0.0,0.00732329590249871,0.008069794054677405,1.9169795776886176e-07,0.19169795776886175,26,8.787387132644653,PRY,10,Apple M4,1,Apple M4,16.0
2026-06-12T15:20:43.172440,llama-2-7b,q8,gpu,5,Three switches control three light bulbs in another room. You can only enter the room once. How do y,Zheng et al. 2023,1,10.692744016647339,76,7.107623626047437,0.3062151970344135,0.0,3.0001110170653567,0.0009095224210822809,0.0,0.008910949757500931,0.009820472178583213,2.332853166022442e-07,0.23328531660224422,26,10.692744016647339,PRY,10,Apple M4,1,Apple M4,16.0
2026-06-12T15:21:04.324309,llama-2-7b,q8,gpu,5,Three switches control three light bulbs in another room. You can only enter the room once. How do y,Zheng et al. 2023,2,10.515928983688354,78,7.417319013944339,0.33152351318367884,0.0,3.0001763916374786,0.000968410478072899,0.0,0.00876378940916614,0.009732199887239038,2.3118840832136334e-07,0.23118840832136334,26,10.515928983688354,PRY,10,Apple M4,1,Apple M4,16.0
2026-06-12T15:21:58.787091,llama-2-7b,q8,gpu,5,Three switches control three light bulbs in another room. You can only enter the room once. How do y,Zheng et al. 2023,3,45.71603798866272,256,5.599785354616389,0.5338749132739558,0.7934181007428129,2.8812304837235043,0.00677962383789616,0.010075536676236405,0.036588456179999104,0.05344361669413166,1.2695531145690976e-06,1.2695531145690975,26,45.71603798866272,PRY,10,Apple M4,1,Apple M4,16.0
2026-06-12T15:22:41.163372,llama-2-7b,q8,gpu,5,Three switches control three light bulbs in another room. You can only enter the room once. How do y,Zheng et al. 2023,4,31.604274034500122,186,5.885279940205464,0.8067937775666898,0.6651575342701445,3.3298910302170346,0.007082814343207556,0.0058393947192183476,0.029232996840000854,0.042155205902426746,1.0013969162121473e-06,1.0013969162121474,26,31.604274034500122,PRY,10,Apple M4,1,Apple M4,16.0
2026-06-12T15:23:37.761872,llama-2-7b,q8,gpu,5,Three switches control three light bulbs in another room. You can only enter the room once. How do y,Zheng et al. 2023,5,47.7738139629364,256,5.3585841021319425,0.27814751836255536,0.7312381738387492,2.8915892680908746,0.0036911577212514323,0.009703899022102709,0.03837284659749913,0.05176790334085327,1.2297465438619693e-06,1.2297465438619692,26,47.7738139629364,PRY,10,Apple M4,1,Apple M4,16.0
2026-06-12T15:24:34.564428,llama-2-7b,q8,gpu,5,Three switches control three light bulbs in another room. You can only enter the room once. How do y,Zheng et al. 2023,6,45.956018924713135,256,5.570543445449196,0.6304476615845275,0.7928953325106356,2.819981871325868,0.008048017963005468,0.010121753585048746,0.035998650068333214,0.05416842161638743,1.2867708554972833e-06,1.2867708554972832,26,45.956018924713135,PRY,10,Apple M4,1,Apple M4,16.0
2026-06-12T15:25:30.467953,llama-2-7b,q8,gpu,5,Three switches control three light bulbs in another room. You can only enter the room once. How do y,Zheng et al. 2023,7,47.07289004325867,256,5.438374396913875,0.4580312160399603,0.7385786326692475,2.887822868918377,0.0059891258525080855,0.00965750854553884,0.037760602325834045,0.05340723672388096,1.2686889083757921e-06,1.2686889083757922,26,47.07289004325867,PRY,10,Apple M4,1,Apple M4,16.0
2026-06-12T15:26:26.624830,llama-2-7b,q8,gpu,5,Three switches control three light bulbs in another room. You can only enter the room once. How do y,Zheng et al. 2023,8,45.36319899559021,256,5.643340982739907,0.6736931888010557,0.7734247443396535,2.849180632335043,0.008489132829321115,0.009745839051553662,0.03590220777749892,0.05413717965837369,1.286028702784667e-06,1.2860287027846669,26,45.36319899559021,PRY,10,Apple M4,1,Apple M4,16.0
2026-06-12T15:27:23.734821,llama-2-7b,q8,gpu,5,Three switches control three light bulbs in another room. You can only enter the room once. How do y,Zheng et al. 2023,9,48.42187309265137,256,5.286866939454502,0.26149313168971355,0.7173649537744193,2.8842881756300494,0.003517218677022022,0.009648931875772402,0.038795176667498106,0.051961327220292536,1.234341328118049e-06,1.234341328118049,26,48.42187309265137,PRY,10,Apple M4,1,Apple M4,16.0
2026-06-12T15:28:20.104412,llama-2-7b,q8,gpu,5,Three switches control three light bulbs in another room. You can only enter the room once. How do y,Zheng et al. 2023,10,45.58458185195923,256,5.61593393203402,0.5930075603056103,0.7718203718264623,2.843071151620708,0.00750888935321715,0.009773085809592495,0.03600005822833282,0.053282033391142465,1.2657147032065893e-06,1.2657147032065894,26,45.58458185195923,PRY,10,Apple M4,1,Apple M4,16.0
2026-06-12T15:29:10.442077,llama-2-7b,q8,gpu,6,"Given that f(x) = 4x³ - 9x - 14, find the value of f(2).",Zheng et al. 2023,1,41.49176597595215,216,5.205852171372738,0.23439939274234456,0.7645337814282408,2.1674455071910796,0.0027015679857140713,0.00881162687214731,0.024980872708333664,0.03649406756619504,8.669165750349632e-07,0.8669165750349632,26,41.49176597595215,PRY,10,Apple M4,1,Apple M4,16.0
2026-06-12T15:29:42.020833,llama-2-7b,q8,gpu,6,"Given that f(x) = 4x³ - 9x - 14, find the value of f(2).",Zheng et al. 2023,2,20.86081624031067,135,6.471462978477851,0.24621528171460805,0.8905790795927616,2.1808476344796834,0.0014267365965013228,0.005160612924124891,0.012637294930832467,0.019224644451458682,4.566814289444009e-07,0.4566814289444009,26,20.86081624031067,PRY,10,Apple M4,1,Apple M4,16.0
2026-06-12T15:30:38.939010,llama-2-7b,q8,gpu,6,"Given that f(x) = 4x³ - 9x - 14, find the value of f(2).",Zheng et al. 2023,3,48.11218976974487,256,5.320896870941933,0.30238295477505484,0.6543230119308041,2.8756365312435106,0.004041196139798228,0.008744698033534969,0.03843143624999963,0.05121733042333283,1.2166676842062714e-06,1.2166676842062714,26,48.11218976974487,PRY,10,Apple M4,1,Apple M4,16.0
2026-06-12T15:31:35.834493,llama-2-7b,q8,gpu,6,"Given that f(x) = 4x³ - 9x - 14, find the value of f(2).",Zheng et al. 2023,4,46.02598285675049,256,5.562075682267658,0.649945070899582,0.7078833963772247,2.850297057279635,0.00830954463640379,0.00905028585173235,0.03644103430416635,0.053800864792302484,1.2780395431411454e-06,1.2780395431411453,26,46.02598285675049,PRY,10,Apple M4,1,Apple M4,16.0
2026-06-12T15:32:32.099584,llama-2-7b,q8,gpu,6,"Given that f(x) = 4x³ - 9x - 14, find the value of f(2).",Zheng et al. 2023,5,47.375280141830444,256,5.403661978010393,0.3725228161907373,0.739890057112902,2.885732788148594,0.004902325771183275,0.009736805202744073,0.03797566645916808,0.052614797433095425,1.2498645130231818e-06,1.2498645130231818,26,47.375280141830444,PRY,10,Apple M4,1,Apple M4,16.0
2026-06-12T15:33:27.231435,llama-2-7b,q8,gpu,6,"Given that f(x) = 4x³ - 9x - 14, find the value of f(2).",Zheng et al. 2023,6,44.40280795097351,256,5.7654011494646324,0.203047524357311,0.7927350265752563,2.2396399059897423,0.002504411174710638,0.009777683650286386,0.02762397239583303,0.03990606722083005,9.479686268308179e-07,0.9479686268308178,26,44.40280795097351,PRY,10,Apple M4,1,Apple M4,16.0
2026-06-12T15:33:57.557519,llama-2-7b,q8,gpu,6,"Given that f(x) = 4x³ - 9x - 14, find the value of f(2).",Zheng et al. 2023,7,24.251870155334473,256,10.55588696295613,0.10817061633933348,7.881910471877258,2.6305608429943113,0.0007287054839122269,0.053097519261093976,0.01772111666666812,0.0715473414116743,1.699607095234323e-06,1.699607095234323,26,24.251870155334473,PRY,10,Apple M4,1,Apple M4,16.0
2026-06-12T15:34:23.004863,llama-2-7b,q8,gpu,6,"Given that f(x) = 4x³ - 9x - 14, find the value of f(2).",Zheng et al. 2023,8,18.771068811416626,256,13.638008712870946,0.10359448443619332,9.320552307299335,2.521029301870368,0.0005401608877319482,0.048599091311312174,0.013145115139168414,0.06228436733821253,1.4795651461192385e-06,1.4795651461192385,26,18.771068811416626,PRY,10,Apple M4,1,Apple M4,16.0
2026-06-12T15:34:45.721634,llama-2-7b,q8,gpu,6,"Given that f(x) = 4x³ - 9x - 14, find the value of f(2).",Zheng et al. 2023,9,18.106983184814453,256,14.138191734484858,0.12879232896147694,9.569399201789707,2.5185405836825816,0.000647789037455154,0.048131375120995294,0.01266754777750369,0.06144671193595414,1.4596666420385905e-06,1.4596666420385904,26,18.106983184814453,PRY,10,Apple M4,1,Apple M4,16.0
2026-06-12T15:34:59.090457,llama-2-7b,q8,gpu,6,"Given that f(x) = 4x³ - 9x - 14, find the value of f(2).",Zheng et al. 2023,10,6.685704946517944,94,14.059848699867795,0.0494018651686171,0.0,3.0000964424034673,9.174619286806552e-05,0.0,0.005571599895835486,0.005663346088703551,1.3453278633715286e-07,0.13453278633715285,26,6.685704946517944,PRY,10,Apple M4,1,Apple M4,16.0
2026-06-12T15:35:15.515479,llama-2-7b,q8,gpu,7,"Calculate the compound interest on $10,000 at 5% annual rate over 3 years.",Zheng et al. 2023,1,11.646682024002075,163,13.995402266850018,0.22141065765851906,0.0020430456224838855,3.000134495729019,0.000716305424020542,6.6096396459997775e-06,0.009706003472498803,0.010428918536165344,2.477389598266077e-07,0.2477389598266077,26,11.646682024002075,PRY,10,Apple M4,1,Apple M4,16.0
2026-06-12T15:35:21.482164,llama-2-7b,q8,gpu,7,"Calculate the compound interest on $10,000 at 5% annual rate over 3 years.",Zheng et al. 2023,2,2.3326332569122314,32,13.718401684094674,0.10290712217396285,0.0,3.0001581814317766,6.667904876558774e-05,0.0,0.0019439635416680784,0.002010642590433666,4.776281473575173e-08,0.04776281473575173,26,2.3326332569122314,PRY,10,Apple M4,1,Apple M4,16.0
2026-06-12T15:35:46.266127,llama-2-7b,q8,gpu,7,"Calculate the compound interest on $10,000 at 5% annual rate over 3 years.",Zheng et al. 2023,3,18.1181960105896,256,14.129442017868383,0.12010858306591958,9.511766230059536,2.5169089391324144,0.0006044863473729205,0.04787112360086821,0.012667180416668393,0.06114279036490951,1.4524469851184253e-06,1.4524469851184254,26,18.1181960105896,PRY,10,Apple M4,1,Apple M4,16.0
2026-06-12T15:36:08.998020,llama-2-7b,q8,gpu,7,"Calculate the compound interest on $10,000 at 5% annual rate over 3 years.",Zheng et al. 2023,4,18.104350090026855,256,14.14024799161516,0.12407665009116817,9.713607893352114,2.518265425120945,0.0006239797531245198,0.048849599427359704,0.012664321909999974,0.062137901090484206,1.4760858404044521e-06,1.4760858404044521,26,18.104350090026855,PRY,10,Apple M4,1,Apple M4,16.0
2026-06-12T15:36:33.748134,llama-2-7b,q8,gpu,7,"Calculate the compound interest on $10,000 at 5% annual rate over 3 years.",Zheng et al. 2023,5,18.099846839904785,256,14.143766091743718,0.11902168636687806,9.680910204502768,2.5202905805492186,0.0005984095260743545,0.04867305332565872,0.012671353749998768,0.06194281660173186,1.4714516083741402e-06,1.4714516083741402,26,18.099846839904785,PRY,10,Apple M4,1,Apple M4,16.0
2026-06-12T15:36:56.406884,llama-2-7b,q8,gpu,7,"Calculate the compound interest on $10,000 at 5% annual rate over 3 years.",Zheng et al. 2023,6,18.038318157196045,256,14.192010461788737,0.11555833257295331,9.61798913052946,2.5152126214666146,0.0005790216579627785,0.04819231888026216,0.012602834860836083,0.06137417539906102,1.4579435366046945e-06,1.4579435366046944,26,18.038318157196045,PRY,10,Apple M4,1,Apple M4,16.0
2026-06-12T15:37:21.322011,llama-2-7b,q8,gpu,7,"Calculate the compound interest on $10,000 at 5% annual rate over 3 years.",Zheng et al. 2023,7,18.22773504257202,256,14.044531556010437,0.12395658007443654,9.675068483183816,2.5134555469450386,0.0006276243606611644,0.048987384675059385,0.012726278264165863,0.062341287299886416,1.4809172798088017e-06,1.4809172798088017,26,18.22773504257202,PRY,10,Apple M4,1,Apple M4,16.0
2026-06-12T15:37:44.067435,llama-2-7b,q8,gpu,7,"Calculate the compound interest on $10,000 at 5% annual rate over 3 years.",Zheng et al. 2023,8,18.05007815361023,256,14.182764075666729,0.1253509297932879,9.770743554427064,2.5148314658082587,0.0006284983553879322,0.04898963466008109,0.0126091401391659,0.062227273154634936,1.4782088737883528e-06,1.4782088737883528,26,18.05007815361023,PRY,10,Apple M4,1,Apple M4,16.0
2026-06-12T15:38:07.928996,llama-2-7b,q8,gpu,7,"Calculate the compound interest on $10,000 at 5% annual rate over 3 years.",Zheng et al. 2023,9,17.241894245147705,243,14.093579078086863,0.2165219810356508,0.0,5.610074892509685,0.0010370136385462689,0.0,0.026868977223336213,0.02790599086188248,6.629068129240183e-07,0.6629068129240183,26,17.241894245147705,PRY,10,Apple M4,1,Apple M4,16.0
2026-06-12T15:38:26.935932,llama-2-7b,q8,gpu,7,"Calculate the compound interest on $10,000 at 5% annual rate over 3 years.",Zheng et al. 2023,10,14.37012505531311,204,14.196118629084195,0.060201215873103474,0.0009934194941345251,3.0000542330745703,0.00024030527793844378,3.965433989749726e-06,0.011975320695000846,0.012219591406929041,2.9027639387159936e-07,0.29027639387159937,26,14.37012505531311,PRY,10,Apple M4,1,Apple M4,16.0
2026-06-12T15:38:48.705905,llama-2-7b,q8,gpu,8,What is the area of a circle with radius 7 cm?,Zheng et al. 2023,1,18.153788089752197,256,14.101740018906128,0.12002945236852731,9.622019725693766,2.521961147979111,0.0006052747896742361,0.048521140859905616,0.0127175411808336,0.06184395683041345,1.4691031945064715e-06,1.4691031945064714,26,18.153788089752197,PRY,10,Apple M4,1,Apple M4,16.0
2026-06-12T15:39:13.648095,llama-2-7b,q8,gpu,8,What is the area of a circle with radius 7 cm?,Zheng et al. 2023,2,18.218255758285522,256,14.051839176951567,0.10729868387565059,9.496642620713855,2.512863586306111,0.0005429985737150082,0.048058962252555536,0.012716664305835366,0.06131862513210591,1.4566239400131758e-06,1.4566239400131757,26,18.218255758285522,PRY,10,Apple M4,1,Apple M4,16.0
2026-06-12T15:39:36.623506,llama-2-7b,q8,gpu,8,What is the area of a circle with radius 7 cm?,Zheng et al. 2023,3,18.138033151626587,256,14.113988978845944,0.12270649399837077,9.52275902545524,2.5105475739477576,0.0006182373489061994,0.047978921916294014,0.01264899864583337,0.06124615791103358,1.4549024811766026e-06,1.4549024811766027,26,18.138033151626587,PRY,10,Apple M4,1,Apple M4,16.0
2026-06-12T15:40:01.420058,llama-2-7b,q8,gpu,8,What is the area of a circle with radius 7 cm?,Zheng et al. 2023,4,18.10669708251953,256,14.13841513078308,0.1135221909314516,9.539624690527791,2.516363174485093,0.0005709755342610389,0.04798085959786412,0.012656396041669116,0.061208231173794286,1.4540015315334833e-06,1.4540015315334833,26,18.10669708251953,PRY,10,Apple M4,1,Apple M4,16.0
2026-06-12T15:40:24.227292,llama-2-7b,q8,gpu,8,What is the area of a circle with radius 7 cm?,Zheng et al. 2023,5,18.120640754699707,256,14.127535745865098,0.11590567749117767,9.605051614724228,2.513316746770623,0.0005834125397910318,0.04834713603910169,0.012650808297500286,0.06158135687639301,1.4628651325987159e-06,1.4628651325987159,26,18.120640754699707,PRY,10,Apple M4,1,Apple M4,16.0
2026-06-12T15:40:48.998908,llama-2-7b,q8,gpu,8,What is the area of a circle with radius 7 cm?,Zheng et al. 2023,6,18.124759912490845,256,14.124325024773169,0.11338820983983246,9.574279857862019,2.5136013095881418,0.0005708705778483598,0.048203201044096124,0.012655116736668788,0.06142918835861327,1.4592503694588579e-06,1.4592503694588579,26,18.124759912490845,PRY,10,Apple M4,1,Apple M4,16.0
2026-06-12T15:41:11.847698,llama-2-7b,q8,gpu,8,What is the area of a circle with radius 7 cm?,Zheng et al. 2023,7,18.16282320022583,256,14.094725097407599,0.7314048184014157,9.41092433386454,2.5134563950075544,0.0036901045567828313,0.047480265229634624,0.01268096225666644,0.0638513320430839,1.516788392683458e-06,1.516788392683458,26,18.16282320022583,PRY,10,Apple M4,1,Apple M4,16.0
2026-06-12T15:41:36.876208,llama-2-7b,q8,gpu,8,What is the area of a circle with radius 7 cm?,Zheng et al. 2023,8,18.35432195663452,256,13.947668598428606,0.762182076722288,9.410578666623632,2.521478400909712,0.003885926451593663,0.04797910851262404,0.01285556288249912,0.06472059784671681,1.5374378018487578e-06,1.5374378018487578,26,18.35432195663452,PRY,10,Apple M4,1,Apple M4,16.0
2026-06-12T15:41:59.857165,llama-2-7b,q8,gpu,8,What is the area of a circle with radius 7 cm?,Zheng et al. 2023,9,18.300880193710327,256,13.988398224036374,0.7486042049843802,9.547106943857516,2.51739831714914,0.0038055877410908085,0.048533461215576765,0.01279739027833178,0.06513643923499936,1.5473161140274098e-06,1.5473161140274099,26,18.300880193710327,PRY,10,Apple M4,1,Apple M4,16.0
2026-06-12T15:42:24.840936,llama-2-7b,q8,gpu,8,What is the area of a circle with radius 7 cm?,Zheng et al. 2023,10,18.29049801826477,256,13.996338412675264,0.7404768017539031,9.478030324496098,2.5183415839202756,0.0037621359652918883,0.048154970796458134,0.012794922708335434,0.06471202947008546,1.5372342600618798e-06,1.5372342600618798,26,18.29049801826477,PRY,10,Apple M4,1,Apple M4,16.0
2026-06-12T15:42:47.205108,llama-2-7b,q8,gpu,9,Solve for x: 2x + 5 = 15,Zheng et al. 2023,1,17.691307067871094,245,13.848609323216184,1.9348163537410639,0.02200311532611575,5.5438762311762275,0.009508175064992182,0.0001081288526900262,0.027244004653336262,0.03686030857101846,8.756166301045436e-07,0.8756166301045436,26,17.691307067871094,PRY,10,Apple M4,1,Apple M4,16.0
2026-06-12T15:43:12.345758,llama-2-7b,q8,gpu,9,Solve for x: 2x + 5 = 15,Zheng et al. 2023,2,18.37937903404236,256,13.928653385178889,0.7550672003827971,9.415102125901065,2.519251264867751,0.003854907297780178,0.048067702948931576,0.012861742744165287,0.06478435299087704,1.538952305298284e-06,1.538952305298284,26,18.37937903404236,PRY,10,Apple M4,1,Apple M4,16.0
2026-06-12T15:43:35.410162,llama-2-7b,q8,gpu,9,Solve for x: 2x + 5 = 15,Zheng et al. 2023,3,18.35710096359253,256,13.945557117527569,0.7309789975100437,9.445960198283704,2.521194970642918,0.003727404238765979,0.048166790293880685,0.012856064062498264,0.06475025859514495,1.5381423929276681e-06,1.538142392927668,26,18.35710096359253,PRY,10,Apple M4,1,Apple M4,16.0
2026-06-12T15:44:00.413482,llama-2-7b,q8,gpu,9,Solve for x: 2x + 5 = 15,Zheng et al. 2023,4,18.29472780227661,256,13.993102426380082,0.678485688189396,9.497126295481351,2.5184273236503287,0.0034479752731014788,0.048263150133243046,0.012798317326666317,0.06450944273301085,1.5324218121226725e-06,1.5324218121226725,26,18.29472780227661,PRY,10,Apple M4,1,Apple M4,16.0
2026-06-12T16:00:45.222488,llama-2-7b,q8,gpu,9,Solve for x: 2x + 5 = 15,Zheng et al. 2023,5,1000.1308009624481,256,0.25596651933291675,0.01759314350614806,0.15662175620963456,0.04754860747038199,0.004887623529514208,0.043511734023913076,0.013209674131667272,0.06160903168509456,1.463522547679421e-06,1.463522547679421,26,1000.1308009624481,PRY,10,Apple M4,1,Apple M4,16.0
2026-06-12T16:00:55.027710,llama-2-7b,q8,gpu,9,Solve for x: 2x + 5 = 15,Zheng et al. 2023,6,3.1236889362335205,42,13.445640989669966,0.6848326093409699,0.0,3.0005458505439617,0.000594223345825089,0.0,0.002603547743334881,0.00319777108915997,7.596305222299508e-08,0.07596305222299507,26,3.1236889362335205,PRY,10,Apple M4,1,Apple M4,16.0
2026-06-12T16:01:12.742906,llama-2-7b,q8,gpu,9,Solve for x: 2x + 5 = 15,Zheng et al. 2023,7,13.065526008605957,183,14.00632472657145,0.7243450435702143,0.0,3.000172341027615,0.0026288747238809584,0.0,0.010888563819999034,0.013517438543879993,3.2110675260986925e-07,0.32110675260986926,26,13.065526008605957,PRY,10,Apple M4,1,Apple M4,16.0
2026-06-12T16:06:59.464982,llama-2-7b,q8,gpu,9,Solve for x: 2x + 5 = 15,Zheng et al. 2023,8,342.98459100723267,256,0.7463892160525708,0.040515385711036134,0.44728261489614707,0.13849205764756684,0.003860042499333335,0.04261417909300015,0.013194622708333555,0.05966884430066703,1.4174333963623452e-06,1.4174333963623453,26,342.98459100723267,PRY,10,Apple M4,1,Apple M4,16.0
2026-06-12T16:07:19.746513,llama-2-7b,q8,gpu,9,Solve for x: 2x + 5 = 15,Zheng et al. 2023,9,13.628045797348022,191,14.015215595853665,0.7477237378398279,0.0,3.000087410401687,0.002830559261957062,0.0,0.011357035729167061,0.014187594991124123,3.3702631901415353e-07,0.33702631901415353,26,13.628045797348022,PRY,10,Apple M4,1,Apple M4,16.0
2026-06-12T16:23:53.342513,llama-2-7b,q8,gpu,9,Solve for x: 2x + 5 = 15,Zheng et al. 2023,10,988.9562089443207,256,0.2588587823047007,0.011982555482148568,0.15612208803808256,0.04716335549356052,0.0032917285119696206,0.042888307866281554,0.012956248125001365,0.05913628450325254,1.404782438374764e-06,1.404782438374764,26,988.9562089443207,PRY,10,Apple M4,1,Apple M4,16.0
2026-06-12T16:24:18.345748,llama-2-7b,q8,gpu,10,"If the probability of rain is 30%, what is the probability of no rain?",Zheng et al. 2023,1,18.347145080566406,256,13.953124525687615,0.7799088567131831,8.497596194914813,2.525071110440425,0.003974750262148735,0.043307397284491976,0.012868846111665942,0.06015099365830665,1.4288868543530744e-06,1.4288868543530744,26,18.347145080566406,PRY,10,Apple M4,1,Apple M4,16.0
2026-06-12T16:39:38.940262,llama-2-7b,q8,gpu,10,"If the probability of rain is 30%, what is the probability of no rain?",Zheng et al. 2023,2,915.9275352954865,256,0.27949809361000605,0.0111251084570284,0.16317486527513045,0.051117430223227026,0.002830498102483609,0.04151565338156202,0.013005517187499815,0.05735166867154543,1.3623888892925617e-06,1.3623888892925617,26,915.9275352954865,PRY,10,Apple M4,1,Apple M4,16.0
2026-06-12T16:40:03.925501,llama-2-7b,q8,gpu,10,"If the probability of rain is 30%, what is the probability of no rain?",Zheng et al. 2023,3,18.282000303268433,256,14.002844095469829,0.7379376141519487,8.738927644544026,2.5212489258494886,0.0037474932460330856,0.0443791882910541,0.012803742674165432,0.06093042421125261,1.4474022271383055e-06,1.4474022271383056,26,18.282000303268433,PRY,10,Apple M4,1,Apple M4,16.0
2026-06-12T16:40:26.973336,llama-2-7b,q8,gpu,10,"If the probability of rain is 30%, what is the probability of no rain?",Zheng et al. 2023,4,18.224168062210083,256,14.047280464387594,0.7349281751708412,8.846762817638911,2.5170636168634055,0.0037204040494352173,0.04478469233198965,0.012742052882498077,0.06124714926392295,1.4549260307644896e-06,1.4549260307644896,26,18.224168062210083,PRY,10,Apple M4,1,Apple M4,16.0
2026-06-12T16:40:52.016380,llama-2-7b,q8,gpu,10,"If the probability of rain is 30%, what is the probability of no rain?",Zheng et al. 2023,5,18.361149311065674,256,13.942482339366252,0.7548382963544791,8.739559774002917,2.5224913941566918,0.003849916295854175,0.04457454497873637,0.012865511423330341,0.06128997269792088,1.4559433014391105e-06,1.4559433014391105,26,18.361149311065674,PRY,10,Apple M4,1,Apple M4,16.0
2026-06-12T16:41:00.322529,llama-2-7b,q8,gpu,10,"If the probability of rain is 30%, what is the probability of no rain?",Zheng et al. 2023,6,3.6711268424987793,50,13.61979635821222,0.7289617056768444,0.0,3.000222335142202,0.0007433641346844328,0.0,0.0030594990966680297,0.0038028632313524624,9.033701606077774e-08,0.09033701606077774,26,3.6711268424987793,PRY,10,Apple M4,1,Apple M4,16.0
2026-06-12T16:41:22.365165,llama-2-7b,q8,gpu,10,"If the probability of rain is 30%, what is the probability of no rain?",Zheng et al. 2023,7,18.37256383895874,256,13.933820137674848,0.741309779827536,8.931055376839597,2.522522463779603,0.0037832670150905147,0.04557955140562811,0.012873668055832847,0.06223648647655147,1.47842773625048e-06,1.47842773625048,26,18.37256383895874,PRY,10,Apple M4,1,Apple M4,16.0
2026-06-12T16:41:47.450441,llama-2-7b,q8,gpu,10,"If the probability of rain is 30%, what is the probability of no rain?",Zheng et al. 2023,8,18.41485095024109,256,13.901823082453372,0.7699211933782453,4.544635706462406,2.5163787098368555,0.0039383288943033706,0.023246885877124673,0.012871871910001574,0.04005708668142962,9.515560941173605e-07,0.9515560941173605,26,18.41485095024109,PRY,10,Apple M4,1,Apple M4,16.0
2026-06-12T16:42:11.015842,llama-2-7b,q8,gpu,10,"If the probability of rain is 30%, what is the probability of no rain?",Zheng et al. 2023,9,18.879921197891235,256,13.559378628582069,0.10310214935634439,3.172386823166952,2.4999324681115747,0.0005407112375502763,0.016637337008505712,0.013110702221665632,0.030288750467721625,7.195092673607272e-07,0.7195092673607272,26,18.879921197891235,PRY,10,Apple M4,1,Apple M4,16.0
2026-06-12T16:42:36.678626,llama-2-7b,q8,gpu,10,"If the probability of rain is 30%, what is the probability of no rain?",Zheng et al. 2023,10,18.881598234176636,235,12.44598031826767,0.0929827038538382,1.7692409774643174,2.523281909566205,0.0004876839046932223,0.009279471476645334,0.013234332013331974,0.023001487394670533,5.464003330603985e-07,0.5464003330603986,26,18.881598234176636,PRY,10,Apple M4,1,Apple M4,16.0
2026-06-12T16:58:19.253051,qwen2.5-7b,q4,cpu,1,"If all roses are flowers and some flowers fade quickly, can we conclude that some roses fade quickly",Zheng et al. 2023,1,16.53052520751953,256,15.486501292986672,4.797031100650387,0.0,5.722686178232399,0.022027067647376775,0.0,0.02627750225666508,0.04830456990404185,1.147475058070514e-06,1.147475058070514,26,16.53052520751953,PRY,10,Apple M4,1,Apple M4,16.0
2026-06-12T16:58:41.199856,qwen2.5-7b,q4,cpu,1,"If all roses are flowers and some flowers fade quickly, can we conclude that some roses fade quickly",Zheng et al. 2023,2,14.844092845916748,256,17.24591746072374,0.3932191388209657,0.0,3.0001226641647114,0.001621383723736067,0.0,0.012370583160000023,0.01399196688373609,3.323791733231508e-07,0.33237917332315076,26,14.844092845916748,PRY,10,Apple M4,1,Apple M4,16.0
2026-06-12T17:15:07.576659,qwen2.5-7b,q4,cpu,1,"If all roses are flowers and some flowers fade quickly, can we conclude that some roses fade quickly",Zheng et al. 2023,3,981.7382850646973,256,0.2607619605902702,0.10998650746587656,0.0,0.09405805399747925,0.029993879227723664,0.0,0.025650109063335553,0.05564398829105922,1.3218229418541115e-06,1.3218229418541114,26,981.7382850646973,PRY,10,Apple M4,1,Apple M4,16.0
2026-06-12T17:15:32.482810,qwen2.5-7b,q4,cpu,1,"If all roses are flowers and some flowers fade quickly, can we conclude that some roses fade quickly",Zheng et al. 2023,4,17.6253559589386,256,14.524529353982837,15.082190638897377,0.0,5.550211438616965,0.07384138295864939,0.0,0.027173458959165748,0.10101484191781515,2.3996075697576986e-06,2.3996075697576984,26,17.6253559589386,PRY,10,Apple M4,1,Apple M4,16.0
2026-06-12T17:15:50.342791,qwen2.5-7b,q4,cpu,1,"If all roses are flowers and some flowers fade quickly, can we conclude that some roses fade quickly",Zheng et al. 2023,5,13.006911039352417,229,17.60602492837541,0.04758784939622207,0.0,2.999217368441542,0.00017193636768076697,0.0,0.010836264860833278,0.011008201228514045,2.614998201833511e-07,0.2614998201833511,26,13.006911039352417,PRY,10,Apple M4,1,Apple M4,16.0
2026-06-12T17:16:07.374582,qwen2.5-7b,q4,cpu,1,"If all roses are flowers and some flowers fade quickly, can we conclude that some roses fade quickly",Zheng et al. 2023,6,12.834027767181396,224,17.45360101002764,0.7582373121599746,0.0,2.9997370524202163,0.0027031218662150283,0.0,0.010694085729167758,0.013397207595382786,3.1825066642831805e-07,0.31825066642831806,26,12.834027767181396,PRY,10,Apple M4,1,Apple M4,16.0
2026-06-12T17:16:29.600065,qwen2.5-7b,q4,cpu,1,"If all roses are flowers and some flowers fade quickly, can we conclude that some roses fade quickly",Zheng et al. 2023,7,15.55976915359497,256,16.452686249580577,6.1109244125402835,0.0009862238683504786,5.89409071373014,0.026412381437276325,4.26261547924969e-06,0.025475191909996888,0.05189183596275246,1.2326905632951847e-06,1.2326905632951846,26,15.55976915359497,PRY,10,Apple M4,1,Apple M4,16.0
2026-06-12T17:16:50.881317,qwen2.5-7b,q4,cpu,1,"If all roses are flowers and some flowers fade quickly, can we conclude that some roses fade quickly",Zheng et al. 2023,8,16.552046298980713,256,15.466365630922907,4.153177392131897,0.0009832301196016778,5.719194007197916,0.01909544013401309,4.520686239499809e-06,0.026295656666664703,0.04539561748691729,1.0783728934017201e-06,1.07837289340172,26,16.552046298980713,PRY,10,Apple M4,1,Apple M4,16.0
2026-06-12T17:17:16.926021,qwen2.5-7b,q4,cpu,1,"If all roses are flowers and some flowers fade quickly, can we conclude that some roses fade quickly",Zheng et al. 2023,9,18.537935733795166,256,13.809520308849974,7.175747104339774,0.0,5.427744906169564,0.03695098296172708,0.0,0.027949773958334846,0.06490075692006192,1.541717480636071e-06,1.541717480636071,26,18.537935733795166,PRY,10,Apple M4,1,Apple M4,16.0
2026-06-12T17:17:40.362972,qwen2.5-7b,q4,cpu,1,"If all roses are flowers and some flowers fade quickly, can we conclude that some roses fade quickly",Zheng et al. 2023,10,18.56670594215393,226,12.172326136048108,5.316204019904855,0.0,5.42547853199402,0.02741788799057502,0.0,0.02798146236083388,0.055399350351408895,1.3160115675977182e-06,1.3160115675977182,26,18.56670594215393,PRY,10,Apple M4,1,Apple M4,16.0
2026-06-12T17:17:55.573644,qwen2.5-7b,q4,cpu,2,A farmer has 17 sheep. All but 9 die. How many sheep does the farmer have left? Explain.,Zheng et al. 2023,1,8.18293809890747,96,11.731727509073698,0.7277385789827632,0.0,3.000120488908983,0.0016541777066674548,0.0,0.006819388958335063,0.008473566665002517,2.012895761271348e-07,0.2012895761271348,26,8.18293809890747,PRY,10,Apple M4,1,Apple M4,16.0
2026-06-12T17:18:13.309762,qwen2.5-7b,q4,cpu,2,A farmer has 17 sheep. All but 9 die. How many sheep does the farmer have left? Explain.,Zheng et al. 2023,2,12.880863904953003,145,11.257008929676216,0.7319281364314666,0.0,3.000087380563787,0.0026188518648832208,0.0,0.010734365903335857,0.013353217768219077,3.1720568808404414e-07,0.31720568808404415,26,12.880863904953003,PRY,10,Apple M4,1,Apple M4,16.0
2026-06-12T17:18:29.779665,qwen2.5-7b,q4,cpu,2,A farmer has 17 sheep. All but 9 die. How many sheep does the farmer have left? Explain.,Zheng et al. 2023,3,12.637824058532715,138,10.919601298518328,0.7358146515474159,0.0,3.000031963444967,0.0025830822516518886,0.0,0.010531632256664428,0.013114714508316316,3.1154004314505407e-07,0.31154004314505407,26,12.637824058532715,PRY,10,Apple M4,1,Apple M4,16.0
2026-06-12T17:18:42.512691,qwen2.5-7b,q4,cpu,2,A farmer has 17 sheep. All but 9 die. How many sheep does the farmer have left? Explain.,Zheng et al. 2023,4,5.2999267578125,68,12.830365985673815,0.6474904683386464,0.0,3.0002456831239335,0.0009532366829379277,0.0,0.004416967326666661,0.005370204009604588,1.2756919624815698e-07,0.127569196248157,26,5.2999267578125,PRY,10,Apple M4,1,Apple M4,16.0
2026-06-12T17:21:14.081827,qwen2.5-7b,q4,cpu,2,A farmer has 17 sheep. All but 9 die. How many sheep does the farmer have left? Explain.,Zheng et al. 2023,5,146.79726910591125,158,1.076314300411176,0.004431218477002149,0.0,0.3055986473674721,0.00018069188089876964,0.0,0.012461401910001465,0.012642093790900234,3.0031293800283506e-07,0.30031293800283504,26,146.79726910591125,PRY,10,Apple M4,1,Apple M4,16.0
2026-06-12T17:21:25.591772,qwen2.5-7b,q4,cpu,2,A farmer has 17 sheep. All but 9 die. How many sheep does the farmer have left? Explain.,Zheng et al. 2023,6,8.177852153778076,146,17.853098497574283,0.04400108735564302,0.0,3.0000521580298707,9.995399638886739e-05,0.0,0.006814995278330874,0.006914949274719741,1.6426462002096745e-07,0.16426462002096745,26,8.177852153778076,PRY,10,Apple M4,1,Apple M4,16.0
2026-06-12T17:21:39.472394,qwen2.5-7b,q4,cpu,2,A farmer has 17 sheep. All but 9 die. How many sheep does the farmer have left? Explain.,Zheng et al. 2023,7,7.515971899032593,134,17.828698909484697,0.04820378111667215,0.0,3.000206666673437,0.00010063840675000716,0.0,0.006263741388335499,0.006364379795085506,1.511858420322562e-07,0.1511858420322562,26,7.515971899032593,PRY,10,Apple M4,1,Apple M4,16.0
2026-06-12T17:21:49.875438,qwen2.5-7b,q4,cpu,2,A farmer has 17 sheep. All but 9 die. How many sheep does the farmer have left? Explain.,Zheng et al. 2023,8,5.9995808601379395,100,16.667831025399472,0.05710369048675373,0.0,3.000142933915864,9.516616902432462e-05,0.0,0.00499988892333325,0.005095055092357575,1.210330337189542e-07,0.12103303371895419,26,5.9995808601379395,PRY,10,Apple M4,1,Apple M4,16.0
2026-06-12T17:22:10.647666,qwen2.5-7b,q4,cpu,2,A farmer has 17 sheep. All but 9 die. How many sheep does the farmer have left? Explain.,Zheng et al. 2023,9,17.41217589378357,256,14.70235549891247,6.3718169637043305,0.0,5.5861953854790025,0.030818666037503818,0.0,0.027018837952500693,0.05783750399000451,1.3739299072825571e-06,1.373929907282557,26,17.41217589378357,PRY,10,Apple M4,1,Apple M4,16.0
2026-06-12T17:22:30.366337,qwen2.5-7b,q4,cpu,2,A farmer has 17 sheep. All but 9 die. How many sheep does the farmer have left? Explain.,Zheng et al. 2023,10,13.292068004608154,189,14.219006397986876,0.048002154349711036,0.0,3.0001114658139927,0.00017723552777334893,0.0,0.011077134895834511,0.01125437042360786,2.673475694128047e-07,0.2673475694128047,26,13.292068004608154,PRY,10,Apple M4,1,Apple M4,16.0
2026-06-12T17:22:49.262818,qwen2.5-7b,q4,cpu,3,"If it takes 5 machines 5 minutes to make 5 widgets, how long does it take 100 machines to make 100 w",Zheng et al. 2023,1,14.424109697341919,180,12.479106425069027,0.05540234772866641,0.0,3.0001028075912353,0.00022198042809126837,0.0,0.01202050333333318,0.01224248376142445,2.908202017526378e-07,0.2908202017526378,26,14.424109697341919,PRY,10,Apple M4,1,Apple M4,16.0
2026-06-12T17:23:11.393765,qwen2.5-7b,q4,cpu,3,"If it takes 5 machines 5 minutes to make 5 widgets, how long does it take 100 machines to make 100 w",Zheng et al. 2023,2,18.623514890670776,217,11.651935806634627,3.6996130317938754,0.0,5.418000735432981,0.019138832885370247,0.0,0.028028393715000374,0.04716722660037062,1.120457467891804e-06,1.120457467891804,26,18.623514890670776,PRY,10,Apple M4,1,Apple M4,16.0
2026-06-12T17:23:38.686022,qwen2.5-7b,q4,cpu,3,"If it takes 5 machines 5 minutes to make 5 widgets, how long does it take 100 machines to make 100 w",Zheng et al. 2023,3,20.697685956954956,223,10.774151297095425,2.4871489702731804,0.0,2.3854110842476732,0.01429950786524394,0.0,0.013714580416666044,0.028014088281909988,6.654746671367717e-07,0.6654746671367717,26,20.697685956954956,PRY,10,Apple M4,1,Apple M4,16.0
2026-06-12T17:23:59.521003,qwen2.5-7b,q4,cpu,3,"If it takes 5 machines 5 minutes to make 5 widgets, how long does it take 100 machines to make 100 w",Zheng et al. 2023,4,16.26828908920288,170,10.449777420836927,1.4920484338935518,0.0,5.768139883208641,0.006742520904909087,0.0,0.02606604642416642,0.03280856732907551,7.793675169021886e-07,0.7793675169021885,26,16.26828908920288,PRY,10,Apple M4,1,Apple M4,16.0
2026-06-12T17:24:15.667895,qwen2.5-7b,q4,cpu,3,"If it takes 5 machines 5 minutes to make 5 widgets, how long does it take 100 machines to make 100 w",Zheng et al. 2023,5,12.527714252471924,128,10.217346709895104,0.046500985001916045,0.0,3.0000323777802738,0.000161819736822913,0.0,0.010439874549165324,0.010601694285988238,2.518432477636506e-07,0.2518432477636506,26,12.527714252471924,PRY,10,Apple M4,1,Apple M4,16.0
2026-06-12T17:24:42.269143,qwen2.5-7b,q4,cpu,3,"If it takes 5 machines 5 minutes to make 5 widgets, how long does it take 100 machines to make 100 w",Zheng et al. 2023,6,19.950583934783936,195,9.77415000169577,2.0981800465473306,0.0,2.3570429644422206,0.011627754758036497,0.0,0.013062328749999021,0.024690083508035518,5.865129337333837e-07,0.5865129337333838,26,19.950583934783936,PRY,10,Apple M4,1,Apple M4,16.0
2026-06-12T17:25:06.325884,qwen2.5-7b,q4,cpu,3,"If it takes 5 machines 5 minutes to make 5 widgets, how long does it take 100 machines to make 100 w",Zheng et al. 2023,7,19.424091815948486,188,9.678702190114205,2.1631697182181906,0.0,2.3298182318543885,0.011671557561152653,0.0,0.01257072312500289,0.024242280686155537,5.758753776996248e-07,0.5758753776996247,26,19.424091815948486,PRY,10,Apple M4,1,Apple M4,16.0
2026-06-12T17:25:34.357449,qwen2.5-7b,q4,cpu,3,"If it takes 5 machines 5 minutes to make 5 widgets, how long does it take 100 machines to make 100 w",Zheng et al. 2023,8,21.410067081451416,204,9.528227969763586,2.01800574847976,0.0,2.38853885564431,0.012001566234918399,0.0,0.014205215868332744,0.026206782103251138,6.225421088627307e-07,0.6225421088627308,26,21.410067081451416,PRY,10,Apple M4,1,Apple M4,16.0
2026-06-12T17:26:02.815341,qwen2.5-7b,q4,cpu,3,"If it takes 5 machines 5 minutes to make 5 widgets, how long does it take 100 machines to make 100 w",Zheng et al. 2023,9,23.794780731201172,228,9.581933222062956,1.7438478570046223,0.0,2.465816355435593,0.011526243718333344,0.0,0.016298210972499876,0.02782445469083322,6.609699211807431e-07,0.6609699211807432,26,23.794780731201172,PRY,10,Apple M4,1,Apple M4,16.0
2026-06-12T17:26:29.841338,qwen2.5-7b,q4,cpu,3,"If it takes 5 machines 5 minutes to make 5 widgets, how long does it take 100 machines to make 100 w",Zheng et al. 2023,10,20.389343976974487,185,9.07336696114004,2.043165276615162,0.0,2.3503580376164668,0.0115718887851991,0.0,0.013311738471669134,0.024883627256868233,5.911105654869049e-07,0.5911105654869049,26,20.389343976974487,PRY,10,Apple M4,1,Apple M4,16.0
2026-06-12T17:27:01.698959,qwen2.5-7b,q4,cpu,4,A bat and ball cost $1.10. The bat costs $1 more than the ball. How much does the ball cost?,Zheng et al. 2023,1,27.203691959381104,256,9.41048738466248,1.5847406350475404,0.0,2.5146942040491878,0.0119752211309298,0.0,0.01900249069416532,0.030977711825095115,7.358755444051344e-07,0.7358755444051344,26,27.203691959381104,PRY,10,Apple M4,1,Apple M4,16.0
2026-06-12T17:27:35.552724,qwen2.5-7b,q4,cpu,4,A bat and ball cost $1.10. The bat costs $1 more than the ball. How much does the ball cost?,Zheng et al. 2023,2,27.1909077167511,256,9.414911876674491,1.5252407001935528,0.0,2.5202098146872265,0.01152018864577659,0.0,0.019035220138336324,0.030555408784112913,7.258437356666022e-07,0.7258437356666022,26,27.1909077167511,PRY,10,Apple M4,1,Apple M4,16.0
2026-06-12T17:28:07.236177,qwen2.5-7b,q4,cpu,4,A bat and ball cost $1.10. The bat costs $1 more than the ball. How much does the ball cost?,Zheng et al. 2023,3,27.012094259262085,256,9.477236290637519,1.5469888298083958,0.0,2.5131169522972647,0.01160761335800276,0.0,0.01885682000000088,0.030464433358003643,7.236826144193765e-07,0.7236826144193764,26,27.012094259262085,PRY,10,Apple M4,1,Apple M4,16.0
2026-06-12T17:28:40.993364,qwen2.5-7b,q4,cpu,4,A bat and ball cost $1.10. The bat costs $1 more than the ball. How much does the ball cost?,Zheng et al. 2023,4,27.079257011413574,256,9.453730576584842,1.5089901428010917,0.0,2.5178822612180163,0.011350647751277898,0.0,0.018939550243333842,0.03029019799461174,7.195436533620019e-07,0.7195436533620019,26,27.079257011413574,PRY,10,Apple M4,1,Apple M4,16.0
2026-06-12T17:29:13.028347,qwen2.5-7b,q4,cpu,4,A bat and ball cost $1.10. The bat costs $1 more than the ball. How much does the ball cost?,Zheng et al. 2023,5,27.341319799423218,256,9.36311786987695,1.5013612903613767,0.0,2.531297995404651,0.011402555326179195,0.0,0.0192247299999993,0.030627285326178498,7.275511629233702e-07,0.7275511629233702,26,27.341319799423218,PRY,10,Apple M4,1,Apple M4,16.0
2026-06-12T17:29:47.607473,qwen2.5-7b,q4,cpu,4,A bat and ball cost $1.10. The bat costs $1 more than the ball. How much does the ball cost?,Zheng et al. 2023,6,27.915843963623047,256,9.170419505625262,1.4655446842297202,0.0,2.5355352266701026,0.011364421312965022,0.0,0.01966155715333116,0.031025978466296174,7.370221184668656e-07,0.7370221184668656,26,27.915843963623047,PRY,10,Apple M4,1,Apple M4,16.0
2026-06-12T17:30:19.932561,qwen2.5-7b,q4,cpu,4,A bat and ball cost $1.10. The bat costs $1 more than the ball. How much does the ball cost?,Zheng et al. 2023,7,27.647549867630005,256,9.259410010133559,1.4552871209179092,0.0,2.532133239117854,0.011176423124249331,0.0,0.019446466666665097,0.03062288979091443,7.274467469831723e-07,0.7274467469831722,26,27.647549867630005,PRY,10,Apple M4,1,Apple M4,16.0
2026-06-12T17:30:54.354417,qwen2.5-7b,q4,cpu,4,A bat and ball cost $1.10. The bat costs $1 more than the ball. How much does the ball cost?,Zheng et al. 2023,8,27.75417709350586,256,9.223836798962449,1.4221715449775265,0.0,2.530656304972646,0.01096422247684753,0.0,0.01951007868083555,0.03047430115768308,7.239170240007616e-07,0.7239170240007616,26,27.75417709350586,PRY,10,Apple M4,1,Apple M4,16.0
2026-06-12T17:31:27.336172,qwen2.5-7b,q4,cpu,4,A bat and ball cost $1.10. The bat costs $1 more than the ball. How much does the ball cost?,Zheng et al. 2023,9,28.315744161605835,256,9.040906660935228,1.4654559764744932,0.0,2.5320989877148494,0.011526521252763334,0.0,0.019916185313331884,0.03144270656609522,7.469214944775918e-07,0.7469214944775918,26,28.315744161605835,PRY,10,Apple M4,1,Apple M4,16.0
2026-06-12T17:32:02.237573,qwen2.5-7b,q4,cpu,4,A bat and ball cost $1.10. The bat costs $1 more than the ball. How much does the ball cost?,Zheng et al. 2023,10,28.218188047409058,256,9.07216294575319,1.371027062307569,0.0,2.5324456386404184,0.010746638739522724,0.0,0.019850285347498962,0.030596924087021683,7.268299316872e-07,0.7268299316872,26,28.218188047409058,PRY,10,Apple M4,1,Apple M4,16.0
2026-06-12T17:32:34.647385,qwen2.5-7b,q4,cpu,5,Three switches control three light bulbs in another room. You can only enter the room once. How do y,Zheng et al. 2023,1,27.74506187438965,247,8.902485102330797,1.3978416352368734,0.0,2.526505935302745,0.010773111850068072,0.0,0.01947168430582982,0.03024479615589789,7.184651326833543e-07,0.7184651326833543,26,27.74506187438965,PRY,10,Apple M4,1,Apple M4,16.0
2026-06-12T17:33:07.725792,qwen2.5-7b,q4,cpu,5,Three switches control three light bulbs in another room. You can only enter the room once. How do y,Zheng et al. 2023,2,26.38887596130371,238,9.01895178669224,1.4273214571144242,0.0,2.498429986092463,0.010462613580194392,0.0,0.01831409972249882,0.02877671330269321,6.835908245054771e-07,0.6835908245054771,26,26.38887596130371,PRY,10,Apple M4,1,Apple M4,16.0
2026-06-12T17:33:37.494134,qwen2.5-7b,q4,cpu,5,Three switches control three light bulbs in another room. You can only enter the room once. How do y,Zheng et al. 2023,3,26.076398134231567,229,8.781887698645857,1.4682138395652313,0.05823976743687779,2.505400996629169,0.01063492461852549,0.0004218564897025223,0.018147731631667434,0.02920451273989545,6.937532001362163e-07,0.6937532001362163,26,26.076398134231567,PRY,10,Apple M4,1,Apple M4,16.0
2026-06-12T17:34:12.721866,qwen2.5-7b,q4,cpu,5,Three switches control three light bulbs in another room. You can only enter the room once. How do y,Zheng et al. 2023,4,28.525574207305908,256,8.974403044073828,1.305479715424363,0.0,2.5394184300925065,0.010344321805130629,0.0,0.020121769130834462,0.030466090935965095,7.237219901838507e-07,0.7237219901838507,26,28.525574207305908,PRY,10,Apple M4,1,Apple M4,16.0
2026-06-12T17:34:46.307444,qwen2.5-7b,q4,cpu,5,Three switches control three light bulbs in another room. You can only enter the room once. How do y,Zheng et al. 2023,5,28.863940000534058,256,8.869198037248669,1.2988643198740988,0.0,2.5374938807953322,0.010413983832689017,0.0,0.020345019757499663,0.030759003590188676,7.306801302849319e-07,0.730680130284932,26,28.863940000534058,PRY,10,Apple M4,1,Apple M4,16.0
2026-06-12T17:35:21.751249,qwen2.5-7b,q4,cpu,5,Three switches control three light bulbs in another room. You can only enter the room once. How do y,Zheng et al. 2023,6,28.740848064422607,256,8.907183233639314,1.294217743010506,0.0,2.5458099423510188,0.010332476531706915,0.0,0.02032464909833531,0.030657125630042227,7.28260019341653e-07,0.728260019341653,26,28.740848064422607,PRY,10,Apple M4,1,Apple M4,16.0
2026-06-12T17:35:55.775467,qwen2.5-7b,q4,cpu,5,Three switches control three light bulbs in another room. You can only enter the room once. How do y,Zheng et al. 2023,7,29.34122586250305,256,8.72492516841834,1.2659701823522114,0.0,2.5596434767221017,0.010318088070997336,0.0,0.02086196593832938,0.03118005400932672,7.406821829915562e-07,0.7406821829915562,26,29.34122586250305,PRY,10,Apple M4,1,Apple M4,16.0
2026-06-12T17:36:31.413166,qwen2.5-7b,q4,cpu,5,Three switches control three light bulbs in another room. You can only enter the room once. How do y,Zheng et al. 2023,8,28.9494149684906,256,8.843011172372153,1.260827044464947,0.0,2.540956391728843,0.010138945920475362,0.0,0.02043311138916579,0.030572057309641156,7.262392213905256e-07,0.7262392213905257,26,28.9494149684906,PRY,10,Apple M4,1,Apple M4,16.0
2026-06-12T17:37:05.607232,qwen2.5-7b,q4,cpu,5,Three switches control three light bulbs in another room. You can only enter the room once. How do y,Zheng et al. 2023,9,29.48015069961548,256,8.683809068972606,1.2463620674081484,0.0,2.5547817757246394,0.010206372659299032,0.0,0.02092093104249822,0.031127303701797254,7.394290994361937e-07,0.7394290994361936,26,29.48015069961548,PRY,10,Apple M4,1,Apple M4,16.0
2026-06-12T17:37:41.509932,qwen2.5-7b,q4,cpu,5,Three switches control three light bulbs in another room. You can only enter the room once. How do y,Zheng et al. 2023,10,29.210649967193604,256,8.763926865287587,1.2284095705748825,0.0,2.5506516615918446,0.009967400550670419,0.0,0.020696164687500036,0.030663565238170452,7.28412992232739e-07,0.728412992232739,26,29.210649967193604,PRY,10,Apple M4,1,Apple M4,16.0
2026-06-12T17:38:00.896045,qwen2.5-7b,q4,cpu,6,"Given that f(x) = 4x³ - 9x - 14, find the value of f(2).",Zheng et al. 2023,1,15.706079006195068,129,8.213380306384398,3.4383388339041208,0.0,5.86718160768459,0.01500078371537965,0.0,0.025597338298330215,0.04059812201370987,9.644083884356777e-07,0.9644083884356777,26,15.706079006195068,PRY,10,Apple M4,1,Apple M4,16.0
2026-06-12T17:38:23.915988,qwen2.5-7b,q4,cpu,6,"Given that f(x) = 4x³ - 9x - 14, find the value of f(2).",Zheng et al. 2023,2,16.345377206802368,146,8.932189092536817,1.1996325232032168,0.0,5.755073433474693,0.005446790583695743,0.0,0.02613023503416419,0.03157702561785993,7.501122435522626e-07,0.7501122435522626,26,16.345377206802368,PRY,10,Apple M4,1,Apple M4,16.0
2026-06-12T17:38:43.535923,qwen2.5-7b,q4,cpu,6,"Given that f(x) = 4x³ - 9x - 14, find the value of f(2).",Zheng et al. 2023,3,14.924353122711182,130,8.71059528886194,0.04330154277200817,0.0,3.0000826924869686,0.00017951319863545334,0.0,0.012437303750002683,0.012616816948638136,2.997124866148989e-07,0.2997124866148989,26,14.924353122711182,PRY,10,Apple M4,1,Apple M4,16.0
2026-06-12T17:39:18.292481,qwen2.5-7b,q4,cpu,6,"Given that f(x) = 4x³ - 9x - 14, find the value of f(2).",Zheng et al. 2023,4,31.082790851593018,256,8.236068672928699,1.867136270710607,0.0,3.604030934187208,0.01612105727608921,0.0,0.03111759437500344,0.04723865165109266,1.122154169971706e-06,1.122154169971706,26,31.082790851593018,PRY,10,Apple M4,1,Apple M4,16.0
2026-06-12T17:39:43.215224,qwen2.5-7b,q4,cpu,6,"Given that f(x) = 4x³ - 9x - 14, find the value of f(2).",Zheng et al. 2023,5,18.246796131134033,158,8.659054382177741,1.9562488715885267,0.0,5.468031081070138,0.009915353983788013,0.0,0.02771501343749757,0.03763036742128558,8.939093780926389e-07,0.8939093780926389,26,18.246796131134033,PRY,10,Apple M4,1,Apple M4,16.0
2026-06-12T17:40:03.864869,qwen2.5-7b,q4,cpu,6,"Given that f(x) = 4x³ - 9x - 14, find the value of f(2).",Zheng et al. 2023,6,15.994325876235962,140,8.753104137262147,1.8333903649540668,0.0,5.8156397835552935,0.008145511932062924,0.0,0.02583812163249604,0.03398363356455897,8.072812153260982e-07,0.8072812153260982,26,15.994325876235962,PRY,10,Apple M4,1,Apple M4,16.0
2026-06-12T17:40:22.438030,qwen2.5-7b,q4,cpu,6,"Given that f(x) = 4x³ - 9x - 14, find the value of f(2).",Zheng et al. 2023,7,11.825026988983154,111,9.386870753311067,0.043502657397050365,0.0,3.0001451504554146,0.0001428944716146134,0.0,0.009854665937500612,0.009997560409115225,2.3749204751853216e-07,0.23749204751853217,26,11.825026988983154,PRY,10,Apple M4,1,Apple M4,16.0
2026-06-12T17:40:57.280646,qwen2.5-7b,q4,cpu,6,"Given that f(x) = 4x³ - 9x - 14, find the value of f(2).",Zheng et al. 2023,8,30.06829595565796,256,8.513951052548038,1.209119683082659,0.0,3.616188805988829,0.01009893568798354,0.0,0.030203509791669303,0.040302445479652844,9.573845923691532e-07,0.9573845923691532,26,30.06829595565796,PRY,10,Apple M4,1,Apple M4,16.0
2026-06-12T17:41:19.755109,qwen2.5-7b,q4,cpu,6,"Given that f(x) = 4x³ - 9x - 14, find the value of f(2).",Zheng et al. 2023,9,15.788569927215576,142,8.993848122699653,3.3884227902303876,0.0,5.852293205145555,0.014860652824034273,0.0,0.025666483473335878,0.04052713629737015,9.627221227440277e-07,0.9627221227440277,26,15.788569927215576,PRY,10,Apple M4,1,Apple M4,16.0
2026-06-12T17:41:42.874566,qwen2.5-7b,q4,cpu,6,"Given that f(x) = 4x³ - 9x - 14, find the value of f(2).",Zheng et al. 2023,10,18.40932297706604,157,8.52828755275723,2.100382831913899,0.0,5.446229744674191,0.010740729424496548,0.0,0.02785038954916975,0.038591118973666294,9.167320312194428e-07,0.9167320312194428,26,18.40932297706604,PRY,10,Apple M4,1,Apple M4,16.0
2026-06-12T17:42:19.737159,qwen2.5-7b,q4,cpu,7,"Calculate the compound interest on $10,000 at 5% annual rate over 3 years.",Zheng et al. 2023,1,30.037343978881836,256,8.522724252183691,1.21112428721222,0.0010913426730819959,3.6121710095699626,0.010105265782269869,9.105843130610081e-06,0.030138895312499397,0.04025326693789987,9.562163561098113e-07,0.9562163561098114,26,30.037343978881836,PRY,10,Apple M4,1,Apple M4,16.0
2026-06-12T17:42:54.946277,qwen2.5-7b,q4,cpu,7,"Calculate the compound interest on $10,000 at 5% annual rate over 3 years.",Zheng et al. 2023,2,30.45730996131897,256,8.405207167839906,2.4199877382565185,0.0,3.605550490619745,0.020473976846297228,0.0,0.03050426913166424,0.05097824597796146,1.2109882332064744e-06,1.2109882332064743,26,30.45730996131897,PRY,10,Apple M4,1,Apple M4,16.0
2026-06-12T17:43:31.948708,qwen2.5-7b,q4,cpu,7,"Calculate the compound interest on $10,000 at 5% annual rate over 3 years.",Zheng et al. 2023,3,30.174514770507812,256,8.483980668687046,1.9427861507492694,0.0,3.622095134229712,0.016284063722700512,0.0,0.0303597119799997,0.04664377570270021,1.1080228918176434e-06,1.1080228918176434,26,30.174514770507812,PRY,10,Apple M4,1,Apple M4,16.0
2026-06-12T17:44:07.258619,qwen2.5-7b,q4,cpu,7,"Calculate the compound interest on $10,000 at 5% annual rate over 3 years.",Zheng et al. 2023,4,30.548516988754272,256,8.380112202966856,2.6375122737025847,0.0,3.6098081590537747,0.022381135694792033,0.0,0.030631746075832786,0.05301288177062481,1.2593210064611924e-06,1.2593210064611924,26,30.548516988754272,PRY,10,Apple M4,1,Apple M4,16.0
2026-06-12T17:44:44.065083,qwen2.5-7b,q4,cpu,7,"Calculate the compound interest on $10,000 at 5% annual rate over 3 years.",Zheng et al. 2023,5,29.997133016586304,256,8.53414890877905,1.1593184656454403,0.0,2.555400480493314,0.009660063950708616,0.0,0.02129296892333514,0.03095303287404376,7.352892959229094e-07,0.7352892959229094,26,29.997133016586304,PRY,10,Apple M4,1,Apple M4,16.0
2026-06-12T17:45:19.240659,qwen2.5-7b,q4,cpu,7,"Calculate the compound interest on $10,000 at 5% annual rate over 3 years.",Zheng et al. 2023,6,30.41944122314453,256,8.415670693031116,2.600124492571598,0.0,3.5954889159756744,0.021970648381844506,0.0,0.030381323263330463,0.05235197164517497,1.2436210864311314e-06,1.2436210864311315,26,30.41944122314453,PRY,10,Apple M4,1,Apple M4,16.0
2026-06-12T17:45:41.852788,qwen2.5-7b,q4,cpu,7,"Calculate the compound interest on $10,000 at 5% annual rate over 3 years.",Zheng et al. 2023,7,16.25864815711975,256,15.745466506567842,6.507818186948739,0.577064624947807,5.771073798403306,0.029391201714473476,0.002606191861374073,0.026063849549169998,0.05806124312501754,1.3792448304347918e-06,1.3792448304347917,26,16.25864815711975,PRY,10,Apple M4,1,Apple M4,16.0
2026-06-12T17:46:01.048672,qwen2.5-7b,q4,cpu,7,"Calculate the compound interest on $10,000 at 5% annual rate over 3 years.",Zheng et al. 2023,8,14.809782028198242,256,17.285872237185448,1.3876058135504208,0.17459202889867587,3.000649370759431,0.005708372122150673,0.0007182416366250772,0.012344156423332607,0.01877077018210836,4.45899645675984e-07,0.445899645675984,26,14.809782028198242,PRY,10,Apple M4,1,Apple M4,16.0
2026-06-12T17:46:18.677324,qwen2.5-7b,q4,cpu,7,"Calculate the compound interest on $10,000 at 5% annual rate over 3 years.",Zheng et al. 2023,9,14.275736093521118,256,17.932525392941574,0.06510541688198371,0.0,3.0002366667761784,0.0002581743749071872,0.0,0.011897385242500605,0.012155559617407791,2.8875531871152203e-07,0.28875531871152205,26,14.275736093521118,PRY,10,Apple M4,1,Apple M4,16.0
2026-06-12T17:46:39.255309,qwen2.5-7b,q4,cpu,7,"Calculate the compound interest on $10,000 at 5% annual rate over 3 years.",Zheng et al. 2023,10,14.2258141040802,256,17.99545517233878,0.056903191901003146,0.0,3.000155259076051,0.0002248595083090202,0.0,0.011855458610831798,0.012080318119140818,2.869679569201901e-07,0.2869679569201901,26,14.2258141040802,PRY,10,Apple M4,1,Apple M4,16.0
2026-06-12T17:46:53.966707,qwen2.5-7b,q4,cpu,8,What is the area of a circle with radius 7 cm?,Zheng et al. 2023,1,10.357316017150879,183,17.66867011655981,0.05710280579665318,0.0,3.0001299515773043,0.00016428661252831445,0.0,0.008631470555834918,0.008795757168363233,2.089432115344686e-07,0.2089432115344686,26,10.357316017150879,PRY,10,Apple M4,1,Apple M4,16.0
2026-06-12T17:47:02.059046,qwen2.5-7b,q4,cpu,8,What is the area of a circle with radius 7 cm?,Zheng et al. 2023,2,4.673114061355591,83,17.76117571928538,0.04850589695625545,0.0,3.0003242890950004,6.296488586803964e-05,0.0,0.0038946826733323786,0.0039576475592004185,9.401391776880593e-08,0.09401391776880594,26,4.673114061355591,PRY,10,Apple M4,1,Apple M4,16.0
2026-06-12T17:47:18.959351,qwen2.5-7b,q4,cpu,8,What is the area of a circle with radius 7 cm?,Zheng et al. 2023,3,10.538148164749146,189,17.934839883179706,0.05830377671279784,0.0,3.000176668208233,0.00017067051043442071,0.0,0.008782307291667166,0.008952977802101586,2.1267798768892316e-07,0.21267798768892315,26,10.538148164749146,PRY,10,Apple M4,1,Apple M4,16.0
2026-06-12T17:47:29.899327,qwen2.5-7b,q4,cpu,8,What is the area of a circle with radius 7 cm?,Zheng et al. 2023,4,6.575164079666138,117,17.79423274954088,0.059105828241124585,0.0,3.0002683978648146,0.00010795292187498854,0.0,0.005479793610832833,0.005587746532707822,1.327369188844743e-07,0.13273691888447428,26,6.575164079666138,PRY,10,Apple M4,1,Apple M4,16.0
2026-06-12T17:47:46.582183,qwen2.5-7b,q4,cpu,8,What is the area of a circle with radius 7 cm?,Zheng et al. 2023,5,13.314779996871948,239,17.94997739776012,0.0564017965618962,0.0,3.0000815265734375,0.0002086048646249935,0.0,0.011095951527501407,0.011304556392126401,2.6853973709496266e-07,0.26853973709496265,26,13.314779996871948,PRY,10,Apple M4,1,Apple M4,16.0
2026-06-12T17:48:03.819321,qwen2.5-7b,q4,cpu,8,What is the area of a circle with radius 7 cm?,Zheng et al. 2023,6,10.8804190158844,195,17.92210389281131,0.047402700563773,0.0,3.000153505332816,0.00014326701239398607,0.0,0.009067479791665391,0.009210746804059379,2.188012903304305e-07,0.21880129033043053,26,10.8804190158844,PRY,10,Apple M4,1,Apple M4,16.0
2026-06-12T17:48:18.020990,qwen2.5-7b,q4,cpu,8,What is the area of a circle with radius 7 cm?,Zheng et al. 2023,7,10.872209072113037,195,17.93563743178656,0.05120161865972719,0.0,3.0000779656326904,0.0001546318619164328,0.0,0.009060409687499488,0.00921504154941592,2.1890331200637517e-07,0.21890331200637517,26,10.872209072113037,PRY,10,Apple M4,1,Apple M4,16.0
2026-06-12T17:48:29.831077,qwen2.5-7b,q4,cpu,8,What is the area of a circle with radius 7 cm?,Zheng et al. 2023,8,8.436346292495728,151,17.898743693619718,0.04680199498448642,0.0,3.000103228516258,0.00010967717690799325,0.0,0.007030530485832666,0.007140207662740659,1.6961563302840434e-07,0.16961563302840435,26,8.436346292495728,PRY,10,Apple M4,1,Apple M4,16.0
2026-06-12T17:48:43.302500,qwen2.5-7b,q4,cpu,8,What is the area of a circle with radius 7 cm?,Zheng et al. 2023,9,7.118973255157471,127,17.839651231726783,0.054503870508558525,0.0,3.0001838552386095,0.0001077809990147206,0.0,0.005932841284999693,0.006040622284014413,1.4349498235676238e-07,0.1434949823567624,26,7.118973255157471,PRY,10,Apple M4,1,Apple M4,16.0
2026-06-12T17:48:55.437979,qwen2.5-7b,q4,cpu,8,What is the area of a circle with radius 7 cm?,Zheng et al. 2023,10,7.780077695846558,139,17.86614548518018,0.052104325804740705,0.0,3.000221837431675,0.00011260436195849594,0.0,0.0064838774999983195,0.006596481861956815,1.5669942663078414e-07,0.15669942663078415,26,7.780077695846558,PRY,10,Apple M4,1,Apple M4,16.0
2026-06-12T17:49:05.060055,qwen2.5-7b,q4,cpu,9,Solve for x: 2x + 5 = 15,Zheng et al. 2023,1,6.289017915725708,109,17.33179988682258,0.05390259651110279,0.0,3.0001138099514173,9.416510976734986e-05,0.0,0.005241047083333493,0.005335212193100843,1.2673796564711053e-07,0.1267379656471105,26,6.289017915725708,PRY,10,Apple M4,1,Apple M4,16.0
2026-06-12T17:49:16.334228,qwen2.5-7b,q4,cpu,9,Solve for x: 2x + 5 = 15,Zheng et al. 2023,2,4.890468120574951,87,17.789708031011923,0.04610441360462742,0.0,3.000248572783276,6.263115693089791e-05,0.0,0.0040757277774991964,0.004138358934430094,9.830671648738688e-08,0.09830671648738688,26,4.890468120574951,PRY,10,Apple M4,1,Apple M4,16.0
2026-06-12T17:49:26.618965,qwen2.5-7b,q4,cpu,9,Solve for x: 2x + 5 = 15,Zheng et al. 2023,3,5.948069095611572,106,17.820909323028168,0.15001085511231646,0.0,3.000183162492855,0.00024785414758328743,0.0,0.004957026874999429,0.005204881022582716,1.236419486914524e-07,0.12364194869145241,26,5.948069095611572,PRY,10,Apple M4,1,Apple M4,16.0
2026-06-12T17:49:35.371674,qwen2.5-7b,q4,cpu,9,Solve for x: 2x + 5 = 15,Zheng et al. 2023,4,5.402426242828369,96,17.76979373433157,0.06290353565312674,0.0,3.0001341798066075,9.43976977164283e-05,0.0,0.004502223229164884,0.004596620926881311,1.0919273011806554e-07,0.10919273011806555,26,5.402426242828369,PRY,10,Apple M4,1,Apple M4,16.0
2026-06-12T17:49:44.615742,qwen2.5-7b,q4,cpu,9,Solve for x: 2x + 5 = 15,Zheng et al. 2023,5,5.936201095581055,106,17.856537926066398,0.05470286180613208,0.0,3.000123452398547,9.020199671805008e-05,0.0,0.004947037812501853,0.005037239809219902,1.1965963166801877e-07,0.11965963166801877,26,5.936201095581055,PRY,10,Apple M4,1,Apple M4,16.0
2026-06-12T17:49:55.958933,qwen2.5-7b,q4,cpu,9,Solve for x: 2x + 5 = 15,Zheng et al. 2023,6,4.95071005821228,88,17.775227990583865,0.05690728895698872,0.0,3.000345041285911,7.825874661804352e-05,0.0,0.004126066215000416,0.004204324961618459,9.987373946324649e-08,0.09987373946324649,26,4.95071005821228,PRY,10,Apple M4,1,Apple M4,16.0
2026-06-12T17:50:05.151724,qwen2.5-7b,q4,cpu,9,Solve for x: 2x + 5 = 15,Zheng et al. 2023,7,4.839712858200073,86,17.769649258072732,0.05720732002283245,0.0,3.000341146147956,7.690750063824131e-05,0.0,0.004033552673333058,0.0041104601739713,9.764398143268822e-08,0.09764398143268822,26,4.839712858200073,PRY,10,Apple M4,1,Apple M4,16.0
2026-06-12T17:50:13.492729,qwen2.5-7b,q4,cpu,9,Solve for x: 2x + 5 = 15,Zheng et al. 2023,8,4.996903896331787,89,17.81102895841856,0.154808703188404,0.0,3.0001304930062456,0.00021487894781894643,0.0,0.004164267708335198,0.0043791466561541445,1.040266288169417e-07,0.1040266288169417,26,4.996903896331787,PRY,10,Apple M4,1,Apple M4,16.0
2026-06-12T17:50:21.670083,qwen2.5-7b,q4,cpu,9,Solve for x: 2x + 5 = 15,Zheng et al. 2023,9,4.823008060455322,86,17.83119557794831,0.016600993191671673,0.0,3.0001404346894534,2.2240756659721225e-05,0.0,0.004019361527501436,0.004041602284161157,9.600826226024828e-08,0.09600826226024828,26,4.823008060455322,PRY,10,Apple M4,1,Apple M4,16.0
2026-06-12T17:50:34.350594,qwen2.5-7b,q4,cpu,9,Solve for x: 2x + 5 = 15,Zheng et al. 2023,10,6.326658725738525,113,17.860928635250396,0.05360412540846576,0.0,3.0002012039578045,9.420416881973668e-05,0.0,0.005272569201664131,0.0053667733704838684,1.2748770141584427e-07,0.12748770141584428,26,6.326658725738525,PRY,10,Apple M4,1,Apple M4,16.0
2026-06-12T17:50:53.118360,qwen2.5-7b,q4,cpu,10,"If the probability of rain is 30%, what is the probability of no rain?",Zheng et al. 2023,1,14.413800954818726,256,17.760755875736983,0.05440282434472168,0.0,3.0001419134028096,0.00021781985596799577,0.0,0.012012068993332528,0.012229888849300524,2.9052100961513395e-07,0.29052100961513394,26,14.413800954818726,PRY,10,Apple M4,1,Apple M4,16.0
2026-06-12T17:51:08.949867,qwen2.5-7b,q4,cpu,10,"If the probability of rain is 30%, what is the probability of no rain?",Zheng et al. 2023,2,12.471539974212646,222,17.800528279509066,0.04860145687999317,0.0,3.0000737540325444,0.00016837083674550195,0.0,0.010393205485834188,0.010561576322579688,2.508902455428805e-07,0.2508902455428805,26,12.471539974212646,PRY,10,Apple M4,1,Apple M4,16.0
2026-06-12T17:51:27.584488,qwen2.5-7b,q4,cpu,10,"If the probability of rain is 30%, what is the probability of no rain?",Zheng et al. 2023,3,12.235708236694336,218,17.816704663341664,0.2783126132840417,0.0,3.0001210219207786,0.0009459310929820764,0.0,0.010196834860832194,0.01114276595381427,2.6469640523285795e-07,0.2646964052328579,26,12.235708236694336,PRY,10,Apple M4,1,Apple M4,16.0
2026-06-12T17:51:46.282169,qwen2.5-7b,q4,cpu,10,"If the probability of rain is 30%, what is the probability of no rain?",Zheng et al. 2023,4,14.289670944213867,256,17.9150381418446,0.053202886595658236,0.0,3.0001498665268898,0.0002111810396484119,0.0,0.011908653993332335,0.012119835032980747,2.8790668120845763e-07,0.28790668120845764,26,14.289670944213867,PRY,10,Apple M4,1,Apple M4,16.0
2026-06-12T17:52:03.907866,qwen2.5-7b,q4,cpu,10,"If the probability of rain is 30%, what is the probability of no rain?",Zheng et al. 2023,5,14.248132944107056,256,17.967266378285732,0.05000137303566243,0.0,3.0000689504847453,0.0001978961695555578,0.0,0.01187371701333177,0.012071613182887329,2.867611711594885e-07,0.2867611711594885,26,14.248132944107056,PRY,10,Apple M4,1,Apple M4,16.0
2026-06-12T17:52:23.728999,qwen2.5-7b,q4,cpu,10,"If the probability of rain is 30%, what is the probability of no rain?",Zheng et al. 2023,6,13.445704936981201,241,17.923939364246436,0.2996135972724478,0.0011061774301689194,3.0001231296580326,0.0011190322288980134,4.131482037222061e-06,0.011205213993331806,0.01232837770426704,2.928606123648635e-07,0.2928606123648635,26,13.445704936981201,PRY,10,Apple M4,1,Apple M4,16.0
2026-06-12T17:52:42.428200,qwen2.5-7b,q4,cpu,10,"If the probability of rain is 30%, what is the probability of no rain?",Zheng et al. 2023,7,14.344011068344116,256,17.847169719839936,0.7352306767732693,0.0,3.0001063367112653,0.0029294880459505303,0.0,0.011953766249998807,0.014883254295949338,3.535517058002765e-07,0.3535517058002765,26,14.344011068344116,PRY,10,Apple M4,1,Apple M4,16.0
2026-06-12T17:53:00.113509,qwen2.5-7b,q4,cpu,10,"If the probability of rain is 30%, what is the probability of no rain?",Zheng et al. 2023,8,14.343122005462646,256,17.848275982209532,0.7378210190986865,0.0029669215282763306,3.0000732393976715,0.0029396269153131238,1.1820810405750306e-05,0.011952893471667874,0.014904341197386747,3.5405262514392214e-07,0.35405262514392216,26,14.343122005462646,PRY,10,Apple M4,1,Apple M4,16.0
2026-06-12T17:53:20.808033,qwen2.5-7b,q4,cpu,10,"If the probability of rain is 30%, what is the probability of no rain?",Zheng et al. 2023,9,14.344074010848999,256,17.847091405578144,0.7342353810071124,0.0,3.0001319424633617,0.0029255351795972034,0.0,0.011953920729168508,0.014879455908765712,3.5346147511272944e-07,0.35346147511272946,26,14.344074010848999,PRY,10,Apple M4,1,Apple M4,16.0
2026-06-12T17:53:29.337527,qwen2.5-7b,q4,cpu,10,"If the probability of rain is 30%, what is the probability of no rain?",Zheng et al. 2023,10,4.158207893371582,72,17.315151586040724,0.7408731435958165,0.0,3.000257068410382,0.0008557512649130948,0.0,0.003465470173335537,0.004321221438248632,1.0265061526559624e-07,0.10265061526559624,26,4.158207893371582,PRY,10,Apple M4,1,Apple M4,16.0
2026-06-12T17:53:47.938088,qwen2.5-7b,q4,gpu,1,"If all roses are flowers and some flowers fade quickly, can we conclude that some roses fade quickly",Zheng et al. 2023,1,12.185977935791016,256,21.00775180694454,0.8353296362872095,0.003027356764773361,3.0000941713199,0.0028275856991411856,1.0247584094248847e-05,0.01015530038249987,0.012993133665735306,3.0865189022954214e-07,0.30865189022954215,26,12.185977935791016,PRY,10,Apple M4,1,Apple M4,16.0
2026-06-12T17:54:06.666017,qwen2.5-7b,q4,gpu,1,"If all roses are flowers and some flowers fade quickly, can we conclude that some roses fade quickly",Zheng et al. 2023,2,12.078901052474976,256,21.193981049091004,0.837438363309063,0.0020199871137615605,3.0001274302662706,0.0028098153133213227,6.777562354000111e-06,0.010066178437500638,0.012882771313175962,3.0603023254449495e-07,0.30603023254449496,26,12.078901052474976,PRY,10,Apple M4,1,Apple M4,16.0
2026-06-12T17:54:23.347945,qwen2.5-7b,q4,gpu,1,"If all roses are flowers and some flowers fade quickly, can we conclude that some roses fade quickly",Zheng et al. 2023,3,12.084733963012695,256,21.183751399371296,0.7195287243098885,0.0020181366196928108,3.0001112859388073,0.0024153647811196964,6.774623375000374e-06,0.010070985208333999,0.012493124612828695,2.9677417517774566e-07,0.2967741751777457,26,12.084733963012695,PRY,10,Apple M4,1,Apple M4,16.0
2026-06-12T17:54:39.038212,qwen2.5-7b,q4,gpu,1,"If all roses are flowers and some flowers fade quickly, can we conclude that some roses fade quickly",Zheng et al. 2023,4,12.06100082397461,256,21.225435910022366,0.7394212172427115,0.004037210734784322,3.0000771518120866,0.0024772666417857366,1.3525778332998015e-05,0.01005109249999805,0.012541884920116783,2.979324762773742e-07,0.2979324762773742,26,12.06100082397461,PRY,10,Apple M4,1,Apple M4,16.0
2026-06-12T17:54:55.673994,qwen2.5-7b,q4,gpu,1,"If all roses are flowers and some flowers fade quickly, can we conclude that some roses fade quickly",Zheng et al. 2023,5,9.975701093673706,211,21.151395577981976,0.742639812720628,0.0020673195028545733,3.0001496355954935,0.0020578757755452233,5.728600395999819e-06,0.008313498889165204,0.010377103265106425,2.4650808806260315e-07,0.24650808806260316,26,9.975701093673706,PRY,10,Apple M4,1,Apple M4,16.0
2026-06-12T17:55:12.764410,qwen2.5-7b,q4,gpu,1,"If all roses are flowers and some flowers fade quickly, can we conclude that some roses fade quickly",Zheng et al. 2023,6,12.055397033691406,256,21.23530227039,0.7278331719958036,0.0020191949802210677,3.000127558961453,0.0024373105174167824,6.761721437500455e-06,0.010046591354166594,0.012490663593020878,2.967157136522109e-07,0.2967157136522109,26,12.055397033691406,PRY,10,Apple M4,1,Apple M4,16.0
2026-06-12T17:55:28.501383,qwen2.5-7b,q4,gpu,1,"If all roses are flowers and some flowers fade quickly, can we conclude that some roses fade quickly",Zheng et al. 2023,7,12.094931840896606,256,21.165890256147364,1.127032973168252,0.002019737427688216,3.0000784918280825,0.0037864963869202947,6.785718478999115e-06,0.010079373576666818,0.01387265568206611,3.295449357274804e-07,0.32954493572748045,26,12.094931840896606,PRY,10,Apple M4,1,Apple M4,16.0
2026-06-12T17:55:46.391644,qwen2.5-7b,q4,gpu,1,"If all roses are flowers and some flowers fade quickly, can we conclude that some roses fade quickly",Zheng et al. 2023,8,11.24260139465332,238,21.169477743219325,0.7319349794166261,0.0020366166153935315,3.000133204494012,0.0022857925612180304,6.360241333499289e-06,0.009369250485830587,0.011661403288382118,2.770166351155172e-07,0.27701663511551716,26,11.24260139465332,PRY,10,Apple M4,1,Apple M4,16.0
2026-06-12T17:56:02.960021,qwen2.5-7b,q4,gpu,1,"If all roses are flowers and some flowers fade quickly, can we conclude that some roses fade quickly",Zheng et al. 2023,9,11.916237831115723,252,21.147614169127834,0.8251362337334278,0.0020231569638233743,3.0001219454220442,0.0027312554456218386,6.696783208499255e-06,0.00993060183999963,0.012668554068829968,3.009415019050559e-07,0.3009415019050559,26,11.916237831115723,PRY,10,Apple M4,1,Apple M4,16.0
2026-06-12T17:56:18.672087,qwen2.5-7b,q4,gpu,1,"If all roses are flowers and some flowers fade quickly, can we conclude that some roses fade quickly",Zheng et al. 2023,10,12.090155124664307,256,21.174252717217147,0.7414232004529906,0.0,3.0000826087004007,0.002489978196250482,0.0,0.010075406701665391,0.012565384897915872,2.9849071824999154e-07,0.2984907182499915,26,12.090155124664307,PRY,10,Apple M4,1,Apple M4,16.0
2026-06-12T18:03:36.746333,qwen2.5-7b,q4,gpu,2,A farmer has 17 sheep. All but 9 die. How many sheep does the farmer have left? Explain.,Zheng et al. 2023,1,4.687057018280029,96,20.481935599586183,0.7116960039067095,0.0,3.0008037973824755,0.0009265999305535539,0.0,0.003906927360834137,0.004833527291387691,1.1482044080691458e-07,0.11482044080691459,26,4.687057018280029,PRY,10,Apple M4,1,Apple M4,16.0
2026-06-12T18:03:46.224018,qwen2.5-7b,q4,gpu,2,A farmer has 17 sheep. All but 9 die. How many sheep does the farmer have left? Explain.,Zheng et al. 2023,2,4.88570499420166,103,21.081911438009477,0.719234972791783,0.0,3.000958309682831,0.0009761027496036969,0.0,0.004072721389168994,0.005048824138772692,1.1993481741654528e-07,0.11993481741654528,26,4.88570499420166,PRY,10,Apple M4,1,Apple M4,16.0
2026-06-12T18:04:01.936682,qwen2.5-7b,q4,gpu,2,A farmer has 17 sheep. All but 9 die. How many sheep does the farmer have left? Explain.,Zheng et al. 2023,3,12.092375993728638,256,21.17036388322419,0.7043037339762416,0.0,3.0004333635358544,0.00236575154584104,0.0,0.010078435660000953,0.012444187205841992,2.956116670747765e-07,0.2956116670747765,26,12.092375993728638,PRY,10,Apple M4,1,Apple M4,16.0
2026-06-12T18:18:20.895484,qwen2.5-7b,q4,gpu,2,A farmer has 17 sheep. All but 9 die. How many sheep does the farmer have left? Explain.,Zheng et al. 2023,4,852.3568570613861,256,0.3003436857217224,0.014577039735359858,0.0,0.04413257582474622,0.003451344381691741,0.0,0.010449084340001111,0.013900428721692852,3.3020468428381367e-07,0.33020468428381367,26,852.3568570613861,PRY,10,Apple M4,1,Apple M4,16.0
2026-06-12T18:18:28.828279,qwen2.5-7b,q4,gpu,2,A farmer has 17 sheep. All but 9 die. How many sheep does the farmer have left? Explain.,Zheng et al. 2023,5,3.3669588565826416,68,20.196266986469173,1.09295339062533,0.0,3.0003896487321895,0.0010222025273327728,0.0,0.0028061634724993686,0.003828365999832142,9.094283432601252e-08,0.09094283432601251,26,3.3669588565826416,PRY,10,Apple M4,1,Apple M4,16.0
2026-06-12T18:18:44.512196,qwen2.5-7b,q4,gpu,2,A farmer has 17 sheep. All but 9 die. How many sheep does the farmer have left? Explain.,Zheng et al. 2023,6,12.178564071655273,256,21.020540557471918,0.6915221141623392,0.0,3.0000875338029465,0.0023393739928590446,0.0,0.010149099514164844,0.01248847350702389,2.966636881593525e-07,0.2966636881593525,26,12.178564071655273,PRY,10,Apple M4,1,Apple M4,16.0
2026-06-12T18:18:57.183742,qwen2.5-7b,q4,gpu,2,A farmer has 17 sheep. All but 9 die. How many sheep does the farmer have left? Explain.,Zheng et al. 2023,7,6.157253980636597,130,21.11330804427193,0.7151630804797173,0.0,3.0002474210254007,0.001223177978913353,0.0,0.005131468160000926,0.00635464613891428,1.509546190299087e-07,0.1509546190299087,26,6.157253980636597,PRY,10,Apple M4,1,Apple M4,16.0
2026-06-12T18:19:09.062445,qwen2.5-7b,q4,gpu,2,A farmer has 17 sheep. All but 9 die. How many sheep does the farmer have left? Explain.,Zheng et al. 2023,8,7.340546131134033,155,21.11559511118476,0.718548136394877,0.0,3.0001860870532897,0.0014651488174019399,0.0,0.0061175012150003275,0.007582650032402267,1.8012585151971585e-07,0.18012585151971586,26,7.340546131134033,PRY,10,Apple M4,1,Apple M4,16.0
2026-06-12T18:19:20.227602,qwen2.5-7b,q4,gpu,2,A farmer has 17 sheep. All but 9 die. How many sheep does the farmer have left? Explain.,Zheng et al. 2023,9,7.625267028808594,161,21.11401468194293,0.7100223363477467,0.0,3.000080854817667,0.0015039194197416996,0.0,0.00635456045166696,0.00785847987140866,1.866781893453127e-07,0.1866781893453127,26,7.625267028808594,PRY,10,Apple M4,1,Apple M4,16.0
2026-06-12T18:19:34.837893,qwen2.5-7b,q4,gpu,2,A farmer has 17 sheep. All but 9 die. How many sheep does the farmer have left? Explain.,Zheng et al. 2023,10,8.0800302028656,170,21.03952531510453,0.7223437807933899,0.0,3.0001690297405705,0.001621266546017422,0.0,0.006733737881668276,0.008355004427685699,1.9847313017967374e-07,0.19847313017967375,26,8.0800302028656,PRY,10,Apple M4,1,Apple M4,16.0
2026-06-12T18:19:52.141789,qwen2.5-7b,q4,gpu,3,"If it takes 5 machines 5 minutes to make 5 widgets, how long does it take 100 machines to make 100 w",Zheng et al. 2023,1,12.617493152618408,250,19.813761495730986,0.7318336812260825,0.002028765408498994,3.0001246418068535,0.0025649740171460053,7.110537125001429e-06,0.010515014479166591,0.013087099033437598,3.108840375393101e-07,0.3108840375393101,26,12.617493152618408,PRY,10,Apple M4,1,Apple M4,16.0
2026-06-12T18:20:08.826514,qwen2.5-7b,q4,gpu,3,"If it takes 5 machines 5 minutes to make 5 widgets, how long does it take 100 machines to make 100 w",Zheng et al. 2023,2,13.161566019058228,235,17.855018138397437,0.7077178148160049,0.001999678006499336,3.0000671703374313,0.002587409650712354,7.310803916499934e-06,0.01096821725666814,0.013562937711296994,3.221875853318601e-07,0.3221875853318601,26,13.161566019058228,PRY,10,Apple M4,1,Apple M4,16.0
2026-06-12T18:20:32.419669,qwen2.5-7b,q4,gpu,3,"If it takes 5 machines 5 minutes to make 5 widgets, how long does it take 100 machines to make 100 w",Zheng et al. 2023,3,16.689951181411743,256,15.33857092914192,1.9002529813521398,0.0,5.6973175710609585,0.008809758191972036,0.0,0.026413320035001867,0.03522307822697391,8.367242232817651e-07,0.8367242232817651,26,16.689951181411743,PRY,10,Apple M4,1,Apple M4,16.0
2026-06-12T18:20:51.711453,qwen2.5-7b,q4,gpu,3,"If it takes 5 machines 5 minutes to make 5 widgets, how long does it take 100 machines to make 100 w",Zheng et al. 2023,4,13.440131902694702,176,13.095109577363045,0.7076296285800618,0.0,3.00011176727543,0.0026418432073252477,0.0,0.011200527187502302,0.01384237039482755,3.288255087291284e-07,0.3288255087291284,26,13.440131902694702,PRY,10,Apple M4,1,Apple M4,16.0
2026-06-12T18:21:07.385170,qwen2.5-7b,q4,gpu,3,"If it takes 5 machines 5 minutes to make 5 widgets, how long does it take 100 machines to make 100 w",Zheng et al. 2023,5,11.89805006980896,139,11.682586573804176,0.7348201725277074,0.0,3.0000692269385687,0.002428590890288978,0.0,0.009915270520835597,0.012343861411124575,2.9322842782126424e-07,0.29322842782126424,26,11.89805006980896,PRY,10,Apple M4,1,Apple M4,16.0
2026-06-12T18:21:43.038483,qwen2.5-7b,q4,gpu,3,"If it takes 5 machines 5 minutes to make 5 widgets, how long does it take 100 machines to make 100 w",Zheng et al. 2023,6,29.102802991867065,191,6.562941722602321,2.4937381849142723,0.0005656000988838553,3.1689697173763256,0.020159658641348954,4.572374513888159e-06,0.025618305936665517,0.04578253695252836,1.087564165307311e-06,1.0875641653073111,26,29.102802991867065,PRY,10,Apple M4,1,Apple M4,16.0
2026-06-12T18:22:03.763521,qwen2.5-7b,q4,gpu,3,"If it takes 5 machines 5 minutes to make 5 widgets, how long does it take 100 machines to make 100 w",Zheng et al. 2023,7,15.853473663330078,215,13.561696607684558,3.3579810685116227,0.0010591633274567235,5.836085025707047,0.014787684564336113,4.664282754722283e-06,0.025700616736667143,0.04049296558375797,9.619103974421707e-07,0.9619103974421707,26,15.853473663330078,PRY,10,Apple M4,1,Apple M4,16.0
2026-06-12T18:37:46.734725,qwen2.5-7b,q4,gpu,3,"If it takes 5 machines 5 minutes to make 5 widgets, how long does it take 100 machines to make 100 w",Zheng et al. 2023,8,935.9169509410858,204,0.21796805773725259,0.03997169032202894,0.00014488443185773633,0.10564817653058435,0.010391717369487399,3.766660991753447e-05,0.02746608868083058,0.03789547266023552,9.002069530438946e-07,0.9002069530438946,26,935.9169509410858,PRY,10,Apple M4,1,Apple M4,16.0
2026-06-12T18:37:57.173450,qwen2.5-7b,q4,gpu,3,"If it takes 5 machines 5 minutes to make 5 widgets, how long does it take 100 machines to make 100 w",Zheng et al. 2023,9,5.925916910171509,125,21.093782092260593,0.7566810007144761,0.0,2.994367773794193,0.001245563538260948,0.0,0.0049289929516665625,0.00617455648992751,1.46676589418228e-07,0.146676589418228,26,5.925916910171509,PRY,10,Apple M4,1,Apple M4,16.0
2026-06-12T18:38:09.293904,qwen2.5-7b,q4,gpu,3,"If it takes 5 machines 5 minutes to make 5 widgets, how long does it take 100 machines to make 100 w",Zheng et al. 2023,10,8.521319389343262,177,20.771431267011973,0.7270869626612724,0.0,2.99704957156476,0.0017210389535178335,0.0,0.0070941157291660294,0.008815154682683863,2.0940399948715515e-07,0.20940399948715516,26,8.521319389343262,PRY,10,Apple M4,1,Apple M4,16.0
2026-06-12T18:38:28.048372,qwen2.5-7b,q4,gpu,4,A bat and ball cost $1.10. The bat costs $1 more than the ball. How much does the ball cost?,Zheng et al. 2023,1,12.20419192314148,256,20.976399061258213,0.7729614115447367,0.0,2.9990659443495407,0.0026203803932428648,0.0,0.010166993437499817,0.012787373830742682,3.037640653492924e-07,0.3037640653492924,26,12.20419192314148,PRY,10,Apple M4,1,Apple M4,16.0
2026-06-12T18:38:44.708550,qwen2.5-7b,q4,gpu,4,A bat and ball cost $1.10. The bat costs $1 more than the ball. How much does the ball cost?,Zheng et al. 2023,2,12.114191055297852,256,21.1322405954663,0.8619240545933716,0.0,2.999721160342233,0.0029004201868058554,0.0,0.010094220902501547,0.012994641089307403,3.0868769907649736e-07,0.30868769907649735,26,12.114191055297852,PRY,10,Apple M4,1,Apple M4,16.0
2026-06-12T18:39:00.377983,qwen2.5-7b,q4,gpu,4,A bat and ball cost $1.10. The bat costs $1 more than the ball. How much does the ball cost?,Zheng et al. 2023,3,12.160079717636108,256,21.052493564554183,0.7262711308014127,0.0010081632849264573,2.999871637197587,0.002453198568656361,3.4053738647498902e-06,0.010132966180832833,0.012589570123353943,2.990652382802729e-07,0.2990652382802729,26,12.160079717636108,PRY,10,Apple M4,1,Apple M4,16.0
2026-06-12T18:39:19.151534,qwen2.5-7b,q4,gpu,4,A bat and ball cost $1.10. The bat costs $1 more than the ball. How much does the ball cost?,Zheng et al. 2023,4,12.2358078956604,256,20.922198369164814,0.7375086983292721,0.0,3.000026781069048,0.0025066707650376477,0.0,0.01019659760416592,0.012703268369203569,3.0176614011043076e-07,0.3017661401104308,26,12.2358078956604,PRY,10,Apple M4,1,Apple M4,16.0
2026-06-12T18:41:07.800828,qwen2.5-7b,q4,gpu,4,A bat and ball cost $1.10. The bat costs $1 more than the ball. How much does the ball cost?,Zheng et al. 2023,5,104.09610223770142,256,2.4592659522969362,0.08664799093501772,0.0,0.3579991680659522,0.0025054772564063973,0.0,0.010351755000001505,0.012857232256407902,3.054235522509697e-07,0.3054235522509697,26,104.09610223770142,PRY,10,Apple M4,1,Apple M4,16.0
2026-06-12T18:41:23.427029,qwen2.5-7b,q4,gpu,4,A bat and ball cost $1.10. The bat costs $1 more than the ball. How much does the ball cost?,Zheng et al. 2023,6,12.112346887588501,256,21.135458088830227,0.723900863336579,0.0,2.999994609816863,0.002435593991377067,0.0,0.010093604270832656,0.012529198262209723,2.9763110471879193e-07,0.29763110471879195,26,12.112346887588501,PRY,10,Apple M4,1,Apple M4,16.0
2026-06-12T18:41:42.394133,qwen2.5-7b,q4,gpu,4,A bat and ball cost $1.10. The bat costs $1 more than the ball. How much does the ball cost?,Zheng et al. 2023,7,12.409000158309937,256,20.630187503750207,0.7274204291417384,0.0,3.0000751290245833,0.0025073778389938096,0.0,0.010341092430835488,0.012848470269829299,3.0521541125979496e-07,0.30521541125979496,26,12.409000158309937,PRY,10,Apple M4,1,Apple M4,16.0
2026-06-12T18:42:43.325773,qwen2.5-7b,q4,gpu,4,A bat and ball cost $1.10. The bat costs $1 more than the ball. How much does the ball cost?,Zheng et al. 2023,8,56.34958791732788,256,4.543067828208168,0.1762146984130584,0.0,0.7303712040341681,0.002758229344597792,0.0,0.01143225454833555,0.014190483892933342,3.370949448766315e-07,0.3370949448766315,26,56.34958791732788,PRY,10,Apple M4,1,Apple M4,16.0
2026-06-12T18:42:59.008578,qwen2.5-7b,q4,gpu,4,A bat and ball cost $1.10. The bat costs $1 more than the ball. How much does the ball cost?,Zheng et al. 2023,9,12.12363600730896,256,21.11577746524769,0.7178022099293355,0.0,3.000000121916759,0.0024173257551181214,0.0,0.010103030416667024,0.012520356171785145,2.974210608607561e-07,0.2974210608607561,26,12.12363600730896,PRY,10,Apple M4,1,Apple M4,16.0
2026-06-12T18:43:18.186862,qwen2.5-7b,q4,gpu,4,A bat and ball cost $1.10. The bat costs $1 more than the ball. How much does the ball cost?,Zheng et al. 2023,10,12.428972005844116,256,20.597037299595534,0.7283164092678927,0.0,3.000058541323332,0.00251450673949654,0.0,0.010357678785000341,0.012872185524496881,3.057787671344234e-07,0.30577876713442337,26,12.428972005844116,PRY,10,Apple M4,1,Apple M4,16.0
2026-06-12T18:43:53.767207,qwen2.5-7b,q4,gpu,5,Three switches control three light bulbs in another room. You can only enter the room once. How do y,Zheng et al. 2023,1,31.038095235824585,256,8.247928813122572,0.7384596343105486,0.0,2.9140978186892843,0.006366772349317502,0.0,0.025124457117496304,0.031491229466813805,7.480741559841618e-07,0.7480741559841618,26,31.038095235824585,PRY,10,Apple M4,1,Apple M4,16.0
2026-06-12T18:44:10.931638,qwen2.5-7b,q4,gpu,5,Three switches control three light bulbs in another room. You can only enter the room once. How do y,Zheng et al. 2023,2,13.599589109420776,220,16.176959335308187,0.7586016022328951,0.0,2.9999974665957847,0.002865741691143231,0.0,0.01133298135416832,0.014198723045311551,3.3729066594137585e-07,0.33729066594137586,26,13.599589109420776,PRY,10,Apple M4,1,Apple M4,16.0
2026-06-12T18:44:36.293477,qwen2.5-7b,q4,gpu,5,Three switches control three light bulbs in another room. You can only enter the room once. How do y,Zheng et al. 2023,3,18.285387992858887,231,12.633037925704063,1.662545923639137,0.021359886586139958,5.461392289898299,0.008444527019357655,0.00010849272603084198,0.0277399102783329,0.036292930023721394,8.621385527135018e-07,0.8621385527135017,26,18.285387992858887,PRY,10,Apple M4,1,Apple M4,16.0
2026-06-12T19:02:30.174573,qwen2.5-7b,q4,gpu,5,Three switches control three light bulbs in another room. You can only enter the room once. How do y,Zheng et al. 2023,4,12.30544114112854,256,20.803805167485613,0.28054859804062554,0.0,2.999440070834937,0.0009589650723375131,0.0,0.010252620346667149,0.011211585419004662,2.663312116284557e-07,0.2663312116284557,26,12.30544114112854,PRY,10,Apple M4,1,Apple M4,16.0
2026-06-12T19:02:45.535433,qwen2.5-7b,q4,gpu,5,Three switches control three light bulbs in another room. You can only enter the room once. How do y,Zheng et al. 2023,5,11.83816909790039,256,21.624965641469338,0.15438651218404986,0.0,2.9997287656834426,0.0005076815660194004,0.0,0.009864248993332393,0.010371930559351794,2.4638521043740184e-07,0.24638521043740186,26,11.83816909790039,PRY,10,Apple M4,1,Apple M4,16.0
2026-06-12T19:03:04.048333,qwen2.5-7b,q4,gpu,5,Three switches control three light bulbs in another room. You can only enter the room once. How do y,Zheng et al. 2023,6,11.905044794082642,256,21.50348901897823,0.16630126415351293,0.0,3.0000131240797194,0.0005499511108500392,0.0,0.00992091406250135,0.010470865173351388,2.4873540219296224e-07,0.24873540219296225,26,11.905044794082642,PRY,10,Apple M4,1,Apple M4,16.0
2026-06-12T19:03:20.481350,qwen2.5-7b,q4,gpu,5,Three switches control three light bulbs in another room. You can only enter the room once. How do y,Zheng et al. 2023,7,11.872137069702148,256,21.563093358592987,0.11460167851825402,0.0,3.000034517112427,0.00037793523216295887,0.0,0.009893561389165674,0.010271496621328632,2.4399940223966164e-07,0.24399940223966163,26,11.872137069702148,PRY,10,Apple M4,1,Apple M4,16.0
2026-06-12T19:03:36.005144,qwen2.5-7b,q4,gpu,5,Three switches control three light bulbs in another room. You can only enter the room once. How do y,Zheng et al. 2023,8,11.97711968421936,256,21.37408715530302,0.1562999867254134,0.0,2.999988964153188,0.0005200065687922704,0.0,0.009980896354166666,0.010500902922958936,2.4944894893488953e-07,0.24944894893488953,26,11.97711968421936,PRY,10,Apple M4,1,Apple M4,16.0
2026-06-12T19:03:54.618648,qwen2.5-7b,q4,gpu,5,Three switches control three light bulbs in another room. You can only enter the room once. How do y,Zheng et al. 2023,9,12.050879955291748,256,21.24326198167678,0.047001177362336895,0.0,3.0000658569432344,0.000157334873930805,0.0,0.010042620416664552,0.010199955290595357,2.4229993792809265e-07,0.24229993792809265,26,12.050879955291748,PRY,10,Apple M4,1,Apple M4,16.0
2026-06-12T19:04:11.070073,qwen2.5-7b,q4,gpu,5,Three switches control three light bulbs in another room. You can only enter the room once. How do y,Zheng et al. 2023,10,12.903346061706543,256,19.839815097243275,0.11959985807710957,0.0,2.9999880022499137,0.0004286773215833148,0.0,0.010752745381666196,0.01118142270324951,2.656146963156921e-07,0.26561469631569207,26,12.903346061706543,PRY,10,Apple M4,1,Apple M4,16.0
2026-06-12T19:04:22.698868,qwen2.5-7b,q4,gpu,6,"Given that f(x) = 4x³ - 9x - 14, find the value of f(2).",Zheng et al. 2023,1,7.993041753768921,142,17.765452048720178,0.050100502196003205,0.0,3.0000161376228416,0.00011123761276040144,0.0,0.006660903958333317,0.006772141571093718,1.6087222302133126e-07,0.16087222302133125,26,7.993041753768921,PRY,10,Apple M4,1,Apple M4,16.0
2026-06-12T19:04:39.120052,qwen2.5-7b,q4,gpu,6,"Given that f(x) = 4x³ - 9x - 14, find the value of f(2).",Zheng et al. 2023,2,9.877255201339722,170,17.2112592551969,0.04580088896473131,0.0,3.000046877292714,0.00012566307465357649,0.0,0.00823117461750068,0.008356837692154256,1.9851667937712432e-07,0.19851667937712433,26,9.877255201339722,PRY,10,Apple M4,1,Apple M4,16.0
2026-06-12T19:04:50.811782,qwen2.5-7b,q4,gpu,6,"Given that f(x) = 4x³ - 9x - 14, find the value of f(2).",Zheng et al. 2023,3,6.92902398109436,104,15.009328916130318,0.7032253945664373,0.0,3.000084688076412,0.0013535182286292743,0.0,0.005774349652498737,0.007127867881128012,1.693225015161959e-07,0.1693225015161959,26,6.92902398109436,PRY,10,Apple M4,1,Apple M4,16.0
2026-06-12T19:05:13.100006,qwen2.5-7b,q4,gpu,6,"Given that f(x) = 4x³ - 9x - 14, find the value of f(2).",Zheng et al. 2023,4,18.557853937149048,246,13.255843096574763,0.5086814608211838,0.0,5.426480903721535,0.002622232291793093,0.0,0.027973288889998,0.030595521181791093,7.267966056734474e-07,0.7267966056734474,26,18.557853937149048,PRY,10,Apple M4,1,Apple M4,16.0
2026-06-12T19:21:11.481313,qwen2.5-7b,q4,gpu,6,"Given that f(x) = 4x³ - 9x - 14, find the value of f(2).",Zheng et al. 2023,5,951.8682448863983,139,0.1460286134627688,0.0008848416282132141,0.0001250994110824581,0.033644029960062785,0.00023395906879159306,3.307726579538373e-05,0.008895745485830655,0.009162781820417631,2.1766188214402083e-07,0.21766188214402082,26,951.8682448863983,PRY,10,Apple M4,1,Apple M4,16.0
2026-06-12T19:21:21.543014,qwen2.5-7b,q4,gpu,6,"Given that f(x) = 4x³ - 9x - 14, find the value of f(2).",Zheng et al. 2023,6,5.511394262313843,118,21.41019030463268,0.07074851903922193,0.0,2.9977983043189593,0.00010831193941665818,0.0,0.004589457881666022,0.00469776982108268,1.1159552209981906e-07,0.11159552209981906,26,5.511394262313843,PRY,10,Apple M4,1,Apple M4,16.0
2026-06-12T19:21:30.299786,qwen2.5-7b,q4,gpu,6,"Given that f(x) = 4x³ - 9x - 14, find the value of f(2).",Zheng et al. 2023,7,5.2645769119262695,113,21.464212963440996,0.5237668565085817,0.0,2.9986465465511847,0.000765947472224244,0.0,0.004385168160000224,0.0051511156322244685,1.2236475184349224e-07,0.12236475184349224,26,5.2645769119262695,PRY,10,Apple M4,1,Apple M4,16.0
2026-06-12T19:21:45.897051,qwen2.5-7b,q4,gpu,6,"Given that f(x) = 4x³ - 9x - 14, find the value of f(2).",Zheng et al. 2023,8,11.857534885406494,256,21.589647635367168,0.09588182049160968,0.0,2.9994215256977284,0.00031581167537654027,0.0,0.009879373715833329,0.010195185391209869,2.421866289681904e-07,0.2421866289681904,26,11.857534885406494,PRY,10,Apple M4,1,Apple M4,16.0
2026-06-12T19:37:22.714779,qwen2.5-7b,q4,gpu,6,"Given that f(x) = 4x³ - 9x - 14, find the value of f(2).",Zheng et al. 2023,9,6.364889144897461,134,21.05299824544843,0.052300259697684086,0.009683357583975894,2.999998360271236,9.246815422919655e-05,1.712041599233574e-05,0.005304071388333493,0.005413659958555026,1.2860149231547463e-07,0.12860149231547463,26,6.364889144897461,PRY,10,Apple M4,1,Apple M4,16.0
2026-06-12T19:37:34.354720,qwen2.5-7b,q4,gpu,6,"Given that f(x) = 4x³ - 9x - 14, find the value of f(2).",Zheng et al. 2023,10,7.092559814453125,153,21.571901260278217,0.0291021629848528,0.0,3.000208166540671,5.7335786583342276e-05,0.0,0.005910876632500125,0.005968212419083467,1.4177488601532777e-07,0.14177488601532778,26,7.092559814453125,PRY,10,Apple M4,1,Apple M4,16.0
2026-06-12T19:37:49.798316,qwen2.5-7b,q4,gpu,7,"Calculate the compound interest on $10,000 at 5% annual rate over 3 years.",Zheng et al. 2023,1,11.9567551612854,256,21.410491102878698,0.0485003204696445,0.0,3.0000115116638373,0.00016108512697206052,0.0,0.009964000868333945,0.010125085995306005,2.405214178184941e-07,0.24052141781849412,26,11.9567551612854,PRY,10,Apple M4,1,Apple M4,16.0
2026-06-12T19:38:08.177657,qwen2.5-7b,q4,gpu,7,"Calculate the compound interest on $10,000 at 5% annual rate over 3 years.",Zheng et al. 2023,2,11.848294973373413,256,21.606484357057866,0.05160186026968179,0.0,3.0000986918269,0.00016983168379166333,0.0,0.009873903958332448,0.01004373564212411,2.3858894017865824e-07,0.23858894017865825,26,11.848294973373413,PRY,10,Apple M4,1,Apple M4,16.0
2026-06-12T19:38:20.254955,qwen2.5-7b,q4,gpu,7,"Calculate the compound interest on $10,000 at 5% annual rate over 3 years.",Zheng et al. 2023,3,7.522051095962524,161,21.40373655350694,0.04920273314567505,0.0,3.000153826142927,0.00010280707577299349,0.0,0.006268697326665157,0.006371504402438151,1.5135508707991824e-07,0.15135508707991824,26,7.522051095962524,PRY,10,Apple M4,1,Apple M4,16.0
2026-06-12T19:38:35.751902,qwen2.5-7b,q4,gpu,7,"Calculate the compound interest on $10,000 at 5% annual rate over 3 years.",Zheng et al. 2023,4,11.983766078948975,256,21.36223273330551,0.05030047519002076,0.0,3.0000184740048423,0.000167441424538107,0.0,0.009986533229166527,0.010153974653704633,2.4120766789875355e-07,0.24120766789875356,26,11.983766078948975,PRY,10,Apple M4,1,Apple M4,16.0
2026-06-12T19:38:54.220616,qwen2.5-7b,q4,gpu,7,"Calculate the compound interest on $10,000 at 5% annual rate over 3 years.",Zheng et al. 2023,5,11.917403221130371,256,21.481189756682436,0.05190116961957055,0.0,3.000059500261677,0.0001718131016679733,0.0,0.009931366320000355,0.010103179421668329,2.4000102716173115e-07,0.24000102716173113,26,11.917403221130371,PRY,10,Apple M4,1,Apple M4,16.0
2026-06-12T19:39:10.721500,qwen2.5-7b,q4,gpu,7,"Calculate the compound interest on $10,000 at 5% annual rate over 3 years.",Zheng et al. 2023,6,11.941508054733276,256,21.43782835690747,0.04800139407625285,0.0,3.0000767353503686,0.00015922473166666654,0.0,0.009951511250001205,0.010110735981667871,2.4018053324452025e-07,0.24018053324452024,26,11.941508054733276,PRY,10,Apple M4,1,Apple M4,16.0
2026-06-12T19:39:27.565502,qwen2.5-7b,q4,gpu,7,"Calculate the compound interest on $10,000 at 5% annual rate over 3 years.",Zheng et al. 2023,7,13.256486892700195,256,19.31130035220483,0.05450043297582343,0.0,3.000015677072377,0.00020069007649735799,0.0,0.011047130139168075,0.011247820215665434,2.671919692231324e-07,0.2671919692231324,26,13.256486892700195,PRY,10,Apple M4,1,Apple M4,16.0
2026-06-12T19:39:47.001289,qwen2.5-7b,q4,gpu,7,"Calculate the compound interest on $10,000 at 5% annual rate over 3 years.",Zheng et al. 2023,8,12.858651876449585,256,19.90877445472024,0.05750149950569627,0.0,3.0000691944741273,0.00020538660125488505,0.0,0.010715790382500926,0.010921176983755812,2.594325592491193e-07,0.2594325592491193,26,12.858651876449585,PRY,10,Apple M4,1,Apple M4,16.0
2026-06-12T19:40:06.156613,qwen2.5-7b,q4,gpu,7,"Calculate the compound interest on $10,000 at 5% annual rate over 3 years.",Zheng et al. 2023,9,14.545897960662842,256,17.599463483953542,0.04860123802681396,0.0,3.0000689708544392,0.00019637462474997845,0.0,0.012121860312499849,0.012318234937249827,2.926196709343696e-07,0.29261967093436964,26,14.545897960662842,PRY,10,Apple M4,1,Apple M4,16.0
2026-06-12T19:40:25.617700,qwen2.5-7b,q4,gpu,7,"Calculate the compound interest on $10,000 at 5% annual rate over 3 years.",Zheng et al. 2023,10,15.95050597190857,256,16.04964760684442,3.3386390107644317,0.0,5.823158222414706,0.014792494855345829,0.0,0.0258006444449984,0.04059313930034422,9.64290024079677e-07,0.964290024079677,26,15.95050597190857,PRY,10,Apple M4,1,Apple M4,16.0
2026-06-12T19:40:45.089389,qwen2.5-7b,q4,gpu,8,What is the area of a circle with radius 7 cm?,Zheng et al. 2023,1,12.93230414390564,193,14.923868001585118,0.0518007794895322,0.0,3.000035845838501,0.00018608428756944985,0.0,0.010777048889167418,0.010963133176736866,2.6042922861338427e-07,0.26042922861338424,26,12.93230414390564,PRY,10,Apple M4,1,Apple M4,16.0
2026-06-12T19:40:58.561942,qwen2.5-7b,q4,gpu,8,What is the area of a circle with radius 7 cm?,Zheng et al. 2023,2,8.9288911819458,128,14.33548661213564,0.04830212107717657,0.0,3.000117436548284,0.00011980121748757783,0.0,0.007441033923332725,0.0075608351408203035,1.796076387701863e-07,0.1796076387701863,26,8.9288911819458,PRY,10,Apple M4,1,Apple M4,16.0
2026-06-12T19:41:18.121888,qwen2.5-7b,q4,gpu,8,What is the area of a circle with radius 7 cm?,Zheng et al. 2023,3,16.00436806678772,218,13.621281333337604,3.4205458768736703,0.0,5.813647053086129,0.015206576445227604,0.0,0.02584548534666283,0.04105206179189043,9.751917278663571e-07,0.9751917278663571,26,16.00436806678772,PRY,10,Apple M4,1,Apple M4,16.0
2026-06-12T19:41:41.490145,qwen2.5-7b,q4,gpu,8,What is the area of a circle with radius 7 cm?,Zheng et al. 2023,4,16.725692987442017,220,13.153416134397563,0.16572965984509708,0.0,5.692416874534846,0.0007699842804117476,0.0,0.026447115833334468,0.02721710011374621,6.465422132020412e-07,0.6465422132020412,26,16.725692987442017,PRY,10,Apple M4,1,Apple M4,16.0
2026-06-12T19:42:02.561594,qwen2.5-7b,q4,gpu,8,What is the area of a circle with radius 7 cm?,Zheng et al. 2023,5,16.41749620437622,213,12.973963712153811,1.5033067131730724,0.0,5.742956558617546,0.006855703404870058,0.0,0.026190268750833638,0.03304597215570369,7.850070685587413e-07,0.7850070685587413,26,16.41749620437622,PRY,10,Apple M4,1,Apple M4,16.0
2026-06-12T19:42:18.441686,qwen2.5-7b,q4,gpu,8,What is the area of a circle with radius 7 cm?,Zheng et al. 2023,6,9.309471845626831,128,13.749437360415737,0.04880125800733223,0.0,3.000065104458972,0.00012619831595845287,0.0,0.00775806156250231,0.007884259878460762,1.872905934128354e-07,0.1872905934128354,26,9.309471845626831,PRY,10,Apple M4,1,Apple M4,16.0
2026-06-12T19:42:36.732823,qwen2.5-7b,q4,gpu,8,What is the area of a circle with radius 7 cm?,Zheng et al. 2023,7,13.706300735473633,175,12.767850594951412,0.21350634581608197,0.0,3.000079856891793,0.0008128839401909034,0.0,0.011422221319165449,0.012235105259356354,2.9064492543601014e-07,0.2906449254360101,26,13.706300735473633,PRY,10,Apple M4,1,Apple M4,16.0
2026-06-12T19:42:54.595966,qwen2.5-7b,q4,gpu,8,What is the area of a circle with radius 7 cm?,Zheng et al. 2023,8,14.345103979110718,185,12.896386130724201,0.04920037534368313,0.0,3.000014678434334,0.00019605125003233602,0.0,0.011954311805833034,0.01215036305586537,2.8863187439208184e-07,0.2886318743920818,26,14.345103979110718,PRY,10,Apple M4,1,Apple M4,16.0
2026-06-12T19:43:16.960167,qwen2.5-7b,q4,gpu,8,What is the area of a circle with radius 7 cm?,Zheng et al. 2023,9,15.72821307182312,204,12.970322761297227,2.934480938974582,0.0,5.86316961633691,0.012820594850943279,0.0,0.02561588361166287,0.038436478462606144,9.130585458792089e-07,0.913058545879209,26,15.72821307182312,PRY,10,Apple M4,1,Apple M4,16.0
2026-06-12T19:43:38.691285,qwen2.5-7b,q4,gpu,8,What is the area of a circle with radius 7 cm?,Zheng et al. 2023,10,17.037675857543945,211,12.384318246468657,0.17593342318773744,0.0,5.641431007472069,0.0008326379546613268,0.0,0.026699131355001855,0.027531769309663185,6.540171799510489e-07,0.6540171799510489,26,17.037675857543945,PRY,10,Apple M4,1,Apple M4,16.0
2026-06-12T19:43:53.076318,qwen2.5-7b,q4,gpu,9,Solve for x: 2x + 5 = 15,Zheng et al. 2023,1,7.829491853713989,103,13.155387594041756,0.05130405155619401,0.0,3.0002206803321103,0.0001115790704782621,0.0,0.006525056493334584,0.006636635563812846,1.5765327781837416e-07,0.15765327781837415,26,7.829491853713989,PRY,10,Apple M4,1,Apple M4,16.0
2026-06-12T19:44:04.568063,qwen2.5-7b,q4,gpu,9,Solve for x: 2x + 5 = 15,Zheng et al. 2023,2,6.941720008850098,87,12.532916897985292,0.05130291102033884,0.0,3.0001511297569494,9.892512331726175e-05,0.0,0.0057850580908355665,0.005883983214152829,1.3977402125220045e-07,0.13977402125220045,26,6.941720008850098,PRY,10,Apple M4,1,Apple M4,16.0
2026-06-12T19:44:16.734258,qwen2.5-7b,q4,gpu,9,Solve for x: 2x + 5 = 15,Zheng et al. 2023,3,8.657259941101074,109,12.590588793864589,0.04270062668962127,0.0,3.000029980697996,0.00010268622913888045,0.0,0.0072144553816663876,0.0073171416108052684,1.7381869896467912e-07,0.1738186989646791,26,8.657259941101074,PRY,10,Apple M4,1,Apple M4,16.0
2026-06-12T19:44:33.067077,qwen2.5-7b,q4,gpu,9,Solve for x: 2x + 5 = 15,Zheng et al. 2023,4,9.70850396156311,126,12.978312672976802,0.050901063404751805,0.0,3.000050315817567,0.0001372703265868911,0.0,0.008090555660000975,0.008227825986587866,1.9545200631139474e-07,0.19545200631139473,26,9.70850396156311,PRY,10,Apple M4,1,Apple M4,16.0
2026-06-12T19:44:46.175761,qwen2.5-7b,q4,gpu,9,Solve for x: 2x + 5 = 15,Zheng et al. 2023,5,8.575747728347778,106,12.360438221568604,0.05070217526101877,0.0,3.00011439993287,0.00012078029564360352,0.0,0.0071467289583354915,0.007267509253979095,1.726396823282734e-07,0.1726396823282734,26,8.575747728347778,PRY,10,Apple M4,1,Apple M4,16.0
2026-06-12T19:44:56.575302,qwen2.5-7b,q4,gpu,9,Solve for x: 2x + 5 = 15,Zheng et al. 2023,6,6.900008201599121,88,12.753608028988348,0.04870122136913976,0.0,3.000045654903128,9.334411857637743e-05,0.0,0.005750094340000941,0.00584343845857732,1.3881088058350422e-07,0.13881088058350421,26,6.900008201599121,PRY,10,Apple M4,1,Apple M4,16.0
2026-06-12T19:45:09.751377,qwen2.5-7b,q4,gpu,9,Solve for x: 2x + 5 = 15,Zheng et al. 2023,7,6.513333082199097,86,13.203685258326113,0.04830172195785366,0.0,3.000085728366758,8.739033432090855e-05,0.0,0.005427932673334605,0.005515323007655513,1.3101649804685672e-07,0.13101649804685672,26,6.513333082199097,PRY,10,Apple M4,1,Apple M4,16.0
2026-06-12T19:45:21.262928,qwen2.5-7b,q4,gpu,9,Solve for x: 2x + 5 = 15,Zheng et al. 2023,8,6.897634029388428,86,12.468043336828805,0.05530298518482703,0.0,3.0001380780480837,0.00010596104237156306,0.0,0.005748292916669016,0.005854253959040579,1.3906780279700894e-07,0.13906780279700895,26,6.897634029388428,PRY,10,Apple M4,1,Apple M4,16.0
2026-06-12T19:45:33.163619,qwen2.5-7b,q4,gpu,9,Solve for x: 2x + 5 = 15,Zheng et al. 2023,9,8.357712745666504,104,12.443595893376962,0.07000108361626858,0.0,3.000032845470103,0.00016251359687504294,0.0,0.006964836875001008,0.0071273504718760506,1.6931021045941558e-07,0.16931021045941558,26,8.357712745666504,PRY,10,Apple M4,1,Apple M4,16.0
2026-06-12T19:45:46.312043,qwen2.5-7b,q4,gpu,9,Solve for x: 2x + 5 = 15,Zheng et al. 2023,10,6.5981361865997314,86,13.033983774790658,0.05340246523077725,0.0,3.0001181871932294,9.787687174800704e-05,0.0,0.005498663437498787,0.0055965403092467945,1.3294581504615757e-07,0.13294581504615757,26,6.5981361865997314,PRY,10,Apple M4,1,Apple M4,16.0
2026-06-12T19:46:12.923683,qwen2.5-7b,q4,gpu,10,"If the probability of rain is 30%, what is the probability of no rain?",Zheng et al. 2023,1,22.017210245132446,256,11.627267812305892,0.08018036623745946,1.4366292538882048,2.5942168815702082,0.000490374439161629,0.00878626897976788,0.015865949584167538,0.025142593003097045,5.972622967885702e-07,0.5972622967885702,26,22.017210245132446,PRY,10,Apple M4,1,Apple M4,16.0
2026-06-12T19:46:41.267950,qwen2.5-7b,q4,gpu,10,"If the probability of rain is 30%, what is the probability of no rain?",Zheng et al. 2023,2,21.783229112625122,256,11.752160282408614,0.08364277044410816,1.3300805702491865,2.599484365116138,0.0005061137867218658,0.008048180499996973,0.01572921208333658,0.024283506370055424,5.768546938206666e-07,0.5768546938206667,26,21.783229112625122,PRY,10,Apple M4,1,Apple M4,16.0
2026-06-12T19:47:04.493370,qwen2.5-7b,q4,gpu,10,"If the probability of rain is 30%, what is the probability of no rain?",Zheng et al. 2023,3,18.613992929458618,214,11.496727263784564,0.08588913743495004,1.7388840257540474,2.5176729906686366,0.0004440943880365165,0.008990993044592882,0.01301776312416526,0.02245285055679466,5.33367464976657e-07,0.533367464976657,26,18.613992929458618,PRY,10,Apple M4,1,Apple M4,16.0
2026-06-12T19:47:33.943212,qwen2.5-7b,q4,gpu,10,"If the probability of rain is 30%, what is the probability of no rain?",Zheng et al. 2023,4,22.911420345306396,256,11.173467037037877,0.1105588321390342,1.1050839509164498,2.610386871465225,0.0007036277433398841,0.0070330674767496455,0.01661324191000252,0.02434993713009205,5.784327565253366e-07,0.5784327565253365,26,22.911420345306396,PRY,10,Apple M4,1,Apple M4,16.0
2026-06-12T19:48:01.292356,qwen2.5-7b,q4,gpu,10,"If the probability of rain is 30%, what is the probability of no rain?",Zheng et al. 2023,5,22.778846979141235,256,11.238496849046888,0.071293655334713,1.3494898045643893,2.5908896224660802,0.0004511075737369621,0.008538839377245398,0.01639374395833329,0.025383690909315648,6.029895775507932e-07,0.6029895775507932,26,22.778846979141235,PRY,10,Apple M4,1,Apple M4,16.0
2026-06-12T19:48:30.162787,qwen2.5-7b,q4,gpu,10,"If the probability of rain is 30%, what is the probability of no rain?",Zheng et al. 2023,6,22.31356382369995,249,11.15913181629593,0.07154946733727587,1.364816406784844,2.599359568210072,0.00044347877943945555,0.008459421666785125,0.016111382118333496,0.025014282564558076,5.94214282321077e-07,0.5942142823210771,26,22.31356382369995,PRY,10,Apple M4,1,Apple M4,16.0
2026-06-12T19:48:57.922574,qwen2.5-7b,q4,gpu,10,"If the probability of rain is 30%, what is the probability of no rain?",Zheng et al. 2023,7,23.213549852371216,256,11.028041881920535,0.06577109087682599,1.2883284511199633,2.5996557508771,0.00042410569358723277,0.008307410201750406,0.016763121769996968,0.025494637665334604,6.056251177400235e-07,0.6056251177400235,26,23.213549852371216,PRY,10,Apple M4,1,Apple M4,16.0
2026-06-12T19:49:28.079638,qwen2.5-7b,q4,gpu,10,"If the probability of rain is 30%, what is the probability of no rain?",Zheng et al. 2023,8,23.616142749786377,256,10.840042877125464,0.13659774330490765,1.1932714583123156,2.625704244210797,0.0008960866125520488,0.007827908082985948,0.017224723958333927,0.025948718653871924,6.164118116227275e-07,0.6164118116227275,26,23.616142749786377,PRY,10,Apple M4,1,Apple M4,16.0
2026-06-12T19:49:55.424749,qwen2.5-7b,q4,gpu,10,"If the probability of rain is 30%, what is the probability of no rain?",Zheng et al. 2023,9,22.739323139190674,246,10.818263960373779,0.07529192884770679,1.3584058215038533,2.590098450489567,0.0004755798610669324,0.008580341369259413,0.016360301563333145,0.025416222793659494,6.037623724633813e-07,0.6037623724633813,26,22.739323139190674,PRY,10,Apple M4,1,Apple M4,16.0
2026-06-12T19:50:09.590788,qwen2.5-7b,q4,gpu,10,"If the probability of rain is 30%, what is the probability of no rain?",Zheng et al. 2023,10,7.385187149047852,89,12.051150255748697,0.05000302588778355,0.0,3.000159244963038,0.00010257825116665725,0.0,0.006154649305832815,0.006257227556999472,1.4864044061652245e-07,0.14864044061652246,26,7.385187149047852,PRY,10,Apple M4,1,Apple M4,16.0
2026-06-12T19:51:35.115992,qwen2.5-7b,q8,cpu,1,"If all roses are flowers and some flowers fade quickly, can we conclude that some roses fade quickly",Zheng et al. 2023,1,51.05741906166077,256,5.013962803149827,3.35654672355194,0.0,2.0113735748172314,0.04760461462900995,0.0,0.028526539860831687,0.07613115448984163,1.808495574906188e-06,1.808495574906188,26,51.05741906166077,PRY,10,Apple M4,1,Apple M4,16.0
2026-06-12T19:52:23.280739,qwen2.5-7b,q8,cpu,1,"If all roses are flowers and some flowers fade quickly, can we conclude that some roses fade quickly",Zheng et al. 2023,2,40.405295848846436,256,6.335803132284422,1.2037068761105034,0.0,2.294263874933217,0.013510036790148786,0.0,0.025750114061665955,0.03926015085181474,9.32624883484859e-07,0.9326248834848591,26,40.405295848846436,PRY,10,Apple M4,1,Apple M4,16.0
2026-06-12T19:53:03.893035,qwen2.5-7b,q8,cpu,1,"If all roses are flowers and some flowers fade quickly, can we conclude that some roses fade quickly",Zheng et al. 2023,3,34.956920862197876,218,6.236247204362424,1.2962864583839127,0.0,2.245802195578433,0.012587273094573664,0.0,0.021807313784162643,0.034394586878736304,8.170434113043809e-07,0.8170434113043809,26,34.956920862197876,PRY,10,Apple M4,1,Apple M4,16.0
2026-06-12T19:53:50.781203,qwen2.5-7b,q8,cpu,1,"If all roses are flowers and some flowers fade quickly, can we conclude that some roses fade quickly",Zheng et al. 2023,4,40.18269896507263,256,6.370901074179184,1.1585788915414055,0.0,2.3416207141731964,0.012931896340582177,0.0,0.026136844513333316,0.03906874085391549,9.280779389847625e-07,0.9280779389847624,26,40.18269896507263,PRY,10,Apple M4,1,Apple M4,16.0
2026-06-12T19:54:36.022824,qwen2.5-7b,q8,cpu,1,"If all roses are flowers and some flowers fade quickly, can we conclude that some roses fade quickly",Zheng et al. 2023,5,40.51186513900757,256,6.319136359720596,1.07826169357917,0.0,2.3373264116842076,0.012133997865232567,0.0,0.02630262565999753,0.03843662352523009,9.130619918418408e-07,0.9130619918418408,26,40.51186513900757,PRY,10,Apple M4,1,Apple M4,16.0
2026-06-12T19:55:23.663914,qwen2.5-7b,q8,cpu,1,"If all roses are flowers and some flowers fade quickly, can we conclude that some roses fade quickly",Zheng et al. 2023,6,40.89493489265442,256,6.25994394347313,1.0589838185743723,0.0,2.3516678625466865,0.012029742864714863,0.0,0.026714251146665147,0.038743994011380005,9.20363577740332e-07,0.9203635777403321,26,40.89493489265442,PRY,10,Apple M4,1,Apple M4,16.0
2026-06-12T19:56:03.929285,qwen2.5-7b,q8,cpu,1,"If all roses are flowers and some flowers fade quickly, can we conclude that some roses fade quickly",Zheng et al. 2023,7,35.57224893569946,220,6.184596323883622,1.2185904171214845,0.0,2.2582857888803742,0.012041111574584247,0.0,0.022314528958334752,0.034355640532919,8.161182408594908e-07,0.8161182408594908,26,35.57224893569946,PRY,10,Apple M4,1,Apple M4,16.0
2026-06-12T19:56:51.824311,qwen2.5-7b,q8,cpu,1,"If all roses are flowers and some flowers fade quickly, can we conclude that some roses fade quickly",Zheng et al. 2023,8,41.148600816726685,256,6.221353701434664,1.0650734788161234,0.0,2.345298390043044,0.012173967616746406,0.0,0.026807152013331385,0.0389811196300778,9.259964968124979e-07,0.925996496812498,26,41.148600816726685,PRY,10,Apple M4,1,Apple M4,16.0
2026-06-12T19:57:38.653462,qwen2.5-7b,q8,cpu,1,"If all roses are flowers and some flowers fade quickly, can we conclude that some roses fade quickly",Zheng et al. 2023,9,42.098191261291504,256,6.081021353413518,0.9977870385307681,0.0,2.3617234469742217,0.011668063773918309,0.0,0.027617857049165955,0.03928592082308426,9.332370491523666e-07,0.9332370491523666,26,42.098191261291504,PRY,10,Apple M4,1,Apple M4,16.0
2026-06-12T19:58:18.073803,qwen2.5-7b,q8,cpu,1,"If all roses are flowers and some flowers fade quickly, can we conclude that some roses fade quickly",Zheng et al. 2023,10,32.53734302520752,201,6.177517317387597,1.2273619172002421,0.0,3.548114877867319,0.011093082143339063,0.0,0.032068397465003125,0.043161479608342185,1.0253009480961685e-06,1.0253009480961686,26,32.53734302520752,PRY,10,Apple M4,1,Apple M4,16.0
2026-06-12T19:58:42.819679,qwen2.5-7b,q8,cpu,2,A farmer has 17 sheep. All but 9 die. How many sheep does the farmer have left? Explain.,Zheng et al. 2023,1,19.973295211791992,118,5.9078884454846605,1.2462465685122592,0.0,2.3256722231582048,0.006914347394327252,0.0,0.012903149410834279,0.01981749680516153,4.707646366066121e-07,0.4707646366066121,26,19.973295211791992,PRY,10,Apple M4,1,Apple M4,16.0
2026-06-12T19:59:16.804876,qwen2.5-7b,q8,cpu,2,A farmer has 17 sheep. All but 9 die. How many sheep does the farmer have left? Explain.,Zheng et al. 2023,2,27.187668800354004,163,5.99536507513574,0.8985454575205762,0.0,2.5011894040404177,0.006785932305869996,0.0,0.01888930809000158,0.025675240395871574,6.099153356039291e-07,0.6099153356039291,26,27.187668800354004,PRY,10,Apple M4,1,Apple M4,16.0
2026-06-12T19:59:48.757487,qwen2.5-7b,q8,cpu,2,A farmer has 17 sheep. All but 9 die. How many sheep does the farmer have left? Explain.,Zheng et al. 2023,3,27.138571977615356,165,6.07990723078932,0.8502567545912968,0.0,2.5039672935649278,0.00640965392609154,0.0,0.018876137951668474,0.02528579187776001,6.006639860561889e-07,0.6006639860561889,26,27.138571977615356,PRY,10,Apple M4,1,Apple M4,16.0
2026-06-12T20:00:11.116092,qwen2.5-7b,q8,cpu,2,A farmer has 17 sheep. All but 9 die. How many sheep does the farmer have left? Explain.,Zheng et al. 2023,4,15.454710006713867,98,6.341108953673452,3.9956780611249965,0.0,5.913898883207141,0.017153346031909874,0.0,0.025388220069165378,0.04254156610107525,1.0105749027310425e-06,1.0105749027310424,26,15.454710006713867,PRY,10,Apple M4,1,Apple M4,16.0
2026-06-12T20:00:30.176191,qwen2.5-7b,q8,cpu,2,A farmer has 17 sheep. All but 9 die. How many sheep does the farmer have left? Explain.,Zheng et al. 2023,5,14.196047067642212,87,6.128466578439545,0.04820162739771741,0.0,3.000071475746915,0.00019007571424304134,0.0,0.01183032107666501,0.012020396790908053,2.8554452576802077e-07,0.28554452576802075,26,14.196047067642212,PRY,10,Apple M4,1,Apple M4,16.0
2026-06-12T20:00:55.188917,qwen2.5-7b,q8,cpu,2,A farmer has 17 sheep. All but 9 die. How many sheep does the farmer have left? Explain.,Zheng et al. 2023,6,21.246773958206177,127,5.977378036299416,1.1624836882839278,0.0,2.36986653112862,0.006860841154186228,0.0,0.013986671805002212,0.02084751295918844,4.952326703455213e-07,0.4952326703455213,26,21.246773958206177,PRY,10,Apple M4,1,Apple M4,16.0
2026-06-12T20:01:15.452901,qwen2.5-7b,q8,cpu,2,A farmer has 17 sheep. All but 9 die. How many sheep does the farmer have left? Explain.,Zheng et al. 2023,7,13.384774923324585,86,6.425210770644684,0.07720386314878866,0.0,3.0001148584892623,0.0002870434254049138,0.0,0.01115440614583349,0.011441449571238403,2.7179163456476824e-07,0.27179163456476824,26,13.384774923324585,PRY,10,Apple M4,1,Apple M4,16.0
2026-06-12T20:01:33.783190,qwen2.5-7b,q8,cpu,2,A farmer has 17 sheep. All but 9 die. How many sheep does the farmer have left? Explain.,Zheng et al. 2023,8,13.46898603439331,82,6.088060362570089,0.04450185818370443,0.0,3.0000917493572183,0.0001664985851057963,0.0,0.011224498298330825,0.011390996883436621,2.705931309660369e-07,0.27059313096603693,26,13.46898603439331,PRY,10,Apple M4,1,Apple M4,16.0
2026-06-12T20:01:50.292822,qwen2.5-7b,q8,cpu,2,A farmer has 17 sheep. All but 9 die. How many sheep does the farmer have left? Explain.,Zheng et al. 2023,9,12.667126178741455,77,6.078726848811603,0.049901133823140036,0.0,3.0000272527307343,0.00017558443294443828,0.0,0.010556034375000915,0.010731618807945353,2.5492960478274184e-07,0.25492960478274185,26,12.667126178741455,PRY,10,Apple M4,1,Apple M4,16.0
2026-06-12T20:02:23.402202,qwen2.5-7b,q8,cpu,2,A farmer has 17 sheep. All but 9 die. How many sheep does the farmer have left? Explain.,Zheng et al. 2023,10,26.27299690246582,161,6.127964792051931,0.8222332938531017,0.0,2.485572700915204,0.006000703550696336,0.0,0.018139845519999653,0.02414054907069599,5.734587431743832e-07,0.5734587431743832,26,26.27299690246582,PRY,10,Apple M4,1,Apple M4,16.0
2026-06-12T20:03:07.540673,qwen2.5-7b,q8,cpu,3,"If it takes 5 machines 5 minutes to make 5 widgets, how long does it take 100 machines to make 100 w",Zheng et al. 2023,1,39.347229957580566,230,5.84539242655603,1.029139209749515,0.0,2.319031875950893,0.011248271428993584,0.0,0.025346522361666457,0.036594793790660045,8.693093264971293e-07,0.8693093264971293,26,39.347229957580566,PRY,10,Apple M4,1,Apple M4,16.0
2026-06-12T20:03:57.360334,qwen2.5-7b,q8,cpu,3,"If it takes 5 machines 5 minutes to make 5 widgets, how long does it take 100 machines to make 100 w",Zheng et al. 2023,2,43.013373136520386,256,5.951637393967689,0.8696850650475154,0.0,2.378840065652296,0.010391135615041052,0.0,0.028422759826668573,0.03881389544170963,9.220240862178121e-07,0.9220240862178122,26,43.013373136520386,PRY,10,Apple M4,1,Apple M4,16.0
2026-06-12T20:04:39.471232,qwen2.5-7b,q8,cpu,3,"If it takes 5 machines 5 minutes to make 5 widgets, how long does it take 100 machines to make 100 w",Zheng et al. 2023,3,37.299320936203,222,5.951850983553031,0.9780064167330687,0.0,2.276670915035016,0.010133048670942398,0.0,0.02358841086833612,0.033721459539278506,8.010532713555609e-07,0.8010532713555609,26,37.299320936203,PRY,10,Apple M4,1,Apple M4,16.0
2026-06-12T20:05:21.273596,qwen2.5-7b,q8,cpu,3,"If it takes 5 machines 5 minutes to make 5 widgets, how long does it take 100 machines to make 100 w",Zheng et al. 2023,4,34.93558382987976,212,6.0683113536142,0.9529848503108717,0.0,2.22128570611242,0.009248078368511353,0.0,0.021556086943334475,0.030804165311845835,7.317529469828978e-07,0.7317529469828978,26,34.93558382987976,PRY,10,Apple M4,1,Apple M4,16.0
2026-06-12T20:06:09.424133,qwen2.5-7b,q8,cpu,3,"If it takes 5 machines 5 minutes to make 5 widgets, how long does it take 100 machines to make 100 w",Zheng et al. 2023,5,43.33226990699768,256,5.9078372896098585,0.8616454501851433,0.0,2.3791244342669597,0.010371403669877542,0.0,0.028636906146663626,0.039008309816541166,9.266423996919353e-07,0.9266423996919353,26,43.33226990699768,PRY,10,Apple M4,1,Apple M4,16.0
2026-06-12T20:06:53.602028,qwen2.5-7b,q8,cpu,3,"If it takes 5 machines 5 minutes to make 5 widgets, how long does it take 100 machines to make 100 w",Zheng et al. 2023,6,37.31119203567505,224,6.0035605344858105,0.8513066040935706,0.0,2.2667344270357357,0.008823128940714891,0.0,0.023492934305835055,0.032316063246549946,7.676680824217938e-07,0.7676680824217939,26,37.31119203567505,PRY,10,Apple M4,1,Apple M4,16.0
2026-06-12T20:07:41.543253,qwen2.5-7b,q8,cpu,3,"If it takes 5 machines 5 minutes to make 5 widgets, how long does it take 100 machines to make 100 w",Zheng et al. 2023,7,42.981858015060425,245,5.700079319841278,0.68640063116756,0.0,2.3476330924235755,0.008195215130636644,0.0,0.028029342291668705,0.03622455742230535,8.605143615668634e-07,0.8605143615668635,26,42.981858015060425,PRY,10,Apple M4,1,Apple M4,16.0
2026-06-12T20:08:19.525772,qwen2.5-7b,q8,cpu,3,"If it takes 5 machines 5 minutes to make 5 widgets, how long does it take 100 machines to make 100 w",Zheng et al. 2023,8,30.904103994369507,175,5.662678330097636,1.1859929451265743,0.0,3.5013445145901465,0.010181124809105616,0.0,0.03005719861083586,0.04023832341994148,9.558613728407097e-07,0.9558613728407097,26,30.904103994369507,PRY,10,Apple M4,1,Apple M4,16.0
2026-06-12T20:09:11.703774,qwen2.5-7b,q8,cpu,3,"If it takes 5 machines 5 minutes to make 5 widgets, how long does it take 100 machines to make 100 w",Zheng et al. 2023,9,47.16677904129028,256,5.427548906315925,0.628993605373694,0.0,3.014368897747705,0.008241000667512655,0.0,0.0394939088191677,0.047734909486680355,1.1339427748560918e-06,1.1339427748560917,26,47.16677904129028,PRY,10,Apple M4,1,Apple M4,16.0
2026-06-12T20:10:05.460224,qwen2.5-7b,q8,cpu,3,"If it takes 5 machines 5 minutes to make 5 widgets, how long does it take 100 machines to make 100 w",Zheng et al. 2023,10,46.779484033584595,256,5.4724844723855615,0.6685982000921578,0.0,3.0122624192873175,0.008687966340581802,0.0,0.03914224493000499,0.04783021127058679,1.136206668732789e-06,1.136206668732789,26,46.779484033584595,PRY,10,Apple M4,1,Apple M4,16.0
2026-06-12T20:10:58.297331,qwen2.5-7b,q8,cpu,4,A bat and ball cost $1.10. The bat costs $1 more than the ball. How much does the ball cost?,Zheng et al. 2023,1,47.854965925216675,256,5.349497069960371,0.7190074541909192,0.0,3.0076502818314226,0.009557799227856451,0.0,0.03998083382000307,0.04953863304785953,1.176790228051903e-06,1.176790228051903,26,47.854965925216675,PRY,10,Apple M4,1,Apple M4,16.0
2026-06-12T20:11:52.134891,qwen2.5-7b,q8,cpu,4,A bat and ball cost $1.10. The bat costs $1 more than the ball. How much does the ball cost?,Zheng et al. 2023,2,46.87222504615784,256,5.461656658029392,0.676910226254644,0.11208010283065012,3.013555802096354,0.008813413461403692,0.00145928994529854,0.03923668492917083,0.04950938833587305,1.1760955199186642e-06,1.1760955199186642,26,46.87222504615784,PRY,10,Apple M4,1,Apple M4,16.0
2026-06-12T20:12:08.676268,qwen2.5-7b,q8,cpu,4,A bat and ball cost $1.10. The bat costs $1 more than the ball. How much does the ball cost?,Zheng et al. 2023,3,11.550164937973022,68,5.887361813894023,0.05150293175739141,0.0,3.0001291482922845,0.00016524093238528875,0.0,0.009625551804999003,0.00979079273738429,2.3258028147656381e-07,0.23258028147656382,26,11.550164937973022,PRY,10,Apple M4,1,Apple M4,16.0
2026-06-12T20:12:59.999922,qwen2.5-7b,q8,cpu,4,A bat and ball cost $1.10. The bat costs $1 more than the ball. How much does the ball cost?,Zheng et al. 2023,4,47.317150831222534,256,5.410300398541256,0.6391557517117437,0.0,3.0125496276700323,0.008400841418996666,0.0,0.039595906977501726,0.04799674839649838,1.140162758158819e-06,1.140162758158819,26,47.317150831222534,PRY,10,Apple M4,1,Apple M4,16.0
2026-06-12T20:13:53.907747,qwen2.5-7b,q8,cpu,4,A bat and ball cost $1.10. The bat costs $1 more than the ball. How much does the ball cost?,Zheng et al. 2023,5,46.92537307739258,256,5.455470744532751,0.645772685929407,0.0,3.008708210356677,0.008417534502896468,0.0,0.039217987570000334,0.047635522072896806,1.1315818268416636e-06,1.1315818268416635,26,46.92537307739258,PRY,10,Apple M4,1,Apple M4,16.0
2026-06-12T20:14:45.930499,qwen2.5-7b,q8,cpu,4,A bat and ball cost $1.10. The bat costs $1 more than the ball. How much does the ball cost?,Zheng et al. 2023,6,47.04471397399902,256,5.441631553791309,0.6519538231920662,0.0,3.01492600111042,0.008519716982312747,0.0,0.03939898093750344,0.047918697919816185,1.1383086690852333e-06,1.1383086690852333,26,47.04471397399902,PRY,10,Apple M4,1,Apple M4,16.0
2026-06-12T20:15:39.642273,qwen2.5-7b,q8,cpu,4,A bat and ball cost $1.10. The bat costs $1 more than the ball. How much does the ball cost?,Zheng et al. 2023,7,46.7109010219574,254,5.437702858281457,0.6638971273142105,0.0,3.0059388237873432,0.00861423138964887,0.0,0.039002808576663786,0.047617039966312655,1.131142784399757e-06,1.131142784399757,26,46.7109010219574,PRY,10,Apple M4,1,Apple M4,16.0
2026-06-12T20:16:31.615463,qwen2.5-7b,q8,cpu,4,A bat and ball cost $1.10. The bat costs $1 more than the ball. How much does the ball cost?,Zheng et al. 2023,8,46.99747109413147,256,5.447101600153258,0.6555717982478556,0.0,3.013322620431091,0.008558393510633717,0.0,0.03933848409750075,0.04789687760813447,1.1377903275812343e-06,1.1377903275812342,26,46.99747109413147,PRY,10,Apple M4,1,Apple M4,16.0
2026-06-12T20:17:25.356419,qwen2.5-7b,q8,cpu,4,A bat and ball cost $1.10. The bat costs $1 more than the ball. How much does the ball cost?,Zheng et al. 2023,9,46.77174973487854,256,5.473389416712289,0.6549266376303058,0.0,3.011419581187352,0.008508906886097263,0.0,0.0391248230550021,0.047633729941099365,1.1315392547508153e-06,1.1315392547508152,26,46.77174973487854,PRY,10,Apple M4,1,Apple M4,16.0
2026-06-12T20:18:17.735808,qwen2.5-7b,q8,cpu,4,A bat and ball cost $1.10. The bat costs $1 more than the ball. How much does the ball cost?,Zheng et al. 2023,10,47.05221629142761,256,5.440763903965993,0.6387533376058917,0.0,3.011227093352023,0.008348544499417694,0.0,0.03935691902750174,0.04770546352691943,1.1332432860819709e-06,1.1332432860819708,26,47.05221629142761,PRY,10,Apple M4,1,Apple M4,16.0
2026-06-12T20:19:11.938325,qwen2.5-7b,q8,cpu,5,Three switches control three light bulbs in another room. You can only enter the room once. How do y,Zheng et al. 2023,1,47.1733660697937,255,5.405592630865554,0.6442948844748814,0.0,3.015672448782108,0.008442655122841395,0.0,0.03951650565916377,0.04795916078200517,1.1392698643765326e-06,1.1392698643765327,26,47.1733660697937,PRY,10,Apple M4,1,Apple M4,16.0
2026-06-12T20:20:04.289159,qwen2.5-7b,q8,cpu,5,Three switches control three light bulbs in another room. You can only enter the room once. How do y,Zheng et al. 2023,2,47.35589289665222,256,5.405874207855928,0.5897363608587848,0.0,3.0131814786261355,0.007757636650580572,0.0,0.0396366387166654,0.04739427536724598,1.1258510113489282e-06,1.1258510113489282,26,47.35589289665222,PRY,10,Apple M4,1,Apple M4,16.0
2026-06-12T20:20:58.028337,qwen2.5-7b,q8,cpu,5,Three switches control three light bulbs in another room. You can only enter the room once. How do y,Zheng et al. 2023,3,46.75114607810974,256,5.475801589383211,0.6524159945380682,0.0,3.010031235702607,0.008472554295651243,0.0,0.03908955833333493,0.04756211262898618,1.1298379855015665e-06,1.1298379855015666,26,46.75114607810974,PRY,10,Apple M4,1,Apple M4,16.0
2026-06-12T20:21:50.758344,qwen2.5-7b,q8,cpu,5,Three switches control three light bulbs in another room. You can only enter the room once. How do y,Zheng et al. 2023,4,47.707890033721924,256,5.3659887246962406,0.7496786275878904,0.0,3.010846220037784,0.009934884868220735,0.0,0.03990031121500275,0.04983519608322349,1.183835082956974e-06,1.183835082956974,26,47.707890033721924,PRY,10,Apple M4,1,Apple M4,16.0
2026-06-12T20:22:43.944418,qwen2.5-7b,q8,cpu,5,Three switches control three light bulbs in another room. You can only enter the room once. How do y,Zheng et al. 2023,5,46.181816816329956,256,5.543307250516788,0.8656877000783547,0.0,3.012362128395296,0.01110528632921349,0.0,0.03864343222166705,0.04974871855088054,1.1817808091761672e-06,1.1817808091761672,26,46.181816816329956,PRY,10,Apple M4,1,Apple M4,16.0
2026-06-12T20:23:36.888298,qwen2.5-7b,q8,cpu,5,Three switches control three light bulbs in another room. You can only enter the room once. How do y,Zheng et al. 2023,6,47.929972887039185,256,5.341125491627919,0.7601264709254247,0.0,3.0160322324546645,0.010120233650604552,0.0,0.04015509531333009,0.050275328963934655,1.1942904395382677e-06,1.1942904395382676,26,47.929972887039185,PRY,10,Apple M4,1,Apple M4,16.0
2026-06-12T20:24:30.247680,qwen2.5-7b,q8,cpu,5,Three switches control three light bulbs in another room. You can only enter the room once. How do y,Zheng et al. 2023,7,46.37748908996582,256,5.519919362244815,0.8314494621685422,0.0,3.0130260227312897,0.010711260655716532,0.0,0.03881571708250097,0.049526977738217494,1.1765133561713565e-06,1.1765133561713566,26,46.37748908996582,PRY,10,Apple M4,1,Apple M4,16.0
2026-06-12T20:25:22.678184,qwen2.5-7b,q8,cpu,5,Three switches control three light bulbs in another room. You can only enter the room once. How do y,Zheng et al. 2023,8,47.28912901878357,256,5.4135063451541905,0.6954083709637982,0.0,3.0104188336064053,0.009134793382013654,0.0,0.039544467950830345,0.048679261332844,1.156375852961709e-06,1.156375852961709,26,47.28912901878357,PRY,10,Apple M4,1,Apple M4,16.0
2026-06-12T20:26:16.156829,qwen2.5-7b,q8,cpu,5,Three switches control three light bulbs in another room. You can only enter the room once. How do y,Zheng et al. 2023,9,46.488691091537476,256,5.506715590162114,0.7799127907654321,0.0,3.008881275008976,0.01007142355784252,0.0,0.0388552644791677,0.04892668803701021,1.1622534743191775e-06,1.1622534743191775,26,46.488691091537476,PRY,10,Apple M4,1,Apple M4,16.0
2026-06-12T20:27:08.157732,qwen2.5-7b,q8,cpu,5,Three switches control three light bulbs in another room. You can only enter the room once. How do y,Zheng et al. 2023,10,47.0225191116333,256,5.4442000308883065,0.6622683854332997,0.0,3.0140074569703077,0.008650424391963295,0.0,0.03936839534666433,0.048018819738627615,1.140687062891099e-06,1.140687062891099,26,47.0225191116333,PRY,10,Apple M4,1,Apple M4,16.0
2026-06-12T20:27:43.006958,qwen2.5-7b,q8,cpu,6,"Given that f(x) = 4x³ - 9x - 14, find the value of f(2).",Zheng et al. 2023,1,27.845854997634888,150,5.386798143305005,0.5317540957216208,0.0,2.4664769543201905,0.004113096512184088,0.0,0.019078099895835598,0.02319119640801968,5.509068706725076e-07,0.5509068706725075,26,27.845854997634888,PRY,10,Apple M4,1,Apple M4,16.0
2026-06-12T20:28:18.428647,qwen2.5-7b,q8,cpu,6,"Given that f(x) = 4x³ - 9x - 14, find the value of f(2).",Zheng et al. 2023,2,30.391993045806885,168,5.527771730757835,1.2492251137903712,0.0,3.508802165171337,0.010546233603045633,0.0,0.029622080834166505,0.04016831443721214,9.541983094559744e-07,0.9541983094559744,26,30.391993045806885,PRY,10,Apple M4,1,Apple M4,16.0
2026-06-12T20:28:43.381156,qwen2.5-7b,q8,cpu,6,"Given that f(x) = 4x³ - 9x - 14, find the value of f(2).",Zheng et al. 2023,3,17.887226104736328,104,5.8142050305084485,0.8780798322024382,0.0,5.517617659165844,0.004362892360170541,0.0,0.027415242952495953,0.03177813531266649,7.548896043523923e-07,0.7548896043523924,26,17.887226104736328,PRY,10,Apple M4,1,Apple M4,16.0
2026-06-12T20:29:36.318624,qwen2.5-7b,q8,cpu,6,"Given that f(x) = 4x³ - 9x - 14, find the value of f(2).",Zheng et al. 2023,4,47.93701410293579,256,5.340340961793903,0.7398061665893757,0.0,3.0106161037713264,0.009851138511453824,0.0,0.04008887406250324,0.049940012573957075,1.1863249986943502e-06,1.1863249986943503,26,47.93701410293579,PRY,10,Apple M4,1,Apple M4,16.0
2026-06-12T20:30:29.768829,qwen2.5-7b,q8,cpu,6,"Given that f(x) = 4x³ - 9x - 14, find the value of f(2).",Zheng et al. 2023,5,45.99746894836426,256,5.565523622340611,0.899031451742888,0.0,3.012033562184577,0.011486992023651757,0.0,0.038484977846671126,0.049971969870322874,1.1870841442695199e-06,1.18708414426952,26,45.99746894836426,PRY,10,Apple M4,1,Apple M4,16.0
2026-06-12T20:30:59.040125,qwen2.5-7b,q8,cpu,6,"Given that f(x) = 4x³ - 9x - 14, find the value of f(2).",Zheng et al. 2023,6,24.30594491958618,135,5.554196738560635,0.5911954835026169,0.0,2.388760519992176,0.0039915457940896465,0.0,0.016128078229169965,0.020119624023259612,4.779416686725321e-07,0.47794166867253207,26,24.30594491958618,PRY,10,Apple M4,1,Apple M4,16.0
2026-06-12T20:31:25.859474,qwen2.5-7b,q8,cpu,6,"Given that f(x) = 4x³ - 9x - 14, find the value of f(2).",Zheng et al. 2023,7,19.838114023208618,113,5.696105984056814,0.8716872558746726,0.0,5.26899216592396,0.0048035086596165495,0.0,0.029035240937497903,0.03383874959711445,8.038394966794538e-07,0.8038394966794538,26,19.838114023208618,PRY,10,Apple M4,1,Apple M4,16.0
2026-06-12T20:32:17.756794,qwen2.5-7b,q8,cpu,6,"Given that f(x) = 4x³ - 9x - 14, find the value of f(2).",Zheng et al. 2023,8,46.94304394721985,256,5.453417130082833,0.6514753992332817,0.0,3.010521996355944,0.008495066193539038,0.0,0.03925640732750253,0.04775147352104156,1.1343362534923421e-06,1.134336253492342,26,46.94304394721985,PRY,10,Apple M4,1,Apple M4,16.0
2026-06-12T20:32:44.542975,qwen2.5-7b,q8,cpu,6,"Given that f(x) = 4x³ - 9x - 14, find the value of f(2).",Zheng et al. 2023,9,19.829628944396973,115,5.799402516429548,0.7860750238862336,0.0,5.271024866228218,0.004329882235033889,0.0,0.02903401868166535,0.03336390091669924,7.925594662761904e-07,0.7925594662761904,26,19.829628944396973,PRY,10,Apple M4,1,Apple M4,16.0
2026-06-12T20:33:11.333128,qwen2.5-7b,q8,cpu,6,"Given that f(x) = 4x³ - 9x - 14, find the value of f(2).",Zheng et al. 2023,10,21.84170389175415,123,5.631428784566387,0.6540140611615293,0.0,2.3211872114578944,0.003967994851370476,0.0,0.014082967708330518,0.018050962559700994,4.288006156056971e-07,0.4288006156056971,26,21.84170389175415,PRY,10,Apple M4,1,Apple M4,16.0
2026-06-12T20:34:06.864420,qwen2.5-7b,q8,cpu,7,"Calculate the compound interest on $10,000 at 5% annual rate over 3 years.",Zheng et al. 2023,1,48.591325998306274,256,5.268430007629824,0.7119499215418315,0.0,3.0122435252972877,0.009609608536696585,0.0,0.040658029756668844,0.050267638293365426,1.1941077476588957e-06,1.1941077476588957,26,48.591325998306274,PRY,10,Apple M4,1,Apple M4,16.0
2026-06-12T20:34:58.783766,qwen2.5-7b,q8,cpu,7,"Calculate the compound interest on $10,000 at 5% annual rate over 3 years.",Zheng et al. 2023,2,46.94196891784668,256,5.453542020106284,0.6507913717719934,0.0,3.0138106849672286,0.008485952318256587,0.0,0.03929839097166829,0.04778434328992488,1.1351170748521656e-06,1.1351170748521655,26,46.94196891784668,PRY,10,Apple M4,1,Apple M4,16.0
2026-06-12T20:35:52.696973,qwen2.5-7b,q8,cpu,7,"Calculate the compound interest on $10,000 at 5% annual rate over 3 years.",Zheng et al. 2023,3,46.95421004295349,256,5.452120262822278,0.648558294211288,0.0,3.008219132444035,0.008459039547637902,0.0,0.03923570916666904,0.04769474871430694,1.1329887557083613e-06,1.1329887557083613,26,46.95421004295349,PRY,10,Apple M4,1,Apple M4,16.0
2026-06-12T20:36:44.604452,qwen2.5-7b,q8,cpu,7,"Calculate the compound interest on $10,000 at 5% annual rate over 3 years.",Zheng et al. 2023,4,46.935518980026245,256,5.454291452683045,0.7211967045762225,0.0,3.0152261485428578,0.00940270600443602,0.0,0.03931144559000131,0.04871415159443733,1.1572046711258587e-06,1.1572046711258588,26,46.935518980026245,PRY,10,Apple M4,1,Apple M4,16.0
2026-06-12T20:37:38.936628,qwen2.5-7b,q8,cpu,7,"Calculate the compound interest on $10,000 at 5% annual rate over 3 years.",Zheng et al. 2023,5,46.87312078475952,256,5.461552286555596,0.6571195661955257,0.0,3.0062524857492514,0.008555901332308793,0.0,0.039142343298335616,0.047698244630644406,1.1330718012009578e-06,1.1330718012009577,26,46.87312078475952,PRY,10,Apple M4,1,Apple M4,16.0
2026-06-12T20:38:31.379182,qwen2.5-7b,q8,cpu,7,"Calculate the compound interest on $10,000 at 5% annual rate over 3 years.",Zheng et al. 2023,6,47.245753049850464,256,5.418476444430602,0.8244473651137955,0.0,3.0138680238358746,0.010819899059657299,0.0,0.039553462327497374,0.050373361387154675,1.1966191997518593e-06,1.1966191997518592,26,47.245753049850464,PRY,10,Apple M4,1,Apple M4,16.0
2026-06-12T20:39:26.372908,qwen2.5-7b,q8,cpu,7,"Calculate the compound interest on $10,000 at 5% annual rate over 3 years.",Zheng et al. 2023,7,47.8120756149292,256,5.35429589089131,0.8533290029036212,0.0,3.0124011407283433,0.011333175225344466,0.0,0.04000809753416737,0.05134127275951183,1.2196119344022035e-06,1.2196119344022034,26,47.8120756149292,PRY,10,Apple M4,1,Apple M4,16.0
2026-06-12T20:40:21.268511,qwen2.5-7b,q8,cpu,7,"Calculate the compound interest on $10,000 at 5% annual rate over 3 years.",Zheng et al. 2023,8,49.91806387901306,256,5.128404030662526,0.6840553431317185,0.0,3.0098133134758482,0.009485199532008146,0.0,0.0417344592349976,0.051219658767005745,1.2167229940102215e-06,1.2167229940102215,26,49.91806387901306,PRY,10,Apple M4,1,Apple M4,16.0
2026-06-12T20:41:18.773332,qwen2.5-7b,q8,cpu,7,"Calculate the compound interest on $10,000 at 5% annual rate over 3 years.",Zheng et al. 2023,9,50.177226066589355,256,5.101916149375549,0.726677870789347,0.0,2.1125643506345457,0.01012852216671802,0.0,0.029445171945001982,0.039573694111719994,9.400731036239084e-07,0.9400731036239084,26,50.177226066589355,PRY,10,Apple M4,1,Apple M4,16.0
2026-06-12T20:42:15.371649,qwen2.5-7b,q8,cpu,7,"Calculate the compound interest on $10,000 at 5% annual rate over 3 years.",Zheng et al. 2023,10,51.37598896026611,256,4.982872450357869,0.7042984533011426,0.0,2.1364129742575253,0.010051119322647777,0.0,0.030488980383339973,0.04054009970598776,9.63030068515739e-07,0.963030068515739,26,51.37598896026611,PRY,10,Apple M4,1,Apple M4,16.0
2026-06-12T20:42:58.625292,qwen2.5-7b,q8,cpu,8,What is the area of a circle with radius 7 cm?,Zheng et al. 2023,1,36.29040884971619,193,5.318209579816001,0.6762467822091011,0.0,2.1857331458150915,0.0068170200582425705,0.0,0.022033652638334997,0.028850672696577567,6.853477299072001e-07,0.6853477299072,26,36.29040884971619,PRY,10,Apple M4,1,Apple M4,16.0
2026-06-12T20:43:27.341235,qwen2.5-7b,q8,cpu,8,What is the area of a circle with radius 7 cm?,Zheng et al. 2023,2,23.736287117004395,128,5.392587280775784,0.668716262849742,0.0,2.3807860710660362,0.004409122559669904,0.0,0.015697506040830075,0.020106628600499978,4.776329624048769e-07,0.4776329624048769,26,23.736287117004395,PRY,10,Apple M4,1,Apple M4,16.0
2026-06-12T20:43:57.855220,qwen2.5-7b,q8,cpu,8,What is the area of a circle with radius 7 cm?,Zheng et al. 2023,3,23.550834894180298,134,5.689819516042425,0.6071343823751807,0.0,2.370550486930157,0.003971811554971669,0.0,0.015507900868336342,0.01947971242330801,4.6274056861568175e-07,0.46274056861568175,26,23.550834894180298,PRY,10,Apple M4,1,Apple M4,16.0
2026-06-12T20:44:43.259133,qwen2.5-7b,q8,cpu,8,What is the area of a circle with radius 7 cm?,Zheng et al. 2023,4,40.46566200256348,221,5.461420598679438,0.5853531552458684,0.0,2.269104178851375,0.006579639703420382,0.0,0.0255057785416678,0.03208541824508818,7.621891104120697e-07,0.7621891104120697,26,40.46566200256348,PRY,10,Apple M4,1,Apple M4,16.0
2026-06-12T20:45:27.094280,qwen2.5-7b,q8,cpu,8,What is the area of a circle with radius 7 cm?,Zheng et al. 2023,5,36.91742706298828,203,5.498758070372637,0.6720702167966811,0.07866647920802962,2.199606600737245,0.006891973113832832,0.0008067122245734771,0.022556615624995783,0.03025530096340209,7.187146743856166e-07,0.7187146743856165,26,36.91742706298828,PRY,10,Apple M4,1,Apple M4,16.0
2026-06-12T20:45:54.914439,qwen2.5-7b,q8,cpu,8,What is the area of a circle with radius 7 cm?,Zheng et al. 2023,6,22.843925952911377,128,5.603240015041585,0.6401205632648184,0.0005793405581765015,2.3499236782090263,0.0040619074300437315,3.6762257812506513e-06,0.014911522916666704,0.01897710657249168,4.5080116662953986e-07,0.45080116662953984,26,22.843925952911377,PRY,10,Apple M4,1,Apple M4,16.0
2026-06-12T20:46:33.106932,qwen2.5-7b,q8,cpu,8,What is the area of a circle with radius 7 cm?,Zheng et al. 2023,7,31.24721932411194,176,5.632501189127875,0.9362859277550912,0.0,3.492880430188341,0.008126758815178601,0.0,0.03031744468749821,0.03844420350267681,9.132420542060876e-07,0.9132420542060876,26,31.24721932411194,PRY,10,Apple M4,1,Apple M4,16.0
2026-06-12T20:47:10.505288,qwen2.5-7b,q8,cpu,8,What is the area of a circle with radius 7 cm?,Zheng et al. 2023,8,32.37890696525574,177,5.466521775732895,0.5839447077482239,0.0,3.475282778098482,0.0052520809347314425,0.0,0.03125718270833507,0.03650926364306651,8.672775578410449e-07,0.8672775578410449,26,32.37890696525574,PRY,10,Apple M4,1,Apple M4,16.0
2026-06-12T20:47:57.205877,qwen2.5-7b,q8,cpu,8,What is the area of a circle with radius 7 cm?,Zheng et al. 2023,9,39.733861207962036,219,5.511671741484713,0.6022425081397133,0.0,2.2547539183541514,0.006647061175543976,0.0,0.024886133124997895,0.03153319430054187,7.49071030609372e-07,0.749071030609372,26,39.733861207962036,PRY,10,Apple M4,1,Apple M4,16.0
2026-06-12T20:48:49.363811,qwen2.5-7b,q8,cpu,8,What is the area of a circle with radius 7 cm?,Zheng et al. 2023,10,47.152915239334106,256,5.429144702944039,0.6315919691343665,0.0,3.013792443111946,0.008272611829565808,0.0,0.03947474989416757,0.04774736172373338,1.1342385777472863e-06,1.1342385777472863,26,47.152915239334106,PRY,10,Apple M4,1,Apple M4,16.0
2026-06-12T20:49:15.705212,qwen2.5-7b,q8,cpu,9,Solve for x: 2x + 5 = 15,Zheng et al. 2023,1,19.383826971054077,109,5.623244582340216,0.8209125814319914,0.0,5.323289076459586,0.004420118732455295,0.0,0.028662698437498576,0.03308281716995387,7.858823218722541e-07,0.785882321872254,26,19.383826971054077,PRY,10,Apple M4,1,Apple M4,16.0
2026-06-12T20:49:40.095803,qwen2.5-7b,q8,cpu,9,Solve for x: 2x + 5 = 15,Zheng et al. 2023,2,19.493907928466797,110,5.6427885267359805,0.8008539793458807,0.0,5.31013983978252,0.004336603815976347,0.0,0.02875427142333441,0.03309087523931075,7.860737413098269e-07,0.7860737413098269,26,19.493907928466797,PRY,10,Apple M4,1,Apple M4,16.0
2026-06-12T20:50:05.062383,qwen2.5-7b,q8,cpu,9,Solve for x: 2x + 5 = 15,Zheng et al. 2023,3,18.02506184577942,106,5.88070104318782,0.8917737268584824,0.0,5.498332195415783,0.004465076827518152,0.0,0.02752993829750267,0.03199501512502082,7.600415842948696e-07,0.7600415842948697,26,18.02506184577942,PRY,10,Apple M4,1,Apple M4,16.0
2026-06-12T20:50:32.410645,qwen2.5-7b,q8,cpu,9,Solve for x: 2x + 5 = 15,Zheng et al. 2023,4,22.468170166015625,126,5.6079333149515715,0.6533275035755558,0.0,2.3416773034143517,0.004077520423464936,0.0,0.014614778924169515,0.01869229934763445,4.440355710030564e-07,0.4440355710030564,26,22.468170166015625,PRY,10,Apple M4,1,Apple M4,16.0
2026-06-12T20:50:58.755582,qwen2.5-7b,q8,cpu,9,Solve for x: 2x + 5 = 15,Zheng et al. 2023,5,19.46051001548767,113,5.806630962398663,0.7974157141264295,0.0,5.314045253320363,0.004310587914240177,0.0,0.028726119687498792,0.03303670760173897,7.847869890793092e-07,0.7847869890793092,26,19.46051001548767,PRY,10,Apple M4,1,Apple M4,16.0
2026-06-12T20:51:21.730267,qwen2.5-7b,q8,cpu,9,Solve for x: 2x + 5 = 15,Zheng et al. 2023,6,17.951066970825195,101,5.6264065063179425,1.0190269344095753,0.6996928357900994,5.50863744816523,0.005081283540183606,0.003488953598409631,0.027468311041669344,0.03603854818026258,8.560957120221375e-07,0.8560957120221375,26,17.951066970825195,PRY,10,Apple M4,1,Apple M4,16.0
2026-06-12T20:51:42.900548,qwen2.5-7b,q8,cpu,9,Solve for x: 2x + 5 = 15,Zheng et al. 2023,7,14.273123979568481,86,6.025310235033777,0.04160225277631395,0.0,3.000122559735302,0.00016494280880713225,0.0,0.011894755902500642,0.012059698711307774,2.864781428871162e-07,0.2864781428871162,26,14.273123979568481,PRY,10,Apple M4,1,Apple M4,16.0
2026-06-12T20:52:05.869951,qwen2.5-7b,q8,cpu,9,Solve for x: 2x + 5 = 15,Zheng et al. 2023,8,18.04627513885498,102,5.65213592362816,0.8805455323283886,0.0,5.495414738717259,0.004414046374635451,0.0,0.027547712882502916,0.031961759257138365,7.592515911533218e-07,0.7592515911533217,26,18.04627513885498,PRY,10,Apple M4,1,Apple M4,16.0
2026-06-12T20:52:29.133862,qwen2.5-7b,q8,cpu,9,Solve for x: 2x + 5 = 15,Zheng et al. 2023,9,16.30223774909973,95,5.827420840138726,1.1016325115343144,0.0,5.762348063608453,0.00498863197643618,0.0,0.02609421336833596,0.03108284534477214,7.383729911650621e-07,0.7383729911650622,26,16.30223774909973,PRY,10,Apple M4,1,Apple M4,16.0
2026-06-12T20:52:58.837053,qwen2.5-7b,q8,cpu,9,Solve for x: 2x + 5 = 15,Zheng et al. 2023,10,22.918862104415894,109,4.755908016000428,1.043879228279122,0.0,2.1991159788551515,0.0066457011351648,0.0,0.014000343297499666,0.020646044432664466,4.904467854979444e-07,0.4904467854979444,26,22.918862104415894,PRY,10,Apple M4,1,Apple M4,16.0
2026-06-12T20:54:05.615868,qwen2.5-7b,q8,cpu,10,"If the probability of rain is 30%, what is the probability of no rain?",Zheng et al. 2023,1,58.652976989746094,256,4.364654841727041,0.8031352089093339,0.0,2.1449464431959195,0.013085075257726134,0.0,0.03494652621583555,0.04803160147356167,1.1409906930044575e-06,1.1409906930044575,26,58.652976989746094,PRY,10,Apple M4,1,Apple M4,16.0
2026-06-12T20:55:00.469202,qwen2.5-7b,q8,cpu,10,"If the probability of rain is 30%, what is the probability of no rain?",Zheng et al. 2023,2,49.963849782943726,256,5.123704460567635,0.6676897065152633,0.0,2.1118278831473245,0.009266763388318442,0.0,0.029309736422501377,0.03857649981081982,9.163847530060247e-07,0.9163847530060247,26,49.963849782943726,PRY,10,Apple M4,1,Apple M4,16.0
2026-06-12T20:55:53.829027,qwen2.5-7b,q8,cpu,10,"If the probability of rain is 30%, what is the probability of no rain?",Zheng et al. 2023,3,46.42169690132141,253,5.450037738555788,0.7877915668203336,0.0,3.010333948477813,0.010158505926764061,0.0,0.03881800281333198,0.04897650874009604,1.1634369651209814e-06,1.1634369651209815,26,46.42169690132141,PRY,10,Apple M4,1,Apple M4,16.0
2026-06-12T20:56:45.835877,qwen2.5-7b,q8,cpu,10,"If the probability of rain is 30%, what is the probability of no rain?",Zheng et al. 2023,4,47.070945024490356,256,5.438599116011093,0.6556116345076902,0.0,3.0151412867991794,0.008572294223702153,0.0,0.03942376381999869,0.04799605804370085,1.1401463588281135e-06,1.1401463588281135,26,47.070945024490356,PRY,10,Apple M4,1,Apple M4,16.0
2026-06-12T20:57:39.528084,qwen2.5-7b,q8,cpu,10,"If the probability of rain is 30%, what is the probability of no rain?",Zheng et al. 2023,5,46.795438051223755,256,5.470618732530602,0.6592585311390481,0.0,3.010050201834389,0.008569525487127248,0.0,0.03912683826417075,0.047696363751297995,1.1330271209120837e-06,1.1330271209120837,26,46.795438051223755,PRY,10,Apple M4,1,Apple M4,16.0
2026-06-12T20:58:31.604617,qwen2.5-7b,q8,cpu,10,"If the probability of rain is 30%, what is the probability of no rain?",Zheng et al. 2023,6,47.103163957595825,256,5.434879071615264,0.6480661448299311,0.0,3.009959654741136,0.008479434965358692,0.0,0.03938295086750562,0.04786238583286431,1.1369709754596917e-06,1.1369709754596917,26,47.103163957595825,PRY,10,Apple M4,1,Apple M4,16.0
2026-06-12T20:59:26.929032,qwen2.5-7b,q8,cpu,10,"If the probability of rain is 30%, what is the probability of no rain?",Zheng et al. 2023,7,48.2626838684082,256,5.304305096210626,0.7972119576449692,0.0,3.0137580987326635,0.010687663524426105,0.0,0.040403348437497086,0.0510910119619232,1.2136669891554855e-06,1.2136669891554854,26,48.2626838684082,PRY,10,Apple M4,1,Apple M4,16.0
2026-06-12T21:00:34.432207,qwen2.5-7b,q8,cpu,10,"If the probability of rain is 30%, what is the probability of no rain?",Zheng et al. 2023,8,60.753172874450684,256,4.213771691052846,1.1948036267724773,0.0,2.5361704102831353,0.020163364246758044,0.0,0.04280011093749939,0.06296347518425742,1.495697353002035e-06,1.495697353002035,26,60.753172874450684,PRY,10,Apple M4,1,Apple M4,16.0
2026-06-12T21:00:58.917244,qwen2.5-7b,q8,cpu,10,"If the probability of rain is 30%, what is the probability of no rain?",Zheng et al. 2023,9,14.447763204574585,57,3.945247384865232,0.026601891216659783,0.0,3.0001627508869606,0.00010676050697004251,0.0,0.012040455833333304,0.012147216340303345,2.8855712416390594e-07,0.28855712416390594,26,14.447763204574585,PRY,10,Apple M4,1,Apple M4,16.0
2026-06-12T21:02:02.976291,qwen2.5-7b,q8,cpu,10,"If the probability of rain is 30%, what is the probability of no rain?",Zheng et al. 2023,10,56.02873492240906,233,4.158580419898257,0.922131522850961,0.0,1.9989203469269292,0.014351628515948301,0.0,0.031110271735827463,0.04546190025177576,1.079947440480933e-06,1.079947440480933,26,56.02873492240906,PRY,10,Apple M4,1,Apple M4,16.0
2026-06-12T21:03:00.372314,qwen2.5-7b,q8,gpu,1,"If all roses are flowers and some flowers fade quickly, can we conclude that some roses fade quickly",Zheng et al. 2023,1,34.87365198135376,231,6.623911947148841,0.11202969740459304,5.036303128674421,2.2435604011540167,0.00108524574412893,0.048787300717220795,0.021733651285831004,0.07160619774718073,1.7010052274842783e-06,1.7010052274842782,26,34.87365198135376,PRY,10,Apple M4,1,Apple M4,16.0
2026-06-12T21:03:48.392034,qwen2.5-7b,q8,gpu,1,"If all roses are flowers and some flowers fade quickly, can we conclude that some roses fade quickly",Zheng et al. 2023,2,40.81580710411072,206,5.047064228683425,0.06745242679614374,0.9280421827637225,2.1659508691690856,0.0007647570113376533,0.010521886310044989,0.02455695357582954,0.03584359689721218,8.514646442932753e-07,0.8514646442932753,26,40.81580710411072,PRY,10,Apple M4,1,Apple M4,16.0
2026-06-12T21:04:42.641546,qwen2.5-7b,q8,gpu,1,"If all roses are flowers and some flowers fade quickly, can we conclude that some roses fade quickly",Zheng et al. 2023,3,43.78729438781738,256,5.846444809598124,0.0656453281181247,0.9993827431518619,2.245234205481038,0.0007984531409703312,0.012155629550137518,0.027309091979165413,0.040263174670273266,9.564517142923414e-07,0.9564517142923414,26,43.78729438781738,PRY,10,Apple M4,1,Apple M4,16.0
2026-06-12T21:05:37.041003,qwen2.5-7b,q8,gpu,1,"If all roses are flowers and some flowers fade quickly, can we conclude that some roses fade quickly",Zheng et al. 2023,4,45.99520826339722,256,5.565797170304883,0.5604242739559179,0.7405486555218012,2.8759977504497254,0.007160230887907116,0.009461580455528902,0.03674503208249917,0.05336684342593518,1.2677293655830901e-06,1.2677293655830901,26,45.99520826339722,PRY,10,Apple M4,1,Apple M4,16.0
2026-06-12T21:06:31.995495,qwen2.5-7b,q8,gpu,1,"If all roses are flowers and some flowers fade quickly, can we conclude that some roses fade quickly",Zheng et al. 2023,5,44.47710990905762,256,5.755769664967967,0.03948094973269034,0.782402749223837,2.239266303558197,0.00048777737238190195,0.00966639251954929,0.027665581527501974,0.037819751419433174,8.984081949686349e-07,0.8984081949686349,26,44.47710990905762,PRY,10,Apple M4,1,Apple M4,16.0
2026-06-12T21:07:26.155735,qwen2.5-7b,q8,gpu,1,"If all roses are flowers and some flowers fade quickly, can we conclude that some roses fade quickly",Zheng et al. 2023,6,45.76324009895325,256,5.594009502964707,0.36689881283391435,0.6413035890810865,2.892259864900449,0.004664021795483148,0.008152258367621727,0.03676643961833482,0.049582719781439695,1.1778375084080997e-06,1.1778375084080996,26,45.76324009895325,PRY,10,Apple M4,1,Apple M4,16.0
2026-06-12T21:08:18.013102,qwen2.5-7b,q8,gpu,1,"If all roses are flowers and some flowers fade quickly, can we conclude that some roses fade quickly",Zheng et al. 2023,7,41.32058787345886,233,5.638835553684393,0.049286035673087494,0.8237411419511734,2.1797332276542702,0.0005657022133234,0.009454852289160225,0.02501884954832955,0.035039404050813176,8.323610432270669e-07,0.8323610432270668,26,41.32058787345886,PRY,10,Apple M4,1,Apple M4,16.0
2026-06-12T21:09:13.768931,qwen2.5-7b,q8,gpu,1,"If all roses are flowers and some flowers fade quickly, can we conclude that some roses fade quickly",Zheng et al. 2023,8,47.127386808395386,256,5.432085615967052,0.33409821649839894,0.7495240011358207,2.886955870397482,0.0043736599669208535,0.009811974312140002,0.037792968334163866,0.05197860261322473,1.2347517050771533e-06,1.2347517050771533,26,47.127386808395386,PRY,10,Apple M4,1,Apple M4,16.0
2026-06-12T21:10:09.106737,qwen2.5-7b,q8,gpu,1,"If all roses are flowers and some flowers fade quickly, can we conclude that some roses fade quickly",Zheng et al. 2023,9,44.89274501800537,256,5.70248043191221,0.05069358139119679,0.6309173790985042,2.24373351327935,0.0006321594509568054,0.007867670285360383,0.027979821250000897,0.036479650986318085,8.66574109179986e-07,0.866574109179986,26,44.89274501800537,PRY,10,Apple M4,1,Apple M4,16.0
2026-06-12T21:10:59.470243,qwen2.5-7b,q8,gpu,1,"If all roses are flowers and some flowers fade quickly, can we conclude that some roses fade quickly",Zheng et al. 2023,10,44.440152168273926,256,5.760556332720207,0.06882743384812365,0.623138962825898,2.4242085955527193,0.0008496393426562284,0.007692330647212027,0.029925610798333464,0.03846758078820171,9.137973816237316e-07,0.9137973816237316,26,44.440152168273926,PRY,10,Apple M4,1,Apple M4,16.0
2026-06-12T21:11:25.127543,qwen2.5-7b,q8,gpu,2,A farmer has 17 sheep. All but 9 die. How many sheep does the farmer have left? Explain.,Zheng et al. 2023,1,18.570265769958496,103,5.5465011258280015,0.17303987720776026,0.0,5.423505107553812,0.0008926101412636366,0.0,0.02797664757000045,0.028869257711264085,6.857892169310782e-07,0.6857892169310782,26,18.570265769958496,PRY,10,Apple M4,1,Apple M4,16.0
2026-06-12T21:12:04.216426,qwen2.5-7b,q8,gpu,2,A farmer has 17 sheep. All but 9 die. How many sheep does the farmer have left? Explain.,Zheng et al. 2023,2,30.675803899765015,177,5.770019934224311,0.6220903922746567,0.6791165300596734,3.374680952494349,0.00530086746704035,0.005786790416999837,0.028755847534163572,0.03984350541820376,9.464824712094303e-07,0.9464824712094303,26,30.675803899765015,PRY,10,Apple M4,1,Apple M4,16.0
2026-06-12T21:12:56.896333,qwen2.5-7b,q8,gpu,2,A farmer has 17 sheep. All but 9 die. How many sheep does the farmer have left? Explain.,Zheng et al. 2023,3,44.7269492149353,256,5.723618634702588,0.05785928541680383,0.6770776928336485,2.2532384674102137,0.0007188525890138421,0.008412116550537823,0.027994578472498692,0.03712554761205035,8.81917383524256e-07,0.8819173835242561,26,44.7269492149353,PRY,10,Apple M4,1,Apple M4,16.0
2026-06-12T21:13:49.277804,qwen2.5-7b,q8,gpu,2,A farmer has 17 sheep. All but 9 die. How many sheep does the farmer have left? Explain.,Zheng et al. 2023,4,47.72023677825928,256,5.364600372574645,0.1632603266054318,0.6048118962225915,3.224978397804506,0.002164117067251986,0.008017157470569457,0.04274909243000063,0.052930366967822065,1.257360867320613e-06,1.2573608673206131,26,47.72023677825928,PRY,10,Apple M4,1,Apple M4,16.0
2026-06-12T21:14:08.004562,qwen2.5-7b,q8,gpu,2,A farmer has 17 sheep. All but 9 die. How many sheep does the farmer have left? Explain.,Zheng et al. 2023,5,9.675883054733276,66,6.821082853798438,0.02290156416574607,0.0,3.000163856755284,6.1553571288397e-05,0.0,0.008063676284167135,0.008125229855455532,1.9301483521634616e-07,0.19301483521634616,26,9.675883054733276,PRY,10,Apple M4,1,Apple M4,16.0
2026-06-12T21:14:32.296590,qwen2.5-7b,q8,gpu,2,A farmer has 17 sheep. All but 9 die. How many sheep does the farmer have left? Explain.,Zheng et al. 2023,6,18.360137939453125,127,6.917159360066487,0.14856656662185513,0.0,5.452732665089098,0.0007576951823245035,0.0,0.027809145521666023,0.02856684070399053,6.786053009232949e-07,0.678605300923295,26,18.360137939453125,PRY,10,Apple M4,1,Apple M4,16.0
2026-06-12T21:14:59.727144,qwen2.5-7b,q8,gpu,2,A farmer has 17 sheep. All but 9 die. How many sheep does the farmer have left? Explain.,Zheng et al. 2023,7,18.34717893600464,106,5.777454962952633,0.1856591065585935,0.0,5.45478316296325,0.0009462002358692409,0.0,0.027799967429997803,0.028746167665867045,6.828652129026717e-07,0.6828652129026717,26,18.34717893600464,PRY,10,Apple M4,1,Apple M4,16.0
2026-06-12T21:15:29.324400,qwen2.5-7b,q8,gpu,2,A farmer has 17 sheep. All but 9 die. How many sheep does the farmer have left? Explain.,Zheng et al. 2023,8,21.019949197769165,131,6.232174910008962,0.10485147122869039,1.041607716786818,2.1923301736567877,0.0006122146107051187,0.006081817025239791,0.012800741354167259,0.019494772990112166,4.6309833238011445e-07,0.46309833238011444,26,21.019949197769165,PRY,10,Apple M4,1,Apple M4,16.0
2026-06-12T21:15:50.148025,qwen2.5-7b,q8,gpu,2,A farmer has 17 sheep. All but 9 die. How many sheep does the farmer have left? Explain.,Zheng et al. 2023,9,10.398794412612915,71,6.827714558322512,0.02910497766862408,0.0,3.000474563393202,8.40712997665866e-05,0.0,0.008667032812500112,0.008751104112266699,2.078824781868954e-07,0.2078824781868954,26,10.398794412612915,PRY,10,Apple M4,1,Apple M4,16.0
2026-06-12T21:16:21.931320,qwen2.5-7b,q8,gpu,2,A farmer has 17 sheep. All but 9 die. How many sheep does the farmer have left? Explain.,Zheng et al. 2023,10,23.423674821853638,161,6.873387767908709,0.07451436991817482,1.3165689026504426,2.3087761916644545,0.00048483343625517765,0.008566356071180179,0.015022228541662724,0.024073418049098082,5.718640457563249e-07,0.5718640457563249,26,23.423674821853638,PRY,10,Apple M4,1,Apple M4,16.0
2026-06-12T21:17:12.583006,qwen2.5-7b,q8,gpu,3,"If it takes 5 machines 5 minutes to make 5 widgets, how long does it take 100 machines to make 100 w",Zheng et al. 2023,1,42.7407431602478,256,5.989601047416971,0.048117857138315165,2.4817575698336563,2.50099359466488,0.0005712758259361735,0.029464489688405846,0.029692868020832368,0.059728633535174394,1.4188536896280676e-06,1.4188536896280677,26,42.7407431602478,PRY,10,Apple M4,1,Apple M4,16.0
2026-06-12T21:18:10.497102,qwen2.5-7b,q8,gpu,3,"If it takes 5 machines 5 minutes to make 5 widgets, how long does it take 100 machines to make 100 w",Zheng et al. 2023,2,50.791810035705566,256,5.040182655826548,0.0382876989117022,0.9455816795982598,2.0049041825523397,0.0005401948693965191,0.013341056956499503,0.028286864549997216,0.04216811637589324,1.0017036045093438e-06,1.0017036045093437,26,50.791810035705566,PRY,10,Apple M4,1,Apple M4,16.0
2026-06-12T21:18:47.515415,qwen2.5-7b,q8,gpu,3,"If it takes 5 machines 5 minutes to make 5 widgets, how long does it take 100 machines to make 100 w",Zheng et al. 2023,3,26.586825847625732,170,6.394144264317337,0.053027923392249154,1.1504913397473413,2.388646288126429,0.00039162337896971305,0.008496642469184492,0.017640700798331944,0.026528966646486147,6.301956026872784e-07,0.6301956026872784,26,26.586825847625732,PRY,10,Apple M4,1,Apple M4,16.0
2026-06-12T21:19:35.267492,qwen2.5-7b,q8,gpu,3,"If it takes 5 machines 5 minutes to make 5 widgets, how long does it take 100 machines to make 100 w",Zheng et al. 2023,4,39.2266948223114,221,5.6339184578533335,0.05634133607975564,0.7972714922960527,2.1418763326756918,0.0006139123323005159,0.008687312644118348,0.02333853590250025,0.032639760878919115,7.753575196787235e-07,0.7753575196787235,26,39.2266948223114,PRY,10,Apple M4,1,Apple M4,16.0
2026-06-12T21:20:11.397079,qwen2.5-7b,q8,gpu,3,"If it takes 5 machines 5 minutes to make 5 widgets, how long does it take 100 machines to make 100 w",Zheng et al. 2023,5,25.69144916534424,165,6.422370296751191,0.06580844495232425,1.0173558986469622,2.3690446765492204,0.0004696428661508315,0.0072603742647643155,0.016906719688331576,0.024636736819246722,5.852456831412058e-07,0.5852456831412058,26,25.69144916534424,PRY,10,Apple M4,1,Apple M4,16.0
2026-06-12T21:20:59.555901,qwen2.5-7b,q8,gpu,3,"If it takes 5 machines 5 minutes to make 5 widgets, how long does it take 100 machines to make 100 w",Zheng et al. 2023,6,39.584779024124146,224,5.65874069584897,0.04877089046233269,0.8366322887315163,2.155766748754461,0.000536273589378112,0.00919941785385675,0.023704319549166637,0.0334400109924015,7.943674611244975e-07,0.7943674611244975,26,39.584779024124146,PRY,10,Apple M4,1,Apple M4,16.0
2026-06-12T21:21:29.412852,qwen2.5-7b,q8,gpu,3,"If it takes 5 machines 5 minutes to make 5 widgets, how long does it take 100 machines to make 100 w",Zheng et al. 2023,7,19.437714338302612,132,6.790921900724199,0.27971101157271244,0.0,5.316886759589747,0.0015102618722855668,0.0,0.02870781277833582,0.030218074650621384,7.17830363325511e-07,0.717830363325511,26,19.437714338302612,PRY,10,Apple M4,1,Apple M4,16.0
2026-06-12T21:22:06.507225,qwen2.5-7b,q8,gpu,3,"If it takes 5 machines 5 minutes to make 5 widgets, how long does it take 100 machines to make 100 w",Zheng et al. 2023,8,28.645336866378784,172,6.0044677010546,0.05238081633270023,0.7210446424123352,2.4212732363922327,0.00041679614699614273,0.005737379632666381,0.019266163195000748,0.02542033897466327,6.03860152343126e-07,0.603860152343126,26,28.645336866378784,PRY,10,Apple M4,1,Apple M4,16.0
2026-06-12T21:22:37.756768,qwen2.5-7b,q8,gpu,3,"If it takes 5 machines 5 minutes to make 5 widgets, how long does it take 100 machines to make 100 w",Zheng et al. 2023,9,20.829972982406616,141,6.769091833152699,0.09618255159312344,1.3237923714373425,2.2229944638967023,0.0005565222086288033,0.007659599814265509,0.01286247628416883,0.021078598307063143,5.007221027842849e-07,0.5007221027842849,26,20.829972982406616,PRY,10,Apple M4,1,Apple M4,16.0
2026-06-12T21:23:31.735789,qwen2.5-7b,q8,gpu,3,"If it takes 5 machines 5 minutes to make 5 widgets, how long does it take 100 machines to make 100 w",Zheng et al. 2023,10,45.5757372379303,256,5.6170237831489125,0.4246253332661206,0.6681776720680388,2.890003562912884,0.005375725725973693,0.008459080558451359,0.036587234166666656,0.05042204045109171,1.1977755709156834e-06,1.1977755709156834,26,45.5757372379303,PRY,10,Apple M4,1,Apple M4,16.0
2026-06-12T21:24:10.374476,qwen2.5-7b,q8,gpu,4,A bat and ball cost $1.10. The bat costs $1 more than the ball. How much does the ball cost?,Zheng et al. 2023,1,28.196606874465942,171,6.064559496868143,0.06106486281366769,0.5096092412390715,2.4104570959406098,0.00047828386961116165,0.003991458731892493,0.0188796419783345,0.023349384579838154,5.546646306940553e-07,0.5546646306940552,26,28.196606874465942,PRY,10,Apple M4,1,Apple M4,16.0
2026-06-12T21:25:04.276098,qwen2.5-7b,q8,gpu,4,A bat and ball cost $1.10. The bat costs $1 more than the ball. How much does the ball cost?,Zheng et al. 2023,2,45.491573095321655,256,5.627415861473628,0.41172686207092524,0.7588099937709222,2.8903989393485774,0.005202806289224143,0.009588738971414022,0.03652466517333778,0.051316210433975946,1.2190165788590984e-06,1.2190165788590983,26,45.491573095321655,PRY,10,Apple M4,1,Apple M4,16.0
2026-06-12T21:26:00.244920,qwen2.5-7b,q8,gpu,4,A bat and ball cost $1.10. The bat costs $1 more than the ball. How much does the ball cost?,Zheng et al. 2023,3,45.61164307594299,256,5.6126020186065695,0.5134222217150431,0.7635520175346598,2.8722539939171776,0.00650500864559006,0.009674128359363075,0.036391173331667234,0.052570310336620366,1.2488077220464168e-06,1.2488077220464169,26,45.61164307594299,PRY,10,Apple M4,1,Apple M4,16.0
2026-06-12T21:26:56.094815,qwen2.5-7b,q8,gpu,4,A bat and ball cost $1.10. The bat costs $1 more than the ball. How much does the ball cost?,Zheng et al. 2023,4,47.24833297729492,256,5.4181805762971615,0.26785956068466377,0.721974311174243,2.8892853916475123,0.003515532698439147,0.009475578515392715,0.037920532847498786,0.05091164406133064,1.2094061046769093e-06,1.2094061046769093,26,47.24833297729492,PRY,10,Apple M4,1,Apple M4,16.0
2026-06-12T21:27:50.793740,qwen2.5-7b,q8,gpu,4,A bat and ball cost $1.10. The bat costs $1 more than the ball. How much does the ball cost?,Zheng et al. 2023,5,44.2538161277771,256,5.784811851272521,0.07448262518634081,1.0048742159008126,2.2464390322623204,0.0009155945554751295,0.01235264410611632,0.02761486107666618,0.04088309973825763,9.711780342823098e-07,0.9711780342823098,26,44.2538161277771,PRY,10,Apple M4,1,Apple M4,16.0
2026-06-12T21:28:44.712250,qwen2.5-7b,q8,gpu,4,A bat and ball cost $1.10. The bat costs $1 more than the ball. How much does the ball cost?,Zheng et al. 2023,6,45.49985694885254,256,5.6263913156425005,0.42246581559267454,0.7092579078498629,2.8906324891709554,0.005339481715346392,0.00896420370750311,0.03653426798582889,0.0508379534086784,1.2076555832231553e-06,1.2076555832231552,26,45.49985694885254,PRY,10,Apple M4,1,Apple M4,16.0
2026-06-12T21:29:40.908122,qwen2.5-7b,q8,gpu,4,A bat and ball cost $1.10. The bat costs $1 more than the ball. How much does the ball cost?,Zheng et al. 2023,7,45.795969009399414,254,5.546339677797136,0.497595325328577,0.7216379146370763,2.858346994429573,0.00632996113832487,0.009180029881868657,0.03636132510416853,0.05187131612436205,1.2322031145342204e-06,1.2322031145342205,26,45.795969009399414,PRY,10,Apple M4,1,Apple M4,16.0
2026-06-12T21:30:36.991730,qwen2.5-7b,q8,gpu,4,A bat and ball cost $1.10. The bat costs $1 more than the ball. How much does the ball cost?,Zheng et al. 2023,8,47.41728115081787,256,5.398875553108013,0.26910025264812326,0.7146222541645335,2.8870963111861583,0.0035444450937700506,0.009412623428430808,0.038027293749167565,0.050984362271368426,1.211133525756357e-06,1.211133525756357,26,47.41728115081787,PRY,10,Apple M4,1,Apple M4,16.0
2026-06-12T21:31:31.370629,qwen2.5-7b,q8,gpu,4,A bat and ball cost $1.10. The bat costs $1 more than the ball. How much does the ball cost?,Zheng et al. 2023,9,44.538236141204834,256,5.747870193789735,0.08161164082209989,0.8356427038880971,2.260348216458937,0.001009677369668299,0.01033834779873416,0.027964422951666474,0.03931244812006894,9.338672050922376e-07,0.9338672050922375,26,44.538236141204834,PRY,10,Apple M4,1,Apple M4,16.0
2026-06-12T21:32:22.504871,qwen2.5-7b,q8,gpu,4,A bat and ball cost $1.10. The bat costs $1 more than the ball. How much does the ball cost?,Zheng et al. 2023,10,46.398762941360474,256,5.517388477006102,0.3606868692989128,0.7511734014298667,2.8919198431988127,0.004648729040183813,0.009681532383555498,0.03727263979166613,0.05160290121540544,1.225826918371956e-06,1.2258269183719561,26,46.398762941360474,PRY,10,Apple M4,1,Apple M4,16.0
2026-06-12T21:33:16.898894,qwen2.5-7b,q8,gpu,5,Three switches control three light bulbs in another room. You can only enter the room once. How do y,Zheng et al. 2023,1,47.70067310333252,256,5.366800578378317,0.09209658808615746,0.5726716475861148,3.2552537762860956,0.0012202970117305737,0.007588006404736695,0.0431327211808366,0.051941024597303875,1.2338590393089535e-06,1.2338590393089535,26,47.70067310333252,PRY,10,Apple M4,1,Apple M4,16.0
2026-06-12T21:34:12.464272,qwen2.5-7b,q8,gpu,5,Three switches control three light bulbs in another room. You can only enter the room once. How do y,Zheng et al. 2023,2,50.86508798599243,256,5.03292159979157,0.09122999868085499,0.6969262934817396,2.1482727928059098,0.0012890060860732396,0.009847004788250074,0.030353356839996192,0.04148936771431952,9.855799300536601e-07,0.9855799300536602,26,50.86508798599243,PRY,10,Apple M4,1,Apple M4,16.0
2026-06-12T21:35:07.345318,qwen2.5-7b,q8,gpu,5,Three switches control three light bulbs in another room. You can only enter the room once. How do y,Zheng et al. 2023,3,45.67969512939453,239,5.232083955967678,0.6404023107857012,0.7230112824604705,2.872081211430424,0.0081259395324585,0.009174148599418569,0.03644327614583441,0.05374336427771148,1.276673618417036e-06,1.276673618417036,26,45.67969512939453,PRY,10,Apple M4,1,Apple M4,16.0
2026-06-12T21:36:04.047145,qwen2.5-7b,q8,gpu,5,Three switches control three light bulbs in another room. You can only enter the room once. How do y,Zheng et al. 2023,4,48.263179063797,256,5.304250672372923,0.08161916726336865,0.6555597798753071,2.868675630276775,0.0010942223568527665,0.008788721956429248,0.038458723783332975,0.04834166809661499,1.148356325635089e-06,1.148356325635089,26,48.263179063797,PRY,10,Apple M4,1,Apple M4,16.0
2026-06-12T21:36:48.879664,qwen2.5-7b,q8,gpu,5,Three switches control three light bulbs in another room. You can only enter the room once. How do y,Zheng et al. 2023,5,35.46888828277588,216,6.089844098803971,0.06980696356297399,0.9870352557407992,2.283984149154438,0.0006877709422152586,0.009724734226953202,0.0225028829516638,0.03291538812083226,7.819050448103703e-07,0.7819050448103703,26,35.46888828277588,PRY,10,Apple M4,1,Apple M4,16.0
2026-06-12T21:37:39.070344,qwen2.5-7b,q8,gpu,5,Three switches control three light bulbs in another room. You can only enter the room once. How do y,Zheng et al. 2023,6,43.99820303916931,256,5.818419442541699,0.07203737014125183,0.49082607414487844,2.527856311631047,0.0008804207883007197,0.005998740351984648,0.030894759792496795,0.03777392093278216,8.973194917582401e-07,0.8973194917582401,26,43.99820303916931,PRY,10,Apple M4,1,Apple M4,16.0
2026-06-12T21:38:38.175850,qwen2.5-7b,q8,gpu,5,Three switches control three light bulbs in another room. You can only enter the room once. How do y,Zheng et al. 2023,7,49.756086111068726,256,5.145099223209406,0.203170417094297,0.5931898515276924,3.0457804556354153,0.002808045768934886,0.008198557036895537,0.042096142951668296,0.053102745757498716,1.261455725469382e-06,1.261455725469382,26,49.756086111068726,PRY,10,Apple M4,1,Apple M4,16.0
2026-06-12T21:39:27.868667,qwen2.5-7b,q8,gpu,5,Three switches control three light bulbs in another room. You can only enter the room once. How do y,Zheng et al. 2023,8,43.60532879829407,256,5.870842097858811,0.0812893570502214,0.41272429434816804,2.5094611229095283,0.00098462476166023,0.004999160710582158,0.030396077047501725,0.03637986251974411,8.642036341565213e-07,0.8642036341565212,26,43.60532879829407,PRY,10,Apple M4,1,Apple M4,16.0
2026-06-12T21:40:19.884369,qwen2.5-7b,q8,gpu,5,Three switches control three light bulbs in another room. You can only enter the room once. How do y,Zheng et al. 2023,9,45.31715202331543,256,5.649075208174807,1.0238043103119905,0.5905867114214417,3.389585907626364,0.012887748770148354,0.007434363273454275,0.042668438853330985,0.06299055089693362,1.4963405365566578e-06,1.4963405365566578,26,45.31715202331543,PRY,10,Apple M4,1,Apple M4,16.0
2026-06-12T21:41:11.159812,qwen2.5-7b,q8,gpu,5,Three switches control three light bulbs in another room. You can only enter the room once. How do y,Zheng et al. 2023,10,46.54640984535217,256,5.499887120199938,0.0987825894238617,0.5922557475890646,3.330771691524054,0.0012772152480300604,0.007657605211262792,0.0430654067374932,0.052000227196786056,1.2352653970596525e-06,1.2352653970596525,26,46.54640984535217,PRY,10,Apple M4,1,Apple M4,16.0
2026-06-12T21:41:44.358932,qwen2.5-7b,q8,gpu,6,"Given that f(x) = 4x³ - 9x - 14, find the value of f(2).",Zheng et al. 2023,1,24.92019009590149,136,5.457422253868252,0.04013478591308751,0.8528036633729529,2.3098395327838137,0.0002778240262256805,0.005903341501593102,0.015989344513333587,0.022170510041152364,5.266604660275744e-07,0.5266604660275744,26,24.92019009590149,PRY,10,Apple M4,1,Apple M4,16.0
2026-06-12T21:42:18.565499,qwen2.5-7b,q8,gpu,6,"Given that f(x) = 4x³ - 9x - 14, find the value of f(2).",Zheng et al. 2023,2,27.450109004974365,171,6.2294834592100266,0.0525578417741986,0.6739355020171068,2.562103673659546,0.0004007551349355408,0.005138778609081029,0.019536118089999947,0.025075651834016513,5.956721093170622e-07,0.5956721093170623,26,27.450109004974365,PRY,10,Apple M4,1,Apple M4,16.0
2026-06-12T21:42:45.464904,qwen2.5-7b,q8,gpu,6,"Given that f(x) = 4x³ - 9x - 14, find the value of f(2).",Zheng et al. 2023,3,17.67946696281433,104,5.882530294535792,0.8050537968924425,0.0,5.547051189680647,0.003953589445957827,0.0,0.0272413634024997,0.031194952848457524,7.410361049151084e-07,0.7410361049151084,26,17.67946696281433,PRY,10,Apple M4,1,Apple M4,16.0
2026-06-12T21:43:35.481687,qwen2.5-7b,q8,gpu,6,"Given that f(x) = 4x³ - 9x - 14, find the value of f(2).",Zheng et al. 2023,4,43.9684100151062,256,5.8223620074514,0.08296156299319765,0.4129454318643959,2.564417230740316,0.0010132466714386044,0.0050434872394663505,0.03132037451416484,0.037377108425069805,8.878932106375332e-07,0.8878932106375331,26,43.9684100151062,PRY,10,Apple M4,1,Apple M4,16.0
2026-06-12T21:44:31.274169,qwen2.5-7b,q8,gpu,6,"Given that f(x) = 4x³ - 9x - 14, find the value of f(2).",Zheng et al. 2023,5,48.796940088272095,256,5.246230594313992,0.12865842256546287,0.7504203203250848,2.3452343435668404,0.0017439270382718015,0.010171726503312531,0.031788961043330344,0.04370461458491468,1.0382031194646482e-06,1.0382031194646482,26,48.796940088272095,PRY,10,Apple M4,1,Apple M4,16.0
2026-06-12T21:45:01.808641,qwen2.5-7b,q8,gpu,6,"Given that f(x) = 4x³ - 9x - 14, find the value of f(2).",Zheng et al. 2023,6,25.49358892440796,135,5.2954490009348545,0.07377267714599367,0.6314527354266948,2.6230939501021835,0.0005224250847258412,0.004471665683933638,0.018575577465001818,0.023569668233661297,5.598974688906241e-07,0.5598974688906241,26,25.49358892440796,PRY,10,Apple M4,1,Apple M4,16.0
2026-06-12T21:45:33.318437,qwen2.5-7b,q8,gpu,6,"Given that f(x) = 4x³ - 9x - 14, find the value of f(2).",Zheng et al. 2023,7,22.046212673187256,113,5.125596930189797,0.27479832806013144,0.9130289085895228,2.226840556550637,0.0016828506618472051,0.005591341526536851,0.013637055694165004,0.02091124788254906,4.967466934499528e-07,0.4967466934499528,26,22.046212673187256,PRY,10,Apple M4,1,Apple M4,16.0
2026-06-12T21:46:30.759955,qwen2.5-7b,q8,gpu,6,"Given that f(x) = 4x³ - 9x - 14, find the value of f(2).",Zheng et al. 2023,8,48.91383504867554,256,5.233693079785038,0.2623789442096638,0.7128382014269773,3.0306296491468903,0.00356498899925476,0.009685458389164922,0.04117769965333234,0.054428147041752035,1.2929406329768195e-06,1.2929406329768196,26,48.91383504867554,PRY,10,Apple M4,1,Apple M4,16.0
2026-06-12T21:46:58.334045,qwen2.5-7b,q8,gpu,6,"Given that f(x) = 4x³ - 9x - 14, find the value of f(2).",Zheng et al. 2023,9,17.002931118011475,115,6.763539721582397,1.8947120011377476,0.0,5.648664388004509,0.008948793789948556,0.0,0.02667884763833475,0.035627641428283306,8.463346221288699e-07,0.8463346221288699,26,17.002931118011475,PRY,10,Apple M4,1,Apple M4,16.0
2026-06-12T21:47:29.171275,qwen2.5-7b,q8,gpu,6,"Given that f(x) = 4x³ - 9x - 14, find the value of f(2).",Zheng et al. 2023,10,22.242290019989014,123,5.530006122996356,0.32221104087615077,0.9659578938927498,2.2693910206920176,0.0019907531718916334,0.005968087673072309,0.014021237014164096,0.02198007785912804,5.221367495435865e-07,0.5221367495435865,26,22.242290019989014,PRY,10,Apple M4,1,Apple M4,16.0
2026-06-12T21:48:26.826588,qwen2.5-7b,q8,gpu,7,"Calculate the compound interest on $10,000 at 5% annual rate over 3 years.",Zheng et al. 2023,1,48.871068716049194,256,5.238273005393269,0.4093997448145346,0.5100414648656811,3.095204506410051,0.005557723072545591,0.006923964299301415,0.04201832003416409,0.05450000740601109,1.2946476759297933e-06,1.2946476759297934,26,48.871068716049194,PRY,10,Apple M4,1,Apple M4,16.0
2026-06-12T21:49:24.015231,qwen2.5-7b,q8,gpu,7,"Calculate the compound interest on $10,000 at 5% annual rate over 3 years.",Zheng et al. 2023,2,51.939982175827026,256,4.928765649810772,0.24170492058452858,0.8991902921413342,2.135637777993869,0.0034872636852694727,0.012973313262915998,0.030812496700840106,0.047273073649025575,1.1229718645326026e-06,1.1229718645326026,26,51.939982175827026,PRY,10,Apple M4,1,Apple M4,16.0
2026-06-12T21:50:26.125040,qwen2.5-7b,q8,gpu,7,"Calculate the compound interest on $10,000 at 5% annual rate over 3 years.",Zheng et al. 2023,3,52.8184540271759,256,4.84679085586799,0.16271596240421723,0.9838630581363853,2.060217699972484,0.002387334883259675,0.014435034918114823,0.030227087186658536,0.047049456988033034,1.1176598507507246e-06,1.1176598507507247,26,52.8184540271759,PRY,10,Apple M4,1,Apple M4,16.0
2026-06-12T21:51:24.366986,qwen2.5-7b,q8,gpu,7,"Calculate the compound interest on $10,000 at 5% annual rate over 3 years.",Zheng et al. 2023,4,49.58980202674866,256,5.162351724290289,0.31005488289144734,0.6992039087057357,2.918303339867011,0.004270988961114892,0.009631495391401743,0.040199468021667906,0.05410195237418455,1.285191878648754e-06,1.285191878648754,26,49.58980202674866,PRY,10,Apple M4,1,Apple M4,16.0
2026-06-12T21:52:21.977454,qwen2.5-7b,q8,gpu,7,"Calculate the compound interest on $10,000 at 5% annual rate over 3 years.",Zheng et al. 2023,5,48.7845139503479,256,5.2475668869131855,0.45041982169786116,0.5130719884913628,3.0640258075162916,0.006103753354203478,0.0069527687722471185,0.041521391597501255,0.054577913723951856,1.2964983405124762e-06,1.2964983405124761,26,48.7845139503479,PRY,10,Apple M4,1,Apple M4,16.0
2026-06-12T21:53:18.918788,qwen2.5-7b,q8,gpu,7,"Calculate the compound interest on $10,000 at 5% annual rate over 3 years.",Zheng et al. 2023,6,50.21756291389465,256,5.097818076893724,0.3908506421898542,0.6322641122981513,3.062441782344274,0.005452101865029204,0.00881965634375838,0.042718989687503685,0.05699074789629126,1.3538152162763987e-06,1.3538152162763988,26,50.21756291389465,PRY,10,Apple M4,1,Apple M4,16.0
2026-06-12T21:54:19.352278,qwen2.5-7b,q8,gpu,7,"Calculate the compound interest on $10,000 at 5% annual rate over 3 years.",Zheng et al. 2023,7,53.13226914405823,256,4.818164255433996,0.24620586462026944,0.8515541616767329,2.1068307132430957,0.003633743406624922,0.012568056919153069,0.03109463791583342,0.047296438241611415,1.123526890429479e-06,1.123526890429479,26,53.13226914405823,PRY,10,Apple M4,1,Apple M4,16.0
2026-06-12T21:55:18.791837,qwen2.5-7b,q8,gpu,7,"Calculate the compound interest on $10,000 at 5% annual rate over 3 years.",Zheng et al. 2023,8,53.46629810333252,256,4.788062930881009,0.2746650823975972,0.8770805660524437,2.1202540716004967,0.004079256992790645,0.013026180834777662,0.03148948229083241,0.04859492011840072,1.154372327412609e-06,1.154372327412609,26,53.46629810333252,PRY,10,Apple M4,1,Apple M4,16.0
2026-06-12T21:56:15.489323,qwen2.5-7b,q8,gpu,7,"Calculate the compound interest on $10,000 at 5% annual rate over 3 years.",Zheng et al. 2023,9,47.80226707458496,256,5.355394538099377,0.38771706747349544,0.6866733427593793,2.980054510861266,0.0051482652246508075,0.009117928478772741,0.03957037822916997,0.05383657193259352,1.278887766258759e-06,1.278887766258759,26,47.80226707458496,PRY,10,Apple M4,1,Apple M4,16.0
2026-06-12T21:57:12.550559,qwen2.5-7b,q8,gpu,7,"Calculate the compound interest on $10,000 at 5% annual rate over 3 years.",Zheng et al. 2023,10,51.80642580986023,256,4.9414719505949,0.26011868321787907,0.8944613052970176,2.147530294472166,0.0037432831288571073,0.012871900903516857,0.03090440802083321,0.04751959205320718,1.1288279092239367e-06,1.1288279092239366,26,51.80642580986023,PRY,10,Apple M4,1,Apple M4,16.0
2026-06-12T21:57:59.380060,qwen2.5-7b,q8,gpu,8,What is the area of a circle with radius 7 cm?,Zheng et al. 2023,1,39.68916893005371,193,4.862787637104066,0.21687333701027312,0.8863971538376272,2.0693982631571237,0.002390978474729222,0.009772323993827886,0.022814638125000786,0.034977940593557896,8.309009787999678e-07,0.8309009787999678,26,39.68916893005371,PRY,10,Apple M4,1,Apple M4,16.0
2026-06-12T21:58:30.691779,qwen2.5-7b,q8,gpu,8,What is the area of a circle with radius 7 cm?,Zheng et al. 2023,2,26.076908111572266,128,4.908557389255702,0.39810550723293003,0.7004722915833413,2.4954181529336656,0.002883711314117773,0.005073930995089235,0.018075774965000162,0.02603341727420717,6.184238273487913e-07,0.6184238273487913,26,26.076908111572266,PRY,10,Apple M4,1,Apple M4,16.0
2026-06-12T21:59:00.999039,qwen2.5-7b,q8,gpu,8,What is the area of a circle with radius 7 cm?,Zheng et al. 2023,3,23.07939314842224,120,5.199443470124494,0.25317893353808385,0.7334256281013797,2.3615076401488997,0.0016231155955621396,0.004701949560022295,0.015139489791666468,0.0214645549472509,5.098905027719451e-07,0.5098905027719451,26,23.07939314842224,PRY,10,Apple M4,1,Apple M4,16.0
2026-06-12T21:59:33.668926,qwen2.5-7b,q8,gpu,8,What is the area of a circle with radius 7 cm?,Zheng et al. 2023,4,27.546895742416382,131,4.7555267651551665,0.3304359390760695,0.7677934343103763,2.396444321359423,0.0025284678786877605,0.005875090468516599,0.018337389409164944,0.026740947756369312,6.352312139525529e-07,0.6352312139525529,26,27.546895742416382,PRY,10,Apple M4,1,Apple M4,16.0
2026-06-12T22:00:04.924091,qwen2.5-7b,q8,gpu,8,What is the area of a circle with radius 7 cm?,Zheng et al. 2023,5,23.966572999954224,124,5.1738727935878375,0.3821058425689169,0.7442763529690936,2.468291560796689,0.0025438243248991563,0.004954931540437077,0.016432358299167997,0.023931114164504226,5.684836169777979e-07,0.5684836169777979,26,23.966572999954224,PRY,10,Apple M4,1,Apple M4,16.0
2026-06-12T22:00:48.016373,qwen2.5-7b,q8,gpu,8,What is the area of a circle with radius 7 cm?,Zheng et al. 2023,6,37.83353614807129,185,4.889841628230437,0.22905965077508525,0.7792143386946252,2.2380527568081203,0.0024072601604621592,0.008189009402805158,0.02352040274333073,0.03411667230659805,8.104415506432367e-07,0.8104415506432366,26,37.83353614807129,PRY,10,Apple M4,1,Apple M4,16.0
2026-06-12T22:01:30.849361,qwen2.5-7b,q8,gpu,8,What is the area of a circle with radius 7 cm?,Zheng et al. 2023,7,35.43795204162598,176,4.966426947958721,0.4908892004662597,0.5024196589495992,3.478763526012747,0.004832252206632064,0.004945756605173881,0.03424451527749928,0.04402252408930522,1.0457550597414456e-06,1.0457550597414456,26,35.43795204162598,PRY,10,Apple M4,1,Apple M4,16.0
2026-06-12T22:02:12.463605,qwen2.5-7b,q8,gpu,8,What is the area of a circle with radius 7 cm?,Zheng et al. 2023,8,36.07119107246399,177,4.906963001150195,0.2705449740116695,0.9027453492285278,2.1949487220960715,0.0027107998475749263,0.009045305550500128,0.02199289298583002,0.03374899838390507,8.017074566096649e-07,0.8017074566096649,26,36.07119107246399,PRY,10,Apple M4,1,Apple M4,16.0
2026-06-12T22:02:41.478376,qwen2.5-7b,q8,gpu,8,What is the area of a circle with radius 7 cm?,Zheng et al. 2023,9,21.68764591217041,112,5.164230385057569,0.35381251563446675,0.8713394302517637,2.320378688485004,0.0021314890439929368,0.005249250286836822,0.013978764271669204,0.021359503602498962,5.073950080773628e-07,0.5073950080773628,26,21.68764591217041,PRY,10,Apple M4,1,Apple M4,16.0
2026-06-12T22:03:40.130112,qwen2.5-7b,q8,gpu,8,What is the area of a circle with radius 7 cm?,Zheng et al. 2023,10,53.02376198768616,256,4.828024085870247,0.2603154882468883,0.8687616569922213,2.0939600607702564,0.0038341406918087004,0.012795836478995385,0.030841566631667476,0.04747154380247156,1.127686523027712e-06,1.127686523027712,26,53.02376198768616,PRY,10,Apple M4,1,Apple M4,16.0
2026-06-12T22:04:09.413399,qwen2.5-7b,q8,gpu,9,Solve for x: 2x + 5 = 15,Zheng et al. 2023,1,21.92658305168152,109,4.971134797568969,0.3406725058221872,0.8253435662185813,2.371552027757572,0.0020749399978707344,0.005026934514128536,0.014444453471669479,0.021546327983668748,5.118330212520511e-07,0.5118330212520511,26,21.92658305168152,PRY,10,Apple M4,1,Apple M4,16.0
2026-06-12T22:04:41.149220,qwen2.5-7b,q8,gpu,9,Solve for x: 2x + 5 = 15,Zheng et al. 2023,2,23.48616600036621,119,5.066812522663106,0.16112324685370513,0.9744064461090417,2.2421103608899977,0.0010511575894789171,0.006356964318095512,0.014627382257500966,0.022035504165075395,5.23453401441366e-07,0.523453401441366,26,23.48616600036621,PRY,10,Apple M4,1,Apple M4,16.0
2026-06-12T22:05:07.543863,qwen2.5-7b,q8,gpu,9,Solve for x: 2x + 5 = 15,Zheng et al. 2023,3,15.848828792572021,109,6.877479807913994,2.076799554972254,0.0,5.84048912771335,0.009143011273123619,0.0,0.025712475625001997,0.034855486898125614,8.27992091264974e-07,0.827992091264974,26,15.848828792572021,PRY,10,Apple M4,1,Apple M4,16.0
2026-06-12T22:05:31.154330,qwen2.5-7b,q8,gpu,9,Solve for x: 2x + 5 = 15,Zheng et al. 2023,4,14.868762731552124,86,5.783937880554411,0.3058154913328941,0.0,3.0001237784453085,0.0012630827722949548,0.0,0.012391146840830819,0.013654229613125774,3.2435622445980277e-07,0.3243562244598028,26,14.868762731552124,PRY,10,Apple M4,1,Apple M4,16.0
2026-06-12T22:05:57.833202,qwen2.5-7b,q8,gpu,9,Solve for x: 2x + 5 = 15,Zheng et al. 2023,5,17.827553033828735,109,6.114131299633027,0.8490000098985812,2.578691320820198e-05,5.525128115624596,0.004204331306163355,1.276993229994332e-07,0.02736097624999881,0.031565435255485164,7.4983691449405e-07,0.74983691449405,26,17.827553033828735,PRY,10,Apple M4,1,Apple M4,16.0
2026-06-12T22:06:21.812136,qwen2.5-7b,q8,gpu,9,Solve for x: 2x + 5 = 15,Zheng et al. 2023,6,18.574284076690674,94,5.060760329274974,0.896844493187529,0.0058766340716945465,5.4238367454728,0.004627290108078011,3.032063073955942e-05,0.027984412360001442,0.032642023098819015,7.754112587124456e-07,0.7754112587124457,26,18.574284076690674,PRY,10,Apple M4,1,Apple M4,16.0
2026-06-12T22:06:45.719929,qwen2.5-7b,q8,gpu,9,Solve for x: 2x + 5 = 15,Zheng et al. 2023,7,16.530175924301147,86,5.202606457053533,1.7040779114001146,0.0,5.72397030493167,0.0078246410178221,0.0,0.026282843368332275,0.03410748438615437,8.102232915930971e-07,0.8102232915930971,26,16.530175924301147,PRY,10,Apple M4,1,Apple M4,16.0
2026-06-12T22:07:14.731598,qwen2.5-7b,q8,gpu,9,Solve for x: 2x + 5 = 15,Zheng et al. 2023,8,22.357415199279785,113,5.0542515309927305,0.3673701446130727,0.834902965125827,2.4482598117057526,0.0022815130152594237,0.005185075622896646,0.015204655868337795,0.022671244506493868,5.385554132517618e-07,0.5385554132517617,26,22.357415199279785,PRY,10,Apple M4,1,Apple M4,16.0
2026-06-12T22:07:40.696312,qwen2.5-7b,q8,gpu,9,Solve for x: 2x + 5 = 15,Zheng et al. 2023,9,18.52247977256775,95,5.1289028880839895,0.9064457112999833,0.0,5.431226905643314,0.004663783986801313,0.0,0.027944386250001115,0.03260817023680243,7.746070839752416e-07,0.7746070839752416,26,18.52247977256775,PRY,10,Apple M4,1,Apple M4,16.0
2026-06-12T22:08:07.894690,qwen2.5-7b,q8,gpu,9,Solve for x: 2x + 5 = 15,Zheng et al. 2023,10,21.863399744033813,109,4.985500941121677,0.3342892599177558,0.8499997794222056,2.3520784553206995,0.0020301943665886435,0.005162190266624514,0.014284564305001675,0.02147694893821483,5.101849220272932e-07,0.5101849220272933,26,21.863399744033813,PRY,10,Apple M4,1,Apple M4,16.0
2026-06-12T22:09:05.996802,qwen2.5-7b,q8,gpu,10,"If the probability of rain is 30%, what is the probability of no rain?",Zheng et al. 2023,1,50.448683977127075,253,5.014997023801605,0.3828851019970951,0.8915410332193049,2.9390080386880584,0.00536556930838931,0.012493631065978351,0.04118585770833609,0.05904505808270376,1.4026153547546275e-06,1.4026153547546274,26,50.448683977127075,PRY,10,Apple M4,1,Apple M4,16.0
2026-06-12T22:10:03.946954,qwen2.5-7b,q8,gpu,10,"If the probability of rain is 30%, what is the probability of no rain?",Zheng et al. 2023,2,52.59543991088867,256,4.867342120034271,0.16877035655242412,0.87740491192777,2.0439261118291427,0.0024657086518867443,0.012818749256337665,0.029861442499168334,0.04514590040739275,1.0724408641776147e-06,1.0724408641776146,26,52.59543991088867,PRY,10,Apple M4,1,Apple M4,16.0
2026-06-12T22:11:04.006396,qwen2.5-7b,q8,gpu,10,"If the probability of rain is 30%, what is the probability of no rain?",Zheng et al. 2023,3,52.79129910469055,256,4.84928396045579,0.2452871694695716,0.8579219283325431,2.122541993705822,0.003596952313891965,0.012580781424187826,0.03112548590333063,0.047303219641410425,1.1236879825817045e-06,1.1236879825817045,26,52.79129910469055,PRY,10,Apple M4,1,Apple M4,16.0
2026-06-12T22:12:01.972016,qwen2.5-7b,q8,gpu,10,"If the probability of rain is 30%, what is the probability of no rain?",Zheng et al. 2023,4,52.66587233543396,256,4.860832805911039,0.20110287993750486,0.8916232942258062,2.0956956559272926,0.0029420162780768705,0.013043921829165384,0.03065878885249731,0.04664472695973956,1.1080454889286133e-06,1.1080454889286133,26,52.66587233543396,PRY,10,Apple M4,1,Apple M4,16.0
2026-06-12T22:13:01.288287,qwen2.5-7b,q8,gpu,10,"If the probability of rain is 30%, what is the probability of no rain?",Zheng et al. 2023,5,52.034197092056274,256,4.919841456323382,0.21328709007875982,0.8591137094433192,2.1004428646348914,0.0030828395784303748,0.01241758113379479,0.030359682777504227,0.0458601034897294,1.0894067583985219e-06,1.0894067583985219,26,52.034197092056274,PRY,10,Apple M4,1,Apple M4,16.0
2026-06-12T22:13:59.910845,qwen2.5-7b,q8,gpu,10,"If the probability of rain is 30%, what is the probability of no rain?",Zheng et al. 2023,6,53.33280372619629,256,4.800047665115655,0.23699834300829872,0.8740369743648603,2.1248601392082564,0.0035110516975264835,0.012948567334233208,0.03147909687500335,0.047938715906763046,1.138784196365156e-06,1.138784196365156,26,53.33280372619629,PRY,10,Apple M4,1,Apple M4,16.0
2026-06-12T22:14:58.368339,qwen2.5-7b,q8,gpu,10,"If the probability of rain is 30%, what is the probability of no rain?",Zheng et al. 2023,7,51.24536395072937,256,4.995573848321871,0.21951918643104115,0.9426836710321337,2.1010644367854403,0.0031248168341185324,0.013418935503458702,0.029908281040834477,0.04645203337841171,1.10346805290417e-06,1.10346805290417,26,51.24536395072937,PRY,10,Apple M4,1,Apple M4,16.0
2026-06-12T22:15:57.943020,qwen2.5-7b,q8,gpu,10,"If the probability of rain is 30%, what is the probability of no rain?",Zheng et al. 2023,8,52.51734399795532,251,4.779373458219294,0.17405498534430625,0.97829816525918,2.0449189367072993,0.002539140427746112,0.014271561465968028,0.029831586457497297,0.04664228835121144,1.1079875597830276e-06,1.1079875597830275,26,52.51734399795532,PRY,10,Apple M4,1,Apple M4,16.0
2026-06-12T22:16:19.881365,qwen2.5-7b,q8,gpu,10,"If the probability of rain is 30%, what is the probability of no rain?",Zheng et al. 2023,9,13.122935771942139,90,6.85822148062532,0.7234347641656029,0.0,3.0001141937443343,0.0026371077625931432,0.0,0.01093619607583302,0.013573303838426164,3.224338326818135e-07,0.32243383268181347,26,13.122935771942139,PRY,10,Apple M4,1,Apple M4,16.0
2026-06-12T22:17:11.725832,qwen2.5-7b,q8,gpu,10,"If the probability of rain is 30%, what is the probability of no rain?",Zheng et al. 2023,10,46.434905767440796,230,4.953170383329846,0.6243414095789802,0.71753214391185,2.9768159768273885,0.008053120700141973,0.009255149302126812,0.03839671371416444,0.055704983716433225,1.3232718881838711e-06,1.3232718881838712,26,46.434905767440796,PRY,10,Apple M4,1,Apple M4,16.0
