timestamp,model,quantization,device,prompt_id,prompt_text,paper_reference,repetition,inference_time_s,tokens_generated,tokens_per_second,cpu_power_w,gpu_power_w,ram_power_w,cpu_energy_wh,gpu_energy_wh,ram_energy_wh,total_energy_wh,emissions_kg_co2,emissions_mg_co2,carbon_intensity,duration_s,country_iso_code,cpu_count,cpu_model,gpu_count,gpu_model,ram_total_gb,tokens_input,tokens_output,tokens_total,energy_per_token,energy_per_1k_tokens,tokens_per_joule,latency_per_token_ms,n_gpu_layers,n_threads,n_batch,seed,macos_version,llama_cpp_version,python_version,cpu_freq_mhz,cpu_percent,ram_used_gb,ram_percent,llama_cpp_build_info,metal_backend,prompt_template,warmup_done
2026-06-21T18:33:08.556112,llama-2-7b,q4,cpu,1,"If all roses are flowers and some flowers fade quickly, can we conclude that some roses fade quickly",Zheng et al. 2023,1,11.533887147903442,256,22.195465996607577,0.06830078670773196,0.0,3.0000176594660037,0.00021882599055555663,0.0,0.009611629201666196,0.009830455192221753,2.3352246309122773e-07,0.23352246309122773,26,11.533887147903442,PRY,10,Apple M4,1,Apple M4,16.0,31,256,287,3.840021559461622e-05,0.03840021559461622,7233.755682786394,45.05424667149782,0,8,512,42,15.6.1,0.3.21,3.13.5,no_disponible_apple_silicon,44.9,7.3675689697265625,53.3,Version: 0.3.21,no,plain_text_no_template,yes
2026-06-21T18:33:24.062236,llama-2-7b,q4,cpu,1,"If all roses are flowers and some flowers fade quickly, can we conclude that some roses fade quickly",Zheng et al. 2023,2,11.306266069412231,256,22.642311655178343,0.06560189059199732,0.0,3.0000714351455917,0.00020603123046933133,0.0,0.00942211274249985,0.00962814397296918,2.2871656007788287e-07,0.22871656007788288,26,11.306266069412231,PRY,10,Apple M4,1,Apple M4,16.0,31,256,287,3.760993739441086e-05,0.03760993739441086,7385.754856881463,44.16510183364153,0,8,512,42,15.6.1,0.3.21,3.13.5,no_disponible_apple_silicon,62.6,7.7716217041015625,55.8,Version: 0.3.21,no,plain_text_no_template,yes
2026-06-21T18:33:38.453377,llama-2-7b,q4,cpu,1,"If all roses are flowers and some flowers fade quickly, can we conclude that some roses fade quickly",Zheng et al. 2023,3,11.195670127868652,256,22.865982748344457,0.048799798570414464,0.0,2.9999740740301957,0.00015176290197244349,0.0,0.009329644479166744,0.009481407381139189,2.252308323389614e-07,0.2252308323389614,26,11.195670127868652,PRY,10,Apple M4,1,Apple M4,16.0,31,256,287,3.7036747582574956e-05,0.037036747582574955,7500.058614986664,43.73308643698692,0,8,512,42,15.6.1,0.3.21,3.13.5,no_disponible_apple_silicon,64.4,7.737152099609375,55.6,Version: 0.3.21,no,plain_text_no_template,yes
2026-06-21T18:33:55.921861,llama-2-7b,q4,cpu,1,"If all roses are flowers and some flowers fade quickly, can we conclude that some roses fade quickly",Zheng et al. 2023,4,11.211211204528809,256,22.83428572789601,0.05130075235137596,0.0,3.000029268774728,0.00015976210265625105,0.0,0.009342767153333776,0.009502529255990027,2.2573258247604307e-07,0.22573258247604308,26,11.211211204528809,PRY,10,Apple M4,1,Apple M4,16.0,31,256,287,3.711925490621104e-05,0.03711925490621104,7483.38775871544,43.79379376769066,0,8,512,42,15.6.1,0.3.21,3.13.5,no_disponible_apple_silicon,53.0,7.723297119140625,55.5,Version: 0.3.21,no,plain_text_no_template,yes
2026-06-21T18:34:11.822036,llama-2-7b,q4,cpu,1,"If all roses are flowers and some flowers fade quickly, can we conclude that some roses fade quickly",Zheng et al. 2023,5,11.669804096221924,256,21.936957800592342,0.06520091876989831,0.0,3.0000255970306786,0.00021135609692733118,0.0,0.009724919722499788,0.009936275819427118,2.3603623209049118e-07,0.23603623209049118,26,11.669804096221924,PRY,10,Apple M4,1,Apple M4,16.0,31,256,287,3.881357741963718e-05,0.03881357741963718,7156.716701852894,45.58517225086689,0,8,512,42,15.6.1,0.3.21,3.13.5,no_disponible_apple_silicon,65.6,7.8395538330078125,56.2,Version: 0.3.21,no,plain_text_no_template,yes
2026-06-21T18:34:26.338330,llama-2-7b,q4,cpu,1,"If all roses are flowers and some flowers fade quickly, can we conclude that some roses fade quickly",Zheng et al. 2023,6,11.277239799499512,256,22.70059026423836,0.05229971397466355,0.0,2.9999708020309463,0.00016383233776042126,0.0,0.009397608368333294,0.009561440706093716,2.271320239732562e-07,0.22713202397325621,26,11.277239799499512,PRY,10,Apple M4,1,Apple M4,16.0,31,256,287,3.734937775817858e-05,0.03734937775817858,7437.279934789581,44.05171796679497,0,8,512,42,15.6.1,0.3.21,3.13.5,no_disponible_apple_silicon,64.8,7.8949737548828125,56.5,Version: 0.3.21,no,plain_text_no_template,yes
2026-06-21T18:34:43.883518,llama-2-7b,q4,cpu,1,"If all roses are flowers and some flowers fade quickly, can we conclude that some roses fade quickly",Zheng et al. 2023,7,11.228142023086548,256,22.79985410530345,0.05150040696279328,0.0,3.0000086217950077,0.00016062607878472175,0.0,0.009356811909999579,0.009517437988784301,2.2608673942357107e-07,0.22608673942357108,26,11.228142023086548,PRY,10,Apple M4,1,Apple M4,16.0,31,256,287,3.7177492143688676e-05,0.03717749214368868,7471.665294264177,43.85992977768183,0,8,512,42,15.6.1,0.3.21,3.13.5,no_disponible_apple_silicon,53.0,7.889373779296875,56.5,Version: 0.3.21,no,plain_text_no_template,yes
2026-06-21T18:34:59.359084,llama-2-7b,q4,cpu,1,"If all roses are flowers and some flowers fade quickly, can we conclude that some roses fade quickly",Zheng et al. 2023,8,11.216438055038452,256,22.823644970339238,0.048700229878649644,0.0,2.9999993610169464,0.00015173419769444626,0.0,0.009347029721667089,0.009498763919361535,2.2564313690443324e-07,0.22564313690443324,26,11.216438055038452,PRY,10,Apple M4,1,Apple M4,16.0,31,256,287,3.7104546560006e-05,0.037104546560005995,7486.354194587761,43.814211152493954,0,8,512,42,15.6.1,0.3.21,3.13.5,no_disponible_apple_silicon,60.1,7.7184295654296875,55.5,Version: 0.3.21,no,plain_text_no_template,yes
2026-06-21T18:35:13.952054,llama-2-7b,q4,cpu,1,"If all roses are flowers and some flowers fade quickly, can we conclude that some roses fade quickly",Zheng et al. 2023,9,11.356558084487915,256,22.542041179684016,0.05219982609517044,0.0,2.9999737482552766,0.00016466954362499196,0.0,0.009463715589999993,0.009628385133624986,2.287222888492615e-07,0.22872228884926152,26,11.356558084487915,PRY,10,Apple M4,1,Apple M4,16.0,31,256,287,3.76108794282226e-05,0.0376108794282226,7385.569867035276,44.36155501753092,0,8,512,42,15.6.1,0.3.21,3.13.5,no_disponible_apple_silicon,66.3,8.017044067382812,57.3,Version: 0.3.21,no,plain_text_no_template,yes
2026-06-21T18:35:31.420494,llama-2-7b,q4,cpu,1,"If all roses are flowers and some flowers fade quickly, can we conclude that some roses fade quickly",Zheng et al. 2023,10,11.22691297531128,256,22.802350081715325,0.04860068533452459,0.0,3.000027696755729,0.00015156546244199853,0.0,0.009355847187500028,0.009507412649942025,2.258485874993728e-07,0.2258485874993728,26,11.22691297531128,PRY,10,Apple M4,1,Apple M4,16.0,31,256,287,3.7138330663836037e-05,0.03713833066383604,7479.543986296285,43.855128809809685,0,8,512,42,15.6.1,0.3.21,3.13.5,no_disponible_apple_silicon,53.1,8.006088256835938,57.3,Version: 0.3.21,no,plain_text_no_template,yes
2026-06-21T18:35:47.262699,llama-2-7b,q4,cpu,2,A farmer has 17 sheep. All but 9 die. How many sheep does the farmer have left? Explain your answer.,Zheng et al. 2023,1,11.620750904083252,256,22.029557479805177,0.04870092516442485,0.0,3.0000424487844692,0.00015720592225949468,0.0,0.009684096110833405,0.009841302033092898,2.3378012979612178e-07,0.23378012979612178,26,11.620750904083252,PRY,10,Apple M4,1,Apple M4,16.0,31,256,287,3.844258606676913e-05,0.03844258606676913,7225.7828153214905,45.3935582190752,0,8,512,42,15.6.1,0.3.21,3.13.5,no_disponible_apple_silicon,61.2,7.749267578125,55.7,Version: 0.3.21,no,plain_text_no_template,yes
2026-06-21T18:36:01.725899,llama-2-7b,q4,cpu,2,A farmer has 17 sheep. All but 9 die. How many sheep does the farmer have left? Explain your answer.,Zheng et al. 2023,2,11.22419786453247,256,22.80786592411549,0.057399820425993835,0.0,2.999975012147797,0.00017896303940277426,0.0,0.009353420312500022,0.009532383351902797,2.2644176652445091e-07,0.22644176652445092,26,11.22419786453247,PRY,10,Apple M4,1,Apple M4,16.0,31,256,287,3.72358724683703e-05,0.037235872468370304,7459.950831385348,43.844522908329964,0,8,512,42,15.6.1,0.3.21,3.13.5,no_disponible_apple_silicon,64.0,7.7553558349609375,55.7,Version: 0.3.21,no,plain_text_no_template,yes
2026-06-21T18:36:19.210014,llama-2-7b,q4,cpu,2,A farmer has 17 sheep. All but 9 die. How many sheep does the farmer have left? Explain your answer.,Zheng et al. 2023,3,11.238887786865234,256,22.778054630920366,0.053200938846347606,0.0,3.0000365486702365,0.0001660887171805501,0.0,0.009365853924166459,0.00953194264134701,2.2643129744519818e-07,0.2264312974451982,26,11.238887786865234,PRY,10,Apple M4,1,Apple M4,16.0,31,256,287,3.723415094276176e-05,0.03723415094276176,7460.295743141612,43.90190541744232,0,8,512,42,15.6.1,0.3.21,3.13.5,no_disponible_apple_silicon,53.1,7.7481536865234375,55.6,Version: 0.3.21,no,plain_text_no_template,yes
2026-06-21T18:36:34.713806,llama-2-7b,q4,cpu,2,A farmer has 17 sheep. All but 9 die. How many sheep does the farmer have left? Explain your answer.,Zheng et al. 2023,4,11.254719972610474,256,22.74601239506647,0.054100553921785935,0.0,3.0000162005067814,0.00016913516243133723,0.0,0.009378983958332962,0.0095481191207643,2.2681556971375595e-07,0.22681556971375594,26,11.254719972610474,PRY,10,Apple M4,1,Apple M4,16.0,31,256,287,3.729734031548555e-05,0.037297340315485546,7447.656466336468,43.96374989300966,0,8,512,42,15.6.1,0.3.21,3.13.5,no_disponible_apple_silicon,60.1,7.77099609375,55.8,Version: 0.3.21,no,plain_text_no_template,yes
2026-06-21T18:36:49.316589,llama-2-7b,q4,cpu,2,A farmer has 17 sheep. All but 9 die. How many sheep does the farmer have left? Explain your answer.,Zheng et al. 2023,5,11.369179964065552,256,22.517015370425707,0.050699811004838245,0.0,2.9999734904191038,0.00016011535429392144,0.0,0.009474232916666854,0.009634348270960776,2.2886394317667321e-07,0.22886394317667322,26,11.369179964065552,PRY,10,Apple M4,1,Apple M4,16.0,31,256,287,3.763417293344053e-05,0.03763417293344053,7380.998601166369,44.41085923463106,0,8,512,42,15.6.1,0.3.21,3.13.5,no_disponible_apple_silicon,65.9,8.028839111328125,57.4,Version: 0.3.21,no,plain_text_no_template,yes
2026-06-21T18:37:06.811231,llama-2-7b,q4,cpu,2,A farmer has 17 sheep. All but 9 die. How many sheep does the farmer have left? Explain your answer.,Zheng et al. 2023,6,11.232232093811035,256,22.791551835993143,0.05150101075918238,0.0,3.0000439334376594,0.00016068647386472106,0.0,0.009360330486667104,0.009521016960531824,2.2617175789743349e-07,0.2261717578974335,26,11.232232093811035,PRY,10,Apple M4,1,Apple M4,16.0,31,256,287,3.719147250207744e-05,0.03719147250207744,7468.856678429758,43.875906616449356,0,8,512,42,15.6.1,0.3.21,3.13.5,no_disponible_apple_silicon,53.0,8.050155639648438,57.5,Version: 0.3.21,no,plain_text_no_template,yes
2026-06-21T18:37:22.300238,llama-2-7b,q4,cpu,2,A farmer has 17 sheep. All but 9 die. How many sheep does the farmer have left? Explain your answer.,Zheng et al. 2023,7,11.251349687576294,256,22.752825848322395,0.05370699477878954,0.0,3.0003761491189955,0.00016785449414583202,0.0,0.009377300346667047,0.00954515484081288,2.2674515324350994e-07,0.22674515324350994,26,11.251349687576294,PRY,10,Apple M4,1,Apple M4,16.0,31,256,287,3.728576109692531e-05,0.03728576109692531,7449.969361110456,43.9505847170949,0,8,512,42,15.6.1,0.3.21,3.13.5,no_disponible_apple_silicon,60.1,7.7689361572265625,55.8,Version: 0.3.21,no,plain_text_no_template,yes
2026-06-21T18:37:36.758619,llama-2-7b,q4,cpu,2,A farmer has 17 sheep. All but 9 die. How many sheep does the farmer have left? Explain your answer.,Zheng et al. 2023,8,11.253440618515015,256,22.748598289025434,0.058905720312164726,0.0,3.0002757174060743,0.00018413667378438874,0.0,0.009378729062500498,0.009562865736284886,2.2716587556544744e-07,0.22716587556544743,26,11.253440618515015,PRY,10,Apple M4,1,Apple M4,16.0,31,256,287,3.7354944282362835e-05,0.037354944282362836,7436.171653157325,43.958752416074276,0,8,512,42,15.6.1,0.3.21,3.13.5,no_disponible_apple_silicon,64.2,7.78216552734375,55.9,Version: 0.3.21,no,plain_text_no_template,yes
2026-06-21T18:37:56.121705,llama-2-7b,q4,cpu,2,A farmer has 17 sheep. All but 9 die. How many sheep does the farmer have left? Explain your answer.,Zheng et al. 2023,9,13.112130165100098,256,19.523906243806397,3.2477412394513836,0.0,3.0001167528601673,0.011829112742847241,0.0,0.010927200381666655,0.022756313124513896,5.405762182728276e-07,0.5405762182728276,26,13.112130165100098,PRY,10,Apple M4,1,Apple M4,16.0,31,256,287,8.88918481426324e-05,0.0888918481426324,3124.8959671989983,51.21925845742226,0,8,512,42,15.6.1,0.3.21,3.13.5,no_disponible_apple_silicon,64.8,8.248336791992188,58.6,Version: 0.3.21,no,plain_text_no_template,yes
2026-06-21T18:38:11.944395,llama-2-7b,q4,cpu,2,A farmer has 17 sheep. All but 9 die. How many sheep does the farmer have left? Explain your answer.,Zheng et al. 2023,10,11.564888000488281,256,22.135968803951357,0.4048111861870915,0.0,3.0000673696567794,0.001300443341555145,0.0,0.009637623090000035,0.010938066431555179,2.5983376808159323e-07,0.25983376808159325,26,11.564888000488281,PRY,10,Apple M4,1,Apple M4,16.0,31,256,287,4.2726821998262416e-05,0.042726821998262415,6501.250614639072,45.17534375190735,0,8,512,42,15.6.1,0.3.21,3.13.5,no_disponible_apple_silicon,65.9,8.249176025390625,58.5,Version: 0.3.21,no,plain_text_no_template,yes
2026-06-21T18:38:27.219555,llama-2-7b,q4,cpu,3,"Given that f(x) = 4x^3 - 9x - 14, find the value of f(2). Show all steps.",Zheng et al. 2023,1,12.020240783691406,256,21.29741031039335,0.3334000672419675,0.0,2.9999869822847023,0.0011132080793187099,0.0,0.010016823854167191,0.0111300319334859,2.643939085799575e-07,0.26439390857995754,26,12.020240783691406,PRY,10,Apple M4,1,Apple M4,16.0,34,256,290,4.34766872401793e-05,0.0434766872401793,6389.120133354306,46.954065561294556,0,8,512,42,15.6.1,0.3.21,3.13.5,no_disponible_apple_silicon,69.8,8.232711791992188,58.4,Version: 0.3.21,no,plain_text_no_template,yes
2026-06-21T18:38:44.983497,llama-2-7b,q4,cpu,3,"Given that f(x) = 4x^3 - 9x - 14, find the value of f(2). Show all steps.",Zheng et al. 2023,2,11.512081861495972,256,22.237506914907684,0.07880181315719878,0.0,3.0000526222379995,0.0002519924788611063,0.0,0.009593569826666528,0.009845562305527635,2.3388133256780897e-07,0.23388133256780896,26,11.512081861495972,PRY,10,Apple M4,1,Apple M4,16.0,34,256,290,3.8459227755967324e-05,0.03845922775596732,7222.656147448977,44.96906977146864,0,8,512,42,15.6.1,0.3.21,3.13.5,no_disponible_apple_silicon,56.4,8.2578125,58.6,Version: 0.3.21,no,plain_text_no_template,yes
2026-06-21T18:39:01.247970,llama-2-7b,q4,cpu,3,"Given that f(x) = 4x^3 - 9x - 14, find the value of f(2). Show all steps.",Zheng et al. 2023,3,11.980753898620605,256,21.36760358874197,0.17900270327344878,0.0,3.000031242202416,0.0005957187041963886,0.0,0.009984065555833392,0.01057978426002978,2.513227750970074e-07,0.2513227750970074,26,11.980753898620605,PRY,10,Apple M4,1,Apple M4,16.0,34,256,290,4.132728226574133e-05,0.04132728226574133,6721.414101019764,46.79981991648674,0,8,512,42,15.6.1,0.3.21,3.13.5,no_disponible_apple_silicon,68.3,8.237014770507812,58.4,Version: 0.3.21,no,plain_text_no_template,yes
2026-06-21T18:39:15.950842,llama-2-7b,q4,cpu,3,"Given that f(x) = 4x^3 - 9x - 14, find the value of f(2). Show all steps.",Zheng et al. 2023,4,11.454344987869263,256,22.349597490831393,0.04929994230486097,0.0,2.9999813203978176,0.0001568607075116467,0.0,0.009545228055833377,0.009702088763345024,2.3047311857326103e-07,0.23047311857326103,26,11.454344987869263,PRY,10,Apple M4,1,Apple M4,16.0,34,256,290,3.78987842318165e-05,0.0378987842318165,7329.464081979177,44.74353510886431,0,8,512,42,15.6.1,0.3.21,3.13.5,no_disponible_apple_silicon,67.5,8.24163818359375,58.5,Version: 0.3.21,no,plain_text_no_template,yes
2026-06-21T18:39:33.536949,llama-2-7b,q4,cpu,3,"Given that f(x) = 4x^3 - 9x - 14, find the value of f(2). Show all steps.",Zheng et al. 2023,5,11.316598176956177,256,22.621639117777377,0.04770038791523128,0.0,3.000010004784977,0.00014994614525600243,0.0,0.009430529930833322,0.009580476076089323,2.2758420918750189e-07,0.22758420918750188,26,11.316598176956177,PRY,10,Apple M4,1,Apple M4,16.0,34,256,290,3.742373467222392e-05,0.03742373467222392,7422.502863776068,44.205461628735065,0,8,512,42,15.6.1,0.3.21,3.13.5,no_disponible_apple_silicon,54.2,7.9938507080078125,56.9,Version: 0.3.21,no,plain_text_no_template,yes
2026-06-21T18:39:49.247364,llama-2-7b,q4,cpu,3,"Given that f(x) = 4x^3 - 9x - 14, find the value of f(2). Show all steps.",Zheng et al. 2023,6,11.364768981933594,256,22.525754848775144,0.05540127888645147,0.0,3.0000515126353435,0.00017489520440227673,0.0,0.009470803437500308,0.009645698641902584,2.2913357123839589e-07,0.2291335712383959,26,11.364768981933594,PRY,10,Apple M4,1,Apple M4,16.0,34,256,290,3.767851031993197e-05,0.03767851031993197,7372.313167881083,44.3936288356781,0,8,512,42,15.6.1,0.3.21,3.13.5,no_disponible_apple_silicon,60.2,7.973785400390625,56.8,Version: 0.3.21,no,plain_text_no_template,yes
2026-06-21T18:40:03.848477,llama-2-7b,q4,cpu,3,"Given that f(x) = 4x^3 - 9x - 14, find the value of f(2). Show all steps.",Zheng et al. 2023,7,11.340951204299927,256,22.573062469657525,0.05529987201951918,0.0,2.999977504982047,0.0001742092083826105,0.0,0.009450721804999677,0.009624931013382288,2.2864023622289624e-07,0.22864023622289625,26,11.340951204299927,PRY,10,Apple M4,1,Apple M4,16.0,34,256,290,3.759738677102456e-05,0.03759738677102456,7388.220342799321,44.30059064179659,0,8,512,42,15.6.1,0.3.21,3.13.5,no_disponible_apple_silicon,65.2,8.024032592773438,57.1,Version: 0.3.21,no,plain_text_no_template,yes
2026-06-21T18:40:21.430690,llama-2-7b,q4,cpu,3,"Given that f(x) = 4x^3 - 9x - 14, find the value of f(2). Show all steps.",Zheng et al. 2023,8,11.31411099433899,256,22.62661203589831,0.051700170240304315,0.0,2.9999939249300906,0.00016248374014584012,0.0,0.009428406735833809,0.00959089047597965,2.2783160325689653e-07,0.22783160325689653,26,11.31411099433899,PRY,10,Apple M4,1,Apple M4,16.0,34,256,290,3.7464415921795505e-05,0.0374644159217955,7414.443037297594,44.19574607163668,0,8,512,42,15.6.1,0.3.21,3.13.5,no_disponible_apple_silicon,53.6,8.016830444335938,57.0,Version: 0.3.21,no,plain_text_no_template,yes
2026-06-21T18:40:36.952724,llama-2-7b,q4,cpu,3,"Given that f(x) = 4x^3 - 9x - 14, find the value of f(2). Show all steps.",Zheng et al. 2023,9,11.281425952911377,256,22.692166847395256,0.05700102506235705,0.0,3.0000367432510213,0.00017862578985584074,0.0,0.009401303437499944,0.009579929227355783,2.2757121879583662e-07,0.22757121879583664,26,11.281425952911377,PRY,10,Apple M4,1,Apple M4,16.0,34,256,290,3.7421598544358526e-05,0.037421598544358524,7422.926560673449,44.068070128560066,0,8,512,42,15.6.1,0.3.21,3.13.5,no_disponible_apple_silicon,60.4,8.043441772460938,57.2,Version: 0.3.21,no,plain_text_no_template,yes
2026-06-21T18:40:51.547332,llama-2-7b,q4,cpu,3,"Given that f(x) = 4x^3 - 9x - 14, find the value of f(2). Show all steps.",Zheng et al. 2023,10,11.366130113601685,256,22.523057315140928,0.7066991354680612,0.0,2.9999813401919533,0.002231231756916613,0.0,0.009471716180833029,0.011702947937749642,2.780035282612427e-07,0.2780035282612427,26,11.366130113601685,PRY,10,Apple M4,1,Apple M4,16.0,34,256,290,4.571464038183454e-05,0.04571464038183454,6076.341746486916,44.39894575625658,0,8,512,42,15.6.1,0.3.21,3.13.5,no_disponible_apple_silicon,68.0,8.268707275390625,58.6,Version: 0.3.21,no,plain_text_no_template,yes
2026-06-21T18:41:09.603830,llama-2-7b,q4,cpu,4,"Calculate the compound interest on $10,000 at an annual rate of 5% compounded annually over 3 years.",Zheng et al. 2023,1,11.744830131530762,256,21.79682440129377,0.2168011551106547,0.0,3.000002233357755,0.0007073035386373032,0.0,0.009787365729166594,0.010494669267803899,2.493008684566816e-07,0.2493008684566816,26,11.744830131530762,PRY,10,Apple M4,1,Apple M4,16.0,39,256,295,4.099480182735898e-05,0.04099480182735898,6775.9268345186965,45.87824270129204,0,8,512,42,15.6.1,0.3.21,3.13.5,no_disponible_apple_silicon,56.2,8.279205322265625,58.6,Version: 0.3.21,no,plain_text_no_template,yes
2026-06-21T18:41:25.115543,llama-2-7b,q4,cpu,4,"Calculate the compound interest on $10,000 at an annual rate of 5% compounded annually over 3 years.",Zheng et al. 2023,2,11.238627195358276,256,22.77858278862848,0.0890007289914483,0.0,3.0000100247051997,0.0002778461147916674,0.0,0.009365553958333142,0.00964340007312481,2.2907896873707984e-07,0.22907896873707984,26,11.238627195358276,PRY,10,Apple M4,1,Apple M4,16.0,39,256,295,3.766953153564379e-05,0.037669531535643785,7374.070407935336,43.90088748186827,0,8,512,42,15.6.1,0.3.21,3.13.5,no_disponible_apple_silicon,59.9,8.228012084960938,58.3,Version: 0.3.21,no,plain_text_no_template,yes
2026-06-21T18:41:39.571284,llama-2-7b,q4,cpu,4,"Calculate the compound interest on $10,000 at an annual rate of 5% compounded annually over 3 years.",Zheng et al. 2023,3,11.196206092834473,256,22.864888148480848,0.08280000147289575,0.0,2.9999835298222797,0.000257512744715983,0.0,0.009330120520833133,0.009587633265549116,2.2775422822311925e-07,0.22775422822311925,26,11.196206092834473,PRY,10,Apple M4,1,Apple M4,16.0,39,256,295,3.745169244355123e-05,0.03745169244355123,7416.961948954807,43.73518005013466,0,8,512,42,15.6.1,0.3.21,3.13.5,no_disponible_apple_silicon,64.2,7.975311279296875,56.7,Version: 0.3.21,no,plain_text_no_template,yes
2026-06-21T18:41:57.091929,llama-2-7b,q4,cpu,4,"Calculate the compound interest on $10,000 at an annual rate of 5% compounded annually over 3 years.",Zheng et al. 2023,4,11.25467300415039,256,22.74610731965245,0.48320287098475895,0.0031547715086264355,3.000002031382829,0.0015106361965555918,9.862756036777984e-06,0.009378900520833516,0.010899399473425886,2.589152344912319e-07,0.2589152344912319,26,11.25467300415039,PRY,10,Apple M4,1,Apple M4,16.0,39,256,295,4.257577919306987e-05,0.04257577919306987,6524.314599578535,43.96356642246246,0,8,512,42,15.6.1,0.3.21,3.13.5,no_disponible_apple_silicon,56.3,8.310745239257812,59.0,Version: 0.3.21,no,plain_text_no_template,yes
2026-06-21T18:42:13.492609,llama-2-7b,q4,cpu,4,"Calculate the compound interest on $10,000 at an annual rate of 5% compounded annually over 3 years.",Zheng et al. 2023,5,12.146010875701904,256,21.076878871574866,0.7534107645230933,0.0020073836690180985,3.000029382066096,0.0025419264832689937,6.77269552100006e-06,0.010121774861666686,0.01267047404045668,3.009871108310484e-07,0.3009871108310484,26,12.146010875701904,PRY,10,Apple M4,1,Apple M4,16.0,39,256,295,4.949403922053391e-05,0.04949403922053391,5612.348116104743,47.445354983210564,0,8,512,42,15.6.1,0.3.21,3.13.5,no_disponible_apple_silicon,74.4,8.356719970703125,59.6,Version: 0.3.21,no,plain_text_no_template,yes
2026-06-21T18:42:28.749163,llama-2-7b,q4,cpu,4,"Calculate the compound interest on $10,000 at an annual rate of 5% compounded annually over 3 years.",Zheng et al. 2023,6,11.986294031143188,256,21.357727362173186,0.04999978590904195,0.0,2.999974598701759,0.00016647559316666303,0.0,0.009988493785000023,0.010154969378166685,2.412312975783496e-07,0.24123129757834957,26,11.986294031143188,PRY,10,Apple M4,1,Apple M4,16.0,39,256,295,3.9667849133463614e-05,0.03966784913346361,7002.5923725581,46.82146105915308,0,8,512,42,15.6.1,0.3.21,3.13.5,no_disponible_apple_silicon,74.9,8.067962646484375,57.8,Version: 0.3.21,no,plain_text_no_template,yes
2026-06-21T18:42:46.621869,llama-2-7b,q4,cpu,4,"Calculate the compound interest on $10,000 at an annual rate of 5% compounded annually over 3 years.",Zheng et al. 2023,7,11.602627038955688,256,22.063968715057626,0.08450102508097646,0.0,3.000021569006015,0.0002723427440066695,0.0,0.009668925381666516,0.009941268125673185,2.3615482432536651e-07,0.23615482432536652,26,11.602627038955688,PRY,10,Apple M4,1,Apple M4,16.0,39,256,295,3.883307861591088e-05,0.03883307861591088,7153.122741702105,45.32276187092066,0,8,512,42,15.6.1,0.3.21,3.13.5,no_disponible_apple_silicon,57.2,8.1915283203125,58.6,Version: 0.3.21,no,plain_text_no_template,yes
2026-06-21T18:43:02.381493,llama-2-7b,q4,cpu,4,"Calculate the compound interest on $10,000 at an annual rate of 5% compounded annually over 3 years.",Zheng et al. 2023,8,11.501861095428467,256,22.2572675740059,0.06270201759159179,0.0,3.00007965786651,0.00020033052687266692,0.0,0.009585138750000322,0.009785469276872988,2.3245382267211783e-07,0.23245382267211784,26,11.501861095428467,PRY,10,Apple M4,1,Apple M4,16.0,39,256,295,3.822448936278511e-05,0.03822448936278511,7267.010819723829,44.92914490401745,0,8,512,42,15.6.1,0.3.21,3.13.5,no_disponible_apple_silicon,61.5,8.159378051757812,58.4,Version: 0.3.21,no,plain_text_no_template,yes
2026-06-21T18:58:22.752319,llama-2-7b,q4,cpu,4,"Calculate the compound interest on $10,000 at an annual rate of 5% compounded annually over 3 years.",Zheng et al. 2023,9,917.1478841304779,256,0.2791261959271774,0.02672288919758673,7.834595572874853e-05,0.0389223181655655,0.006808011468172187,1.99596743130005e-05,0.009915978264167128,0.016743949406652314,3.9775251815502566e-07,0.39775251815502566,26,917.1478841304779,PRY,10,Apple M4,1,Apple M4,16.0,39,256,295,6.54060523697356e-05,0.0654060523697356,4246.973601273479,3582.6089223846793,0,8,512,42,15.6.1,0.3.21,3.13.5,no_disponible_apple_silicon,69.9,8.310684204101562,59.8,Version: 0.3.21,no,plain_text_no_template,yes
2026-06-21T18:58:40.501724,llama-2-7b,q4,cpu,4,"Calculate the compound interest on $10,000 at an annual rate of 5% compounded annually over 3 years.",Zheng et al. 2023,10,11.46108078956604,256,22.336462389573047,0.05002119692951768,0.0,3.0012560884586414,0.00015924916088888748,0.0,0.009554899583333736,0.009714148744222625,2.3075960341900843e-07,0.23075960341900842,26,11.46108078956604,PRY,10,Apple M4,1,Apple M4,16.0,39,256,295,3.794589353211963e-05,0.03794589353211963,7320.364654021136,44.769846834242344,0,8,512,42,15.6.1,0.3.21,3.13.5,no_disponible_apple_silicon,56.8,7.8529052734375,57.0,Version: 0.3.21,no,plain_text_no_template,yes
2026-06-21T18:58:57.140412,llama-2-7b,q4,cpu,5,Write a short paragraph explaining the main idea behind neural networks to someone with no technical,Zheng et al. 2023,1,12.384528160095215,256,20.670953038394305,0.7095171164584941,0.0,3.000479097276737,0.0024408429746804934,0.0,0.01032208829833356,0.01276293127301405,3.031834323904488e-07,0.30318343239044876,26,12.384528160095215,PRY,10,Apple M4,1,Apple M4,16.0,19,256,275,4.9855200285211135e-05,0.049855200285211135,5571.691141318647,48.37706312537193,0,8,512,42,15.6.1,0.3.21,3.13.5,no_disponible_apple_silicon,72.3,7.881011962890625,57.2,Version: 0.3.21,no,plain_text_no_template,yes
2026-06-21T18:59:13.049718,llama-2-7b,q4,cpu,5,Write a short paragraph explaining the main idea behind neural networks to someone with no technical,Zheng et al. 2023,2,12.621494054794312,256,20.282860245277988,0.05230299223437472,0.0,3.000153782239212,0.00018337275153725377,0.0,0.010518450868333579,0.010701823619870833,2.542218200900316e-07,0.2542218200900316,26,12.621494054794312,PRY,10,Apple M4,1,Apple M4,16.0,19,256,275,4.180399851512044e-05,0.04180399851512044,6644.765755536662,49.30271115154028,0,8,512,42,15.6.1,0.3.21,3.13.5,no_disponible_apple_silicon,69.4,7.8695831298828125,57.2,Version: 0.3.21,no,plain_text_no_template,yes
2026-06-21T18:59:33.226397,llama-2-7b,q4,cpu,5,Write a short paragraph explaining the main idea behind neural networks to someone with no technical,Zheng et al. 2023,3,13.853067874908447,256,18.47966113438911,0.1885044563246103,0.0,3.000054906702407,0.0007253791744965392,0.0,0.011544434514166825,0.012269813688663365,2.914694241741982e-07,0.2914694241741982,26,13.853067874908447,PRY,10,Apple M4,1,Apple M4,16.0,19,256,275,4.792895972134127e-05,0.04792895972134127,5795.614580261628,54.11354638636112,0,8,512,42,15.6.1,0.3.21,3.13.5,no_disponible_apple_silicon,65.1,8.222808837890625,59.3,Version: 0.3.21,no,plain_text_no_template,yes
2026-06-21T18:59:53.062660,llama-2-7b,q4,cpu,5,Write a short paragraph explaining the main idea behind neural networks to someone with no technical,Zheng et al. 2023,4,15.490492105484009,256,16.52626645149445,3.949859475399377,0.0,5.907157621326239,0.016995907505957017,0.0,0.025417994027501056,0.04241390153345808,1.0075422309272965e-06,1.0075422309272966,26,15.490492105484009,PRY,10,Apple M4,1,Apple M4,16.0,19,256,275,0.00016567930286507063,0.16567930286507063,1676.5991465089655,60.50973478704691,0,8,512,42,15.6.1,0.3.21,3.13.5,no_disponible_apple_silicon,78.0,8.182601928710938,59.7,Version: 0.3.21,no,plain_text_no_template,yes
2026-06-21T19:00:13.340105,llama-2-7b,q4,cpu,5,Write a short paragraph explaining the main idea behind neural networks to someone with no technical,Zheng et al. 2023,5,16.85791826248169,256,15.185742154756047,3.3419630526702178,0.0009842381072120126,5.671210407620289,0.015649594438374534,4.608945989499944e-06,0.02655688930583286,0.04221109269019689,1.002724506855627e-06,1.002724506855627,26,16.85791826248169,PRY,10,Apple M4,1,Apple M4,16.0,19,256,275,0.0001648870808210816,0.1648870808210816,1684.654591460646,65.8512432128191,0,8,512,42,15.6.1,0.3.21,3.13.5,no_disponible_apple_silicon,80.4,8.167495727539062,59.6,Version: 0.3.21,no,plain_text_no_template,yes
2026-06-21T19:00:40.343843,llama-2-7b,q4,cpu,5,Write a short paragraph explaining the main idea behind neural networks to someone with no technical,Zheng et al. 2023,6,20.482052087783813,256,12.498747630501684,3.2473274283169427,0.0,2.3825723694993646,0.01847553598135463,0.0,0.013555547604166803,0.03203108358552144,7.608983905740617e-07,0.7608983905740617,26,20.482052087783813,PRY,10,Apple M4,1,Apple M4,16.0,19,256,275,0.00012512142025594312,0.1251214202559431,2220.065734624553,80.00801596790552,0,8,512,42,15.6.1,0.3.21,3.13.5,no_disponible_apple_silicon,71.3,7.98077392578125,58.2,Version: 0.3.21,no,plain_text_no_template,yes
2026-06-21T19:01:08.797153,llama-2-7b,q4,cpu,5,Write a short paragraph explaining the main idea behind neural networks to someone with no technical,Zheng et al. 2023,7,23.910433769226074,256,10.706622994413628,2.530420538114127,0.0,2.473835625438525,0.016806514634685344,0.0,0.016430689688333285,0.033237204323018625,7.895497886933075e-07,0.7895497886933075,26,23.910433769226074,PRY,10,Apple M4,1,Apple M4,16.0,19,256,275,0.0001298328293867915,0.1298328293867915,2139.503383618299,93.40013191103935,0,8,512,42,15.6.1,0.3.21,3.13.5,no_disponible_apple_silicon,77.8,7.9920196533203125,58.2,Version: 0.3.21,no,plain_text_no_template,yes
2026-06-21T19:01:43.890828,llama-2-7b,q4,cpu,5,Write a short paragraph explaining the main idea behind neural networks to someone with no technical,Zheng et al. 2023,8,28.481255292892456,256,8.988367870986544,2.0442499854982774,0.0,2.5492777575051746,0.01617300158874115,0.0,0.020168508506665905,0.03634151009540705,8.632925723163944e-07,0.8632925723163944,26,28.481255292892456,PRY,10,Apple M4,1,Apple M4,16.0,19,256,275,0.0001419590238101838,0.1419590238101838,1956.7461815544739,111.25490348786116,0,8,512,42,15.6.1,0.3.21,3.13.5,no_disponible_apple_silicon,72.6,8.0963134765625,58.8,Version: 0.3.21,no,plain_text_no_template,yes
2026-06-21T19:02:19.551696,llama-2-7b,q4,cpu,5,Write a short paragraph explaining the main idea behind neural networks to someone with no technical,Zheng et al. 2023,9,31.12893319129944,256,8.223860368962217,2.6555998062707395,0.0,3.6360242914021503,0.022962774708952662,0.0,0.0314404325691665,0.054403207278119176,1.292348188891721e-06,1.292348188891721,26,31.12893319129944,PRY,10,Apple M4,1,Apple M4,16.0,19,256,275,0.00021251252843015303,0.21251252843015303,1307.1124786371154,121.59739527851343,0,8,512,42,15.6.1,0.3.21,3.13.5,no_disponible_apple_silicon,77.7,8.19097900390625,59.5,Version: 0.3.21,no,plain_text_no_template,yes
2026-06-21T19:02:58.317920,llama-2-7b,q4,cpu,5,Write a short paragraph explaining the main idea behind neural networks to someone with no technical,Zheng et al. 2023,10,32.12936997413635,256,7.967787734589133,2.9608544576660796,0.0,3.615186275656865,0.026425107863867866,0.0,0.03226490482666653,0.058690012690534386,1.3941812514636442e-06,1.3941812514636442,26,32.12936997413635,PRY,10,Apple M4,1,Apple M4,16.0,19,256,275,0.00022925786207239995,0.22925786207239995,1211.6390481302456,125.50535146147013,0,8,512,42,15.6.1,0.3.21,3.13.5,no_disponible_apple_silicon,72.7,7.9797821044921875,58.2,Version: 0.3.21,no,plain_text_no_template,yes
2026-06-21T19:03:35.486482,llama-2-7b,q4,cpu,6,Summarize the key contributions of the Transformer architecture as described in the paper Attention ,Vaswani et al. 2017,1,32.57896685600281,256,7.857830517815544,2.9344821243340418,0.0003568406424268753,3.6081823325632856,0.02655622107450318,3.2293054062499773e-06,0.03265301461749838,0.059212464997407815,1.4065921060134225e-06,1.4065921060134225,26,32.57896685600281,PRY,10,Apple M4,1,Apple M4,16.0,36,256,292,0.00023129869139612428,0.23129869139612427,1200.9483326563789,127.26158928126097,0,8,512,42,15.6.1,0.3.21,3.13.5,no_disponible_apple_silicon,78.3,8.151962280273438,59.2,Version: 0.3.21,no,plain_text_no_template,yes
2026-06-21T19:04:16.484805,llama-2-7b,q4,cpu,6,Summarize the key contributions of the Transformer architecture as described in the paper Attention ,Vaswani et al. 2017,2,34.410927057266235,256,7.439497331006747,2.650674958830051,4.950053210902899e-05,2.260699141308671,0.025336717405784182,4.73155333249906e-07,0.021609098124999192,0.04694628868611662,1.1152090877387001e-06,1.1152090877387002,26,34.410927057266235,PRY,10,Apple M4,1,Apple M4,16.0,36,256,292,0.00018338394018014304,0.18338394018014303,1514.7333921656887,134.41768381744623,0,8,512,42,15.6.1,0.3.21,3.13.5,no_disponible_apple_silicon,73.6,8.164138793945312,59.9,Version: 0.3.21,no,plain_text_no_template,yes
2026-06-21T19:04:53.482666,llama-2-7b,q4,cpu,6,Summarize the key contributions of the Transformer architecture as described in the paper Attention ,Vaswani et al. 2017,3,32.369563817977905,256,7.9086638744825715,2.978679804273615,0.0,3.605225842931672,0.02678293500493242,0.0,0.032416552222499985,0.0591994872274324,1.4062838190876567e-06,1.4062838190876568,26,32.369563817977905,PRY,10,Apple M4,1,Apple M4,16.0,36,256,292,0.00023124799698215782,0.2312479969821578,1201.2116057342973,126.44360866397619,0,8,512,42,15.6.1,0.3.21,3.13.5,no_disponible_apple_silicon,76.9,7.92718505859375,58.1,Version: 0.3.21,no,plain_text_no_template,yes
2026-06-21T19:05:34.351839,llama-2-7b,q4,cpu,6,Summarize the key contributions of the Transformer architecture as described in the paper Attention ,Vaswani et al. 2017,4,34.274194955825806,256,7.469176163873282,2.6025502308785287,0.0004486375178036484,2.259396102543275,0.024777864998738932,4.2713027082500045e-06,0.021510828472500333,0.04629296477394751,1.099689378205123e-06,1.0996893782051231,26,34.274194955825806,PRY,10,Apple M4,1,Apple M4,16.0,36,256,292,0.00018083189364823246,0.18083189364823246,1536.1105398704258,133.88357404619455,0,8,512,42,15.6.1,0.3.21,3.13.5,no_disponible_apple_silicon,72.9,7.9371795654296875,58.1,Version: 0.3.21,no,plain_text_no_template,yes
2026-06-21T19:06:13.467749,llama-2-7b,q4,cpu,6,Summarize the key contributions of the Transformer architecture as described in the paper Attention ,Vaswani et al. 2017,5,34.53746271133423,256,7.412241082666098,2.6303251833816357,0.0004461197248616665,2.267364894535255,0.025234654983257387,4.279956489500136e-06,0.021752508471666564,0.04699144341141345,1.1162817382381264e-06,1.1162817382381265,26,34.53746271133423,PRY,10,Apple M4,1,Apple M4,16.0,36,256,292,0.0001835603258258338,0.1835603258258338,1513.2778639831988,134.91196371614933,0,8,512,42,15.6.1,0.3.21,3.13.5,no_disponible_apple_silicon,77.8,8.177749633789062,59.8,Version: 0.3.21,no,plain_text_no_template,yes
2026-06-21T19:06:54.935473,llama-2-7b,q4,cpu,6,Summarize the key contributions of the Transformer architecture as described in the paper Attention ,Vaswani et al. 2017,6,34.86782884597778,256,7.342011489468785,2.522684607546145,0.0,2.2650116844916703,0.02443348198008378,0.0,0.021937788819165385,0.046371270799249166,1.101549537836164e-06,1.101549537836164,26,34.86782884597778,PRY,10,Apple M4,1,Apple M4,16.0,36,256,292,0.00018113777655956705,0.18113777655956706,1533.5165477557393,136.20245642960072,0,8,512,42,15.6.1,0.3.21,3.13.5,no_disponible_apple_silicon,72.9,7.963775634765625,58.4,Version: 0.3.21,no,plain_text_no_template,yes
2026-06-21T19:07:34.638925,llama-2-7b,q4,cpu,6,Summarize the key contributions of the Transformer architecture as described in the paper Attention ,Vaswani et al. 2017,7,35.101545095443726,256,7.293126251391979,2.4957860568756347,6.735675291704166e-05,2.2772318648838517,0.024334985228888825,6.567572500000552e-07,0.022203988055000536,0.046539630041139354,1.1055489116272653e-06,1.1055489116272652,26,35.101545095443726,PRY,10,Apple M4,1,Apple M4,16.0,36,256,292,0.0001817954298482006,0.1817954298482006,1527.968981451968,137.11541052907705,0,8,512,42,15.6.1,0.3.21,3.13.5,no_disponible_apple_silicon,76.8,8.016036987304688,58.7,Version: 0.3.21,no,plain_text_no_template,yes
2026-06-21T19:08:19.673943,llama-2-7b,q4,cpu,6,Summarize the key contributions of the Transformer architecture as described in the paper Attention ,Vaswani et al. 2017,8,38.44133496284485,256,6.659498174229242,2.2462894831442592,0.0,2.339404786096126,0.023986212901406692,0.0,0.024980511943334328,0.048966724844741016,1.1632045486868227e-06,1.1632045486868228,26,38.44133496284485,PRY,10,Apple M4,1,Apple M4,16.0,36,256,292,0.0001912762689247696,0.1912762689247696,1452.233355132151,150.1614646986127,0,8,512,42,15.6.1,0.3.21,3.13.5,no_disponible_apple_silicon,73.5,8.15869140625,59.7,Version: 0.3.21,no,plain_text_no_template,yes
2026-06-21T19:09:01.392736,llama-2-7b,q4,cpu,6,Summarize the key contributions of the Transformer architecture as described in the paper Attention ,Vaswani et al. 2017,9,37.1272828578949,256,6.895198902107729,2.3213644719562714,0.000112028716295224,2.316686322137057,0.023940543157385644,1.1553671772499002e-06,0.023892296770832978,0.047833995295395865,1.1362965582421286e-06,1.1362965582421287,26,37.1272828578949,PRY,10,Apple M4,1,Apple M4,16.0,36,256,292,0.0001868515441226401,0.1868515441226401,1486.6228645959607,145.02844866365194,0,8,512,42,15.6.1,0.3.21,3.13.5,no_disponible_apple_silicon,76.6,8.008544921875,58.7,Version: 0.3.21,no,plain_text_no_template,yes
2026-06-21T19:09:45.662305,llama-2-7b,q4,cpu,6,Summarize the key contributions of the Transformer architecture as described in the paper Attention ,Vaswani et al. 2017,10,37.661137342453,256,6.797458018120645,2.2535892204878003,0.0,2.3290115571238097,0.02357575920729518,0.0,0.0243647844791667,0.04794054368646188,1.138827615271902e-06,1.138827615271902,26,37.661137342453,PRY,10,Apple M4,1,Apple M4,16.0,36,256,292,0.00018726774877524173,0.18726774877524172,1483.3188287598093,147.11381774395704,0,8,512,42,15.6.1,0.3.21,3.13.5,no_disponible_apple_silicon,73.6,8.159408569335938,59.8,Version: 0.3.21,no,plain_text_no_template,yes
2026-06-21T19:10:31.803429,llama-2-7b,q4,cpu,7,"Extract the names, roles and organizations from the following text and present them in a table:

""Dr",Zheng et al. 2023,1,41.55270195007324,256,6.16085087096361,2.079365394536003,0.0003714500832760718,2.3872068836145948,0.024000902912347497,4.2874318332501386e-06,0.027554137813333456,0.051559328157514205,1.2247918403817499e-06,1.22479184038175,26,41.55270195007324,PRY,10,Apple M4,1,Apple M4,16.0,83,256,339,0.00020140362561528986,0.20140362561528985,1379.2094205313545,162.3152419924736,0,8,512,42,15.6.1,0.3.21,3.13.5,no_disponible_apple_silicon,78.1,7.930755615234375,58.2,Version: 0.3.21,no,plain_text_no_template,yes
2026-06-21T19:11:18.410705,llama-2-7b,q4,cpu,7,"Extract the names, roles and organizations from the following text and present them in a table:

""Dr",Zheng et al. 2023,2,40.00961995124817,256,6.398461177885136,2.0768928892976217,0.0005541710853568766,2.3514113416381757,0.02308213755006877,6.158937364749817e-06,0.0261330761466661,0.049221372634099626,1.1692537069230365e-06,1.1692537069230367,26,40.00961995124817,PRY,10,Apple M4,1,Apple M4,16.0,83,256,339,0.00019227098685195167,0.19227098685195165,1444.7201958331145,156.28757793456316,0,8,512,42,15.6.1,0.3.21,3.13.5,no_disponible_apple_silicon,73.0,7.9354095458984375,58.3,Version: 0.3.21,no,plain_text_no_template,yes
2026-06-21T19:12:04.004586,llama-2-7b,q4,cpu,7,"Extract the names, roles and organizations from the following text and present them in a table:

""Dr",Zheng et al. 2023,3,40.98287105560303,256,6.2465121014258616,2.070151763018401,0.00037723151591855593,2.3756451991591034,0.023566878547031225,4.294452937499955e-06,0.027044655797499977,0.0506158287974687,1.2023790130838689e-06,1.202379013083869,26,40.98287105560303,PRY,10,Apple M4,1,Apple M4,16.0,83,256,339,0.0001977180812401121,0.1977180812401121,1404.9184375830548,160.08934006094933,0,8,512,42,15.6.1,0.3.21,3.13.5,no_disponible_apple_silicon,77.5,8.154159545898438,59.7,Version: 0.3.21,no,plain_text_no_template,yes
2026-06-21T19:12:52.217537,llama-2-7b,q4,cpu,7,"Extract the names, roles and organizations from the following text and present them in a table:

""Dr",Zheng et al. 2023,4,41.56676697731018,256,6.1587662119534405,2.0245913776298043,0.00027654624713475143,2.378242666983551,0.023376588338391523,3.1930926147499575e-06,0.02745996076500054,0.050839742196006815,1.2076980758661418e-06,1.2076980758661418,26,41.56676697731018,PRY,10,Apple M4,1,Apple M4,16.0,83,256,339,0.00019859274295315162,0.19859274295315163,1398.730757464315,162.3701835051179,0,8,512,42,15.6.1,0.3.21,3.13.5,no_disponible_apple_silicon,73.4,7.94891357421875,58.3,Version: 0.3.21,no,plain_text_no_template,yes
2026-06-21T19:13:38.022660,llama-2-7b,q4,cpu,7,"Extract the names, roles and organizations from the following text and present them in a table:

""Dr",Zheng et al. 2023,5,41.174803018569946,256,6.217394649940239,2.0154636896493,0.0,2.3737130013207546,0.023051755670108365,0.0,0.027149212570000147,0.05020096824010851,1.1925240005437774e-06,1.1925240005437774,26,41.174803018569946,PRY,10,Apple M4,1,Apple M4,16.0,83,256,339,0.00019609753218792386,0.19609753218792386,1416.5286767177583,160.83907429128885,0,8,512,42,15.6.1,0.3.21,3.13.5,no_disponible_apple_silicon,76.4,7.98138427734375,58.5,Version: 0.3.21,no,plain_text_no_template,yes
2026-06-21T19:14:27.980744,llama-2-7b,q4,cpu,7,"Extract the names, roles and organizations from the following text and present them in a table:

""Dr",Zheng et al. 2023,6,43.3376100063324,256,5.90710932057845,1.8877090941659402,0.00044952072279835813,2.4070396154692526,0.022724666813436253,5.4114316039999715e-06,0.028976484479166325,0.051706562724206574,1.2282893975135272e-06,1.2282893975135272,26,43.3376100063324,PRY,10,Apple M4,1,Apple M4,16.0,83,256,339,0.00020197876064143193,0.20197876064143194,1375.282118256533,169.28753908723593,0,8,512,42,15.6.1,0.3.21,3.13.5,no_disponible_apple_silicon,73.8,7.9577178955078125,58.5,Version: 0.3.21,no,plain_text_no_template,yes
2026-06-21T19:15:14.977397,llama-2-7b,q4,cpu,7,"Extract the names, roles and organizations from the following text and present them in a table:

""Dr",Zheng et al. 2023,7,42.35263013839722,256,6.0444888348954855,1.9316931709767904,0.0,2.3928475379176626,0.022725635114235473,0.0,0.02815094076416699,0.050876575878402455,1.2085730599914503e-06,1.2085730599914504,26,42.35263013839722,PRY,10,Apple M4,1,Apple M4,16.0,83,256,339,0.0001987366245250096,0.1987366245250096,1397.7181027487031,165.43996147811413,0,8,512,42,15.6.1,0.3.21,3.13.5,no_disponible_apple_silicon,76.0,7.967559814453125,58.5,Version: 0.3.21,no,plain_text_no_template,yes
2026-06-21T19:16:07.385381,llama-2-7b,q4,cpu,7,"Extract the names, roles and organizations from the following text and present them in a table:

""Dr",Zheng et al. 2023,8,45.811219930648804,256,5.588150684211094,2.6319221293655746,0.0,3.1362549767612133,0.03349210097464107,0.0,0.03990990736083328,0.07340200833547435,1.7436647080091929e-06,1.743664708009193,26,45.811219930648804,PRY,10,Apple M4,1,Apple M4,16.0,83,256,339,0.00028672659506044667,0.2867265950604467,968.7897201137469,178.9500778540969,0,8,512,42,15.6.1,0.3.21,3.13.5,no_disponible_apple_silicon,74.0,8.15093994140625,59.6,Version: 0.3.21,no,plain_text_no_template,yes
2026-06-21T19:16:55.333472,llama-2-7b,q4,cpu,7,"Extract the names, roles and organizations from the following text and present them in a table:

""Dr",Zheng et al. 2023,9,43.342103004455566,256,5.906496968402369,1.88126273087055,0.0,2.403403939912455,0.022649411961065208,0.0,0.028935716979166654,0.05158512894023186,1.2254047379752078e-06,1.2254047379752078,26,43.342103004455566,PRY,10,Apple M4,1,Apple M4,16.0,83,256,339,0.0002015044099227807,0.2015044099227807,1378.5195960933365,169.30508986115456,0,8,512,42,15.6.1,0.3.21,3.13.5,no_disponible_apple_silicon,76.1,7.9465179443359375,58.4,Version: 0.3.21,no,plain_text_no_template,yes
2026-06-21T19:17:47.575184,llama-2-7b,q4,cpu,7,"Extract the names, roles and organizations from the following text and present them in a table:

""Dr",Zheng et al. 2023,10,45.63560485839844,256,5.609655022527606,2.931261662327927,0.201441831479787,3.1380488423973265,0.03715830526626929,0.0025535888398232356,0.0397796547216664,0.07949154882775893,1.8883217424034133e-06,1.8883217424034133,26,45.63560485839844,PRY,10,Apple M4,1,Apple M4,16.0,83,256,339,0.0003105138626084333,0.3105138626084333,894.5744819388735,178.2640814781189,0,8,512,42,15.6.1,0.3.21,3.13.5,no_disponible_apple_silicon,74.0,8.26165771484375,60.4,Version: 0.3.21,no,plain_text_no_template,yes
2026-06-21T19:18:42.293314,llama-2-7b,q4,cpu,8,"Given the following data, identify the month with the highest average temperature and the month with",Zheng et al. 2023,1,50.104740142822266,256,5.109297029987156,2.245069045103623,0.0,2.235264688705197,0.031246833641003096,0.0,0.031110376771666774,0.062357210412669874,1.4812955333529727e-06,1.4812955333529727,26,50.104740142822266,PRY,10,Apple M4,1,Apple M4,16.0,113,256,369,0.0002435828531744917,0.2435828531744917,1140.3831351740937,195.72164118289948,0,8,512,42,15.6.1,0.3.21,3.13.5,no_disponible_apple_silicon,77.7,7.935577392578125,58.3,Version: 0.3.21,no,plain_text_no_template,yes
2026-06-21T19:19:35.615594,llama-2-7b,q4,cpu,8,"Given the following data, identify the month with the highest average temperature and the month with",Zheng et al. 2023,2,46.71980905532837,256,5.479474449410305,2.0741352521207754,0.0008247820282904939,3.1300684968300256,0.026917556370557774,1.0703794131666199e-05,0.04062116736166597,0.06754942752635541,1.6046366508885725e-06,1.6046366508885725,26,46.71980905532837,PRY,10,Apple M4,1,Apple M4,16.0,113,256,369,0.00026386495127482583,0.26386495127482584,1052.7270728292413,182.49925412237644,0,8,512,42,15.6.1,0.3.21,3.13.5,no_disponible_apple_silicon,73.7,7.9826812744140625,58.6,Version: 0.3.21,no,plain_text_no_template,yes
2026-06-21T19:20:30.133411,llama-2-7b,q4,cpu,8,"Given the following data, identify the month with the highest average temperature and the month with",Zheng et al. 2023,3,49.89951276779175,256,5.130310614279952,2.2215749826359152,0.0,2.2239467576050673,0.030793197002957663,0.0,0.0308260721183342,0.061619269121291856,1.4637657379762878e-06,1.4637657379762878,26,49.89951276779175,PRY,10,Apple M4,1,Apple M4,16.0,113,256,369,0.0002407002700050463,0.24070027000504632,1154.0401586253065,194.91997174918652,0,8,512,42,15.6.1,0.3.21,3.13.5,no_disponible_apple_silicon,76.8,7.9151763916015625,58.2,Version: 0.3.21,no,plain_text_no_template,yes
2026-06-21T19:21:25.025757,llama-2-7b,q4,cpu,8,"Given the following data, identify the month with the highest average temperature and the month with",Zheng et al. 2023,4,48.2822539806366,256,5.30215511692283,2.3106946784421685,0.0,3.121924456146011,0.030990429815625054,0.0,0.04187043041666736,0.07286086023229241,1.730809734818106e-06,1.7308097348181062,26,48.2822539806366,PRY,10,Apple M4,1,Apple M4,16.0,113,256,369,0.0002846127352823922,0.2846127352823922,975.9850609009719,188.6025546118617,0,8,512,42,15.6.1,0.3.21,3.13.5,no_disponible_apple_silicon,73.3,7.925140380859375,58.3,Version: 0.3.21,no,plain_text_no_template,yes
2026-06-21T19:22:17.993948,llama-2-7b,q4,cpu,8,"Given the following data, identify the month with the highest average temperature and the month with",Zheng et al. 2023,5,48.31070613861084,256,5.29903246012378,2.3422972449780146,0.0,3.133927256612794,0.031432787192058505,0.0,0.042056177431667646,0.07348896462372614,1.7457303546366146e-06,1.7457303546366145,26,48.31070613861084,PRY,10,Apple M4,1,Apple M4,16.0,113,256,369,0.00028706626806143025,0.28706626806143026,967.6433934701627,188.7136958539486,0,8,512,42,15.6.1,0.3.21,3.13.5,no_disponible_apple_silicon,76.0,7.9526824951171875,58.5,Version: 0.3.21,no,plain_text_no_template,yes
2026-06-21T19:23:13.822711,llama-2-7b,q4,cpu,8,"Given the following data, identify the month with the highest average temperature and the month with",Zheng et al. 2023,6,49.14680027961731,256,5.208884373825066,2.283889417557862,0.0,3.128950954184052,0.03117940474040215,0.0,0.04271609100833378,0.07389549574873594,1.7553875015112221e-06,1.7553875015112221,26,49.14680027961731,PRY,10,Apple M4,1,Apple M4,16.0,113,256,369,0.00028865428026849977,0.28865428026849976,962.3199680926093,191.97968859225512,0,8,512,42,15.6.1,0.3.21,3.13.5,no_disponible_apple_silicon,73.2,7.953826904296875,58.5,Version: 0.3.21,no,plain_text_no_template,yes
2026-06-21T19:24:10.379753,llama-2-7b,q4,cpu,8,"Given the following data, identify the month with the highest average temperature and the month with",Zheng et al. 2023,7,51.839807987213135,256,4.938289896118929,2.1423575372971158,0.11706705366842676,2.250059756794833,0.030849834270400358,0.0016857593288333384,0.03240074048666656,0.06493633408590024,1.5425626162105603e-06,1.5425626162105603,26,51.839807987213135,PRY,10,Apple M4,1,Apple M4,16.0,113,256,369,0.0002536575550230478,0.2536575550230478,1095.0897076672459,202.4992499500513,0,8,512,42,15.6.1,0.3.21,3.13.5,no_disponible_apple_silicon,76.4,8.132568359375,59.7,Version: 0.3.21,no,plain_text_no_template,yes
2026-06-21T19:25:07.094121,llama-2-7b,q4,cpu,8,"Given the following data, identify the month with the highest average temperature and the month with",Zheng et al. 2023,8,50.02787494659424,256,5.1171471959039865,2.1581004273167514,4.4572047880917465e-05,2.2234030727018492,0.0299903273055539,6.194013437500416e-07,0.030897814132500416,0.060888760839398065,1.4464125137399009e-06,1.4464125137399009,26,50.02787494659424,PRY,10,Apple M4,1,Apple M4,16.0,113,256,369,0.0002378467220288987,0.2378467220288987,1167.885667745412,195.42138651013374,0,8,512,42,15.6.1,0.3.21,3.13.5,no_disponible_apple_silicon,73.5,7.92633056640625,58.3,Version: 0.3.21,no,plain_text_no_template,yes
2026-06-21T19:26:04.051948,llama-2-7b,q4,cpu,8,"Given the following data, identify the month with the highest average temperature and the month with",Zheng et al. 2023,9,52.27377200126648,256,4.8972934264968995,2.0739964969971836,0.0,2.2550317489646905,0.030115450004293373,0.0,0.032744170972499285,0.06285962097679265,1.4932302963037093e-06,1.4932302963037094,26,52.27377200126648,PRY,10,Apple M4,1,Apple M4,16.0,113,256,369,0.0002455453944405963,0.2455453944405963,1131.2685314689513,204.19442187994719,0,8,512,42,15.6.1,0.3.21,3.13.5,no_disponible_apple_silicon,76.3,8.108978271484375,59.7,Version: 0.3.21,no,plain_text_no_template,yes
2026-06-21T19:27:01.651422,llama-2-7b,q4,cpu,8,"Given the following data, identify the month with the highest average temperature and the month with",Zheng et al. 2023,10,50.90051817893982,256,5.029418346981003,2.1115217213004507,0.0,2.2351556982198524,0.029854874933411078,0.0,0.03160293979166681,0.06145781472507788,1.459930388794225e-06,1.459930388794225,26,50.90051817893982,PRY,10,Apple M4,1,Apple M4,16.0,113,256,369,0.00024006958876983547,0.24006958876983547,1157.071910695422,198.83014913648367,0,8,512,42,15.6.1,0.3.21,3.13.5,no_disponible_apple_silicon,73.5,7.912109375,58.2,Version: 0.3.21,no,plain_text_no_template,yes
2026-06-21T19:28:00.615075,llama-2-7b,q4,cpu,9,Write a Python function that takes a list of integers and returns a dictionary with three keys: mean,Chen et al. 2021,1,54.25747990608215,256,4.718243465106143,2.008774198018095,0.0,2.2860759583509362,0.030275284912450857,0.0,0.03445464454833428,0.06472992946078514,1.5376594743409507e-06,1.5376594743409506,26,54.25747990608215,PRY,10,Apple M4,1,Apple M4,16.0,35,256,291,0.00025285128695619194,0.25285128695619197,1098.5816252772504,211.9432808831334,0,8,512,42,15.6.1,0.3.21,3.13.5,no_disponible_apple_silicon,76.7,8.110061645507812,59.6,Version: 0.3.21,no,plain_text_no_template,yes
2026-06-21T19:28:58.921835,llama-2-7b,q4,cpu,9,Write a Python function that takes a list of integers and returns a dictionary with three keys: mean,Chen et al. 2021,2,51.615286111831665,256,4.959771015224842,2.0809567739801382,0.0,2.2374665278379022,0.029835883132038624,0.0,0.03207985416666664,0.06191573729870526,1.4708083395307435e-06,1.4708083395307434,26,51.615286111831665,PRY,10,Apple M4,1,Apple M4,16.0,35,256,291,0.00024185834882306742,0.24185834882306742,1148.5143230717554,201.62221137434244,0,8,512,42,15.6.1,0.3.21,3.13.5,no_disponible_apple_silicon,73.3,7.91455078125,58.3,Version: 0.3.21,no,plain_text_no_template,yes
2026-06-21T19:29:58.674430,llama-2-7b,q4,cpu,9,Write a Python function that takes a list of integers and returns a dictionary with three keys: mean,Chen et al. 2021,3,55.082080125808716,256,4.6476095204700005,2.0214110283302498,0.0002808047118440825,2.289842326413909,0.030928756730466727,4.296474343750105e-06,0.035035910694166436,0.0659689638989769,1.5670927374201961e-06,1.5670927374201962,26,55.082080125808716,PRY,10,Apple M4,1,Apple M4,16.0,35,256,291,0.0002576912652303785,0.2576912652303785,1077.9479759604646,215.1643754914403,0,8,512,42,15.6.1,0.3.21,3.13.5,no_disponible_apple_silicon,76.6,8.087020874023438,59.5,Version: 0.3.21,no,plain_text_no_template,yes
2026-06-21T19:30:57.887065,llama-2-7b,q4,cpu,9,Write a Python function that takes a list of integers and returns a dictionary with three keys: mean,Chen et al. 2021,4,52.52580904960632,256,4.873794514202132,2.0466577852936934,0.0002955875210382146,2.259246825897083,0.029861765561174085,4.312770468749931e-06,0.03296354649249982,0.06282962482414267,1.492517737697509e-06,1.492517737697509,26,52.52580904960632,PRY,10,Apple M4,1,Apple M4,16.0,35,256,291,0.0002454282219693073,0.2454282219693073,1131.8086222884183,205.1789416000247,0,8,512,42,15.6.1,0.3.21,3.13.5,no_disponible_apple_silicon,73.3,7.8733673095703125,58.1,Version: 0.3.21,no,plain_text_no_template,yes
2026-06-21T19:31:57.091367,llama-2-7b,q4,cpu,9,Write a Python function that takes a list of integers and returns a dictionary with three keys: mean,Chen et al. 2021,5,54.51225304603577,256,4.696191877884908,2.028287028664842,0.0969805459890257,2.2895782443370165,0.03071291548793607,0.0014685077954156884,0.03466946350666604,0.0668508867900178,1.5880428156968727e-06,1.5880428156968727,26,54.51225304603577,PRY,10,Apple M4,1,Apple M4,16.0,35,256,291,0.00026113627652350703,0.261136276523507,1063.7272671411959,212.9384884610772,0,8,512,42,15.6.1,0.3.21,3.13.5,no_disponible_apple_silicon,76.2,8.1070556640625,59.6,Version: 0.3.21,no,plain_text_no_template,yes
2026-06-21T19:32:56.692002,llama-2-7b,q4,cpu,9,Write a Python function that takes a list of integers and returns a dictionary with three keys: mean,Chen et al. 2021,6,52.926130056381226,256,4.836930259727812,2.0329341501943317,0.0,2.26408832694454,0.029887593674790013,0.0,0.033285953680833695,0.06317354735562372,1.5006876174328412e-06,1.5006876174328412,26,52.926130056381226,PRY,10,Apple M4,1,Apple M4,16.0,35,256,291,0.00024677166935790516,0.24677166935790515,1125.6469533174125,206.74269553273916,0,8,512,42,15.6.1,0.3.21,3.13.5,no_disponible_apple_silicon,73.5,7.9013519287109375,58.3,Version: 0.3.21,no,plain_text_no_template,yes
2026-06-21T19:33:56.759947,llama-2-7b,q4,cpu,9,Write a Python function that takes a list of integers and returns a dictionary with three keys: mean,Chen et al. 2021,7,55.38667392730713,256,4.622050429242061,1.9885101913378231,0.0,2.2991932033169995,0.03059360154687642,0.0,0.0353735178466665,0.06596711939354293,1.5670489211936121e-06,1.567048921193612,26,55.38667392730713,PRY,10,Apple M4,1,Apple M4,16.0,35,256,291,0.00025768406013102705,0.25768406013102707,1077.9781164443523,216.35419502854347,0,8,512,42,15.6.1,0.3.21,3.13.5,no_disponible_apple_silicon,76.0,8.109283447265625,59.6,Version: 0.3.21,no,plain_text_no_template,yes
2026-06-21T19:34:57.403042,llama-2-7b,q4,cpu,9,Write a Python function that takes a list of integers and returns a dictionary with three keys: mean,Chen et al. 2021,8,53.95130395889282,256,4.745019697671337,1.986802511184484,0.0,2.2827229850984416,0.029775162829779347,0.0,0.03420996711749922,0.06398512994727856,1.5199667618976024e-06,1.5199667618976023,26,53.95130395889282,PRY,10,Apple M4,1,Apple M4,16.0,35,256,291,0.0002499419138565569,0.2499419138565569,1111.369331744799,210.7472810894251,0,8,512,42,15.6.1,0.3.21,3.13.5,no_disponible_apple_silicon,73.5,7.93218994140625,58.4,Version: 0.3.21,no,plain_text_no_template,yes
2026-06-21T19:35:58.673749,llama-2-7b,q4,cpu,9,Write a Python function that takes a list of integers and returns a dictionary with three keys: mean,Chen et al. 2021,9,56.594127893447876,256,4.523437493055496,1.9781310760639332,0.0,2.3070372645519326,0.031097389752434975,0.0,0.03626798944583395,0.06736537919826893,1.6002645828548782e-06,1.6002645828548783,26,56.594127893447876,PRY,10,Apple M4,1,Apple M4,16.0,35,256,291,0.000263146012493238,0.263146012493238,1055.6032187070125,221.07081208378077,0,8,512,42,15.6.1,0.3.21,3.13.5,no_disponible_apple_silicon,76.3,8.089691162109375,59.4,Version: 0.3.21,no,plain_text_no_template,yes
2026-06-21T19:37:00.097115,llama-2-7b,q4,cpu,9,Write a Python function that takes a list of integers and returns a dictionary with three keys: mean,Chen et al. 2021,10,54.81309270858765,256,4.670416999840115,1.9725837528653256,0.0002820554011154625,2.2865389304582298,0.03003428225590579,4.294535791749922e-06,0.034814519549167165,0.06485309634086471,1.5405853035772412e-06,1.5405853035772412,26,54.81309270858765,PRY,10,Apple M4,1,Apple M4,16.0,35,256,291,0.0002533324075815028,0.25333240758150277,1096.4952349746661,214.1136433929205,0,8,512,42,15.6.1,0.3.21,3.13.5,no_disponible_apple_silicon,73.6,7.8667449951171875,58.0,Version: 0.3.21,no,plain_text_no_template,yes
2026-06-21T19:38:02.244347,llama-2-7b,q4,cpu,10,"Write a Python function that reads a list of strings and returns the top 3 most frequent words, igno",Chen et al. 2021,1,57.45725083351135,256,4.455486405741686,1.909851364356872,0.0,2.327473359532975,0.030481891360160187,0.0,0.03714728350750041,0.0676291748676606,1.6065310489812773e-06,1.6065310489812772,26,57.45725083351135,PRY,10,Apple M4,1,Apple M4,16.0,35,256,291,0.0002641764643267992,0.2641764643267992,1051.4857123462486,224.44238606840372,0,8,512,42,15.6.1,0.3.21,3.13.5,no_disponible_apple_silicon,76.5,8.095123291015625,59.5,Version: 0.3.21,no,plain_text_no_template,yes
2026-06-21T19:39:05.167465,llama-2-7b,q4,cpu,10,"Write a Python function that reads a list of strings and returns the top 3 most frequent words, igno",Chen et al. 2021,2,56.257280111312866,256,4.550522163415443,2.022154967461875,0.0,2.3069019065304577,0.03160026067582929,0.0,0.03605000742916824,0.06765026810499752,1.6070321188342161e-06,1.607032118834216,26,56.257280111312866,PRY,10,Apple M4,1,Apple M4,16.0,35,256,291,0.0002642588597851466,0.26425885978514657,1051.1578609081362,219.75500043481588,0,8,512,42,15.6.1,0.3.21,3.13.5,no_disponible_apple_silicon,74.3,8.029220581054688,59.0,Version: 0.3.21,no,plain_text_no_template,yes
2026-06-21T19:40:09.055748,llama-2-7b,q4,cpu,10,"Write a Python function that reads a list of strings and returns the top 3 most frequent words, igno",Chen et al. 2021,3,59.1791570186615,256,4.325847357360518,1.8587470092353418,0.0001951011668493247,2.3379041028984258,0.030555300310418265,3.207200718750073e-06,0.03843199833333302,0.06899050584447002,1.6388694663353851e-06,1.638869466335385,26,59.1791570186615,PRY,10,Apple M4,1,Apple M4,16.0,35,256,291,0.000269494163454961,0.269494163454961,1030.7376390516938,231.16858210414648,0,8,512,42,15.6.1,0.3.21,3.13.5,no_disponible_apple_silicon,76.7,8.08905029296875,59.6,Version: 0.3.21,no,plain_text_no_template,yes
2026-06-21T19:41:12.516892,llama-2-7b,q4,cpu,10,"Write a Python function that reads a list of strings and returns the top 3 most frequent words, igno",Chen et al. 2021,4,56.76887130737305,256,4.509513649018968,1.9047823193355344,0.0,2.3180957467426584,0.03003676176525514,0.0,0.03655435531250078,0.06659111707775592,1.5818719861820918e-06,1.5818719861820918,26,56.76887130737305,PRY,10,Apple M4,1,Apple M4,16.0,35,256,291,0.00026012155108498405,0.2601215510849841,1067.8768315010748,221.75340354442596,0,8,512,42,15.6.1,0.3.21,3.13.5,no_disponible_apple_silicon,73.8,7.8555908203125,58.1,Version: 0.3.21,no,plain_text_no_template,yes
2026-06-21T19:42:20.598564,llama-2-7b,q4,cpu,10,"Write a Python function that reads a list of strings and returns the top 3 most frequent words, igno",Chen et al. 2021,5,63.40445590019226,256,4.037571119654127,2.214539536907287,0.0,2.8903606264436594,0.03900324289085286,0.0,0.050906039687499745,0.0899092825783526,2.135795007648766e-06,2.135795007648766,26,63.40445590019226,PRY,10,Apple M4,1,Apple M4,16.0,35,256,291,0.0003512081350716898,0.3512081350716898,790.9206821791779,247.67365586012602,0,8,512,42,15.6.1,0.3.21,3.13.5,no_disponible_apple_silicon,76.3,8.082275390625,59.5,Version: 0.3.21,no,plain_text_no_template,yes
2026-06-21T19:43:33.820173,llama-2-7b,q4,cpu,10,"Write a Python function that reads a list of strings and returns the top 3 most frequent words, igno",Chen et al. 2021,6,66.49913883209229,256,3.849673913016978,1.996650128421856,0.00023237866041120756,2.208960156505213,0.036882087246955526,4.292494666750144e-06,0.04080387447833346,0.07769025421995572,1.845531988995048e-06,1.8455319889950481,26,66.49913883209229,PRY,10,Apple M4,1,Apple M4,16.0,35,256,291,0.00030347755554670203,0.303477555546702,915.3157217092142,259.7622610628605,0,8,512,42,15.6.1,0.3.21,3.13.5,no_disponible_apple_silicon,74.3,7.8835601806640625,58.3,Version: 0.3.21,no,plain_text_no_template,yes
2026-06-21T19:45:01.173545,llama-2-7b,q4,cpu,10,"Write a Python function that reads a list of strings and returns the top 3 most frequent words, igno",Chen et al. 2021,7,82.6182370185852,256,3.0985894790082735,1.9149395252638883,0.0001392769212106471,2.1987921196519475,0.04394692432625249,3.196337135500016e-06,0.05046120236000055,0.09441132302338856,2.242740978420595e-06,2.242740978420595,26,82.6182370185852,PRY,10,Apple M4,1,Apple M4,16.0,35,256,291,0.00036879423056011156,0.36879423056011157,753.205323618807,322.72748835384846,0,8,512,42,15.6.1,0.3.21,3.13.5,no_disponible_apple_silicon,76.4,7.8786773681640625,58.3,Version: 0.3.21,no,plain_text_no_template,yes
2026-06-21T19:46:31.449379,llama-2-7b,q4,cpu,10,"Write a Python function that reads a list of strings and returns the top 3 most frequent words, igno",Chen et al. 2021,8,83.57889723777771,256,3.062974129362978,1.8286784323803795,0.0,2.2062428402041103,0.04245525743912783,0.0,0.05122092878416727,0.0936761862232951,2.2252778037343748e-06,2.225277803734375,26,83.57889723777771,PRY,10,Apple M4,1,Apple M4,16.0,35,256,291,0.0003659226024347465,0.3659226024347465,759.1162063494363,326.4800673350692,0,8,512,42,15.6.1,0.3.21,3.13.5,no_disponible_apple_silicon,73.5,7.824981689453125,58.0,Version: 0.3.21,no,plain_text_no_template,yes
2026-06-21T19:47:37.874438,llama-2-7b,q4,cpu,10,"Write a Python function that reads a list of strings and returns the top 3 most frequent words, igno",Chen et al. 2021,9,61.71727705001831,256,4.147947094174727,1.7409677504989114,0.0,2.8583504763185257,0.029846608053524574,0.0,0.04900266895916729,0.07884927701269187,1.8730645754364952e-06,1.8730645754364952,26,61.71727705001831,PRY,10,Apple M4,1,Apple M4,16.0,35,256,291,0.0003080049883308276,0.3080049883308276,901.8612954392063,241.08311347663403,0,8,512,42,15.6.1,0.3.21,3.13.5,no_disponible_apple_silicon,70.4,8.013656616210938,59.1,Version: 0.3.21,no,plain_text_no_template,yes
2026-06-21T19:48:48.125160,llama-2-7b,q4,cpu,10,"Write a Python function that reads a list of strings and returns the top 3 most frequent words, igno",Chen et al. 2021,10,63.52742004394531,256,4.029755967154201,2.0042182077191635,0.0,2.8595085437491554,0.03536744776152737,0.0,0.05046033343833416,0.08582778119986152,2.0388389424027103e-06,2.0388389424027102,26,63.52742004394531,PRY,10,Apple M4,1,Apple M4,16.0,35,256,291,0.00033526477031195907,0.33526477031195906,828.5325580713702,248.15398454666138,0,8,512,42,15.6.1,0.3.21,3.13.5,no_disponible_apple_silicon,69.9,7.76318359375,57.4,Version: 0.3.21,no,plain_text_no_template,yes
2026-06-21T19:49:59.414028,llama-2-7b,q4,cpu,11,Explain how quantization reduces the memory footprint of a neural network model. What are the trade-,Dettmers et al. 2022,1,66.57178115844727,256,3.8454731951770267,1.901670157003225,0.0,2.215546304866809,0.035165991535435766,0.0,0.04097023993166658,0.07613623146710236,1.8086161785010163e-06,1.8086161785010164,26,66.57178115844727,PRY,10,Apple M4,1,Apple M4,16.0,38,256,294,0.0002974071541683686,0.2974071541683686,933.9983046289526,260.04602015018463,0,8,512,42,15.6.1,0.3.21,3.13.5,no_disponible_apple_silicon,71.9,7.9606170654296875,58.5,Version: 0.3.21,no,plain_text_no_template,yes
2026-06-21T19:50:58.527564,llama-2-7b,q4,cpu,11,Explain how quantization reduces the memory footprint of a neural network model. What are the trade-,Dettmers et al. 2022,2,52.38495087623596,256,4.886899686225199,1.831382170649064,0.0,2.2416706141319227,0.02664912917918489,0.0,0.03261939027833402,0.0592685194575189,1.4079236797133615e-06,1.4079236797133616,26,52.38495087623596,PRY,10,Apple M4,1,Apple M4,16.0,38,256,294,0.00023151765413093322,0.23151765413093323,1199.8125102834813,204.62871436029673,0,8,512,42,15.6.1,0.3.21,3.13.5,no_disponible_apple_silicon,66.9,7.76458740234375,57.3,Version: 0.3.21,no,plain_text_no_template,yes
2026-06-21T19:51:56.897082,llama-2-7b,q4,cpu,11,Explain how quantization reduces the memory footprint of a neural network model. What are the trade-,Dettmers et al. 2022,3,53.648152112960815,256,4.771832577960372,1.793277456197091,0.0,2.257189758279581,0.026723894930779157,0.0,0.033637238750000055,0.06036113368077921,1.43387873058691e-06,1.43387873058691,26,53.648152112960815,PRY,10,Apple M4,1,Apple M4,16.0,38,256,294,0.00023578567844054378,0.2357856784405438,1178.0943593137818,209.56309419125319,0,8,512,42,15.6.1,0.3.21,3.13.5,no_disponible_apple_silicon,69.8,7.9639129638671875,58.6,Version: 0.3.21,no,plain_text_no_template,yes
2026-06-21T19:52:50.662245,llama-2-7b,q4,cpu,11,Explain how quantization reduces the memory footprint of a neural network model. What are the trade-,Dettmers et al. 2022,4,47.030564069747925,256,5.443268756469586,1.8024080538077571,0.0,3.1190772113522955,0.023546740959565386,0.0,0.040747766840831895,0.06429450780039729,1.5273160327984375e-06,1.5273160327984374,26,47.030564069747925,PRY,10,Apple M4,1,Apple M4,16.0,38,256,294,0.0002511504210953019,0.2511504210953019,1106.0215490236897,183.71314089745283,0,8,512,42,15.6.1,0.3.21,3.13.5,no_disponible_apple_silicon,66.5,7.7308349609375,57.1,Version: 0.3.21,no,plain_text_no_template,yes
2026-06-21T19:53:42.955507,llama-2-7b,q4,cpu,11,Explain how quantization reduces the memory footprint of a neural network model. What are the trade-,Dettmers et al. 2022,5,47.56423807144165,256,5.382194909029913,2.106353004988279,0.0,3.128785857023103,0.02782974327548862,0.0,0.041338420938335126,0.06916816421382374,1.643089740899383e-06,1.643089740899383,26,47.56423807144165,PRY,10,Apple M4,1,Apple M4,16.0,38,256,294,0.000270188141460249,0.270188141460249,1028.090190326304,185.79780496656895,0,8,512,42,15.6.1,0.3.21,3.13.5,no_disponible_apple_silicon,69.3,7.7528533935546875,57.3,Version: 0.3.21,no,plain_text_no_template,yes
2026-06-21T19:54:34.603665,llama-2-7b,q4,cpu,11,Explain how quantization reduces the memory footprint of a neural network model. What are the trade-,Dettmers et al. 2022,6,44.933467864990234,256,5.697312318942148,1.570965945113979,0.0,2.4165970441957403,0.01960804105882583,0.0,0.03016280156333324,0.04977084262215906,1.1823063664893884e-06,1.1823063664893885,26,44.933467864990234,PRY,10,Apple M4,1,Apple M4,16.0,38,256,294,0.00019441735399280884,0.19441735399280885,1428.770488194445,175.5213588476181,0,8,512,42,15.6.1,0.3.21,3.13.5,no_disponible_apple_silicon,66.9,7.7509002685546875,57.3,Version: 0.3.21,no,plain_text_no_template,yes
2026-06-21T19:55:24.091588,llama-2-7b,q4,cpu,11,Explain how quantization reduces the memory footprint of a neural network model. What are the trade-,Dettmers et al. 2022,7,44.77879881858826,256,5.716991226967238,1.5988686355071609,0.0,2.419579426682291,0.01988761582409052,0.0,0.03009607232583373,0.04998368814992425,1.1873625120014506e-06,1.1873625120014506,26,44.77879881858826,PRY,10,Apple M4,1,Apple M4,16.0,38,256,294,0.0001952487818356416,0.19524878183564162,1422.6863551528236,174.91718288511038,0,8,512,42,15.6.1,0.3.21,3.13.5,no_disponible_apple_silicon,68.9,7.7499847412109375,57.2,Version: 0.3.21,no,plain_text_no_template,yes
2026-06-21T19:56:16.245383,llama-2-7b,q4,cpu,11,Explain how quantization reduces the memory footprint of a neural network model. What are the trade-,Dettmers et al. 2022,8,45.47305226325989,256,5.629707865615084,2.3175774799500077,0.10378157400041134,3.1188989866989605,0.029274256074978012,0.0013109069273566883,0.03939607128499726,0.06998123428733197,1.6624042204955708e-06,1.662404220495571,26,45.47305226325989,PRY,10,Apple M4,1,Apple M4,16.0,38,256,294,0.0002733641964348905,0.2733641964348905,1016.1454257742876,177.62911040335894,0,8,512,42,15.6.1,0.3.21,3.13.5,no_disponible_apple_silicon,66.8,7.9763946533203125,58.7,Version: 0.3.21,no,plain_text_no_template,yes
2026-06-21T19:57:07.058352,llama-2-7b,q4,cpu,11,Explain how quantization reduces the memory footprint of a neural network model. What are the trade-,Dettmers et al. 2022,9,46.17442297935486,256,5.544194891497847,1.9654033965671485,0.0,3.1221165462632348,0.0252087132661534,0.0,0.04004498055500032,0.06525369382115372,1.5501014967215066e-06,1.5501014967215065,26,46.17442297935486,PRY,10,Apple M4,1,Apple M4,16.0,38,256,294,0.0002548972414888817,0.2548972414888817,1089.763765803225,180.36883976310492,0,8,512,42,15.6.1,0.3.21,3.13.5,no_disponible_apple_silicon,69.2,7.7425384521484375,57.2,Version: 0.3.21,no,plain_text_no_template,yes
2026-06-21T19:58:01.066163,llama-2-7b,q4,cpu,11,Explain how quantization reduces the memory footprint of a neural network model. What are the trade-,Dettmers et al. 2022,10,47.214272022247314,256,5.422089318233543,2.113725346852689,0.0,3.1306402422207746,0.02772166764072831,0.0,0.041058583333334966,0.06878025097406328,1.6338748618888729e-06,1.633874861888873,26,47.214272022247314,PRY,10,Apple M4,1,Apple M4,16.0,38,256,294,0.00026867285536743467,0.2686728553674347,1033.8885087512517,184.43075008690357,0,8,512,42,15.6.1,0.3.21,3.13.5,no_disponible_apple_silicon,66.8,7.9453125,58.4,Version: 0.3.21,no,plain_text_no_template,yes
2026-06-21T19:58:55.989536,llama-2-7b,q4,cpu,12,What is the difference between CPU and GPU architectures in the context of deep learning inference? ,Zheng et al. 2023,1,50.22361373901367,256,5.097203903532321,1.967622557263518,0.0,2.2219227484483723,0.027450309805603677,0.0,0.030998052743332966,0.05844836254893664,1.3884408523499899e-06,1.3884408523499898,26,50.22361373901367,PRY,10,Apple M4,1,Apple M4,16.0,34,256,290,0.00022831391620678376,0.22831391620678376,1216.6484741394152,196.18599116802216,0,8,512,42,15.6.1,0.3.21,3.13.5,no_disponible_apple_silicon,69.6,7.7282867431640625,57.1,Version: 0.3.21,no,plain_text_no_template,yes
2026-06-21T19:59:54.416360,llama-2-7b,q4,cpu,12,What is the difference between CPU and GPU architectures in the context of deep learning inference? ,Zheng et al. 2023,2,51.70488500595093,256,4.951176276101106,1.863962629446715,0.0,2.2398635203360584,0.02677110372525898,0.0,0.032169968263333425,0.058941071988592414,1.4001451650890126e-06,1.4001451650890127,26,51.70488500595093,PRY,10,Apple M4,1,Apple M4,16.0,34,256,290,0.00023023856245543912,0.2302385624554391,1206.4780756765692,201.9722070544958,0,8,512,42,15.6.1,0.3.21,3.13.5,no_disponible_apple_silicon,67.3,7.950531005859375,58.5,Version: 0.3.21,no,plain_text_no_template,yes
2026-06-21T20:00:51.861723,llama-2-7b,q4,cpu,12,What is the difference between CPU and GPU architectures in the context of deep learning inference? ,Zheng et al. 2023,3,52.709527015686035,256,4.856807004240731,1.8506917853741764,0.0,2.2574090038901358,0.02709696907191344,0.0,0.03305193357666667,0.06014890264858012,1.4288371824170205e-06,1.4288371824170205,26,52.709527015686035,PRY,10,Apple M4,1,Apple M4,16.0,34,256,290,0.00023495665097101608,0.2349566509710161,1182.2511796528972,205.89658990502357,0,8,512,42,15.6.1,0.3.21,3.13.5,no_disponible_apple_silicon,69.3,7.734283447265625,57.1,Version: 0.3.21,no,plain_text_no_template,yes
2026-06-21T20:01:50.183907,llama-2-7b,q4,cpu,12,What is the difference between CPU and GPU architectures in the context of deep learning inference? ,Zheng et al. 2023,4,51.59521985054016,256,4.961699954793775,1.881984453442346,0.0,2.23821990121419,0.026972611564071252,0.0,0.032078179965833446,0.0590507915299047,1.402751552792886e-06,1.4027515527928862,26,51.59521985054016,PRY,10,Apple M4,1,Apple M4,16.0,34,256,290,0.00023066715441369024,0.23066715441369023,1204.2363746318078,201.5438275411725,0,8,512,42,15.6.1,0.3.21,3.13.5,no_disponible_apple_silicon,67.2,7.981689453125,58.6,Version: 0.3.21,no,plain_text_no_template,yes
2026-06-21T20:02:47.787598,llama-2-7b,q4,cpu,12,What is the difference between CPU and GPU architectures in the context of deep learning inference? ,Zheng et al. 2023,5,52.87847685813904,256,4.841289220315289,1.8297136525738322,0.0,2.2493258400405054,0.0268756863985129,0.0,0.03303914566083223,0.05991483205934513,1.4232768355697433e-06,1.4232768355697434,26,52.87847685813904,PRY,10,Apple M4,1,Apple M4,16.0,34,256,290,0.0002340423127318169,0.23404231273181691,1186.8699062809048,206.55655022710562,0,8,512,42,15.6.1,0.3.21,3.13.5,no_disponible_apple_silicon,69.3,7.7356719970703125,57.1,Version: 0.3.21,no,plain_text_no_template,yes
2026-06-21T20:03:46.575913,llama-2-7b,q4,cpu,12,What is the difference between CPU and GPU architectures in the context of deep learning inference? ,Zheng et al. 2023,6,52.09928870201111,256,4.913694723630997,1.855893886500268,0.04125345329129701,2.2358504362940055,0.026858542053631917,0.0005970209924939481,0.03235728260416636,0.059812845650292226,1.4208541484226918e-06,1.4208541484226918,26,52.09928870201111,PRY,10,Apple M4,1,Apple M4,16.0,34,256,290,0.000233643928321454,0.233643928321454,1188.8936287511958,203.5128464922309,0,8,512,42,15.6.1,0.3.21,3.13.5,no_disponible_apple_silicon,67.7,8.063125610351562,59.1,Version: 0.3.21,no,plain_text_no_template,yes
2026-06-21T20:04:43.683122,llama-2-7b,q4,cpu,12,What is the difference between CPU and GPU architectures in the context of deep learning inference? ,Zheng et al. 2023,7,53.41786789894104,256,4.792403929043281,1.8276002628601822,0.0,2.262661963683372,0.027118474837093093,0.0,0.033574049409999134,0.060692524247092226,1.4417509134896757e-06,1.4417509134896758,26,53.41786789894104,PRY,10,Apple M4,1,Apple M4,16.0,34,256,290,0.000237080172840204,0.237080172840204,1171.661781961854,208.66354648023844,0,8,512,42,15.6.1,0.3.21,3.13.5,no_disponible_apple_silicon,70.5,7.729522705078125,57.0,Version: 0.3.21,no,plain_text_no_template,yes
2026-06-21T20:05:40.825354,llama-2-7b,q4,cpu,12,What is the difference between CPU and GPU architectures in the context of deep learning inference? ,Zheng et al. 2023,8,50.38760685920715,256,5.080614380343844,1.9254494517433047,0.0,2.2181336685288082,0.026949663889365996,0.0,0.03104623534750014,0.05799589923686613,1.3776925863717547e-06,1.3776925863717546,26,50.38760685920715,PRY,10,Apple M4,1,Apple M4,16.0,34,256,290,0.0002265464813940083,0.22654648139400832,1226.1403314168817,196.82658929377794,0,8,512,42,15.6.1,0.3.21,3.13.5,no_disponible_apple_silicon,66.7,7.7275543212890625,57.1,Version: 0.3.21,no,plain_text_no_template,yes
2026-06-21T20:06:37.766773,llama-2-7b,q4,cpu,12,What is the difference between CPU and GPU architectures in the context of deep learning inference? ,Zheng et al. 2023,9,52.26005506515503,256,4.898578841542225,1.8631733239403263,0.0,2.2424786431795187,0.02704709458473594,0.0,0.032553349270832165,0.059600443855568105,1.4158085437890201e-06,1.4158085437890202,26,52.26005506515503,PRY,10,Apple M4,1,Apple M4,16.0,34,256,290,0.0002328142338108129,0.2328142338108129,1193.1305626420706,204.14084009826183,0,8,512,42,15.6.1,0.3.21,3.13.5,no_disponible_apple_silicon,69.8,7.753326416015625,57.2,Version: 0.3.21,no,plain_text_no_template,yes
2026-06-21T20:07:33.214862,llama-2-7b,q4,cpu,12,What is the difference between CPU and GPU architectures in the context of deep learning inference? ,Zheng et al. 2023,10,48.728355169296265,256,5.253614637936837,2.063816659358574,0.0,3.1232251345290565,0.02793510866153753,0.0,0.042274895452501376,0.0702100041140389,1.6678386477289939e-06,1.667838647728994,26,48.728355169296265,PRY,10,Apple M4,1,Apple M4,16.0,34,256,290,0.00027425782857046444,0.27425782857046443,1012.834452987762,190.34513738006353,0,8,512,42,15.6.1,0.3.21,3.13.5,no_disponible_apple_silicon,66.4,7.746490478515625,57.2,Version: 0.3.21,no,plain_text_no_template,yes
2026-06-21T20:08:31.789223,llama-2-7b,q4,cpu,13,Explain the ethical implications of deploying large language models in low-resource countries where ,Bender et al. 2021,1,53.86134696006775,256,4.752944633742557,1.826057073900063,0.0,2.2704554081921313,0.027320526007282603,0.0,0.033969385138332954,0.06128991114561556,1.4559418392640974e-06,1.4559418392640975,26,53.86134696006775,PRY,10,Apple M4,1,Apple M4,16.0,40,256,296,0.00023941371541256077,0.23941371541256076,1160.241706700502,210.39588656276464,0,8,512,42,15.6.1,0.3.21,3.13.5,no_disponible_apple_silicon,70.3,7.7355194091796875,57.1,Version: 0.3.21,no,plain_text_no_template,yes
2026-06-21T20:09:26.900479,llama-2-7b,q4,cpu,13,Explain the ethical implications of deploying large language models in low-resource countries where ,Bender et al. 2021,2,48.42809009552002,256,5.286188232801731,2.0313641360741532,0.0,3.113981535975385,0.027326412610724247,0.0,0.04189004955000049,0.06921646216072473,1.6442370586280157e-06,1.6442370586280157,26,48.42809009552002,PRY,10,Apple M4,1,Apple M4,16.0,40,256,296,0.000270376805315331,0.270376805315331,1027.3728083065976,189.17222693562508,0,8,512,42,15.6.1,0.3.21,3.13.5,no_disponible_apple_silicon,66.5,7.7350006103515625,57.1,Version: 0.3.21,no,plain_text_no_template,yes
2026-06-21T20:10:23.159722,llama-2-7b,q4,cpu,13,Explain the ethical implications of deploying large language models in low-resource countries where ,Bender et al. 2021,3,51.54750204086304,256,4.966293028070734,1.9226900511688838,0.00028094486884201037,2.2410639662697243,0.027530519260159748,4.02277950000098e-06,0.032089235937498115,0.059623777977157864,1.416362845847385e-06,1.416362845847385,26,51.54750204086304,PRY,10,Apple M4,1,Apple M4,16.0,40,256,296,0.0002329053827232729,0.2329053827232729,1192.663623870901,201.35742984712124,0,8,512,42,15.6.1,0.3.21,3.13.5,no_disponible_apple_silicon,69.8,7.7754669189453125,57.3,Version: 0.3.21,no,plain_text_no_template,yes
2026-06-21T20:11:17.645780,llama-2-7b,q4,cpu,13,Explain the ethical implications of deploying large language models in low-resource countries where ,Bender et al. 2021,4,47.815895080566406,256,5.353868197356927,2.097957861654511,0.0,3.1283390595733347,0.027865481387867097,0.0,0.04155120340249899,0.06941668479036608,1.6489933471951461e-06,1.6489933471951461,26,47.815895080566406,PRY,10,Apple M4,1,Apple M4,16.0,40,256,296,0.0002711589249623675,0.27115892496236754,1024.4094964468857,186.78084015846252,0,8,512,42,15.6.1,0.3.21,3.13.5,no_disponible_apple_silicon,66.6,7.766326904296875,57.2,Version: 0.3.21,no,plain_text_no_template,yes
2026-06-21T20:12:14.057711,llama-2-7b,q4,cpu,13,Explain the ethical implications of deploying large language models in low-resource countries where ,Bender et al. 2021,5,51.70884871482849,256,4.95079674683585,1.9099919380792703,0.0,2.2441759971290054,0.027434301159078626,0.0,0.03223437697916476,0.059668678138243385,1.4174294491739716e-06,1.4174294491739716,26,51.70884871482849,PRY,10,Apple M4,1,Apple M4,16.0,40,256,296,0.00023308077397751322,0.23308077397751323,1191.7661548720305,201.9876902922988,0,8,512,42,15.6.1,0.3.21,3.13.5,no_disponible_apple_silicon,69.7,7.985565185546875,58.5,Version: 0.3.21,no,plain_text_no_template,yes
2026-06-21T20:13:10.261467,llama-2-7b,q4,cpu,13,Explain the ethical implications of deploying large language models in low-resource countries where ,Bender et al. 2021,6,49.49366283416748,256,5.172379358095776,2.0086752369152867,0.0,2.205501565659744,0.027615748588674077,0.0,0.03032176413083107,0.05793751271950514,1.3763056146518445e-06,1.3763056146518444,26,49.49366283416748,PRY,10,Apple M4,1,Apple M4,16.0,40,256,296,0.00022631840906056695,0.22631840906056694,1227.375974101335,193.33462044596672,0,8,512,42,15.6.1,0.3.21,3.13.5,no_disponible_apple_silicon,67.3,7.8735809326171875,57.7,Version: 0.3.21,no,plain_text_no_template,yes
2026-06-21T20:14:03.360604,llama-2-7b,q4,cpu,13,Explain the ethical implications of deploying large language models in low-resource countries where ,Bender et al. 2021,7,48.40630602836609,256,5.288567151767046,2.055940746221181,0.0,3.125484857496559,0.02764458248271384,0.0,0.04202588236083406,0.06967046484354789,1.65502189235848e-06,1.65502189235848,26,48.40630602836609,PRY,10,Apple M4,1,Apple M4,16.0,40,256,296,0.00027215025329510893,0.27215025329510895,1020.6780056771307,189.08713292330503,0,8,512,42,15.6.1,0.3.21,3.13.5,no_disponible_apple_silicon,69.3,7.810272216796875,57.3,Version: 0.3.21,no,plain_text_no_template,yes
2026-06-21T20:14:55.585394,llama-2-7b,q4,cpu,13,Explain the ethical implications of deploying large language models in low-resource countries where ,Bender et al. 2021,8,45.56594777107239,256,5.618230554232475,2.4398842740969515,0.0,3.128141566836748,0.030882122055822935,0.0,0.03959353757083439,0.07047565962665732,1.6741492944312447e-06,1.6741492944312446,26,45.56594777107239,PRY,10,Apple M4,1,Apple M4,16.0,40,256,296,0.00027529554541663015,0.27529554541663015,1009.0166092494923,177.99198348075151,0,8,512,42,15.6.1,0.3.21,3.13.5,no_disponible_apple_silicon,66.5,7.8231658935546875,57.4,Version: 0.3.21,no,plain_text_no_template,yes
2026-06-21T20:15:47.240035,llama-2-7b,q4,cpu,13,Explain the ethical implications of deploying large language models in low-resource countries where ,Bender et al. 2021,9,46.95363783836365,256,5.452186705559888,1.7474884181671355,0.0,3.132601407889763,0.02279192730926518,0.0,0.04085750888833445,0.06364943619759963,1.511992356873979e-06,1.511992356873979,26,46.95363783836365,PRY,10,Apple M4,1,Apple M4,16.0,40,256,296,0.0002486306101468736,0.24863061014687357,1117.2308092462392,183.412647806108,0,8,512,42,15.6.1,0.3.21,3.13.5,no_disponible_apple_silicon,69.2,7.8347930908203125,57.4,Version: 0.3.21,no,plain_text_no_template,yes
2026-06-21T20:16:38.506861,llama-2-7b,q4,cpu,13,Explain the ethical implications of deploying large language models in low-resource countries where ,Bender et al. 2021,10,44.54678797721863,256,5.746766750745738,1.6008390442315699,0.0,2.4093290503433638,0.019808954858065848,0.0,0.029813297325833144,0.049622252183898985,1.1787766006285203e-06,1.1787766006285203,26,44.54678797721863,PRY,10,Apple M4,1,Apple M4,16.0,40,256,296,0.0001938369225933554,0.19383692259335542,1433.0488436432688,174.01089053601027,0,8,512,42,15.6.1,0.3.21,3.13.5,no_disponible_apple_silicon,66.2,7.8569183349609375,57.6,Version: 0.3.21,no,plain_text_no_template,yes
2026-06-21T20:17:35.319714,llama-2-7b,q4,cpu,14,"Translate the following paragraph to Spanish, then explain any cultural or linguistic nuances you co",Papineni et al. 2002,1,52.060791969299316,256,4.917328191068728,1.8979789456474991,0.0,2.2494205610060307,0.027447301958740143,0.0,0.032529615521666534,0.05997691748040668,1.4247516747470605e-06,1.4247516747470605,26,52.060791969299316,PRY,10,Apple M4,1,Apple M4,16.0,84,256,340,0.00023428483390783858,0.23428483390783858,1185.6413116653048,203.36246863007545,0,8,512,42,15.6.1,0.3.21,3.13.5,no_disponible_apple_silicon,70.1,7.8540802001953125,57.6,Version: 0.3.21,no,plain_text_no_template,yes
2026-06-21T20:18:34.375283,llama-2-7b,q4,cpu,14,"Translate the following paragraph to Spanish, then explain any cultural or linguistic nuances you co",Papineni et al. 2002,2,52.33985495567322,256,4.891110229801118,1.8603740365781016,0.0,2.2475936688137703,0.027047696454943926,0.0,0.0326774240625006,0.05972512051744452,1.4187702378918944e-06,1.4187702378918943,26,52.33985495567322,PRY,10,Apple M4,1,Apple M4,16.0,84,256,340,0.00023330125202126765,0.23330125202126764,1190.6398931474903,204.4525584205985,0,8,512,42,15.6.1,0.3.21,3.13.5,no_disponible_apple_silicon,67.2,7.7898101806640625,57.1,Version: 0.3.21,no,plain_text_no_template,yes
2026-06-21T20:19:33.838730,llama-2-7b,q4,cpu,14,"Translate the following paragraph to Spanish, then explain any cultural or linguistic nuances you co",Papineni et al. 2002,3,54.748342990875244,256,4.675940604132381,1.7724131496689233,0.0,2.2795256953402743,0.02695463417766992,0.0,0.03466673739583409,0.06162137157350401,1.4638156817285876e-06,1.4638156817285874,26,54.748342990875244,PRY,10,Apple M4,1,Apple M4,16.0,84,256,340,0.00024070848270900004,0.24070848270900003,1154.0007840670573,213.86071480810642,0,8,512,42,15.6.1,0.3.21,3.13.5,no_disponible_apple_silicon,69.6,7.814605712890625,57.3,Version: 0.3.21,no,plain_text_no_template,yes
2026-06-21T20:20:36.048862,llama-2-7b,q4,cpu,14,"Translate the following paragraph to Spanish, then explain any cultural or linguistic nuances you co",Papineni et al. 2002,4,55.5029718875885,256,4.612365631852704,1.7399132855886859,0.0,2.2892354914315565,0.02682509949357516,0.0,0.03529427031249876,0.062119369806073924,1.475645629743286e-06,1.475645629743286,26,55.5029718875885,PRY,10,Apple M4,1,Apple M4,16.0,84,256,340,0.00024265378830497626,0.24265378830497628,1144.7493967357987,216.80848393589258,0,8,512,42,15.6.1,0.3.21,3.13.5,no_disponible_apple_silicon,67.4,7.76202392578125,57.0,Version: 0.3.21,no,plain_text_no_template,yes
2026-06-21T20:21:34.689171,llama-2-7b,q4,cpu,14,"Translate the following paragraph to Spanish, then explain any cultural or linguistic nuances you co",Papineni et al. 2002,5,53.943180084228516,256,4.74573430043008,1.790280464030213,0.0,2.273133590465742,0.026825950409016103,0.0,0.03406112628500069,0.06088707669401679,1.4463725068663686e-06,1.4463725068663686,26,53.943180084228516,PRY,10,Apple M4,1,Apple M4,16.0,84,256,340,0.00023784014333600307,0.23784014333600306,1167.917971632542,210.71554720401764,0,8,512,42,15.6.1,0.3.21,3.13.5,no_disponible_apple_silicon,69.4,7.7701263427734375,57.0,Version: 0.3.21,no,plain_text_no_template,yes
2026-06-21T20:22:33.144469,llama-2-7b,q4,cpu,14,"Translate the following paragraph to Spanish, then explain any cultural or linguistic nuances you co",Papineni et al. 2002,6,51.74419689178467,256,4.947414693388442,1.9027178708625228,0.0,2.2410850895322807,0.02734850226095214,0.0,0.03221198559000034,0.05956048785095247,1.4148593888993758e-06,1.414859388899376,26,51.74419689178467,PRY,10,Apple M4,1,Apple M4,16.0,84,256,340,0.0002326581556677831,0.23265815566778308,1193.9309713020411,202.12576910853386,0,8,512,42,15.6.1,0.3.21,3.13.5,no_disponible_apple_silicon,67.5,7.7985382080078125,57.1,Version: 0.3.21,no,plain_text_no_template,yes
2026-06-21T20:23:27.667544,llama-2-7b,q4,cpu,14,"Translate the following paragraph to Spanish, then explain any cultural or linguistic nuances you co",Papineni et al. 2002,7,49.84020781517029,256,5.136415180076338,1.9687031805548711,0.0,2.2113767946499387,0.027255715457011526,0.0,0.03061541083416614,0.057871126291177674,1.3747286050469255e-06,1.3747286050469254,26,49.84020781517029,PRY,10,Apple M4,1,Apple M4,16.0,84,256,340,0.0002260590870749128,0.2260590870749128,1228.7839492412272,194.68831177800894,0,8,512,42,15.6.1,0.3.21,3.13.5,no_disponible_apple_silicon,69.2,7.7998809814453125,57.1,Version: 0.3.21,no,plain_text_no_template,yes
2026-06-21T20:24:23.424038,llama-2-7b,q4,cpu,14,"Translate the following paragraph to Spanish, then explain any cultural or linguistic nuances you co",Papineni et al. 2002,8,49.03469204902649,256,5.220793468918757,2.048718096763275,0.00024484605872508383,3.1207266601165524,0.0279050724916819,3.334986413611761e-06,0.042506630763333914,0.07041503824142943,1.672709233425156e-06,1.6727092334251559,26,49.03469204902649,PRY,10,Apple M4,1,Apple M4,16.0,84,256,340,0.0002750587431305837,0.2750587431305837,1009.8852871072098,191.54176581650972,0,8,512,42,15.6.1,0.3.21,3.13.5,no_disponible_apple_silicon,67.3,7.783599853515625,57.1,Version: 0.3.21,no,plain_text_no_template,yes
2026-06-21T20:25:14.685564,llama-2-7b,q4,cpu,14,"Translate the following paragraph to Spanish, then explain any cultural or linguistic nuances you co",Papineni et al. 2002,9,46.62688183784485,256,5.490395023417947,1.7977325331524125,0.0,3.114984895046416,0.02328407288870751,0.0,0.04034500906333355,0.06362908195204106,1.5115088417707352e-06,1.5115088417707352,26,46.62688183784485,PRY,10,Apple M4,1,Apple M4,16.0,84,256,340,0.0002485511013751604,0.2485511013751604,1117.58819913054,182.13625717908144,0,8,512,42,15.6.1,0.3.21,3.13.5,no_disponible_apple_silicon,69.3,7.764404296875,56.9,Version: 0.3.21,no,plain_text_no_template,yes
2026-06-21T20:26:08.034388,llama-2-7b,q4,cpu,14,"Translate the following paragraph to Spanish, then explain any cultural or linguistic nuances you co",Papineni et al. 2002,10,46.65327000617981,256,5.4872895290317185,1.8511123972449115,0.0,3.1259739075886834,0.02398901291123712,0.0,0.040510251317502174,0.06449926422873929,1.5321800217537017e-06,1.5321800217537018,26,46.65327000617981,PRY,10,Apple M4,1,Apple M4,16.0,84,256,340,0.00025195025089351286,0.25195025089351286,1102.510423358066,182.23933596163988,0,8,512,42,15.6.1,0.3.21,3.13.5,no_disponible_apple_silicon,67.0,7.9851226806640625,58.4,Version: 0.3.21,no,plain_text_no_template,yes
2026-06-21T20:27:11.092383,llama-2-7b,q4,cpu,15,The following is a summary of key findings from a research experiment on energy consumption in large,Villamayor 2026,1,58.36895489692688,249,4.265966393260021,1.7051233379971187,0.0,2.3284998654851665,0.027646185335903118,0.0,0.03775336211833444,0.06539954745423755,1.553566249775413e-06,1.553566249775413,26,58.36895489692688,PRY,10,Apple M4,1,Apple M4,16.0,279,249,528,0.0002626487849567773,0.2626487849567773,1057.6016097827755,234.41347348163404,0,8,512,42,15.6.1,0.3.21,3.13.5,no_disponible_apple_silicon,71.5,7.8182373046875,57.3,Version: 0.3.21,no,plain_text_no_template,yes
2026-06-21T20:28:05.815780,llama-2-7b,q4,cpu,15,The following is a summary of key findings from a research experiment on energy consumption in large,Villamayor 2026,2,48.009796142578125,249,5.1864415183211126,2.0491032524145134,0.0,3.127038493959603,0.027326952617642942,0.0,0.041702355729165294,0.06902930834680825,1.6397912197784298e-06,1.63979121977843,26,48.009796142578125,PRY,10,Apple M4,1,Apple M4,16.0,279,249,528,0.00027722613793898894,0.277226137938989,1001.9898550796471,192.81042627541413,0,8,512,42,15.6.1,0.3.21,3.13.5,no_disponible_apple_silicon,67.1,8.004287719726562,58.4,Version: 0.3.21,no,plain_text_no_template,yes
2026-06-21T20:28:58.808413,llama-2-7b,q4,cpu,15,The following is a summary of key findings from a research experiment on energy consumption in large,Villamayor 2026,3,48.315253019332886,249,5.153651992681588,2.0584226678719784,0.0,3.123527003689975,0.027625892227490238,0.0,0.041920554859999966,0.06954644708749019,1.6520758505633295e-06,1.6520758505633295,26,48.315253019332886,PRY,10,Apple M4,1,Apple M4,16.0,279,249,528,0.00027930300035136624,0.27930300035136624,994.5391829959946,194.0371607202124,0,8,512,42,15.6.1,0.3.21,3.13.5,no_disponible_apple_silicon,69.3,7.7734375,57.0,Version: 0.3.21,no,plain_text_no_template,yes
2026-06-21T20:29:54.794380,llama-2-7b,q4,cpu,15,The following is a summary of key findings from a research experiment on energy consumption in large,Villamayor 2026,4,49.291603326797485,249,5.051570312070385,2.0400766604734146,0.0,3.124892501544255,0.027932958195642572,0.0,0.04278637822916759,0.07071933642481017,1.6799378367713654e-06,1.6799378367713653,26,49.291603326797485,PRY,10,Apple M4,1,Apple M4,16.0,279,249,528,0.0002840133992964264,0.2840133992964264,978.0446220703113,197.9582462923594,0,8,512,42,15.6.1,0.3.21,3.13.5,no_disponible_apple_silicon,67.2,7.983642578125,58.3,Version: 0.3.21,no,plain_text_no_template,yes
2026-06-21T20:30:48.339388,llama-2-7b,q4,cpu,15,The following is a summary of key findings from a research experiment on energy consumption in large,Villamayor 2026,5,48.77708697319031,249,5.10485589549166,2.062372538846391,0.0,3.1154078519597257,0.027943479082897144,0.0,0.04221125548666654,0.07015473456956368,1.6665257196999851e-06,1.6665257196999852,26,48.77708697319031,PRY,10,Apple M4,1,Apple M4,16.0,279,249,528,0.0002817459219661192,0.2817459219661192,985.9158771113691,195.89191555498115,0,8,512,42,15.6.1,0.3.21,3.13.5,no_disponible_apple_silicon,69.3,7.77008056640625,57.0,Version: 0.3.21,no,plain_text_no_template,yes
2026-06-21T20:31:46.298338,llama-2-7b,q4,cpu,15,The following is a summary of key findings from a research experiment on energy consumption in large,Villamayor 2026,6,51.25796604156494,249,4.85778151630298,1.9309773426245047,0.0,2.226523922748909,0.027493880848688382,0.0,0.03170196878416543,0.05919584963285382,1.4061974080284424e-06,1.4061974080284425,26,51.25796604156494,PRY,10,Apple M4,1,Apple M4,16.0,279,249,528,0.00023773433587491493,0.23773433587491494,1168.4377721690648,205.85528530748974,0,8,512,42,15.6.1,0.3.21,3.13.5,no_disponible_apple_silicon,67.7,7.995849609375,58.4,Version: 0.3.21,no,plain_text_no_template,yes
2026-06-21T20:32:45.683065,llama-2-7b,q4,cpu,15,The following is a summary of key findings from a research experiment on energy consumption in large,Villamayor 2026,7,54.66913676261902,249,4.554672247363125,1.7737030464337065,0.0,2.2846823664024063,0.026935226228266194,0.0,0.03469489242999922,0.06163011865826541,1.4640234687270949e-06,1.4640234687270948,26,54.66913676261902,PRY,10,Apple M4,1,Apple M4,16.0,279,249,528,0.0002475105166998611,0.24751051669986107,1122.2867677764968,219.55476611493583,0,8,512,42,15.6.1,0.3.21,3.13.5,no_disponible_apple_silicon,69.5,7.75946044921875,56.9,Version: 0.3.21,no,plain_text_no_template,yes
2026-06-21T20:33:44.004463,llama-2-7b,q4,cpu,15,The following is a summary of key findings from a research experiment on energy consumption in large,Villamayor 2026,8,51.198646068573,249,4.863409857879863,1.8840172350575006,0.0,2.223925618530864,0.026794203223555687,0.0,0.031628327951664995,0.05842253117522067,1.387827228067367e-06,1.3878272280673671,26,51.198646068573,PRY,10,Apple M4,1,Apple M4,16.0,279,249,528,0.00023462863925791433,0.23462863925791433,1183.9039712131305,205.6170524842289,0,8,512,42,15.6.1,0.3.21,3.13.5,no_disponible_apple_silicon,66.7,7.865753173828125,57.5,Version: 0.3.21,no,plain_text_no_template,yes
2026-06-21T20:34:42.070630,llama-2-7b,q4,cpu,15,The following is a summary of key findings from a research experiment on energy consumption in large,Villamayor 2026,9,53.356499910354614,249,4.666722900084341,1.8213810272619773,0.0,2.2668077873400967,0.02699514350495147,0.0,0.0335969248616675,0.06059206836661898,1.4393645840490337e-06,1.4393645840490337,26,53.356499910354614,PRY,10,Apple M4,1,Apple M4,16.0,279,249,528,0.00024334164002658224,0.24334164002658223,1141.513543458628,214.28313217009884,0,8,512,42,15.6.1,0.3.21,3.13.5,no_disponible_apple_silicon,69.9,7.77325439453125,57.0,Version: 0.3.21,no,plain_text_no_template,yes
2026-06-21T20:35:39.683935,llama-2-7b,q4,cpu,15,The following is a summary of key findings from a research experiment on energy consumption in large,Villamayor 2026,10,50.88422989845276,249,4.89346110763428,1.894882531422306,0.0,2.22055962577191,0.02678323287762632,0.0,0.03138651847250003,0.05816975135012634,1.3818224433222512e-06,1.3818224433222512,26,50.88422989845276,PRY,10,Apple M4,1,Apple M4,16.0,279,249,528,0.0002336134592374552,0.2336134592374552,1189.048690449945,204.35433694157734,0,8,512,42,15.6.1,0.3.21,3.13.5,no_disponible_apple_silicon,66.9,7.804718017578125,57.2,Version: 0.3.21,no,plain_text_no_template,yes
2026-06-21T20:35:51.293134,llama-2-7b,q4,gpu,1,"If all roses are flowers and some flowers fade quickly, can we conclude that some roses fade quickly",Zheng et al. 2023,1,1.6824872493743896,34,20.208176919404558,0.04481348005934524,0.0,3.0008367087917494,2.0943919111094954e-05,0.0,0.0014024637499990909,0.001423407669110186,3.3813049179712465e-08,0.033813049179712465,26,1.6824872493743896,PRY,10,Apple M4,1,Apple M4,16.0,31,34,65,4.186493144441723e-05,0.041864931444417226,6635.094533633112,49.48491909924675,-1,8,512,42,15.6.1,0.3.21,3.13.5,no_disponible_apple_silicon,9.8,7.9134521484375,57.8,Version: 0.3.21,yes,plain_text_no_template,yes
2026-06-21T20:35:56.282428,llama-2-7b,q4,gpu,1,"If all roses are flowers and some flowers fade quickly, can we conclude that some roses fade quickly",Zheng et al. 2023,2,1.3664979934692383,31,22.68572668833403,0.018402730697744254,0.0,3.0003696636200674,6.985359603561745e-06,0.0,0.00113888864583411,0.0011458740054376719,2.722023699917189e-08,0.02722023699917189,26,1.3664979934692383,PRY,10,Apple M4,1,Apple M4,16.0,31,31,62,3.696367759476361e-05,0.036963677594763614,7514.8847693966645,44.08058043449155,-1,8,512,42,15.6.1,0.3.21,3.13.5,no_disponible_apple_silicon,4.8,7.9014129638671875,57.7,Version: 0.3.21,yes,plain_text_no_template,yes
2026-06-21T20:36:01.452189,llama-2-7b,q4,gpu,1,"If all roses are flowers and some flowers fade quickly, can we conclude that some roses fade quickly",Zheng et al. 2023,3,1.521049976348877,31,20.380658414927492,0.4737659136570555,0.0,3.0003220281786964,0.00020017267548971343,0.0,0.0012676777083333946,0.001467850383823108,3.486878586771793e-08,0.03486878586771793,26,1.521049976348877,PRY,10,Apple M4,1,Apple M4,16.0,31,31,62,4.735001238139058e-05,0.04735001238139058,5866.4774053353685,49.06612826931861,-1,8,512,42,15.6.1,0.3.21,3.13.5,no_disponible_apple_silicon,8.0,7.93804931640625,57.9,Version: 0.3.21,yes,plain_text_no_template,yes
2026-06-21T20:36:07.372620,llama-2-7b,q4,gpu,1,"If all roses are flowers and some flowers fade quickly, can we conclude that some roses fade quickly",Zheng et al. 2023,4,2.2158751487731934,31,13.989957880597638,0.08020782295280326,0.0,3.0002187310421333,4.936958933842136e-05,0.0,0.0018466972575000304,0.0018960668468384519,4.504106794664742e-08,0.045041067946647424,26,2.2158751487731934,PRY,10,Apple M4,1,Apple M4,16.0,31,31,62,6.116344667220813e-05,0.061163446672208126,4541.56514864942,71.47984350881269,-1,8,512,42,15.6.1,0.3.21,3.13.5,no_disponible_apple_silicon,4.7,7.9371337890625,58.0,Version: 0.3.21,yes,plain_text_no_template,yes
2026-06-21T20:36:15.368368,llama-2-7b,q4,gpu,1,"If all roses are flowers and some flowers fade quickly, can we conclude that some roses fade quickly",Zheng et al. 2023,5,1.3679840564727783,31,22.661082819876324,0.032609893346153516,0.0,3.000837971449194,1.2391615050226597e-05,0.0,0.0011403051391668368,0.0011526967542170633,2.7382311396426335e-08,0.027382311396426336,26,1.3679840564727783,PRY,10,Apple M4,1,Apple M4,16.0,31,31,62,3.7183766265066555e-05,0.03718376626506655,7470.404579181768,44.12851795073478,-1,8,512,42,15.6.1,0.3.21,3.13.5,no_disponible_apple_silicon,3.6,7.925079345703125,57.8,Version: 0.3.21,yes,plain_text_no_template,yes
2026-06-21T20:36:21.344580,llama-2-7b,q4,gpu,1,"If all roses are flowers and some flowers fade quickly, can we conclude that some roses fade quickly",Zheng et al. 2023,6,1.3734068870544434,31,22.571606631801554,0.04711351866597967,0.0,3.000788796710792,1.7973897502562374e-05,0.0,0.0011448066666662272,0.0011627805641687894,2.7621852301829593e-08,0.02762185230182959,26,1.3734068870544434,PRY,10,Apple M4,1,Apple M4,16.0,31,31,62,3.7509050457057724e-05,0.03750905045705772,7405.620094163459,44.30344796949817,-1,8,512,42,15.6.1,0.3.21,3.13.5,no_disponible_apple_silicon,5.1,7.925689697265625,57.8,Version: 0.3.21,yes,plain_text_no_template,yes
2026-06-21T20:36:26.977928,llama-2-7b,q4,gpu,1,"If all roses are flowers and some flowers fade quickly, can we conclude that some roses fade quickly",Zheng et al. 2023,7,1.9821631908416748,31,15.639479202939212,0.04920534220742439,0.0,3.000252781644929,2.709250503231246e-05,0.0,0.0016519418408324784,0.0016790343458647908,3.9885460886018106e-08,0.039885460886018104,26,1.9821631908416748,PRY,10,Apple M4,1,Apple M4,16.0,31,31,62,5.416239825370293e-05,0.054162398253702934,5128.609270155183,63.94074809166693,-1,8,512,42,15.6.1,0.3.21,3.13.5,no_disponible_apple_silicon,5.5,7.501251220703125,55.2,Version: 0.3.21,yes,plain_text_no_template,yes
2026-06-21T20:36:32.549571,llama-2-7b,q4,gpu,1,"If all roses are flowers and some flowers fade quickly, can we conclude that some roses fade quickly",Zheng et al. 2023,8,1.7131459712982178,31,18.095364037489624,0.02740391565420169,0.0,3.000312268841542,1.3040807694664385e-05,0.0,0.0014277702433340286,0.001440811051028693,3.42264665171866e-08,0.034226466517186596,26,1.7131459712982178,PRY,10,Apple M4,1,Apple M4,16.0,31,31,62,4.6477775839635255e-05,0.046477775839635256,5976.572087619021,55.262773267684445,-1,8,512,42,15.6.1,0.3.21,3.13.5,no_disponible_apple_silicon,5.2,7.496917724609375,55.2,Version: 0.3.21,yes,plain_text_no_template,yes
2026-06-21T20:36:37.731394,llama-2-7b,q4,gpu,1,"If all roses are flowers and some flowers fade quickly, can we conclude that some roses fade quickly",Zheng et al. 2023,9,1.5685503482818604,31,19.763471433324664,0.04400647943979098,0.0,3.000331327682566,1.9173994069984075e-05,0.0,0.001307269652499296,0.00132644364656928,3.150966882425324e-08,0.03150966882425324,26,1.5685503482818604,PRY,10,Apple M4,1,Apple M4,16.0,31,31,62,4.278850472804129e-05,0.042788504728041285,6491.878590834167,50.59839833167291,-1,8,512,42,15.6.1,0.3.21,3.13.5,no_disponible_apple_silicon,5.7,7.4973297119140625,55.2,Version: 0.3.21,yes,plain_text_no_template,yes
2026-06-21T20:36:45.753343,llama-2-7b,q4,gpu,1,"If all roses are flowers and some flowers fade quickly, can we conclude that some roses fade quickly",Zheng et al. 2023,10,1.3740768432617188,31,22.560601433624093,0.0849282797415798,0.0,3.000933150296277,3.241610625859949e-05,0.0,0.0011454202083329315,0.001177836314591531,2.7979501653121817e-08,0.027979501653121817,26,1.3740768432617188,PRY,10,Apple M4,1,Apple M4,16.0,31,31,62,3.799471982553326e-05,0.037994719825533256,7310.957392324426,44.32505946005544,-1,8,512,42,15.6.1,0.3.21,3.13.5,no_disponible_apple_silicon,4.7,7.4535369873046875,54.9,Version: 0.3.21,yes,plain_text_no_template,yes
2026-06-21T20:37:15.281164,llama-2-7b,q4,gpu,2,A farmer has 17 sheep. All but 9 die. How many sheep does the farmer have left? Explain your answer.,Zheng et al. 2023,1,24.89093828201294,256,10.28486741237049,0.06612383997928115,0.9876918729853253,2.6243717798378765,0.0004571901166372185,0.0068290492922565265,0.018145298889166953,0.025431538298060694,6.041261922704318e-07,0.6041261922704317,26,24.89093828201294,PRY,10,Apple M4,1,Apple M4,16.0,31,256,287,9.934194647679959e-05,0.09934194647679959,2796.1781264538663,97.23022766411304,-1,8,512,42,15.6.1,0.3.21,3.13.5,no_disponible_apple_silicon,2.5,7.452056884765625,54.9,Version: 0.3.21,yes,plain_text_no_template,yes
2026-06-21T20:37:46.177750,llama-2-7b,q4,gpu,2,A farmer has 17 sheep. All but 9 die. How many sheep does the farmer have left? Explain your answer.,Zheng et al. 2023,2,24.208898067474365,256,10.574624226451116,0.09043922060275865,0.9840582229377614,2.612323403681477,0.0006081760757983366,0.006617490336544508,0.01756707527750071,0.024792741689843554,5.889515788422335e-07,0.5889515788422336,26,24.208898067474365,PRY,10,Apple M4,1,Apple M4,16.0,31,256,287,9.684664722595138e-05,0.09684664722595138,2868.222966249919,94.56600807607174,-1,8,512,42,15.6.1,0.3.21,3.13.5,no_disponible_apple_silicon,3.6,7.873046875,57.5,Version: 0.3.21,yes,plain_text_no_template,yes
2026-06-21T20:38:16.424838,llama-2-7b,q4,gpu,2,A farmer has 17 sheep. All but 9 die. How many sheep does the farmer have left? Explain your answer.,Zheng et al. 2023,3,25.588287115097046,256,10.004577440002244,0.17951956860262605,0.8191464465995492,2.653028427367581,0.0012759995178284324,0.0058223762402502145,0.0188573480899989,0.025955723848077546,6.16578220011082e-07,0.616578220011082,26,25.588287115097046,PRY,10,Apple M4,1,Apple M4,16.0,31,256,287,0.00010138954628155291,0.10138954628155292,2739.7082634772323,99.95424654334784,-1,8,512,42,15.6.1,0.3.21,3.13.5,no_disponible_apple_silicon,3.0,7.947174072265625,58.0,Version: 0.3.21,yes,plain_text_no_template,yes
2026-06-21T20:38:48.719044,llama-2-7b,q4,gpu,2,A farmer has 17 sheep. All but 9 die. How many sheep does the farmer have left? Explain your answer.,Zheng et al. 2023,4,25.627792835235596,256,9.98915519747866,0.09375292840607784,0.8656176596295426,2.6322707999360677,0.0006674112852465659,0.006162186126529833,0.018738691874167063,0.025568289285943468,6.07374711987587e-07,0.607374711987587,26,25.627792835235596,PRY,10,Apple M4,1,Apple M4,16.0,31,256,287,9.987613002321667e-05,0.09987613002321667,2781.2228779109387,100.10856576263905,-1,8,512,42,15.6.1,0.3.21,3.13.5,no_disponible_apple_silicon,2.5,7.5109710693359375,55.3,Version: 0.3.21,yes,plain_text_no_template,yes
2026-06-21T20:39:20.521346,llama-2-7b,q4,gpu,2,A farmer has 17 sheep. All but 9 die. How many sheep does the farmer have left? Explain your answer.,Zheng et al. 2023,5,27.027577877044678,256,9.471806950834036,0.21148043747690817,0.8944735671637032,2.611278004417227,0.0015877233314940593,0.006715403887631928,0.019604588784166783,0.02790771600329277,6.629477936582198e-07,0.6629477936582198,26,27.027577877044678,PRY,10,Apple M4,1,Apple M4,16.0,31,256,287,0.00010901451563786239,0.1090145156378624,2548.0806491911007,105.57647608220577,-1,8,512,42,15.6.1,0.3.21,3.13.5,no_disponible_apple_silicon,5.5,7.6323394775390625,56.0,Version: 0.3.21,yes,plain_text_no_template,yes
2026-06-21T20:39:55.026265,llama-2-7b,q4,gpu,2,A farmer has 17 sheep. All but 9 die. How many sheep does the farmer have left? Explain your answer.,Zheng et al. 2023,6,27.872319221496582,256,9.184739811768498,0.06776426347441755,0.7137094372615846,2.6720653754770027,0.0005246519953801575,0.005525760351874882,0.020687960868334205,0.02673837321558925,6.351700557363225e-07,0.6351700557363226,26,27.872319221496582,PRY,10,Apple M4,1,Apple M4,16.0,31,256,287,0.00010444677037339551,0.1044467703733955,2659.5152419239653,108.87624695897102,-1,8,512,42,15.6.1,0.3.21,3.13.5,no_disponible_apple_silicon,3.9,8.038803100585938,58.5,Version: 0.3.21,yes,plain_text_no_template,yes
2026-06-21T20:40:27.806512,llama-2-7b,q4,gpu,2,A farmer has 17 sheep. All but 9 die. How many sheep does the farmer have left? Explain your answer.,Zheng et al. 2023,7,28.14244294166565,256,9.096580582241675,0.050978212121930856,0.7643808896704738,2.6550504083772495,0.00039851428497487983,0.005975429325903038,0.020755445729167453,0.02712938934004537,6.444586437727777e-07,0.6444586437727777,26,28.14244294166565,PRY,10,Apple M4,1,Apple M4,16.0,31,256,287,0.00010597417710955223,0.10597417710955223,2621.1836256168453,109.93141774088144,-1,8,512,42,15.6.1,0.3.21,3.13.5,no_disponible_apple_silicon,2.5,7.519744873046875,55.3,Version: 0.3.21,yes,plain_text_no_template,yes
2026-06-21T20:41:02.386432,llama-2-7b,q4,gpu,2,A farmer has 17 sheep. All but 9 die. How many sheep does the farmer have left? Explain your answer.,Zheng et al. 2023,8,27.94678497314453,256,9.1602665654029,0.06932224804956427,0.6492802176005471,2.676420626590115,0.0005381483222489335,0.005040359619055273,0.02077704215250075,0.02635555009380496,6.260760924783367e-07,0.6260760924783366,26,27.94678497314453,PRY,10,Apple M4,1,Apple M4,16.0,31,256,287,0.00010295136755392562,0.10295136755392562,2698.145584440912,109.16712880134583,-1,8,512,42,15.6.1,0.3.21,3.13.5,no_disponible_apple_silicon,2.3,7.4936370849609375,55.1,Version: 0.3.21,yes,plain_text_no_template,yes
2026-06-21T20:41:35.239395,llama-2-7b,q4,gpu,2,A farmer has 17 sheep. All but 9 die. How many sheep does the farmer have left? Explain your answer.,Zheng et al. 2023,9,28.231012105941772,256,9.068041876760052,0.06681990725243626,0.6037925816548948,2.6742268605420283,0.0005239982251559541,0.004734909911715881,0.020971147464999073,0.026230055601870906,6.230949708224433e-07,0.6230949708224434,26,28.231012105941772,PRY,10,Apple M4,1,Apple M4,16.0,31,256,287,0.00010246115469480823,0.10246115469480822,2711.054531887419,110.27739103883505,-1,8,512,42,15.6.1,0.3.21,3.13.5,no_disponible_apple_silicon,2.4,7.4936676025390625,55.2,Version: 0.3.21,yes,plain_text_no_template,yes
2026-06-21T20:42:10.264796,llama-2-7b,q4,gpu,2,A farmer has 17 sheep. All but 9 die. How many sheep does the farmer have left? Explain your answer.,Zheng et al. 2023,10,28.449002027511597,256,8.998558183251395,0.06894832871406098,0.6570354568203433,2.681803519090757,0.0005448642064944046,0.005192223067563598,0.021192953820000186,0.026930041094058183,6.397231261893521e-07,0.6397231261893521,26,28.449002027511597,PRY,10,Apple M4,1,Apple M4,16.0,31,256,287,0.00010519547302366478,0.10519547302366478,2640.5868027732417,111.12891416996717,-1,8,512,42,15.6.1,0.3.21,3.13.5,no_disponible_apple_silicon,3.8,7.9428863525390625,57.9,Version: 0.3.21,yes,plain_text_no_template,yes
2026-06-21T20:42:43.980044,llama-2-7b,q4,gpu,3,"Given that f(x) = 4x^3 - 9x - 14, find the value of f(2). Show all steps.",Zheng et al. 2023,1,28.603384256362915,256,8.949989892998483,0.05906447829111776,0.7222763753507104,2.665734732421987,0.0004692899912395685,0.005738763528735939,0.021180287465833017,0.027388340985808526,6.506100401178814e-07,0.6506100401178815,26,28.603384256362915,PRY,10,Apple M4,1,Apple M4,16.0,34,256,290,0.00010698570697581455,0.10698570697581455,2596.4008242762084,111.73196975141764,-1,8,512,42,15.6.1,0.3.21,3.13.5,no_disponible_apple_silicon,2.5,7.506500244140625,55.2,Version: 0.3.21,yes,plain_text_no_template,yes
2026-06-21T20:43:18.786159,llama-2-7b,q4,gpu,3,"Given that f(x) = 4x^3 - 9x - 14, find the value of f(2). Show all steps.",Zheng et al. 2023,2,28.166876077651978,256,9.08868982468078,0.07043855019726719,0.6055329969519109,2.687147046990063,0.0005511205318044148,0.00473777024613158,0.02102459385416599,0.026313484632101987,6.250768274355826e-07,0.6250768274355827,26,28.166876077651978,PRY,10,Apple M4,1,Apple M4,16.0,34,256,290,0.00010278704934414839,0.10278704934414838,2702.4589143300623,110.02685967832804,-1,8,512,42,15.6.1,0.3.21,3.13.5,no_disponible_apple_silicon,2.6,7.5422821044921875,55.5,Version: 0.3.21,yes,plain_text_no_template,yes
2026-06-21T20:43:52.104777,llama-2-7b,q4,gpu,3,"Given that f(x) = 4x^3 - 9x - 14, find the value of f(2). Show all steps.",Zheng et al. 2023,3,28.640623807907104,256,8.938352799750245,0.065004051299204,0.7031690416353255,2.6698115852453443,0.0005171546053473325,0.0055942222207899794,0.021240297014167783,0.027351673840305093,6.497390120764474e-07,0.6497390120764475,26,28.640623807907104,PRY,10,Apple M4,1,Apple M4,16.0,34,256,290,0.00010684247593869177,0.10684247593869177,2599.88151095611,111.87743674963713,-1,8,512,42,15.6.1,0.3.21,3.13.5,no_disponible_apple_silicon,4.3,8.019332885742188,58.4,Version: 0.3.21,yes,plain_text_no_template,yes
2026-06-21T20:44:26.573576,llama-2-7b,q4,gpu,3,"Given that f(x) = 4x^3 - 9x - 14, find the value of f(2). Show all steps.",Zheng et al. 2023,4,27.749258995056152,256,9.22547157189348,0.061544983901674184,0.8175122315734183,2.629327377210263,0.0004743965828150329,0.006301488512654752,0.02026719065916647,0.027043075754636256,6.424082645513842e-07,0.6424082645513842,26,27.749258995056152,PRY,10,Apple M4,1,Apple M4,16.0,34,256,290,0.00010563701466654788,0.10563701466654787,2629.5496768306703,108.3955429494381,-1,8,512,42,15.6.1,0.3.21,3.13.5,no_disponible_apple_silicon,2.8,7.5667266845703125,55.6,Version: 0.3.21,yes,plain_text_no_template,yes
2026-06-21T20:44:59.397208,llama-2-7b,q4,gpu,3,"Given that f(x) = 4x^3 - 9x - 14, find the value of f(2). Show all steps.",Zheng et al. 2023,5,28.17902374267578,256,9.084771791163945,0.058764189904907324,0.7232417214609775,2.6631390581621104,0.0004599770840415255,0.005661179344650719,0.020845738541665923,0.026966894970358167,6.405985900208582e-07,0.6405985900208582,26,28.17902374267578,PRY,10,Apple M4,1,Apple M4,16.0,34,256,290,0.00010533943347796159,0.10533943347796158,2636.9780869942933,110.07431149482727,-1,8,512,42,15.6.1,0.3.21,3.13.5,no_disponible_apple_silicon,2.5,7.5542449951171875,55.5,Version: 0.3.21,yes,plain_text_no_template,yes
2026-06-21T20:45:34.082523,llama-2-7b,q4,gpu,3,"Given that f(x) = 4x^3 - 9x - 14, find the value of f(2). Show all steps.",Zheng et al. 2023,6,28.03805899620056,256,9.130446584576006,0.0686121419899137,0.634135415988377,2.680726553117902,0.0005343753569358028,0.004938868390295083,0.02087843590250031,0.026351679649731202,6.259841500793647e-07,0.6259841500793647,26,28.03805899620056,PRY,10,Apple M4,1,Apple M4,16.0,34,256,290,0.00010293624863176251,0.10293624863176251,2698.541878784432,109.52366795390844,-1,8,512,42,15.6.1,0.3.21,3.13.5,no_disponible_apple_silicon,2.4,7.5233306884765625,55.3,Version: 0.3.21,yes,plain_text_no_template,yes
2026-06-21T20:46:07.675235,llama-2-7b,q4,gpu,3,"Given that f(x) = 4x^3 - 9x - 14, find the value of f(2). Show all steps.",Zheng et al. 2023,7,28.96991491317749,256,8.83675360342718,0.16511592592272434,0.5362097039711082,2.6966031004965507,0.0013287206457755114,0.0043149859721286375,0.021700100659998802,0.027343807277902952,6.495521418865845e-07,0.6495521418865845,26,28.96991491317749,PRY,10,Apple M4,1,Apple M4,16.0,34,256,290,0.0001068117471793084,0.1068117471793084,2600.6294730060267,113.16373012959957,-1,8,512,42,15.6.1,0.3.21,3.13.5,no_disponible_apple_silicon,4.7,7.9611968994140625,58.0,Version: 0.3.21,yes,plain_text_no_template,yes
2026-06-21T20:46:42.261843,llama-2-7b,q4,gpu,3,"Given that f(x) = 4x^3 - 9x - 14, find the value of f(2). Show all steps.",Zheng et al. 2023,8,28.005059003829956,256,9.141205521651983,0.06458578654032983,0.6909921425274397,2.670207237976924,0.0005024246563529732,0.005375354367406619,0.02077203090333266,0.02664980992709225,6.330662348180763e-07,0.6330662348180763,26,28.005059003829956,PRY,10,Apple M4,1,Apple M4,16.0,34,256,290,0.0001041008200277041,0.1041008200277041,2668.353406859364,109.39476173371077,-1,8,512,42,15.6.1,0.3.21,3.13.5,no_disponible_apple_silicon,2.4,7.5245361328125,55.3,Version: 0.3.21,yes,plain_text_no_template,yes
2026-06-21T20:47:14.975849,llama-2-7b,q4,gpu,3,"Given that f(x) = 4x^3 - 9x - 14, find the value of f(2). Show all steps.",Zheng et al. 2023,9,28.13126802444458,256,9.100194124827562,0.07285933017512887,0.7178680811604005,2.6639710013737563,0.0005693403736772368,0.005609594277032489,0.02081691173583143,0.026995846386541154,6.41286330912285e-07,0.641286330912285,26,28.13126802444458,PRY,10,Apple M4,1,Apple M4,16.0,34,256,290,0.00010545252494742638,0.10545252494742638,2634.1500871246526,109.88776572048664,-1,8,512,42,15.6.1,0.3.21,3.13.5,no_disponible_apple_silicon,2.7,7.54522705078125,55.5,Version: 0.3.21,yes,plain_text_no_template,yes
2026-06-21T20:47:50.247805,llama-2-7b,q4,gpu,3,"Given that f(x) = 4x^3 - 9x - 14, find the value of f(2). Show all steps.",Zheng et al. 2023,10,28.636149168014526,256,8.939749492782434,0.06903049521456972,0.646821492775159,2.6798685832629774,0.000549102099473981,0.005145132431163135,0.021316976805831774,0.027011211336468895,6.416513252978186e-07,0.6416513252978185,26,28.636149168014526,PRY,10,Apple M4,1,Apple M4,16.0,34,256,290,0.00010551254428308162,0.10551254428308161,2632.651687675377,111.85995768755674,-1,8,512,42,15.6.1,0.3.21,3.13.5,no_disponible_apple_silicon,3.8,8.0023193359375,58.3,Version: 0.3.21,yes,plain_text_no_template,yes
2026-06-21T20:48:24.759012,llama-2-7b,q4,gpu,4,"Calculate the compound interest on $10,000 at an annual rate of 5% compounded annually over 3 years.",Zheng et al. 2023,1,28.851402044296265,256,8.873052325393301,0.07414658288001097,0.5995705303305255,2.6947874363826387,0.0005942313535783142,0.004805125117910533,0.02159677659749832,0.02699613306898717,6.412931410537901e-07,0.6412931410537901,26,28.851402044296265,PRY,10,Apple M4,1,Apple M4,16.0,39,256,295,0.00010545364480073113,0.10545364480073113,2634.1221140594653,112.70078923553228,-1,8,512,42,15.6.1,0.3.21,3.13.5,no_disponible_apple_silicon,2.7,7.60296630859375,55.8,Version: 0.3.21,yes,plain_text_no_template,yes
2026-06-21T20:48:59.400180,llama-2-7b,q4,gpu,4,"Calculate the compound interest on $10,000 at an annual rate of 5% compounded annually over 3 years.",Zheng et al. 2023,2,28.04808497428894,256,9.127182844556751,0.07234573865966902,0.6412780348119097,2.678519699076113,0.0005636553959594714,0.004996283559041518,0.02086870781249824,0.026428646767499227,6.278125039619442e-07,0.6278125039619442,26,28.04808497428894,PRY,10,Apple M4,1,Apple M4,16.0,39,256,295,0.00010323690143554386,0.10323690143554386,2690.6830204624925,109.56283193081617,-1,8,512,42,15.6.1,0.3.21,3.13.5,no_disponible_apple_silicon,2.5,7.613128662109375,55.9,Version: 0.3.21,yes,plain_text_no_template,yes
2026-06-21T20:49:32.041523,llama-2-7b,q4,gpu,4,"Calculate the compound interest on $10,000 at an annual rate of 5% compounded annually over 3 years.",Zheng et al. 2023,3,28.023421049118042,256,9.13521584503534,0.056636169761081746,0.8163158812588839,2.6158098478595884,0.0004408720088400336,0.006354434347110987,0.020362205764166294,0.027157512120117317,6.451267004133869e-07,0.6451267004133868,26,28.023421049118042,PRY,10,Apple M4,1,Apple M4,16.0,39,256,295,0.00010608403171920827,0.10608403171920827,2618.469276441362,109.46648847311735,-1,8,512,42,15.6.1,0.3.21,3.13.5,no_disponible_apple_silicon,3.2,7.584075927734375,55.7,Version: 0.3.21,yes,plain_text_no_template,yes
2026-06-21T20:50:06.823421,llama-2-7b,q4,gpu,4,"Calculate the compound interest on $10,000 at an annual rate of 5% compounded annually over 3 years.",Zheng et al. 2023,4,28.181663990020752,256,9.083920668795523,0.06110334555090523,0.7510098557730838,2.653944716589093,0.00047833165360603905,0.005879085391275276,0.02077571618083463,0.02713313322571595,6.445475797768824e-07,0.6445475797768824,26,28.181663990020752,PRY,10,Apple M4,1,Apple M4,16.0,39,256,295,0.00010598880166295293,0.10598880166295292,2620.8219492953426,110.08462496101856,-1,8,512,42,15.6.1,0.3.21,3.13.5,no_disponible_apple_silicon,3.9,8.02191162109375,58.4,Version: 0.3.21,yes,plain_text_no_template,yes
2026-06-21T20:50:39.792929,llama-2-7b,q4,gpu,4,"Calculate the compound interest on $10,000 at an annual rate of 5% compounded annually over 3 years.",Zheng et al. 2023,5,28.356704711914062,256,9.027847297519083,0.06750613949693515,0.6078090201222371,2.6858037638626464,0.0005317365733210747,0.004787628029123365,0.02115570673500012,0.02647507133744456,6.289153196209955e-07,0.6289153196209956,26,28.356704711914062,PRY,10,Apple M4,1,Apple M4,16.0,39,256,295,0.00010341824741189282,0.10341824741189282,2685.9648536824275,110.7683777809143,-1,8,512,42,15.6.1,0.3.21,3.13.5,no_disponible_apple_silicon,2.5,7.5657196044921875,55.5,Version: 0.3.21,yes,plain_text_no_template,yes
2026-06-21T20:51:14.316905,llama-2-7b,q4,gpu,4,"Calculate the compound interest on $10,000 at an annual rate of 5% compounded annually over 3 years.",Zheng et al. 2023,6,27.89701819419861,256,9.176607987918834,0.06510038410539462,0.6493130390663887,2.6757247667967223,0.0005044740555104199,0.005031638240157066,0.02073465069499889,0.02627076299066638,6.240619748432797e-07,0.6240619748432797,26,27.89701819419861,PRY,10,Apple M4,1,Apple M4,16.0,39,256,295,0.00010262016793229054,0.10262016793229053,2706.8536660460095,108.97272732108831,-1,8,512,42,15.6.1,0.3.21,3.13.5,no_disponible_apple_silicon,2.6,7.5761260986328125,55.6,Version: 0.3.21,yes,plain_text_no_template,yes
2026-06-21T20:51:47.954633,llama-2-7b,q4,gpu,4,"Calculate the compound interest on $10,000 at an annual rate of 5% compounded annually over 3 years.",Zheng et al. 2023,7,28.90372610092163,256,8.856989548895466,0.19097815071910787,0.8120974358038343,2.6441454721840882,0.0015333278221237843,0.00652017829214856,0.021229349027500274,0.02928285514177262,6.956142238928086e-07,0.6956142238928086,26,28.90372610092163,PRY,10,Apple M4,1,Apple M4,16.0,39,256,295,0.0001143861528975493,0.1143861528975493,2428.4213669339088,112.90518008172512,-1,8,512,42,15.6.1,0.3.21,3.13.5,no_disponible_apple_silicon,10.8,8.116592407226562,59.0,Version: 0.3.21,yes,plain_text_no_template,yes
2026-06-21T20:52:23.029630,llama-2-7b,q4,gpu,4,"Calculate the compound interest on $10,000 at an annual rate of 5% compounded annually over 3 years.",Zheng et al. 2023,8,28.443225145339966,256,9.000385810395418,0.07584086356600944,0.6079432473253163,2.6861876679451226,0.0005992107660069493,0.004803296294239741,0.02122328906166634,0.02662579612191303,6.32495786876044e-07,0.632495786876044,26,28.443225145339966,PRY,10,Apple M4,1,Apple M4,16.0,39,256,295,0.00010400701610122277,0.10400701610122277,2670.759994762623,111.10634822398424,-1,8,512,42,15.6.1,0.3.21,3.13.5,no_disponible_apple_silicon,5.0,7.7378082275390625,56.4,Version: 0.3.21,yes,plain_text_no_template,yes
2026-06-21T20:52:56.467418,llama-2-7b,q4,gpu,4,"Calculate the compound interest on $10,000 at an annual rate of 5% compounded annually over 3 years.",Zheng et al. 2023,9,28.747324228286743,256,8.90517663373002,0.06040416441223198,0.7357403394910901,2.6597102704872193,0.0004823494719714367,0.005875157246438924,0.021238764860833422,0.027596271579243783,6.55549431364936e-07,0.6555494313649359,26,28.747324228286743,PRY,10,Apple M4,1,Apple M4,16.0,39,256,295,0.00010779793585642103,0.10779793585642103,2576.83763210232,112.29423526674509,-1,8,512,42,15.6.1,0.3.21,3.13.5,no_disponible_apple_silicon,5.9,7.7730712890625,56.6,Version: 0.3.21,yes,plain_text_no_template,yes
2026-06-21T20:53:31.330050,llama-2-7b,q4,gpu,4,"Calculate the compound interest on $10,000 at an annual rate of 5% compounded annually over 3 years.",Zheng et al. 2023,10,28.227986812591553,256,9.06901373093341,0.07161283738398773,0.5825626203356192,2.689138597767175,0.0005615239525798525,0.004567936101206289,0.021085824687500768,0.026215284741286905,6.227440890292703e-07,0.6227440890292704,26,28.227986812591553,PRY,10,Apple M4,1,Apple M4,16.0,39,256,295,0.00010240345602065197,0.10240345602065197,2712.5820609194834,110.26557348668575,-1,8,512,42,15.6.1,0.3.21,3.13.5,no_disponible_apple_silicon,2.7,7.728424072265625,56.3,Version: 0.3.21,yes,plain_text_no_template,yes
2026-06-21T20:54:04.926353,llama-2-7b,q4,gpu,5,Write a short paragraph explaining the main idea behind neural networks to someone with no technical,Zheng et al. 2023,1,29.026962995529175,256,8.819386307807328,0.06573860167958386,0.6476903485010129,2.683705160129715,0.0005300533217586425,0.005222356605138972,0.02163883621499887,0.027391246141896485,6.50679052100751e-07,0.6506790521007509,26,29.026962995529175,PRY,10,Apple M4,1,Apple M4,16.0,19,256,275,0.00010699705524178315,0.10699705524178314,2596.125446163713,113.38657420128584,-1,8,512,42,15.6.1,0.3.21,3.13.5,no_disponible_apple_silicon,4.9,8.173553466796875,59.1,Version: 0.3.21,yes,plain_text_no_template,yes
2026-06-21T20:54:40.020916,llama-2-7b,q4,gpu,5,Write a short paragraph explaining the main idea behind neural networks to someone with no technical,Zheng et al. 2023,2,28.475759983062744,256,8.990102464421236,0.1140088898778396,0.6023797185256206,2.6896270959073987,0.0009018027178046644,0.004764783412055685,0.021274771007500325,0.02694135713736067,6.399919387980028e-07,0.6399919387980028,26,28.475759983062744,PRY,10,Apple M4,1,Apple M4,16.0,19,256,275,0.00010523967631781512,0.10523967631781513,2639.477690323865,111.23343743383884,-1,8,512,42,15.6.1,0.3.21,3.13.5,no_disponible_apple_silicon,6.1,7.78192138671875,56.6,Version: 0.3.21,yes,plain_text_no_template,yes
2026-06-21T20:55:14.020500,llama-2-7b,q4,gpu,5,Write a short paragraph explaining the main idea behind neural networks to someone with no technical,Zheng et al. 2023,3,28.93088936805725,256,8.848673704537095,0.11231994851547843,0.6215480465001939,2.6917270588985245,0.0009026433345353314,0.00499498271395256,0.021631682708333152,0.027529308756821042,6.539587295182838e-07,0.6539587295182838,26,28.93088936805725,PRY,10,Apple M4,1,Apple M4,16.0,19,256,275,0.0001075363623313322,0.1075363623313322,2583.105581737196,113.01128659397364,-1,8,512,42,15.6.1,0.3.21,3.13.5,no_disponible_apple_silicon,8.6,7.803802490234375,56.7,Version: 0.3.21,yes,plain_text_no_template,yes
2026-06-21T20:55:49.377775,llama-2-7b,q4,gpu,5,Write a short paragraph explaining the main idea behind neural networks to someone with no technical,Zheng et al. 2023,4,28.72756600379944,256,8.91130142964921,0.0743717697200044,0.5765292358687575,2.6933019052422122,0.0005934777565141107,0.00460063379903883,0.0214922245141679,0.02668633606972084,6.339339133362186e-07,0.6339339133362186,26,28.72756600379944,PRY,10,Apple M4,1,Apple M4,16.0,19,256,275,0.00010424350027234704,0.10424350027234704,2664.7011761122208,112.21705470234156,-1,8,512,42,15.6.1,0.3.21,3.13.5,no_disponible_apple_silicon,7.2,8.196975708007812,59.2,Version: 0.3.21,yes,plain_text_no_template,yes
2026-06-21T20:56:23.599040,llama-2-7b,q4,gpu,5,Write a short paragraph explaining the main idea behind neural networks to someone with no technical,Zheng et al. 2023,5,29.57625913619995,256,8.655590919091862,0.18772322575016223,0.5292120114967197,2.6957791807554607,0.0015422641029639336,0.004347808775004613,0.02214751767333231,0.028037590551300853,6.660329635461517e-07,0.6660329635461517,26,29.57625913619995,PRY,10,Apple M4,1,Apple M4,16.0,19,256,275,0.00010952183809101896,0.10952183809101895,2536.2775371513435,115.53226225078106,-1,8,512,42,15.6.1,0.3.21,3.13.5,no_disponible_apple_silicon,12.2,7.9044952392578125,57.4,Version: 0.3.21,yes,plain_text_no_template,yes
2026-06-21T20:56:59.982933,llama-2-7b,q4,gpu,5,Write a short paragraph explaining the main idea behind neural networks to someone with no technical,Zheng et al. 2023,6,29.64717411994934,256,8.63488705413376,0.22413368887229926,0.6537307170613953,2.66910502352921,0.0018458140278176688,0.005383685665632923,0.021980950382500548,0.029210450075951137,6.938942415542193e-07,0.6938942415542193,26,29.64717411994934,PRY,10,Apple M4,1,Apple M4,16.0,19,256,275,0.00011410332060918413,0.11410332060918413,2434.4407883552826,115.80927390605211,-1,8,512,42,15.6.1,0.3.21,3.13.5,no_disponible_apple_silicon,15.8,7.8636016845703125,57.1,Version: 0.3.21,yes,plain_text_no_template,yes
2026-06-21T20:57:34.698661,llama-2-7b,q4,gpu,5,Write a short paragraph explaining the main idea behind neural networks to someone with no technical,Zheng et al. 2023,7,29.87963318824768,256,8.567708926918502,0.1916915191767779,0.6979459795179446,2.661117963699563,0.0015910200773055748,0.005792880514780114,0.02208700795166654,0.029470908543752228,7.000814324568342e-07,0.7000814324568342,26,29.87963318824768,PRY,10,Apple M4,1,Apple M4,16.0,19,256,275,0.00011512073649903214,0.11512073649903214,2412.925648543893,116.7173171415925,-1,8,512,42,15.6.1,0.3.21,3.13.5,no_disponible_apple_silicon,15.6,7.8653106689453125,57.1,Version: 0.3.21,yes,plain_text_no_template,yes
2026-06-21T20:58:11.754243,llama-2-7b,q4,gpu,5,Write a short paragraph explaining the main idea behind neural networks to someone with no technical,Zheng et al. 2023,8,30.259074926376343,256,8.460271856389403,1.2976395855975433,0.599560701457216,3.875525351793752,0.010907048180007782,0.005039486718973515,0.032574947777499495,0.0485214826764808,1.1526278209798012e-06,1.1526278209798013,26,30.259074926376343,PRY,10,Apple M4,1,Apple M4,16.0,19,256,275,0.00018953704170500312,0.18953704170500313,1465.559319059718,118.19951143115759,-1,8,512,42,15.6.1,0.3.21,3.13.5,no_disponible_apple_silicon,17.1,8.328567504882812,60.1,Version: 0.3.21,yes,plain_text_no_template,yes
2026-06-21T20:58:46.726989,llama-2-7b,q4,gpu,5,Write a short paragraph explaining the main idea behind neural networks to someone with no technical,Zheng et al. 2023,9,30.088070154190063,256,8.508355593698635,0.3205134385288959,0.6997962919937513,3.829888986181938,0.002678786339949474,0.005848755535319462,0.032009435694167226,0.04053697756943616,9.62955902161956e-07,0.9629559021619559,26,30.088070154190063,PRY,10,Apple M4,1,Apple M4,16.0,19,256,275,0.00015834756863061,0.15834756863061,1754.2282472664428,117.53152403980494,-1,8,512,42,15.6.1,0.3.21,3.13.5,no_disponible_apple_silicon,16.0,7.881378173828125,57.3,Version: 0.3.21,yes,plain_text_no_template,yes
2026-06-21T20:59:23.973263,llama-2-7b,q4,gpu,5,Write a short paragraph explaining the main idea behind neural networks to someone with no technical,Zheng et al. 2023,10,30.33836579322815,256,8.438160504253066,1.108162241986967,0.7106475529880568,3.754809884137834,0.009338842071012337,0.005988857059059487,0.03164299881916728,0.04697069794923911,1.115788929784175e-06,1.115788929784175,26,30.33836579322815,PRY,10,Apple M4,1,Apple M4,16.0,19,256,275,0.00018347928886421527,0.18347928886421527,1513.9462306470382,118.50924137979746,-1,8,512,42,15.6.1,0.3.21,3.13.5,no_disponible_apple_silicon,16.2,7.9278717041015625,57.6,Version: 0.3.21,yes,plain_text_no_template,yes
2026-06-21T21:00:00.616826,llama-2-7b,q4,gpu,6,Summarize the key contributions of the Transformer architecture as described in the paper Attention ,Vaswani et al. 2017,1,31.70055079460144,256,8.075569464351277,0.3265416491950645,0.5146868765039119,3.8150040524407043,0.002875430593572519,0.0045321826310908385,0.03359381381833525,0.041001427042998605,9.739888994064318e-07,0.9739888994064319,26,31.70055079460144,PRY,10,Apple M4,1,Apple M4,16.0,36,256,292,0.0001601618243867133,0.1601618243867133,1734.3569782714194,123.83027654141188,-1,8,512,42,15.6.1,0.3.21,3.13.5,no_disponible_apple_silicon,17.7,8.34423828125,60.2,Version: 0.3.21,yes,plain_text_no_template,yes
2026-06-21T21:00:37.233206,llama-2-7b,q4,gpu,6,Summarize the key contributions of the Transformer architecture as described in the paper Attention ,Vaswani et al. 2017,2,29.95423173904419,256,8.54637175241967,0.1956936704792632,0.4956075920693569,2.696342517799436,0.001628292654277778,0.0041237624067986655,0.022435241285000605,0.02818729634607705,6.695892247010603e-07,0.6695892247010603,26,29.95423173904419,PRY,10,Apple M4,1,Apple M4,16.0,36,256,292,0.00011010662635186347,0.11010662635186347,2522.807091465087,117.00871773064137,-1,8,512,42,15.6.1,0.3.21,3.13.5,no_disponible_apple_silicon,15.1,7.901031494140625,57.4,Version: 0.3.21,yes,plain_text_no_template,yes
2026-06-21T21:01:12.377547,llama-2-7b,q4,gpu,6,Summarize the key contributions of the Transformer architecture as described in the paper Attention ,Vaswani et al. 2017,3,30.241847038269043,256,8.465091423683516,1.3010554450958496,0.5928806714043118,3.8594543340656116,0.010929533266359925,0.004980501826820957,0.03242139656166576,0.04833143165484665,1.148113158960882e-06,1.148113158960882,26,30.241847038269043,PRY,10,Apple M4,1,Apple M4,16.0,36,256,292,0.00018879465490174473,0.18879465490174474,1471.322257096436,118.13221499323845,-1,8,512,42,15.6.1,0.3.21,3.13.5,no_disponible_apple_silicon,15.8,7.8943328857421875,57.3,Version: 0.3.21,yes,plain_text_no_template,yes
2026-06-21T21:01:49.501372,llama-2-7b,q4,gpu,6,Summarize the key contributions of the Transformer architecture as described in the paper Attention ,Vaswani et al. 2017,4,30.11605405807495,256,8.500449610906422,0.4371573021086763,0.6210017662913272,3.8568769508122895,0.0036570702617186386,0.005195034101052677,0.032264976318335054,0.041117080681106366,9.767362515796816e-07,0.9767362515796816,26,30.11605405807495,PRY,10,Apple M4,1,Apple M4,16.0,36,256,292,0.00016061359641057174,0.16061359641057174,1729.478599481097,117.64083616435528,-1,8,512,42,15.6.1,0.3.21,3.13.5,no_disponible_apple_silicon,17.4,8.346420288085938,60.1,Version: 0.3.21,yes,plain_text_no_template,yes
2026-06-21T21:02:24.746242,llama-2-7b,q4,gpu,6,Summarize the key contributions of the Transformer architecture as described in the paper Attention ,Vaswani et al. 2017,5,30.33974599838257,256,8.43777663839531,1.1244751904654355,0.6152589343349046,3.8642221001535293,0.009476747683390048,0.005185222164154597,0.03256653249999848,0.04722850234754312,1.1219130732658867e-06,1.1219130732658866,26,30.33974599838257,PRY,10,Apple M4,1,Apple M4,16.0,36,256,292,0.0001844863372950903,0.1844863372950903,1505.682110938468,118.51463280618191,-1,8,512,42,15.6.1,0.3.21,3.13.5,no_disponible_apple_silicon,15.9,7.9085540771484375,57.4,Version: 0.3.21,yes,plain_text_no_template,yes
2026-06-21T21:03:01.232221,llama-2-7b,q4,gpu,6,Summarize the key contributions of the Transformer architecture as described in the paper Attention ,Vaswani et al. 2017,6,29.65546178817749,256,8.632473904083918,0.19962261656491112,0.7316015415694106,2.6486117064045467,0.0016444169104435358,0.00602666154449539,0.021818278680833227,0.029489357135772148,7.005196787602673e-07,0.7005196787602672,26,29.65546178817749,PRY,10,Apple M4,1,Apple M4,16.0,36,256,292,0.00011519280131160995,0.11519280131160996,2411.4161181509644,115.84164761006832,-1,8,512,42,15.6.1,0.3.21,3.13.5,no_disponible_apple_silicon,15.5,7.8916473388671875,57.3,Version: 0.3.21,yes,plain_text_no_template,yes
2026-06-21T21:03:37.155266,llama-2-7b,q4,gpu,6,Summarize the key contributions of the Transformer architecture as described in the paper Attention ,Vaswani et al. 2017,7,31.011974811553955,256,8.254875787678749,1.2430565775797822,0.5434757170128294,3.8657749218325494,0.010708233131455741,0.004681737568525858,0.03330147625083555,0.04869144695081715,1.1566653223166612e-06,1.1566653223166612,26,31.011974811553955,PRY,10,Apple M4,1,Apple M4,16.0,36,256,292,0.00019020096465162948,0.19020096465162947,1460.4435802234402,121.14052660763264,-1,8,512,42,15.6.1,0.3.21,3.13.5,no_disponible_apple_silicon,16.0,7.92645263671875,57.5,Version: 0.3.21,yes,plain_text_no_template,yes
2026-06-21T21:04:15.312804,llama-2-7b,q4,gpu,6,Summarize the key contributions of the Transformer architecture as described in the paper Attention ,Vaswani et al. 2017,8,31.039117097854614,256,8.247657276878355,1.4457514684013901,0.510408941486035,3.876930140945261,0.012465235867251666,0.00440073413960474,0.03342680239583387,0.05029277240269028,1.1947048084259075e-06,1.1947048084259075,26,31.039117097854614,PRY,10,Apple M4,1,Apple M4,16.0,36,256,292,0.00019645614219800892,0.19645614219800892,1413.9429527115751,121.24655116349459,-1,8,512,42,15.6.1,0.3.21,3.13.5,no_disponible_apple_silicon,17.0,8.395233154296875,60.4,Version: 0.3.21,yes,plain_text_no_template,yes
2026-06-21T21:04:51.002527,llama-2-7b,q4,gpu,6,Summarize the key contributions of the Transformer architecture as described in the paper Attention ,Vaswani et al. 2017,9,30.685880184173584,256,8.342599217083349,1.1071829124548687,0.5792962416196544,3.8485094664781117,0.009437467275987347,0.004937837517078552,0.032804138993334765,0.04717944378640066,1.1207476871459476e-06,1.1207476871459476,26,30.685880184173584,PRY,10,Apple M4,1,Apple M4,16.0,36,256,292,0.00018429470229062758,0.18429470229062758,1507.2477630948392,119.86671946942806,-1,8,512,42,15.6.1,0.3.21,3.13.5,no_disponible_apple_silicon,16.0,7.9671478271484375,57.7,Version: 0.3.21,yes,plain_text_no_template,yes
2026-06-21T21:05:27.798422,llama-2-7b,q4,gpu,6,Summarize the key contributions of the Transformer architecture as described in the paper Attention ,Vaswani et al. 2017,10,30.009735822677612,256,8.530564931083036,0.23453007557946376,0.6002650006995544,2.680650418028966,0.0019550515585034225,0.005003831692942505,0.022346003021666547,0.029304886273112476,6.961375734177868e-07,0.6961375734177868,26,30.009735822677612,PRY,10,Apple M4,1,Apple M4,16.0,36,256,292,0.00011447221200434561,0.11447221200434561,2426.595703132152,117.22553055733442,-1,8,512,42,15.6.1,0.3.21,3.13.5,no_disponible_apple_silicon,15.6,7.9439697265625,57.7,Version: 0.3.21,yes,plain_text_no_template,yes
2026-06-21T21:06:04.691151,llama-2-7b,q4,gpu,7,"Extract the names, roles and organizations from the following text and present them in a table:

""Dr",Zheng et al. 2023,1,31.866328239440918,256,8.03355812054773,0.36509440447790986,0.6865522605166421,3.752861248224506,0.0032317272587434123,0.00607719435754263,0.03321941899250002,0.042528340608786075,1.010260731161713e-06,1.010260731161713,26,31.866328239440918,PRY,10,Apple M4,1,Apple M4,16.0,83,256,339,0.0001661263305030706,0.1661263305030706,1672.0876030705047,124.47784468531609,-1,8,512,42,15.6.1,0.3.21,3.13.5,no_disponible_apple_silicon,17.3,8.393478393554688,60.4,Version: 0.3.21,yes,plain_text_no_template,yes
2026-06-21T21:06:41.651881,llama-2-7b,q4,gpu,7,"Extract the names, roles and organizations from the following text and present them in a table:

""Dr",Zheng et al. 2023,2,30.081951141357422,256,8.510086290514739,0.3617878211759415,0.6407112835676788,3.8642819770152395,0.003023134322264675,0.00535384597999981,0.03229031711916681,0.04066729742143129,9.660516502461002e-07,0.9660516502461003,26,30.081951141357422,PRY,10,Apple M4,1,Apple M4,16.0,83,256,339,0.00015885663055246598,0.158856630552466,1748.6067582557432,117.50762164592743,-1,8,512,42,15.6.1,0.3.21,3.13.5,no_disponible_apple_silicon,15.6,7.948272705078125,57.6,Version: 0.3.21,yes,plain_text_no_template,yes
2026-06-21T21:07:17.443595,llama-2-7b,q4,gpu,7,"Extract the names, roles and organizations from the following text and present them in a table:

""Dr",Zheng et al. 2023,3,30.825047969818115,256,8.304934358923255,1.0918846451699042,0.6076460519629081,3.8382654096709636,0.009349276823575036,0.0052029774167853425,0.032865198715000286,0.04741745295536067,1.1264015949545926e-06,1.1264015949545925,26,30.825047969818115,PRY,10,Apple M4,1,Apple M4,16.0,83,256,339,0.00018522442560687762,0.18522442560687763,1499.6822199213425,120.41034363210201,-1,8,512,42,15.6.1,0.3.21,3.13.5,no_disponible_apple_silicon,16.0,7.9429473876953125,57.6,Version: 0.3.21,yes,plain_text_no_template,yes
2026-06-21T21:07:55.029348,llama-2-7b,q4,gpu,7,"Extract the names, roles and organizations from the following text and present them in a table:

""Dr",Zheng et al. 2023,4,30.55460500717163,256,8.378442461943557,1.0585700833428415,0.6717561418489256,3.820644182754329,0.008984497435819243,0.0057014565487043,0.032427298299168496,0.04711325228369203,1.119175307999104e-06,1.119175307999104,26,30.55460500717163,PRY,10,Apple M4,1,Apple M4,16.0,83,256,339,0.000184036141733172,0.18403614173317198,1509.3653624868898,119.35392580926418,-1,8,512,42,15.6.1,0.3.21,3.13.5,no_disponible_apple_silicon,17.0,8.377593994140625,60.4,Version: 0.3.21,yes,plain_text_no_template,yes
2026-06-21T21:08:30.827083,llama-2-7b,q4,gpu,7,"Extract the names, roles and organizations from the following text and present them in a table:

""Dr",Zheng et al. 2023,5,30.75608205795288,256,8.323556931524175,1.0786554808561966,0.6059436210998986,3.8359323744713536,0.009215337911520502,0.005176792148067109,0.03277173635499972,0.04716386641458734,1.1203776466785222e-06,1.1203776466785222,26,30.75608205795288,PRY,10,Apple M4,1,Apple M4,16.0,83,256,339,0.0001842338531819818,0.1842338531819818,1507.74557976267,120.14094553887844,-1,8,512,42,15.6.1,0.3.21,3.13.5,no_disponible_apple_silicon,16.0,7.9286651611328125,57.5,Version: 0.3.21,yes,plain_text_no_template,yes
2026-06-21T21:09:07.987376,llama-2-7b,q4,gpu,7,"Extract the names, roles and organizations from the following text and present them in a table:

""Dr",Zheng et al. 2023,6,30.22460389137268,256,8.469920761246856,1.0604621610295075,0.6118205337453176,3.854649308911641,0.00890334687747387,0.005136675912516789,0.0323625690283355,0.04640259181832617,1.1022935686443382e-06,1.1022935686443383,26,30.22460389137268,PRY,10,Apple M4,1,Apple M4,16.0,83,256,339,0.0001812601242903366,0.1812601242903366,1532.481448224334,118.06485895067453,-1,8,512,42,15.6.1,0.3.21,3.13.5,no_disponible_apple_silicon,15.8,7.958984375,57.7,Version: 0.3.21,yes,plain_text_no_template,yes
2026-06-21T21:09:43.502760,llama-2-7b,q4,gpu,7,"Extract the names, roles and organizations from the following text and present them in a table:

""Dr",Zheng et al. 2023,7,30.508188009262085,256,8.391189929807698,1.0217427966878883,0.6793737230053313,3.796972470565286,0.008658755927350928,0.005757350352777496,0.03217743055499947,0.046593536835127895,1.1068294675184631e-06,1.1068294675184631,26,30.508188009262085,PRY,10,Apple M4,1,Apple M4,16.0,83,256,339,0.00018200600326221834,0.18200600326221833,1526.201184570708,119.17260941118002,-1,8,512,42,15.6.1,0.3.21,3.13.5,no_disponible_apple_silicon,16.8,8.104721069335938,58.7,Version: 0.3.21,yes,plain_text_no_template,yes
2026-06-21T21:10:20.857139,llama-2-7b,q4,gpu,7,"Extract the names, roles and organizations from the following text and present them in a table:

""Dr",Zheng et al. 2023,8,30.374770164489746,256,8.428047310767214,1.1462471328850212,0.620484504088266,3.847862148028591,0.009671387003635516,0.005235298389530133,0.03246609121416896,0.0473727766073346,1.1253403083072334e-06,1.1253403083072333,26,30.374770164489746,PRY,10,Apple M4,1,Apple M4,16.0,83,256,339,0.00018504990862240077,0.18504990862240078,1501.0965411746874,118.65144595503807,-1,8,512,42,15.6.1,0.3.21,3.13.5,no_disponible_apple_silicon,16.7,8.435379028320312,60.7,Version: 0.3.21,yes,plain_text_no_template,yes
2026-06-21T21:10:57.471753,llama-2-7b,q4,gpu,7,"Extract the names, roles and organizations from the following text and present them in a table:

""Dr",Zheng et al. 2023,9,31.51516604423523,256,8.12307317818583,0.6185892812798964,0.681859904504911,3.7064346166555286,0.005415262197977797,0.0059691466970496244,0.03244691732666676,0.04383132622169418,1.0412131543963453e-06,1.0412131543963452,26,31.51516604423523,PRY,10,Apple M4,1,Apple M4,16.0,83,256,339,0.0001712161180534929,0.1712161180534929,1622.3810055721035,123.10611736029387,-1,8,512,42,15.6.1,0.3.21,3.13.5,no_disponible_apple_silicon,16.3,7.970611572265625,57.8,Version: 0.3.21,yes,plain_text_no_template,yes
2026-06-21T21:11:34.505653,llama-2-7b,q4,gpu,7,"Extract the names, roles and organizations from the following text and present them in a table:

""Dr",Zheng et al. 2023,10,30.079360961914062,256,8.510819106966485,0.31766071099706,0.6435198491390529,3.8427073183287117,0.0026541753304163422,0.005376851619002794,0.032107272360832814,0.04013829931025196,9.534853001150352e-07,0.9534853001150352,26,30.079360961914062,PRY,10,Apple M4,1,Apple M4,16.0,83,256,339,0.0001567902316806717,0.15679023168067172,1771.652320429735,117.4975037574768,-1,8,512,42,15.6.1,0.3.21,3.13.5,no_disponible_apple_silicon,15.6,7.9367828369140625,57.6,Version: 0.3.21,yes,plain_text_no_template,yes
2026-06-21T21:12:12.653117,llama-2-7b,q4,gpu,8,"Given the following data, identify the month with the highest average temperature and the month with",Zheng et al. 2023,1,33.16512084007263,256,7.718952728514749,0.3549445192671965,0.5589000158248503,3.7791150936365203,0.0032699382980605723,0.00514888515620824,0.03481522465249933,0.04323404810676815,1.0270248127762772e-06,1.027024812776277,26,33.16512084007263,PRY,10,Apple M4,1,Apple M4,16.0,113,256,369,0.00016888300041706307,0.16888300041706308,1644.7941894198636,129.55125328153372,-1,8,512,42,15.6.1,0.3.21,3.13.5,no_disponible_apple_silicon,17.0,8.400619506835938,60.5,Version: 0.3.21,yes,plain_text_no_template,yes
2026-06-21T21:12:49.720378,llama-2-7b,q4,gpu,8,"Given the following data, identify the month with the highest average temperature and the month with",Zheng et al. 2023,2,30.135062217712402,256,8.495087819979068,0.38684843502777105,0.6844455805860415,3.835884402357669,0.003238250460662932,0.005729391709888515,0.032109615312500256,0.0410772574830517,9.757902515098932e-07,0.9757902515098932,26,30.135062217712402,PRY,10,Apple M4,1,Apple M4,16.0,113,256,369,0.0001604580370431707,0.16045803704317071,1731.155278330138,117.71508678793907,-1,8,512,42,15.6.1,0.3.21,3.13.5,no_disponible_apple_silicon,15.9,7.9291839599609375,57.6,Version: 0.3.21,yes,plain_text_no_template,yes
2026-06-21T21:13:25.818988,llama-2-7b,q4,gpu,8,"Given the following data, identify the month with the highest average temperature and the month with",Zheng et al. 2023,3,31.097366094589233,256,8.232208452038083,0.9869047432786561,0.6132873086800261,3.822914789290777,0.008525038361728604,0.005297672210885591,0.033022939097498545,0.04684564967011274,1.1128184079135281e-06,1.1128184079135282,26,31.097366094589233,PRY,10,Apple M4,1,Apple M4,16.0,113,256,369,0.0001829908190238779,0.1829908190238779,1517.9875102998005,121.4740863069892,-1,8,512,42,15.6.1,0.3.21,3.13.5,no_disponible_apple_silicon,16.0,7.92071533203125,57.4,Version: 0.3.21,yes,plain_text_no_template,yes
2026-06-21T21:14:04.031515,llama-2-7b,q4,gpu,8,"Given the following data, identify the month with the highest average temperature and the month with",Zheng et al. 2023,4,30.943422079086304,256,8.273163819622344,1.16959958130702,0.682420178138765,3.7137794934667796,0.010053170418862703,0.005865671002064741,0.03192140177083275,0.04784024319176019,1.1364449770202632e-06,1.1364449770202631,26,30.943422079086304,PRY,10,Apple M4,1,Apple M4,16.0,113,256,369,0.00018687594996781324,0.18687594996781323,1486.428712874081,120.87274249643087,-1,8,512,42,15.6.1,0.3.21,3.13.5,no_disponible_apple_silicon,17.0,8.368026733398438,60.3,Version: 0.3.21,yes,plain_text_no_template,yes
2026-06-21T21:14:40.454546,llama-2-7b,q4,gpu,8,"Given the following data, identify the month with the highest average temperature and the month with",Zheng et al. 2023,5,31.349841117858887,256,8.165910603424587,0.9241818545473944,0.6603374024209296,3.781395970375726,0.008048042862241386,0.005750409069465497,0.032929489687497454,0.04672794161920434,1.1100222531641991e-06,1.1100222531641992,26,31.349841117858887,PRY,10,Apple M4,1,Apple M4,16.0,113,256,369,0.00018253102195001696,0.18253102195001697,1521.8113327270064,122.46031686663628,-1,8,512,42,15.6.1,0.3.21,3.13.5,no_disponible_apple_silicon,16.5,7.9615020751953125,57.8,Version: 0.3.21,yes,plain_text_no_template,yes
2026-06-21T21:15:18.536717,llama-2-7b,q4,gpu,8,"Given the following data, identify the month with the highest average temperature and the month with",Zheng et al. 2023,6,30.808724880218506,256,8.30933448220608,1.1797108727897416,0.6701103221801613,3.742500556199033,0.010095941032772665,0.00573479015428977,0.03202824166666687,0.04785897285372931,1.1368899001403397e-06,1.1368899001403396,26,30.808724880218506,PRY,10,Apple M4,1,Apple M4,16.0,113,256,369,0.00018694911270988011,0.18694911270988013,1485.8469973529725,120.34658156335354,-1,8,512,42,15.6.1,0.3.21,3.13.5,no_disponible_apple_silicon,16.2,8.008010864257812,58.0,Version: 0.3.21,yes,plain_text_no_template,yes
2026-06-21T21:15:55.682495,llama-2-7b,q4,gpu,8,"Given the following data, identify the month with the highest average temperature and the month with",Zheng et al. 2023,7,32.05304980278015,256,7.98675949949061,0.33414183272931036,0.5868019256250118,3.8032756126510407,0.0029750735571291167,0.005224664262896055,0.03386293961833417,0.04206267743835934,9.991989025482261e-07,0.9991989025482261,26,32.05304980278015,PRY,10,Apple M4,1,Apple M4,16.0,113,256,369,0.00016430733374359118,0.1643073337435912,1690.5987788181278,125.20722579210997,-1,8,512,42,15.6.1,0.3.21,3.13.5,no_disponible_apple_silicon,17.3,8.433074951171875,60.7,Version: 0.3.21,yes,plain_text_no_template,yes
2026-06-21T21:16:32.556186,llama-2-7b,q4,gpu,8,"Given the following data, identify the month with the highest average temperature and the month with",Zheng et al. 2023,8,29.998342275619507,256,8.53380488988081,0.2203312441040397,0.6903218978847773,2.6454275755596472,0.0018359922429572377,0.005752364603639669,0.022044011632500162,0.02963236847909707,7.039169132209509e-07,0.7039169132209508,26,29.998342275619507,PRY,10,Apple M4,1,Apple M4,16.0,113,256,369,0.00011575143937147293,0.11575143937147293,2399.778173697911,117.1810245141387,-1,8,512,42,15.6.1,0.3.21,3.13.5,no_disponible_apple_silicon,15.6,7.9897308349609375,57.9,Version: 0.3.21,yes,plain_text_no_template,yes
2026-06-21T21:17:08.958456,llama-2-7b,q4,gpu,8,"Given the following data, identify the month with the highest average temperature and the month with",Zheng et al. 2023,9,31.3627872467041,256,8.1625398274161,0.9693268079098261,0.5362529880671887,3.8446766123975573,0.008444664013611857,0.00467177454865572,0.03349438184083434,0.046610820403101924,1.1072400386756862e-06,1.1072400386756862,26,31.3627872467041,PRY,10,Apple M4,1,Apple M4,16.0,113,256,369,0.0001820735171996169,0.1820735171996169,1525.6352601418428,122.5108876824379,-1,8,512,42,15.6.1,0.3.21,3.13.5,no_disponible_apple_silicon,15.9,7.9561614990234375,57.7,Version: 0.3.21,yes,plain_text_no_template,yes
2026-06-21T21:17:46.341497,llama-2-7b,q4,gpu,8,"Given the following data, identify the month with the highest average temperature and the month with",Zheng et al. 2023,10,30.27319097518921,256,8.45632692667939,1.0595233239379516,0.7898818865539826,3.8190583118494024,0.008909764424511352,0.00664229033319207,0.03211530045000018,0.0476673552077036,1.1323380229589989e-06,1.1323380229589988,26,30.27319097518921,PRY,10,Apple M4,1,Apple M4,16.0,113,256,369,0.00018620060628009218,0.1862006062800922,1491.8199426264523,118.25465224683285,-1,8,512,42,15.6.1,0.3.21,3.13.5,no_disponible_apple_silicon,16.9,8.431472778320312,60.7,Version: 0.3.21,yes,plain_text_no_template,yes
2026-06-21T21:18:22.884839,llama-2-7b,q4,gpu,9,Write a Python function that takes a list of integers and returns a dictionary with three keys: mean,Chen et al. 2021,1,31.437923669815063,256,8.143031412910926,0.8793347934418616,0.6135080362247126,3.8079515566401483,0.00767901669901051,0.00535761633712518,0.03325391399333512,0.04629054702947081,1.0996319446850788e-06,1.0996319446850789,26,31.437923669815063,PRY,10,Apple M4,1,Apple M4,16.0,35,256,291,0.00018082244933387035,0.18082244933387034,1536.1907705657125,122.80438933521509,-1,8,512,42,15.6.1,0.3.21,3.13.5,no_disponible_apple_silicon,16.0,7.9807586669921875,57.9,Version: 0.3.21,yes,plain_text_no_template,yes
2026-06-21T21:18:59.774924,llama-2-7b,q4,gpu,9,Write a Python function that takes a list of integers and returns a dictionary with three keys: mean,Chen et al. 2021,2,30.00137710571289,256,8.532941641243935,0.23636180406279927,0.6682286331643601,2.664526455446466,0.0019697721158540727,0.005568827560110847,0.022205406388332752,0.02974400606429767,7.065688640573912e-07,0.7065688640573912,26,30.00137710571289,PRY,10,Apple M4,1,Apple M4,16.0,35,256,291,0.00011618752368866278,0.11618752368866278,2390.7711341031227,117.19287931919098,-1,8,512,42,15.6.1,0.3.21,3.13.5,no_disponible_apple_silicon,15.4,7.9712982177734375,57.8,Version: 0.3.21,yes,plain_text_no_template,yes
2026-06-21T21:19:35.191231,llama-2-7b,q4,gpu,9,Write a Python function that takes a list of integers and returns a dictionary with three keys: mean,Chen et al. 2021,3,30.368194103240967,256,8.4298723569038,0.9546113304651469,0.6783223318922017,3.7844580124946403,0.008052728382421858,0.005722062288740395,0.0319242098608341,0.04569900053199636,1.0855797576375735e-06,1.0855797576375736,26,30.368194103240967,PRY,10,Apple M4,1,Apple M4,16.0,35,256,291,0.00017851172082811078,0.1785117208281108,1556.0758503092939,118.62575821578503,-1,8,512,42,15.6.1,0.3.21,3.13.5,no_disponible_apple_silicon,16.5,7.9877471923828125,57.9,Version: 0.3.21,yes,plain_text_no_template,yes
2026-06-21T21:20:13.029250,llama-2-7b,q4,gpu,9,Write a Python function that takes a list of integers and returns a dictionary with three keys: mean,Chen et al. 2021,4,30.726341009140015,256,8.33161357949679,1.025721602543386,0.6655187588145599,3.807234762811817,0.008754631038941571,0.0056802656475877155,0.03249510934000228,0.046930006026531565,1.1148222931602571e-06,1.1148222931602572,26,30.726341009140015,PRY,10,Apple M4,1,Apple M4,16.0,35,256,291,0.00018332033604113893,0.18332033604113893,1515.2589384051842,120.02476956695318,-1,8,512,42,15.6.1,0.3.21,3.13.5,no_disponible_apple_silicon,17.3,8.476577758789062,60.9,Version: 0.3.21,yes,plain_text_no_template,yes
2026-06-21T21:20:48.549436,llama-2-7b,q4,gpu,9,Write a Python function that takes a list of integers and returns a dictionary with three keys: mean,Chen et al. 2021,5,30.350888967514038,256,8.434678808716564,1.0532950955402722,0.7141804202922964,3.7863314603404428,0.00888012291521386,0.006021114066406667,0.03192181270749946,0.04682304968911999,1.1122815453650452e-06,1.1122815453650452,26,30.350888967514038,PRY,10,Apple M4,1,Apple M4,16.0,35,256,291,0.00018290253784812496,0.18290253784812496,1518.72019407644,118.55816002935171,-1,8,512,42,15.6.1,0.3.21,3.13.5,no_disponible_apple_silicon,16.1,8.03131103515625,58.1,Version: 0.3.21,yes,plain_text_no_template,yes
2026-06-21T21:21:25.863568,llama-2-7b,q4,gpu,9,Write a Python function that takes a list of integers and returns a dictionary with three keys: mean,Chen et al. 2021,6,30.344202995300293,256,8.43653728653375,1.2380381462493477,0.5590712119956579,3.865332857553283,0.010435355784920967,0.004712380651562447,0.032580679131666936,0.047728415568150356,1.1337885118214117e-06,1.1337885118214117,26,30.344202995300293,PRY,10,Apple M4,1,Apple M4,16.0,35,256,291,0.00018643912331308733,0.18643912331308732,1489.9114136645312,118.53204295039177,-1,8,512,42,15.6.1,0.3.21,3.13.5,no_disponible_apple_silicon,15.7,8.013992309570312,58.1,Version: 0.3.21,yes,plain_text_no_template,yes
2026-06-21T21:22:02.111262,llama-2-7b,q4,gpu,9,Write a Python function that takes a list of integers and returns a dictionary with three keys: mean,Chen et al. 2021,7,31.16331911087036,256,8.21478607876214,0.9426749236257839,0.6117626948044205,3.7893367985570023,0.00816024429521268,0.005295710021754486,0.03280230885333215,0.04625826317029932,1.0988650416104601e-06,1.0988650416104602,26,31.16331911087036,PRY,10,Apple M4,1,Apple M4,16.0,35,256,291,0.0001806963405089817,0.1806963405089817,1537.2628853209703,121.73171527683735,-1,8,512,42,15.6.1,0.3.21,3.13.5,no_disponible_apple_silicon,17.2,8.441482543945312,60.7,Version: 0.3.21,yes,plain_text_no_template,yes
2026-06-21T21:22:39.312776,llama-2-7b,q4,gpu,9,Write a Python function that takes a list of integers and returns a dictionary with three keys: mean,Chen et al. 2021,8,30.096658945083618,256,8.50592753392045,0.47601507885463745,0.6463128348957935,3.74591449103067,0.003979573189168086,0.005403293601024677,0.03131653079833238,0.040699397588525144,9.668141897154147e-07,0.9668141897154148,26,30.096658945083618,PRY,10,Apple M4,1,Apple M4,16.0,35,256,291,0.00015898202183017634,0.15898202183017635,1747.2276083801373,117.56507400423288,-1,8,512,42,15.6.1,0.3.21,3.13.5,no_disponible_apple_silicon,16.0,8.002914428710938,58.0,Version: 0.3.21,yes,plain_text_no_template,yes
2026-06-21T21:23:15.069289,llama-2-7b,q4,gpu,9,Write a Python function that takes a list of integers and returns a dictionary with three keys: mean,Chen et al. 2021,9,30.69963026046753,256,8.338862645184879,1.0677578596011434,0.6204795022031314,3.8232838189631995,0.009105492082628695,0.005291247583843079,0.03260372211749958,0.04700046178397135,1.1164959696782395e-06,1.1164959696782395,26,30.69963026046753,PRY,10,Apple M4,1,Apple M4,16.0,35,256,291,0.0001835955538436381,0.1835955538436381,1512.9874986752204,119.92043070495129,-1,8,512,42,15.6.1,0.3.21,3.13.5,no_disponible_apple_silicon,16.0,8.008544921875,58.0,Version: 0.3.21,yes,plain_text_no_template,yes
2026-06-21T21:23:52.725661,llama-2-7b,q4,gpu,9,Write a Python function that takes a list of integers and returns a dictionary with three keys: mean,Chen et al. 2021,10,30.48413109779358,256,8.39781193627425,0.9919983913251368,0.7165778227981314,3.7275256062723967,0.008400058058321058,0.006067847858874926,0.03156399423666396,0.04603190015385994,1.0934877881549428e-06,1.0934877881549427,26,30.48413109779358,PRY,10,Apple M4,1,Apple M4,16.0,35,256,291,0.0001798121099760154,0.17981210997601538,1544.8224138787411,119.07863710075617,-1,8,512,42,15.6.1,0.3.21,3.13.5,no_disponible_apple_silicon,17.2,8.4461669921875,60.7,Version: 0.3.21,yes,plain_text_no_template,yes
2026-06-21T21:24:04.071627,llama-2-7b,q4,gpu,10,"Write a Python function that reads a list of strings and returns the top 3 most frequent words, igno",Chen et al. 2021,1,6.654215335845947,63,9.467682787574057,0.2444213407535024,0.0,3.000240729429346,0.00045178673168055103,0.0,0.005545624409166218,0.005997411140846769,1.42468501650815e-07,0.142468501650815,26,6.654215335845947,PRY,10,Apple M4,1,Apple M4,16.0,35,63,98,9.5197002235663e-05,0.095197002235663,2917.925683102191,105.62246564834837,-1,8,512,42,15.6.1,0.3.21,3.13.5,no_disponible_apple_silicon,16.5,8.434188842773438,60.6,Version: 0.3.21,yes,plain_text_no_template,yes
2026-06-21T21:24:14.711621,llama-2-7b,q4,gpu,10,"Write a Python function that reads a list of strings and returns the top 3 most frequent words, igno",Chen et al. 2021,2,6.804996013641357,63,9.25790402723376,0.30481317531171,0.0,3.000104108815809,0.0005761812341393196,0.0,0.005671026805833511,0.006247208039972831,1.484024269895546e-07,0.1484024269895546,26,6.804996013641357,PRY,10,Apple M4,1,Apple M4,16.0,35,63,98,9.916203238052113e-05,0.09916203238052113,2801.251357090408,108.01580974033901,-1,8,512,42,15.6.1,0.3.21,3.13.5,no_disponible_apple_silicon,16.4,8.445663452148438,60.7,Version: 0.3.21,yes,plain_text_no_template,yes
2026-06-21T21:24:27.618834,llama-2-7b,q4,gpu,10,"Write a Python function that reads a list of strings and returns the top 3 most frequent words, igno",Chen et al. 2021,3,5.996730089187622,63,10.505725464214551,0.26502990581657604,0.0,3.0003049340910746,0.0004414757807624509,0.0,0.004997783020833898,0.005439258801596349,1.2920959283192125e-07,0.12920959283192124,26,5.996730089187622,PRY,10,Apple M4,1,Apple M4,16.0,35,63,98,8.633744129518014e-05,0.08633744129518015,3217.350127716664,95.18619189186701,-1,8,512,42,15.6.1,0.3.21,3.13.5,no_disponible_apple_silicon,16.5,8.018829345703125,58.1,Version: 0.3.21,yes,plain_text_no_template,yes
2026-06-21T21:24:39.056000,llama-2-7b,q4,gpu,10,"Write a Python function that reads a list of strings and returns the top 3 most frequent words, igno",Chen et al. 2021,4,6.388962984085083,63,9.860755205020455,0.25471812123516724,0.0,3.000184681574831,0.0004520512910964389,0.0,0.005324463576666858,0.005776514867763297,1.3722111068371712e-07,0.13722111068371712,26,6.388962984085083,PRY,10,Apple M4,1,Apple M4,16.0,35,63,98,9.169071218671899e-05,0.09169071218671901,3029.508345535707,101.41211085849339,-1,8,512,42,15.6.1,0.3.21,3.13.5,no_disponible_apple_silicon,16.7,8.002792358398438,58.0,Version: 0.3.21,yes,plain_text_no_template,yes
2026-06-21T21:24:49.788095,llama-2-7b,q4,gpu,10,"Write a Python function that reads a list of strings and returns the top 3 most frequent words, igno",Chen et al. 2021,5,6.869464159011841,63,9.171020991113581,0.3551149072470769,0.0,3.000106962049799,0.0006776247576846137,0.0,0.005724757569167498,0.006402382326852112,1.520885921743719e-07,0.1520885921743719,26,6.869464159011841,PRY,10,Apple M4,1,Apple M4,16.0,35,63,98,0.00010162511629923987,0.10162511629923987,2733.357538896666,109.03911363510858,-1,8,512,42,15.6.1,0.3.21,3.13.5,no_disponible_apple_silicon,17.2,8.014495849609375,58.1,Version: 0.3.21,yes,plain_text_no_template,yes
2026-06-21T21:25:02.718522,llama-2-7b,q4,gpu,10,"Write a Python function that reads a list of strings and returns the top 3 most frequent words, igno",Chen et al. 2021,6,6.056421995162964,63,10.40218136224915,0.2567223034054001,0.001144384230629104,3.0002354344709814,0.0004318940569426014,1.9252427292499307e-06,0.005047414409999267,0.005481233709671119,1.3020670677323741e-07,0.13020670677323742,26,6.056421995162964,PRY,10,Apple M4,1,Apple M4,16.0,35,63,98,8.700370967731935e-05,0.08700370967731935,3192.7118832978977,96.13368246290419,-1,8,512,42,15.6.1,0.3.21,3.13.5,no_disponible_apple_silicon,16.4,8.00311279296875,58.0,Version: 0.3.21,yes,plain_text_no_template,yes
2026-06-21T21:25:14.104225,llama-2-7b,q4,gpu,10,"Write a Python function that reads a list of strings and returns the top 3 most frequent words, igno",Chen et al. 2021,7,6.411176919937134,63,9.826588906646139,0.2488206922101218,0.0,3.0002224613686663,0.0004431204108611984,0.0,0.005343043610834381,0.005786164021695578,1.3745032633537845e-07,0.13745032633537846,26,6.411176919937134,PRY,10,Apple M4,1,Apple M4,16.0,35,63,98,9.184387336024728e-05,0.09184387336024727,3024.4562605523574,101.76471301487514,-1,8,512,42,15.6.1,0.3.21,3.13.5,no_disponible_apple_silicon,17.1,8.008270263671875,58.0,Version: 0.3.21,yes,plain_text_no_template,yes
2026-06-21T21:25:24.779583,llama-2-7b,q4,gpu,10,"Write a Python function that reads a list of strings and returns the top 3 most frequent words, igno",Chen et al. 2021,8,6.688724994659424,63,9.418835435797108,0.27191249516380445,0.001137625058374457,3.0001049551326697,0.000505207750767319,2.113683656250032e-06,0.005574132499999299,0.006081453934422868,1.4446493821221521e-07,0.1444649382122152,26,6.688724994659424,PRY,10,Apple M4,1,Apple M4,16.0,35,63,98,9.653101483210901e-05,0.096531014832109,2877.6013415056404,106.17023801046705,-1,8,512,42,15.6.1,0.3.21,3.13.5,no_disponible_apple_silicon,17.1,8.00384521484375,58.0,Version: 0.3.21,yes,plain_text_no_template,yes
2026-06-21T21:25:38.098873,llama-2-7b,q4,gpu,10,"Write a Python function that reads a list of strings and returns the top 3 most frequent words, igno",Chen et al. 2021,9,5.902575969696045,63,10.673306082538097,0.2571247944573111,0.0,3.0002585254160805,0.0004215829536046554,0.0,0.004919237187499069,0.005340820141103724,1.2687118245191897e-07,0.12687118245191897,26,5.902575969696045,PRY,10,Apple M4,1,Apple M4,16.0,35,63,98,8.477492287466228e-05,0.08477492287466229,3276.6503154295474,93.69168205866737,-1,8,512,42,15.6.1,0.3.21,3.13.5,no_disponible_apple_silicon,16.6,8.0521240234375,58.3,Version: 0.3.21,yes,plain_text_no_template,yes
2026-06-21T21:25:49.720252,llama-2-7b,q4,gpu,10,"Write a Python function that reads a list of strings and returns the top 3 most frequent words, igno",Chen et al. 2021,10,6.750618934631348,63,9.332477600950591,0.5777467451121157,0.0,3.000208898786592,0.001083374476937633,0.0,0.005625907499999509,0.006709281976937142,1.593789933621418e-07,0.1593789933621418,26,6.750618934631348,PRY,10,Apple M4,1,Apple M4,16.0,35,63,98,0.00010649653931646257,0.10649653931646258,2608.3268016093925,107.15268150208489,-1,8,512,42,15.6.1,0.3.21,3.13.5,no_disponible_apple_silicon,20.3,8.496734619140625,61.1,Version: 0.3.21,yes,plain_text_no_template,yes
2026-06-21T21:26:25.578780,llama-2-7b,q4,gpu,11,Explain how quantization reduces the memory footprint of a neural network model. What are the trade-,Dettmers et al. 2022,1,31.81952714920044,256,8.045374112557571,0.36032320952393815,0.6599893381721936,3.7639219995764233,0.003184809485537219,0.005833485740042485,0.03326839395916523,0.04228668918474493,1.0045203015836158e-06,1.0045203015836157,26,31.81952714920044,PRY,10,Apple M4,1,Apple M4,16.0,38,256,294,0.00016518237962790988,0.16518237962790988,1681.642911329286,124.29502792656422,-1,8,512,42,15.6.1,0.3.21,3.13.5,no_disponible_apple_silicon,16.5,8.064102172851562,58.4,Version: 0.3.21,yes,plain_text_no_template,yes
2026-06-21T21:27:02.800671,llama-2-7b,q4,gpu,11,Explain how quantization reduces the memory footprint of a neural network model. What are the trade-,Dettmers et al. 2022,2,29.883089065551758,256,8.566718100609899,0.257373805537309,0.6810787310758027,2.660701457255146,0.002136423431669834,0.005653537883719775,0.022086105173333027,0.02987606648872264,7.097059594396063e-07,0.7097059594396062,26,29.883089065551758,PRY,10,Apple M4,1,Apple M4,16.0,38,256,294,0.0001167033847215728,0.11670338472157281,2380.203268658326,116.73081666231155,-1,8,512,42,15.6.1,0.3.21,3.13.5,no_disponible_apple_silicon,15.4,8.040573120117188,58.3,Version: 0.3.21,yes,plain_text_no_template,yes
2026-06-21T21:27:39.499000,llama-2-7b,q4,gpu,11,Explain how quantization reduces the memory footprint of a neural network model. What are the trade-,Dettmers et al. 2022,3,31.401797771453857,256,8.15239948563453,0.8057488980839992,0.6365659566892788,3.7988845175431343,0.007028323320057091,0.005552587622263553,0.03313661204916571,0.04571752299148635,1.0860197586627581e-06,1.086019758662758,26,31.401797771453857,PRY,10,Apple M4,1,Apple M4,16.0,38,256,294,0.00017858407418549355,0.17858407418549355,1555.445406006656,122.66327254474163,-1,8,512,42,15.6.1,0.3.21,3.13.5,no_disponible_apple_silicon,16.0,8.004669189453125,58.0,Version: 0.3.21,yes,plain_text_no_template,yes
2026-06-21T21:28:19.655098,llama-2-7b,q4,gpu,11,Explain how quantization reduces the memory footprint of a neural network model. What are the trade-,Dettmers et al. 2022,4,32.86153602600098,256,7.790262749661049,0.5557710603342201,0.679511589843779,3.579165788444515,0.005073191867050482,0.0062027207193712615,0.03267135708333323,0.043947269669754964,1.0439673910050291e-06,1.043967391005029,26,32.86153602600098,PRY,10,Apple M4,1,Apple M4,16.0,38,256,294,0.00017166902214748033,0.17166902214748034,1618.1007749851326,128.36537510156631,-1,8,512,42,15.6.1,0.3.21,3.13.5,no_disponible_apple_silicon,16.5,8.438888549804688,60.7,Version: 0.3.21,yes,plain_text_no_template,yes
2026-06-21T21:28:58.109457,llama-2-7b,q4,gpu,11,Explain how quantization reduces the memory footprint of a neural network model. What are the trade-,Dettmers et al. 2022,5,33.17308688163757,256,7.717099132601515,0.5553436973409487,0.6837133964634607,3.5625516566993354,0.00511735131140587,0.006300245528617195,0.03282800989666915,0.044245606736692214,1.0510543880301234e-06,1.0510543880301233,26,33.17308688163757,PRY,10,Apple M4,1,Apple M4,16.0,38,256,294,0.00017283440131520396,0.17283440131520397,1607.1903259073117,129.58237063139677,-1,8,512,42,15.6.1,0.3.21,3.13.5,no_disponible_apple_silicon,16.3,8.0546875,58.3,Version: 0.3.21,yes,plain_text_no_template,yes
2026-06-21T21:29:37.997155,llama-2-7b,q4,gpu,11,Explain how quantization reduces the memory footprint of a neural network model. What are the trade-,Dettmers et al. 2022,6,32.59791970252991,256,7.853261874871481,0.3830183549550325,0.6945515367912247,3.5795646223076627,0.0034682226609497914,0.006289148673774747,0.032412877813333886,0.04217024914805843,1.0017542685121278e-06,1.0017542685121277,26,32.59791970252991,PRY,10,Apple M4,1,Apple M4,16.0,38,256,294,0.00016472753573460323,0.16472753573460322,1686.2862455813865,127.33562383800745,-1,8,512,42,15.6.1,0.3.21,3.13.5,no_disponible_apple_silicon,16.5,8.095428466796875,58.6,Version: 0.3.21,yes,plain_text_no_template,yes
2026-06-21T21:30:14.581671,llama-2-7b,q4,gpu,11,Explain how quantization reduces the memory footprint of a neural network model. What are the trade-,Dettmers et al. 2022,7,31.58121609687805,256,8.10608430070262,0.40390374222035996,0.6231055248482666,3.811107732609017,0.003543269823721921,0.0054662306198310345,0.033433171353335636,0.0424426717968886,1.0082256685350886e-06,1.0082256685350885,26,31.58121609687805,PRY,10,Apple M4,1,Apple M4,16.0,38,256,294,0.00016579168670659609,0.16579168670659608,1675.462644091227,123.36412537842989,-1,8,512,42,15.6.1,0.3.21,3.13.5,no_disponible_apple_silicon,17.1,8.5018310546875,61.1,Version: 0.3.21,yes,plain_text_no_template,yes
2026-06-21T21:30:52.020251,llama-2-7b,q4,gpu,11,Explain how quantization reduces the memory footprint of a neural network model. What are the trade-,Dettmers et al. 2022,8,30.347742795944214,256,8.435553237725898,1.3195929924182053,0.6357199059124977,3.785160618085637,0.011124074647010571,0.005359073387470649,0.03190863357750004,0.048391781611981266,1.1495467721926149e-06,1.149546772192615,26,30.347742795944214,PRY,10,Apple M4,1,Apple M4,16.0,38,256,294,0.00018903039692180182,0.18903039692180182,1469.4873538920253,118.54587029665709,-1,8,512,42,15.6.1,0.3.21,3.13.5,no_disponible_apple_silicon,16.0,8.098358154296875,58.5,Version: 0.3.21,yes,plain_text_no_template,yes
2026-06-21T21:31:27.210177,llama-2-7b,q4,gpu,11,Explain how quantization reduces the memory footprint of a neural network model. What are the trade-,Dettmers et al. 2022,9,30.235267162322998,256,8.46693361846687,1.0539064736723536,0.6649492088050569,3.8287655068007167,0.00885142883210704,0.005584699160443388,0.03215659666666852,0.04659272465921895,1.1068101742797462e-06,1.1068101742797463,26,30.235267162322998,PRY,10,Apple M4,1,Apple M4,16.0,38,256,294,0.00018200283070007403,0.18200283070007403,1526.2277883772758,118.10651235282421,-1,8,512,42,15.6.1,0.3.21,3.13.5,no_disponible_apple_silicon,15.9,8.11175537109375,58.6,Version: 0.3.21,yes,plain_text_no_template,yes
2026-06-21T21:32:04.378341,llama-2-7b,q4,gpu,11,Explain how quantization reduces the memory footprint of a neural network model. What are the trade-,Dettmers et al. 2022,10,30.20988631248474,256,8.47404711662896,1.0648255978357222,0.7090915018094563,3.7787916534735797,0.008935627848122435,0.0059504371263368735,0.03171024062500086,0.04659630559946017,1.1068952395151762e-06,1.106895239515176,26,30.20988631248474,PRY,10,Apple M4,1,Apple M4,16.0,38,256,294,0.00018201681874789128,0.18201681874789127,1526.1104973080733,118.00736840814352,-1,8,512,42,15.6.1,0.3.21,3.13.5,no_disponible_apple_silicon,17.2,8.521957397460938,61.2,Version: 0.3.21,yes,plain_text_no_template,yes
2026-06-21T21:32:40.406556,llama-2-7b,q4,gpu,12,What is the difference between CPU and GPU architectures in the context of deep learning inference? ,Zheng et al. 2023,1,31.023734092712402,256,8.25174684758968,0.8385521633896489,0.7077806188111128,3.7579937717873566,0.007226394261074774,0.006099443809436499,0.03238527763833341,0.04571111570884469,1.0858675536636056e-06,1.0858675536636055,26,31.023734092712402,PRY,10,Apple M4,1,Apple M4,16.0,34,256,290,0.00017855904573767456,0.17855904573767456,1555.663431276777,121.18646129965782,-1,8,512,42,15.6.1,0.3.21,3.13.5,no_disponible_apple_silicon,16.1,8.052566528320312,58.3,Version: 0.3.21,yes,plain_text_no_template,yes
2026-06-21T21:33:17.683147,llama-2-7b,q4,gpu,12,What is the difference between CPU and GPU architectures in the context of deep learning inference? ,Zheng et al. 2023,2,30.358838081359863,256,8.432470284730114,1.130033662643917,0.5562691096716118,3.86422317723786,0.009529585830747976,0.0046910232861618545,0.0325870349300006,0.046807644046910436,1.1119155843343572e-06,1.1119155843343573,26,30.358838081359863,PRY,10,Apple M4,1,Apple M4,16.0,34,256,290,0.0001828423595582439,0.1828423595582439,1519.2200453379758,118.58921125531197,-1,8,512,42,15.6.1,0.3.21,3.13.5,no_disponible_apple_silicon,15.8,8.057174682617188,58.3,Version: 0.3.21,yes,plain_text_no_template,yes
2026-06-21T21:33:53.917348,llama-2-7b,q4,gpu,12,What is the difference between CPU and GPU architectures in the context of deep learning inference? ,Zheng et al. 2023,3,31.222388982772827,256,8.199244463364089,0.848502925560305,0.6308588458834449,3.79620257250008,0.007358968998573495,0.005471366744276681,0.032924031493333436,0.04575436723618362,1.0868949936955418e-06,1.0868949936955419,26,31.222388982772827,PRY,10,Apple M4,1,Apple M4,16.0,34,256,290,0.00017872799701634226,0.17872799701634226,1554.1928652195368,121.96245696395636,-1,8,512,42,15.6.1,0.3.21,3.13.5,no_disponible_apple_silicon,17.2,8.501449584960938,61.1,Version: 0.3.21,yes,plain_text_no_template,yes
2026-06-21T21:34:31.446109,llama-2-7b,q4,gpu,12,What is the difference between CPU and GPU architectures in the context of deep learning inference? ,Zheng et al. 2023,4,30.443387031555176,256,8.409051191795804,1.054727576256188,0.6918026563047499,3.7148120053061633,0.008919299949117016,0.005850226670928735,0.0314142943408342,0.04618382096087995,1.0970966669257033e-06,1.0970966669257032,26,30.443387031555176,PRY,10,Apple M4,1,Apple M4,16.0,34,256,290,0.00018040555062843731,0.18040555062843733,1539.740749717219,118.9194805920124,-1,8,512,42,15.6.1,0.3.21,3.13.5,no_disponible_apple_silicon,16.1,8.065902709960938,58.4,Version: 0.3.21,yes,plain_text_no_template,yes
2026-06-21T21:35:09.378196,llama-2-7b,q4,gpu,12,What is the difference between CPU and GPU architectures in the context of deep learning inference? ,Zheng et al. 2023,5,32.59212899208069,256,7.854657180026609,0.5613904630685167,0.6763203183073895,3.588314007637164,0.0050824751075702786,0.006122977515066529,0.03248633138916679,0.0436917840118036,1.0378983292003945e-06,1.0378983292003945,26,32.59212899208069,PRY,10,Apple M4,1,Apple M4,16.0,34,256,290,0.0001706710312961078,0.1706710312961078,1627.5625433811542,127.31300387531519,-1,8,512,42,15.6.1,0.3.21,3.13.5,no_disponible_apple_silicon,16.3,8.06243896484375,58.4,Version: 0.3.21,yes,plain_text_no_template,yes
2026-06-21T21:35:50.490212,llama-2-7b,q4,gpu,12,What is the difference between CPU and GPU architectures in the context of deep learning inference? ,Zheng et al. 2023,6,33.84862208366394,256,7.563084824169283,0.3677621430097332,0.6504276036220253,3.589747440757823,0.0034578449431707865,0.00611557726327364,0.033752223471669826,0.04332564567811425,1.0292007130836038e-06,1.0292007130836038,26,33.84862208366394,PRY,10,Apple M4,1,Apple M4,16.0,34,256,290,0.00016924080343013378,0.16924080343013378,1641.316822821929,132.22118001431227,-1,8,512,42,15.6.1,0.3.21,3.13.5,no_disponible_apple_silicon,17.1,8.546096801757812,61.4,Version: 0.3.21,yes,plain_text_no_template,yes
2026-06-21T21:36:25.628601,llama-2-7b,q4,gpu,12,What is the difference between CPU and GPU architectures in the context of deep learning inference? ,Zheng et al. 2023,7,30.256203174591064,256,8.461074858691685,1.1792451550497935,0.5803001725525653,3.8727040930371013,0.00991096694551075,0.00487713331194463,0.03254814496500027,0.04733624522245566,1.124472505259434e-06,1.124472505259434,26,30.256203174591064,PRY,10,Apple M4,1,Apple M4,16.0,34,256,290,0.0001849072079002174,0.18490720790021742,1502.2550009390475,118.18829365074635,-1,8,512,42,15.6.1,0.3.21,3.13.5,no_disponible_apple_silicon,16.1,8.146255493164062,58.9,Version: 0.3.21,yes,plain_text_no_template,yes
2026-06-21T21:37:01.929999,llama-2-7b,q4,gpu,12,What is the difference between CPU and GPU architectures in the context of deep learning inference? ,Zheng et al. 2023,8,29.450037002563477,256,8.69268856870083,0.2373055271548794,0.7375302776204407,2.63722662702386,0.0019412934876733418,0.006033414990675803,0.021574006041666205,0.029548714520015347,7.019297134229645e-07,0.7019297134229645,26,29.450037002563477,PRY,10,Apple M4,1,Apple M4,16.0,34,256,290,0.00011542466609380995,0.11542466609380996,2406.572071449766,115.03920704126358,-1,8,512,42,15.6.1,0.3.21,3.13.5,no_disponible_apple_silicon,15.6,8.116806030273438,58.6,Version: 0.3.21,yes,plain_text_no_template,yes
2026-06-21T21:37:36.894048,llama-2-7b,q4,gpu,12,What is the difference between CPU and GPU architectures in the context of deep learning inference? ,Zheng et al. 2023,9,30.08177614212036,256,8.510135797518618,0.42419675372902343,0.6500286237277494,3.8479207587387503,0.0035446088294140677,0.005431670984707985,0.03215341413249917,0.04112969394662122,9.77035879701987e-07,0.977035879701987,26,30.08177614212036,PRY,10,Apple M4,1,Apple M4,16.0,34,256,290,0.00016066286697898914,0.16066286697898916,1728.9482193424599,117.50693805515766,-1,8,512,42,15.6.1,0.3.21,3.13.5,no_disponible_apple_silicon,16.1,8.097564697265625,58.6,Version: 0.3.21,yes,plain_text_no_template,yes
2026-06-21T21:38:13.516946,llama-2-7b,q4,gpu,12,What is the difference between CPU and GPU architectures in the context of deep learning inference? ,Zheng et al. 2023,10,29.748997688293457,256,8.605331940334201,0.23201403223984954,0.7343169451582239,2.623627338466957,0.0019172735857652579,0.006068109195551866,0.02168063434083251,0.029666017122149634,7.047162367366645e-07,0.7047162367366645,26,29.748997688293457,PRY,10,Apple M4,1,Apple M4,16.0,34,256,290,0.000115882879383397,0.115882879383397,2397.0562282867827,116.20702221989632,-1,8,512,42,15.6.1,0.3.21,3.13.5,no_disponible_apple_silicon,16.9,8.542022705078125,61.3,Version: 0.3.21,yes,plain_text_no_template,yes
2026-06-21T21:38:49.218275,llama-2-7b,q4,gpu,13,Explain the ethical implications of deploying large language models in low-resource countries where ,Bender et al. 2021,1,30.797668933868408,256,8.312317420831647,1.2001111069840897,0.5498075719581037,3.8745836821688515,0.01026684015465398,0.00470355321624992,0.03314670708333475,0.04811710045423866,1.1430217212904392e-06,1.1430217212904392,26,30.797668933868408,PRY,10,Apple M4,1,Apple M4,16.0,40,256,296,0.00018795742364936975,0.18795742364936976,1477.8760656773302,120.30339427292347,-1,8,512,42,15.6.1,0.3.21,3.13.5,no_disponible_apple_silicon,16.0,8.072738647460938,58.4,Version: 0.3.21,yes,plain_text_no_template,yes
2026-06-21T21:39:26.399653,llama-2-7b,q4,gpu,13,Explain the ethical implications of deploying large language models in low-resource countries where ,Bender et al. 2021,2,30.339651107788086,256,8.437803028469423,1.3278497891724887,0.49736689389528455,3.8947962545510757,0.011190694257512021,0.004191649453707553,0.03282409986083318,0.048206443572052754,1.145144067054113e-06,1.145144067054113,26,30.339651107788086,PRY,10,Apple M4,1,Apple M4,16.0,40,256,296,0.00018830642020333107,0.18830642020333108,1475.1370530958882,118.51426213979721,-1,8,512,42,15.6.1,0.3.21,3.13.5,no_disponible_apple_silicon,16.3,8.164337158203125,59.0,Version: 0.3.21,yes,plain_text_no_template,yes
2026-06-21T21:40:06.489956,llama-2-7b,q4,gpu,13,Explain the ethical implications of deploying large language models in low-resource countries where ,Bender et al. 2021,3,34.77554512023926,256,7.361494956149769,0.28302473414730855,1.2291354290331804,2.1822187577970054,0.0027339831701342914,0.011873292936452222,0.021079957465000614,0.035687233571587124,8.477502334930521e-07,0.8477502334930521,26,34.77554512023926,PRY,10,Apple M4,1,Apple M4,16.0,40,256,296,0.0001394032561390122,0.1394032561390122,1992.6204413817939,135.8419731259346,-1,8,512,42,15.6.1,0.3.21,3.13.5,no_disponible_apple_silicon,18.0,8.599105834960938,61.7,Version: 0.3.21,yes,plain_text_no_template,yes
2026-06-21T21:40:46.285826,llama-2-7b,q4,gpu,13,Explain the ethical implications of deploying large language models in low-resource countries where ,Bender et al. 2021,4,32.52415180206299,256,7.871073827166249,0.5206886558617585,0.62377970372432,3.616341587162879,0.004704154690238879,0.005635529381937683,0.032671789652499686,0.043011473724676244,1.021737558329684e-06,1.021737558329684,26,32.52415180206299,PRY,10,Apple M4,1,Apple M4,16.0,40,256,296,0.00016801356923701658,0.16801356923701657,1653.3056171547487,127.04746797680855,-1,8,512,42,15.6.1,0.3.21,3.13.5,no_disponible_apple_silicon,16.2,8.107208251953125,58.6,Version: 0.3.21,yes,plain_text_no_template,yes
2026-06-21T21:41:21.435656,llama-2-7b,q4,gpu,13,Explain the ethical implications of deploying large language models in low-resource countries where ,Bender et al. 2021,5,30.200327157974243,256,8.476729363258057,0.9889455550446842,0.6468846600939626,3.854064875362593,0.008296244251048301,0.0054267023245312875,0.032331672256668754,0.046054618832248345,1.0940274703600595e-06,1.0940274703600594,26,30.200327157974243,PRY,10,Apple M4,1,Apple M4,16.0,40,256,296,0.0001799008548134701,0.1799008548134701,1544.0603551650224,117.97002796083689,-1,8,512,42,15.6.1,0.3.21,3.13.5,no_disponible_apple_silicon,16.0,8.076736450195312,58.4,Version: 0.3.21,yes,plain_text_no_template,yes
2026-06-21T21:41:58.707206,llama-2-7b,q4,gpu,13,Explain the ethical implications of deploying large language models in low-resource countries where ,Bender et al. 2021,6,30.24497699737549,256,8.464215397558888,1.0938560510030007,0.7042301654948456,3.758271043117757,0.009189903083618263,0.005916506987847094,0.03157467256916637,0.04668108264063173,1.1089091181282066e-06,1.1089091181282067,26,30.24497699737549,PRY,10,Apple M4,1,Apple M4,16.0,40,256,296,0.00018234797906496768,0.1823479790649677,1523.3389434977503,118.144441395998,-1,8,512,42,15.6.1,0.3.21,3.13.5,no_disponible_apple_silicon,16.1,8.140106201171875,58.8,Version: 0.3.21,yes,plain_text_no_template,yes
2026-06-21T21:42:35.331513,llama-2-7b,q4,gpu,13,Explain the ethical implications of deploying large language models in low-resource countries where ,Bender et al. 2021,7,31.31536602973938,256,8.174900454840078,0.8426404809126532,0.6688106689548099,3.7722805080037785,0.007329887525348709,0.005817791917476311,0.03281398468749709,0.04596166413032211,1.0918193314158017e-06,1.0918193314158018,26,31.31536602973938,PRY,10,Apple M4,1,Apple M4,16.0,40,256,296,0.00017953775050907073,0.17953775050907073,1547.1831243855518,122.32564855366945,-1,8,512,42,15.6.1,0.3.21,3.13.5,no_disponible_apple_silicon,16.9,8.18206787109375,59.0,Version: 0.3.21,yes,plain_text_no_template,yes
2026-06-21T21:43:15.241008,llama-2-7b,q4,gpu,13,Explain the ethical implications of deploying large language models in low-resource countries where ,Bender et al. 2021,8,32.56109690666199,256,7.862142996405705,0.5666191201254647,0.6671573458837785,3.582260295541145,0.005124927799881334,0.006034270830920311,0.03240064573000079,0.04355984436080243,1.0347641027908616e-06,1.0347641027908616,26,32.56109690666199,PRY,10,Apple M4,1,Apple M4,16.0,40,256,296,0.0001701556420343845,0.1701556420343845,1632.4923138407914,127.19178479164839,-1,8,512,42,15.6.1,0.3.21,3.13.5,no_disponible_apple_silicon,15.9,8.151473999023438,58.9,Version: 0.3.21,yes,plain_text_no_template,yes
2026-06-21T21:43:53.967234,llama-2-7b,q4,gpu,13,Explain the ethical implications of deploying large language models in low-resource countries where ,Bender et al. 2021,9,33.560643672943115,256,7.627982421755202,0.30532902652405464,0.6366681678554382,3.622966906174807,0.0028463996283834433,0.005935275977583861,0.0337747503824994,0.04255642598846671,1.0109278993560268e-06,1.010927899356027,26,33.560643672943115,PRY,10,Apple M4,1,Apple M4,16.0,40,256,296,0.0001662360390174481,0.1662360390174481,1670.9840983916988,131.09626434743404,-1,8,512,42,15.6.1,0.3.21,3.13.5,no_disponible_apple_silicon,17.2,8.560073852539062,61.4,Version: 0.3.21,yes,plain_text_no_template,yes
2026-06-21T21:44:30.595438,llama-2-7b,q4,gpu,13,Explain the ethical implications of deploying large language models in low-resource countries where ,Bender et al. 2021,10,29.76660394668579,256,8.600242085342188,0.2618673111448888,0.7249535923347181,2.627364470836906,0.0021652501492870676,0.005994279572987406,0.02172436600749885,0.029883895729773326,7.098919430607653e-07,0.7098919430607653,26,29.76660394668579,PRY,10,Apple M4,1,Apple M4,16.0,40,256,296,0.00011673396769442705,0.11673396769442705,2379.579682452951,116.27579666674137,-1,8,512,42,15.6.1,0.3.21,3.13.5,no_disponible_apple_silicon,15.9,8.121688842773438,58.7,Version: 0.3.21,yes,plain_text_no_template,yes
2026-06-21T21:45:01.370195,llama-2-7b,q4,gpu,14,"Translate the following paragraph to Spanish, then explain any cultural or linguistic nuances you co",Papineni et al. 2002,1,25.864609956741333,210,8.119202274893217,0.27321509180703024,0.8277325966504868,2.5994621700250082,0.0019629449399678088,0.005946939100234872,0.018676131979167017,0.026586016019369694,6.315508105401271e-07,0.6315508105401271,26,25.864609956741333,PRY,10,Apple M4,1,Apple M4,16.0,84,210,294,0.00012660007628271283,0.12660007628271283,2194.1359431527308,123.16480931781587,-1,8,512,42,15.6.1,0.3.21,3.13.5,no_disponible_apple_silicon,16.0,8.117996215820312,58.7,Version: 0.3.21,yes,plain_text_no_template,yes
2026-06-21T21:45:32.969719,llama-2-7b,q4,gpu,14,"Translate the following paragraph to Spanish, then explain any cultural or linguistic nuances you co",Papineni et al. 2002,2,24.719953060150146,210,8.49516176220136,0.22709251519072962,0.8141283960652685,2.5777756422896045,0.001559365643285075,0.005590337704352435,0.017700692465832616,0.024850395813470125,5.903211525489828e-07,0.5903211525489828,26,24.719953060150146,PRY,10,Apple M4,1,Apple M4,16.0,84,210,294,0.00011833521815938155,0.11833521815938156,2347.3804510475375,117.71406219119118,-1,8,512,42,15.6.1,0.3.21,3.13.5,no_disponible_apple_silicon,15.8,8.128662109375,58.7,Version: 0.3.21,yes,plain_text_no_template,yes
2026-06-21T21:46:05.116744,llama-2-7b,q4,gpu,14,"Translate the following paragraph to Spanish, then explain any cultural or linguistic nuances you co",Papineni et al. 2002,3,27.21566104888916,210,7.716145480455688,0.6130846214900493,0.6655759643941558,2.621271475745201,0.0046348620146554696,0.005031691624788574,0.019816565555834133,0.029483119195278174,7.00371496483833e-07,0.700371496483833,26,27.21566104888916,PRY,10,Apple M4,1,Apple M4,16.0,84,210,294,0.00014039580569180082,0.14039580569180082,1978.533307380707,129.59838594709126,-1,8,512,42,15.6.1,0.3.21,3.13.5,no_disponible_apple_silicon,19.0,8.542984008789062,61.3,Version: 0.3.21,yes,plain_text_no_template,yes
2026-06-21T21:46:36.531823,llama-2-7b,q4,gpu,14,"Translate the following paragraph to Spanish, then explain any cultural or linguistic nuances you co",Papineni et al. 2002,4,24.663481950759888,210,8.514612836065098,0.18534316006497498,0.6852413714932268,2.627179953883323,0.001269779911933142,0.004694566166038097,0.01799872371499987,0.023963069792971112,5.692427229320287e-07,0.5692427229320287,26,24.663481950759888,PRY,10,Apple M4,1,Apple M4,16.0,84,210,294,0.00011410985615700529,0.1141098561570053,2434.301357768601,117.44515214647566,-1,8,512,42,15.6.1,0.3.21,3.13.5,no_disponible_apple_silicon,16.2,8.124252319335938,58.7,Version: 0.3.21,yes,plain_text_no_template,yes
2026-06-21T21:47:06.430748,llama-2-7b,q4,gpu,14,"Translate the following paragraph to Spanish, then explain any cultural or linguistic nuances you co",Papineni et al. 2002,5,25.029560804367065,210,8.390079300287201,0.47502556439202004,0.7706824085104991,2.58610623478062,0.003302689235438569,0.005358289501297109,0.01798030645833175,0.026641285195067425,6.328637298088266e-07,0.6328637298088267,26,25.029560804367065,PRY,10,Apple M4,1,Apple M4,16.0,84,210,294,0.0001268632628336544,0.1268632628336544,2189.58405745882,119.18838478270031,-1,8,512,42,15.6.1,0.3.21,3.13.5,no_disponible_apple_silicon,16.1,8.166885375976562,59.0,Version: 0.3.21,yes,plain_text_no_template,yes
2026-06-21T21:47:37.642853,llama-2-7b,q4,gpu,14,"Translate the following paragraph to Spanish, then explain any cultural or linguistic nuances you co",Papineni et al. 2002,6,24.501471996307373,210,8.570913618236863,0.19675073933765813,0.661624331704302,2.6351414829987507,0.001339078536148445,0.004502991676480148,0.017934679236667157,0.023776749449295753,5.648166831680206e-07,0.5648166831680206,26,24.501471996307373,PRY,10,Apple M4,1,Apple M4,16.0,84,210,294,0.00011322261642521787,0.11322261642521787,2453.3771303655267,116.67367617289224,-1,8,512,42,15.6.1,0.3.21,3.13.5,no_disponible_apple_silicon,15.5,8.153305053710938,58.9,Version: 0.3.21,yes,plain_text_no_template,yes
2026-06-21T21:48:07.806752,llama-2-7b,q4,gpu,14,"Translate the following paragraph to Spanish, then explain any cultural or linguistic nuances you co",Papineni et al. 2002,7,25.395522832870483,210,8.269174113170383,0.2631949805027452,0.7011510061111333,2.635317293581303,0.0018566594824595466,0.0049461378847181665,0.01859035013916734,0.025393147506345047,6.032142190132265e-07,0.6032142190132266,26,25.395522832870483,PRY,10,Apple M4,1,Apple M4,16.0,84,210,294,0.00012091975003021452,0.12091975003021452,2297.2076745806103,120.93106110890707,-1,8,512,42,15.6.1,0.3.21,3.13.5,no_disponible_apple_silicon,17.4,8.585128784179688,61.6,Version: 0.3.21,yes,plain_text_no_template,yes
2026-06-21T21:48:39.239348,llama-2-7b,q4,gpu,14,"Translate the following paragraph to Spanish, then explain any cultural or linguistic nuances you co",Papineni et al. 2002,8,24.734405994415283,210,8.49019782595205,0.20313060096571806,0.6036149014804955,2.6442796631044825,0.0013956429872710098,0.004147237788193766,0.018167968541667204,0.02371084931713198,5.632512255284702e-07,0.5632512255284702,26,24.734405994415283,PRY,10,Apple M4,1,Apple M4,16.0,84,210,294,0.00011290880627205705,0.11290880627205706,2460.1958602632303,117.78288568769183,-1,8,512,42,15.6.1,0.3.21,3.13.5,no_disponible_apple_silicon,15.7,8.142105102539062,58.8,Version: 0.3.21,yes,plain_text_no_template,yes
2026-06-21T21:49:08.748861,llama-2-7b,q4,gpu,14,"Translate the following paragraph to Spanish, then explain any cultural or linguistic nuances you co",Papineni et al. 2002,9,24.666523218154907,210,8.513563023970766,0.19728567919745957,0.809789523793361,2.587506447971107,0.0013517643851482213,0.005548525580685429,0.01772910774333468,0.02462939770916833,5.850713425812937e-07,0.5850713425812937,26,24.666523218154907,PRY,10,Apple M4,1,Apple M4,16.0,84,210,294,0.0001172828462341349,0.1172828462341349,2368.44335465088,117.45963437216622,-1,8,512,42,15.6.1,0.3.21,3.13.5,no_disponible_apple_silicon,16.2,8.110809326171875,58.6,Version: 0.3.21,yes,plain_text_no_template,yes
2026-06-21T21:49:39.630832,llama-2-7b,q4,gpu,14,"Translate the following paragraph to Spanish, then explain any cultural or linguistic nuances you co",Papineni et al. 2002,10,24.02574586868286,210,8.740623543917998,0.19499329657623116,0.8786644979984553,2.5715123825366675,0.001301349830454788,0.005864047203540191,0.01716180638916588,0.024327203423160856,5.778927173171862e-07,0.5778927173171862,26,24.02574586868286,PRY,10,Apple M4,1,Apple M4,16.0,84,210,294,0.00011584382582457551,0.1158438258245755,2397.864329847168,114.40831366039458,-1,8,512,42,15.6.1,0.3.21,3.13.5,no_disponible_apple_silicon,15.6,8.124237060546875,58.7,Version: 0.3.21,yes,plain_text_no_template,yes
2026-06-21T21:50:18.986400,llama-2-7b,q4,gpu,15,The following is a summary of key findings from a research experiment on energy consumption in large,Villamayor 2026,1,34.471380949020386,256,7.426450375707245,0.1884864193458454,1.0576532406633763,2.4199164408982057,0.0018048297680520672,0.010127435491909217,0.02317162819416656,0.035103893454127844,8.338929890028069e-07,0.833892989002807,26,34.471380949020386,PRY,10,Apple M4,1,Apple M4,16.0,279,256,535,0.0001371245838051869,0.13712458380518688,2025.7328778654096,134.65383183211088,-1,8,512,42,15.6.1,0.3.21,3.13.5,no_disponible_apple_silicon,17.2,8.566452026367188,61.5,Version: 0.3.21,yes,plain_text_no_template,yes
2026-06-21T21:50:55.926934,llama-2-7b,q4,gpu,15,The following is a summary of key findings from a research experiment on energy consumption in large,Villamayor 2026,2,30.085991144180298,256,8.508943540306783,0.31534323869804126,0.6896387467439724,3.803798924375278,0.002635392746346223,0.005763462563117432,0.03178918354249921,0.04018803885196286,9.546668629283776e-07,0.9546668629283775,26,30.085991144180298,PRY,10,Apple M4,1,Apple M4,16.0,279,256,535,0.0001569845267654799,0.15698452676547991,1769.4595989880684,117.52340290695429,-1,8,512,42,15.6.1,0.3.21,3.13.5,no_disponible_apple_silicon,15.9,8.12591552734375,58.7,Version: 0.3.21,yes,plain_text_no_template,yes
2026-06-21T21:51:31.296060,llama-2-7b,q4,gpu,15,The following is a summary of key findings from a research experiment on energy consumption in large,Villamayor 2026,3,30.528186082839966,256,8.385693119968852,1.1017297627235152,0.6863277530239257,3.820844851622939,0.009342725335951832,0.0058200948217032875,0.032400961840001706,0.04756378199765682,1.1298776413543377e-06,1.1298776413543377,26,30.528186082839966,PRY,10,Apple M4,1,Apple M4,16.0,279,256,535,0.00018579602342834694,0.18579602342834695,1495.0684769897887,119.25072688609362,-1,8,512,42,15.6.1,0.3.21,3.13.5,no_disponible_apple_silicon,16.2,8.1201171875,58.7,Version: 0.3.21,yes,plain_text_no_template,yes
2026-06-21T21:52:08.431970,llama-2-7b,q4,gpu,15,The following is a summary of key findings from a research experiment on energy consumption in large,Villamayor 2026,4,30.271773099899292,256,8.456723005790884,1.070872548120942,0.7306577563885349,3.797025074106962,0.009004780776563373,0.006143973837520895,0.031928522638331736,0.04707727725241601,1.1183207211311421e-06,1.1183207211311421,26,30.271773099899292,PRY,10,Apple M4,1,Apple M4,16.0,279,256,535,0.00018389561426725005,0.18389561426725004,1510.518773841401,118.24911367148161,-1,8,512,42,15.6.1,0.3.21,3.13.5,no_disponible_apple_silicon,17.3,8.620773315429688,61.8,Version: 0.3.21,yes,plain_text_no_template,yes
2026-06-21T21:52:44.371437,llama-2-7b,q4,gpu,15,The following is a summary of key findings from a research experiment on energy consumption in large,Villamayor 2026,5,31.047834873199463,256,8.245341456031111,1.088290534050868,0.6115474188947821,3.8412552032073424,0.009385851332021501,0.005274228688604594,0.033128515904166614,0.047788595924792704,1.1352180961934506e-06,1.1352180961934506,26,31.047834873199463,PRY,10,Apple M4,1,Apple M4,16.0,279,256,535,0.0001866742028312215,0.1866742028312215,1488.0351626781883,121.2806049734354,-1,8,512,42,15.6.1,0.3.21,3.13.5,no_disponible_apple_silicon,16.1,8.177688598632812,59.1,Version: 0.3.21,yes,plain_text_no_template,yes
2026-06-21T21:53:21.820244,llama-2-7b,q4,gpu,15,The following is a summary of key findings from a research experiment on energy consumption in large,Villamayor 2026,6,30.56534218788147,256,8.375499231331974,1.0689985652390999,0.7028080517767343,3.804386575658933,0.00907619637357984,0.0059671023874872785,0.032300660416666085,0.04734395917773321,1.1246557502670523e-06,1.1246557502670524,26,30.56534218788147,PRY,10,Apple M4,1,Apple M4,16.0,279,256,535,0.00018493734053802034,0.18493734053802036,1502.0102320584133,119.39586792141199,-1,8,512,42,15.6.1,0.3.21,3.13.5,no_disponible_apple_silicon,16.1,8.150421142578125,58.9,Version: 0.3.21,yes,plain_text_no_template,yes
2026-06-21T21:53:57.732414,llama-2-7b,q4,gpu,15,The following is a summary of key findings from a research experiment on energy consumption in large,Villamayor 2026,7,30.942625999450684,256,8.273376668306843,1.0438540508789051,0.7223324306974219,3.7961742969416696,0.00897210708176598,0.006208572847317905,0.032628778194164924,0.047809458123248806,1.1357136777177752e-06,1.1357136777177752,26,30.942625999450684,PRY,10,Apple M4,1,Apple M4,16.0,279,256,535,0.00018675569579394065,0.18675569579394066,1487.385841684141,120.86963281035423,-1,8,512,42,15.6.1,0.3.21,3.13.5,no_disponible_apple_silicon,17.5,8.591629028320312,61.6,Version: 0.3.21,yes,plain_text_no_template,yes
2026-06-21T21:54:34.916086,llama-2-7b,q4,gpu,15,The following is a summary of key findings from a research experiment on energy consumption in large,Villamayor 2026,8,30.336200952529907,256,8.438762665127015,1.1942841662918284,0.6492621756530796,3.8553809087701936,0.010063901239737097,0.005471152175413498,0.032488224999166655,0.04802327841431726,1.1407929787321063e-06,1.1407929787321063,26,30.336200952529907,PRY,10,Apple M4,1,Apple M4,16.0,279,256,535,0.00018759093130592678,0.18759093130592677,1480.763360168902,118.50078497081995,-1,8,512,42,15.6.1,0.3.21,3.13.5,no_disponible_apple_silicon,15.8,8.120498657226562,58.7,Version: 0.3.21,yes,plain_text_no_template,yes
2026-06-21T21:55:11.193517,llama-2-7b,q4,gpu,15,The following is a summary of key findings from a research experiment on energy consumption in large,Villamayor 2026,9,31.33763313293457,256,8.169091740720983,1.1569220730453904,0.5899703155566852,3.829107853039852,0.010070888746802937,0.0051356314745102894,0.033331993645833786,0.04853851386714702,1.1530323969140773e-06,1.1530323969140772,26,31.33763313293457,PRY,10,Apple M4,1,Apple M4,16.0,279,256,535,0.00018960356979354304,0.18960356979354304,1465.0450836988275,122.41262942552567,-1,8,512,42,15.6.1,0.3.21,3.13.5,no_disponible_apple_silicon,15.9,8.129806518554688,58.7,Version: 0.3.21,yes,plain_text_no_template,yes
2026-06-21T21:55:49.929093,llama-2-7b,q4,gpu,15,The following is a summary of key findings from a research experiment on energy consumption in large,Villamayor 2026,10,31.562813758850098,256,8.110810460560366,0.73562700647873,0.7122732789116762,3.6874156567036653,0.006449571722630157,0.006244819124359646,0.03232922600666825,0.045023616853658056,1.069536018358647e-06,1.0695360183586469,26,31.562813758850098,PRY,10,Apple M4,1,Apple M4,16.0,279,256,535,0.00017587350333460178,0.17587350333460178,1579.4180050493546,123.2922412455082,-1,8,512,42,15.6.1,0.3.21,3.13.5,no_disponible_apple_silicon,17.6,8.594528198242188,61.7,Version: 0.3.21,yes,plain_text_no_template,yes
2026-06-21T21:57:42.068992,llama-2-7b,q8,cpu,1,"If all roses are flowers and some flowers fade quickly, can we conclude that some roses fade quickly",Zheng et al. 2023,1,88.11926293373108,256,2.9051536687559607,1.438386022926831,0.0,2.225204166136192,0.03520819893180366,0.0,0.05446759749916359,0.08967579643096725,2.1302485442176268e-06,2.130248544217627,26,88.11926293373108,PRY,10,Apple M4,1,Apple M4,16.0,31,256,287,0.0003502960798084658,0.35029607980846583,792.9799783362137,344.215870834887,0,8,512,42,15.6.1,0.3.21,3.13.5,no_disponible_apple_silicon,60.8,7.875579833984375,59.9,Version: 0.3.21,no,plain_text_no_template,yes
2026-06-21T21:59:17.115587,llama-2-7b,q8,cpu,1,"If all roses are flowers and some flowers fade quickly, can we conclude that some roses fade quickly",Zheng et al. 2023,2,88.34987902641296,256,2.8975704643972016,1.4267289217443966,0.0,2.2285054849382933,0.035014257677667235,0.0,0.05469116388999888,0.08970542156766613,2.130952289339909e-06,2.1309522893399087,26,88.34987902641296,PRY,10,Apple M4,1,Apple M4,16.0,31,256,287,0.0003504118029986958,0.35041180299869584,792.7180973947148,345.11671494692564,0,8,512,42,15.6.1,0.3.21,3.13.5,no_disponible_apple_silicon,69.9,7.69232177734375,58.7,Version: 0.3.21,no,plain_text_no_template,yes
2026-06-21T22:00:44.820123,llama-2-7b,q8,cpu,1,"If all roses are flowers and some flowers fade quickly, can we conclude that some roses fade quickly",Zheng et al. 2023,3,83.02825593948364,256,3.0832876964992417,1.562937904913838,0.00013827998637437519,2.190272500539429,0.03604666899630736,3.189207249999981e-06,0.050515140486666804,0.08656499869022415,2.0563515438862743e-06,2.0563515438862745,26,83.02825593948364,PRY,10,Apple M4,1,Apple M4,16.0,31,256,287,0.00033814452613368807,0.33814452613368806,821.4764880385974,324.329124763608,0,8,512,42,15.6.1,0.3.21,3.13.5,no_disponible_apple_silicon,71.1,7.6681671142578125,58.4,Version: 0.3.21,no,plain_text_no_template,yes
2026-06-21T22:02:02.195063,llama-2-7b,q8,cpu,1,"If all roses are flowers and some flowers fade quickly, can we conclude that some roses fade quickly",Zheng et al. 2023,4,70.71745991706848,256,3.6200395248954838,1.5706087113022753,0.0,2.2329243893541673,0.030852627385254787,0.0,0.043862983611666094,0.07471561099692088,1.7748693392318554e-06,1.7748693392318553,26,70.71745991706848,PRY,10,Apple M4,1,Apple M4,16.0,31,256,287,0.0002918578554567222,0.2918578554567222,951.7570714109758,276.24007780104876,0,8,512,42,15.6.1,0.3.21,3.13.5,no_disponible_apple_silicon,69.1,7.834320068359375,60.1,Version: 0.3.21,no,plain_text_no_template,yes
2026-06-21T22:03:11.640134,llama-2-7b,q8,cpu,1,"If all roses are flowers and some flowers fade quickly, can we conclude that some roses fade quickly",Zheng et al. 2023,5,65.79837536811829,256,3.8906735700960993,1.7447679972745336,0.0,2.1843274939679396,0.03188969433748604,0.0,0.039923666770834344,0.07181336110832039,1.7059263931281505e-06,1.7059263931281505,26,65.79837536811829,PRY,10,Apple M4,1,Apple M4,16.0,31,256,287,0.0002805209418293765,0.28052094182937654,990.2211790901972,257.02490378171206,0,8,512,42,15.6.1,0.3.21,3.13.5,no_disponible_apple_silicon,71.6,7.715576171875,58.7,Version: 0.3.21,no,plain_text_no_template,yes
2026-06-21T22:04:19.534119,llama-2-7b,q8,cpu,1,"If all roses are flowers and some flowers fade quickly, can we conclude that some roses fade quickly",Zheng et al. 2023,6,61.29074716567993,256,4.176813170640356,1.7488558563889842,0.07170211705333744,2.8708585595531844,0.029774633923098856,0.001220743424322248,0.048876962811667306,0.0798723401590884,1.8973674404791446e-06,1.8973674404791445,26,61.29074716567993,PRY,10,Apple M4,1,Apple M4,16.0,31,256,287,0.00031200132874643904,0.31200132874643904,890.3095986604773,239.41698111593723,0,8,512,42,15.6.1,0.3.21,3.13.5,no_disponible_apple_silicon,69.0,7.7998504638671875,60.2,Version: 0.3.21,no,plain_text_no_template,yes
2026-06-21T22:05:21.202447,llama-2-7b,q8,cpu,1,"If all roses are flowers and some flowers fade quickly, can we conclude that some roses fade quickly",Zheng et al. 2023,7,57.013911724090576,256,4.490132184559968,1.6037584238945188,0.0,2.299889613144916,0.025399039224080204,0.0,0.03642380649416585,0.06182284571824605,1.468601700036935e-06,1.468601700036935,26,57.013911724090576,PRY,10,Apple M4,1,Apple M4,16.0,31,256,287,0.00024149549108689862,0.24149549108689863,1150.240017018883,222.7105926722288,0,8,512,42,15.6.1,0.3.21,3.13.5,no_disponible_apple_silicon,70.4,7.67681884765625,58.5,Version: 0.3.21,no,plain_text_no_template,yes
2026-06-21T22:06:22.944125,llama-2-7b,q8,cpu,1,"If all roses are flowers and some flowers fade quickly, can we conclude that some roses fade quickly",Zheng et al. 2023,8,55.08875489234924,256,4.647046398130763,1.6579150699893808,0.0,2.284214657199823,0.025370132478604732,0.0,0.03495403926999795,0.06032417174860267,1.4330006998880564e-06,1.4330006998880565,26,55.08875489234924,PRY,10,Apple M4,1,Apple M4,16.0,31,256,287,0.00023564129589297917,0.23564129589297916,1178.8162033531494,215.19044879823923,0,8,512,42,15.6.1,0.3.21,3.13.5,no_disponible_apple_silicon,68.0,7.69866943359375,58.6,Version: 0.3.21,no,plain_text_no_template,yes
2026-06-21T22:07:24.668072,llama-2-7b,q8,cpu,1,"If all roses are flowers and some flowers fade quickly, can we conclude that some roses fade quickly",Zheng et al. 2023,9,57.070945739746094,256,4.485644957898659,1.628714892934891,0.0,2.303327256489748,0.02582008313338987,0.0,0.03651474024333462,0.062334823376724496,1.4807637293140903e-06,1.4807637293140903,26,57.070945739746094,PRY,10,Apple M4,1,Apple M4,16.0,31,256,287,0.00024349540381533006,0.24349540381533005,1140.7926943395116,222.93338179588318,0,8,512,42,15.6.1,0.3.21,3.13.5,no_disponible_apple_silicon,70.5,7.74462890625,58.8,Version: 0.3.21,no,plain_text_no_template,yes
2026-06-21T22:08:32.831091,llama-2-7b,q8,cpu,1,"If all roses are flowers and some flowers fade quickly, can we conclude that some roses fade quickly",Zheng et al. 2023,10,61.58100199699402,256,4.157126251575059,1.7135813500112476,0.0,2.8642502846188447,0.029312237926959542,0.0,0.04899538958250105,0.07830762750946058,1.860197691487236e-06,1.860197691487236,26,61.58100199699402,PRY,10,Apple M4,1,Apple M4,16.0,31,256,287,0.0003058891699588304,0.30588916995883036,908.0994198492347,240.55078905075788,0,8,512,42,15.6.1,0.3.21,3.13.5,no_disponible_apple_silicon,68.9,7.65093994140625,58.4,Version: 0.3.21,no,plain_text_no_template,yes
2026-06-21T22:09:45.264951,llama-2-7b,q8,cpu,2,A farmer has 17 sheep. All but 9 die. How many sheep does the farmer have left? Explain your answer.,Zheng et al. 2023,1,67.77294421195984,256,3.777318559444019,1.68748398927991,0.0,2.207280954655703,0.03176826618445633,0.0,0.04155386916666733,0.07332213535112365,1.7417673252659425e-06,1.7417673252659425,26,67.77294421195984,PRY,10,Apple M4,1,Apple M4,16.0,31,256,287,0.0002864145912153268,0.28641459121532675,969.8450648030853,264.7380633279681,0,8,512,42,15.6.1,0.3.21,3.13.5,no_disponible_apple_silicon,71.1,7.818267822265625,59.2,Version: 0.3.21,no,plain_text_no_template,yes
2026-06-21T22:11:00.092443,llama-2-7b,q8,cpu,2,A farmer has 17 sheep. All but 9 die. How many sheep does the farmer have left? Explain your answer.,Zheng et al. 2023,2,68.13402080535889,256,3.7573006403265876,1.647052224210967,0.0,2.208107617878762,0.031172302919972965,0.0,0.04179090288250639,0.07296320580247938,1.7332409538378975e-06,1.7332409538378974,26,68.13402080535889,PRY,10,Apple M4,1,Apple M4,16.0,31,256,287,0.00028501252266593507,0.2850125226659351,974.6160455671024,266.14851877093315,0,8,512,42,15.6.1,0.3.21,3.13.5,no_disponible_apple_silicon,68.6,7.806732177734375,59.1,Version: 0.3.21,no,plain_text_no_template,yes
2026-06-21T22:12:23.373853,llama-2-7b,q8,cpu,2,A farmer has 17 sheep. All but 9 die. How many sheep does the farmer have left? Explain your answer.,Zheng et al. 2023,3,78.66590785980225,256,3.2542686783230312,1.6942394386812722,1.1003838393889747e-05,2.7049509761742194,0.03702191210437335,2.4045192699941254e-07,0.059107617849167585,0.09612977040546795,2.283562695981891e-06,2.283562695981891,26,78.66590785980225,PRY,10,Apple M4,1,Apple M4,16.0,31,256,287,0.0003755069156463592,0.3755069156463592,739.7407776089543,307.2887025773525,0,8,512,42,15.6.1,0.3.21,3.13.5,no_disponible_apple_silicon,71.2,7.654205322265625,58.4,Version: 0.3.21,no,plain_text_no_template,yes
2026-06-21T22:13:44.325770,llama-2-7b,q8,cpu,2,A farmer has 17 sheep. All but 9 die. How many sheep does the farmer have left? Explain your answer.,Zheng et al. 2023,4,74.27375411987305,256,3.446708773961156,1.4778411356479693,0.0,2.267397391872607,0.030490224760375342,0.0,0.04678003232666319,0.07727025708703852,1.8355549571025999e-06,1.8355549571026,26,74.27375411987305,PRY,10,Apple M4,1,Apple M4,16.0,31,256,287,0.00030183694174624423,0.30183694174624426,920.2908569465527,290.1318520307541,0,8,512,42,15.6.1,0.3.21,3.13.5,no_disponible_apple_silicon,69.2,7.8665008544921875,59.6,Version: 0.3.21,no,plain_text_no_template,yes
2026-06-21T22:15:00.714964,llama-2-7b,q8,cpu,2,A farmer has 17 sheep. All but 9 die. How many sheep does the farmer have left? Explain your answer.,Zheng et al. 2023,5,71.74448108673096,256,3.5682187134439647,1.553574908329705,0.0,2.2482986992128517,0.030961229340966755,0.0,0.04480639541749952,0.07576762475846627,1.7998599261373661e-06,1.799859926137366,26,71.74448108673096,PRY,10,Apple M4,1,Apple M4,16.0,31,256,287,0.00029596728421275886,0.29596728421275886,938.5421720398482,280.2518792450428,0,8,512,42,15.6.1,0.3.21,3.13.5,no_disponible_apple_silicon,71.1,7.6424713134765625,58.3,Version: 0.3.21,no,plain_text_no_template,yes
2026-06-21T22:16:15.349391,llama-2-7b,q8,cpu,2,A farmer has 17 sheep. All but 9 die. How many sheep does the farmer have left? Explain your answer.,Zheng et al. 2023,6,67.97451710700989,256,3.7661172288578117,1.6841393097822335,0.0,2.2138081395134632,0.03179959897871674,0.0,0.04180070534749879,0.07360030432621552,1.7483752292692494e-06,1.7483752292692494,26,67.97451710700989,PRY,10,Apple M4,1,Apple M4,16.0,31,256,287,0.00028750118877427937,0.2875011887742794,966.1795798551095,265.5254574492574,0,8,512,42,15.6.1,0.3.21,3.13.5,no_disponible_apple_silicon,69.0,7.822845458984375,59.7,Version: 0.3.21,no,plain_text_no_template,yes
2026-06-21T22:17:25.833691,llama-2-7b,q8,cpu,2,A farmer has 17 sheep. All but 9 die. How many sheep does the farmer have left? Explain your answer.,Zheng et al. 2023,7,65.82749605178833,256,3.8889524188888736,1.7481408347568557,0.0,2.1810095037650257,0.03196548163831302,0.0,0.039880665138334735,0.07184614677664776,1.7067052166792675e-06,1.7067052166792676,26,65.82749605178833,PRY,10,Apple M4,1,Apple M4,16.0,31,256,287,0.0002806490108462803,0.2806490108462803,989.7693098584439,257.13865645229816,0,8,512,42,15.6.1,0.3.21,3.13.5,no_disponible_apple_silicon,70.7,7.6186981201171875,58.2,Version: 0.3.21,no,plain_text_no_template,yes
2026-06-21T22:18:37.446103,llama-2-7b,q8,cpu,2,A farmer has 17 sheep. All but 9 die. How many sheep does the farmer have left? Explain your answer.,Zheng et al. 2023,8,64.95976209640503,256,3.9409011323052154,1.810635221086124,0.03744550873245104,2.1747678379938273,0.03267178700142399,0.0006756809274552436,0.03924233371416448,0.07258980164304371,1.7243707380305032e-06,1.7243707380305033,26,64.95976209640503,PRY,10,Apple M4,1,Apple M4,16.0,31,256,287,0.0002835539126681395,0.2835539126681395,979.6295003090934,253.74907068908215,0,8,512,42,15.6.1,0.3.21,3.13.5,no_disponible_apple_silicon,69.0,7.605072021484375,58.1,Version: 0.3.21,no,plain_text_no_template,yes
2026-06-21T22:19:46.222050,llama-2-7b,q8,cpu,2,A farmer has 17 sheep. All but 9 die. How many sheep does the farmer have left? Explain your answer.,Zheng et al. 2023,9,64.14517879486084,256,3.990946861629297,1.8163586711939614,0.0,2.8728038211152165,0.03236406992203681,0.0,0.05118792076333194,0.08355199068536874,1.9847775387309345e-06,1.9847775387309345,26,64.14517879486084,PRY,10,Apple M4,1,Apple M4,16.0,31,256,287,0.00032637496361472164,0.3263749636147216,851.1001416937369,250.56710466742516,0,8,512,42,15.6.1,0.3.21,3.13.5,no_disponible_apple_silicon,70.6,7.6603240966796875,58.5,Version: 0.3.21,no,plain_text_no_template,yes
2026-06-21T22:20:58.428251,llama-2-7b,q8,cpu,2,A farmer has 17 sheep. All but 9 die. How many sheep does the farmer have left? Explain your answer.,Zheng et al. 2023,10,65.53804397583008,256,3.906128173346321,1.7296544306592285,0.0,2.1810103102362524,0.0314883800387594,0.0,0.03970531934000064,0.07119369937876004,1.6912063287424444e-06,1.6912063287424444,26,65.53804397583008,PRY,10,Apple M4,1,Apple M4,16.0,31,256,287,0.0002781003881982814,0.27810038819828137,998.8399497656452,256.00798428058624,0,8,512,42,15.6.1,0.3.21,3.13.5,no_disponible_apple_silicon,68.7,7.6497650146484375,58.4,Version: 0.3.21,no,plain_text_no_template,yes
2026-06-21T22:21:08.957653,llama-2-7b,q8,cpu,3,"Given that f(x) = 4x^3 - 9x - 14, find the value of f(2). Show all steps.",Zheng et al. 2023,1,5.885980129241943,26,4.417276210436094,0.07380504450604906,0.0,3.0001536466745913,0.00012067084038900614,0.0,0.004905234652499833,0.00502590549288884,1.1939038498357437e-07,0.11939038498357436,26,5.885980129241943,PRY,10,Apple M4,1,Apple M4,16.0,34,26,60,0.00019330405741880153,0.19330405741880152,1436.9992098818718,226.38385112469012,0,8,512,42,15.6.1,0.3.21,3.13.5,no_disponible_apple_silicon,43.4,7.6518707275390625,58.4,Version: 0.3.21,no,plain_text_no_template,yes
2026-06-21T22:21:18.046599,llama-2-7b,q8,cpu,3,"Given that f(x) = 4x^3 - 9x - 14, find the value of f(2). Show all steps.",Zheng et al. 2023,2,5.4431092739105225,26,4.776681615528302,0.015500519981637083,0.0,3.0000427245264976,2.343639557291227e-05,0.0,0.00453598899333277,0.004559425388905683,1.0830915011345447e-07,0.10830915011345447,26,5.4431092739105225,PRY,10,Apple M4,1,Apple M4,16.0,34,26,60,0.00017536251495791087,0.1753625149579109,1584.0202670704616,209.35035668886627,0,8,512,42,15.6.1,0.3.21,3.13.5,no_disponible_apple_silicon,45.2,7.6533355712890625,58.4,Version: 0.3.21,no,plain_text_no_template,yes
2026-06-21T22:21:27.122018,llama-2-7b,q8,cpu,3,"Given that f(x) = 4x^3 - 9x - 14, find the value of f(2). Show all steps.",Zheng et al. 2023,3,5.424734830856323,26,4.792860998865775,0.04170139264932284,0.0,3.0000412019086413,6.283861033333263e-05,0.0,0.004520674444999409,0.004583513055332743,1.0888135262942928e-07,0.10888135262942929,26,5.424734830856323,PRY,10,Apple M4,1,Apple M4,16.0,34,26,60,0.00017628896366664396,0.17628896366664396,1575.6957894598868,208.6436473406278,0,8,512,42,15.6.1,0.3.21,3.13.5,no_disponible_apple_silicon,45.0,7.6451568603515625,58.3,Version: 0.3.21,no,plain_text_no_template,yes
2026-06-21T22:21:35.614714,llama-2-7b,q8,cpu,3,"Given that f(x) = 4x^3 - 9x - 14, find the value of f(2). Show all steps.",Zheng et al. 2023,4,1.966426134109497,26,13.221956090292805,0.02100284771221142,0.0,3.0002698284286327,1.1472374620003998e-05,0.0,0.0016388358333339664,0.0016503082079539703,3.9203071479946566e-08,0.03920307147994657,26,1.966426134109497,PRY,10,Apple M4,1,Apple M4,16.0,34,26,60,6.347339261361425e-05,0.06347339261361425,4376.286918657597,75.63177438882681,0,8,512,42,15.6.1,0.3.21,3.13.5,no_disponible_apple_silicon,22.2,7.667083740234375,58.5,Version: 0.3.21,no,plain_text_no_template,yes
2026-06-21T22:21:46.171638,llama-2-7b,q8,cpu,3,"Given that f(x) = 4x^3 - 9x - 14, find the value of f(2). Show all steps.",Zheng et al. 2023,5,5.904894828796387,26,4.403126686220703,0.17570988374605825,0.0,3.000118611699919,0.0002882078844168094,0.0,0.0049209402433340686,0.005209148127750877,1.2374331377472208e-07,0.12374331377472209,26,5.904894828796387,PRY,10,Apple M4,1,Apple M4,16.0,34,26,60,0.00020035185106734142,0.20035185106734144,1386.4497697324107,227.1113395690918,0,8,512,42,15.6.1,0.3.21,3.13.5,no_disponible_apple_silicon,45.5,7.842132568359375,59.7,Version: 0.3.21,no,plain_text_no_template,yes
2026-06-21T22:21:55.943819,llama-2-7b,q8,cpu,3,"Given that f(x) = 4x^3 - 9x - 14, find the value of f(2). Show all steps.",Zheng et al. 2023,6,6.099175214767456,26,4.262871467776206,0.029801102760006595,0.0,3.000052299152746,5.048948536849174e-05,0.0,0.00508273461833293,0.005133224103701422,1.2193973858342726e-07,0.12193973858342726,26,6.099175214767456,PRY,10,Apple M4,1,Apple M4,16.0,34,26,60,0.00019743169629620854,0.19743169629620855,1406.956344846601,234.5836621064406,0,8,512,42,15.6.1,0.3.21,3.13.5,no_disponible_apple_silicon,48.0,7.82574462890625,59.8,Version: 0.3.21,no,plain_text_no_template,yes
2026-06-21T22:22:04.440247,llama-2-7b,q8,cpu,3,"Given that f(x) = 4x^3 - 9x - 14, find the value of f(2). Show all steps.",Zheng et al. 2023,7,1.9491238594055176,26,13.339326731103684,0.060409302143000894,0.0,3.0003009930788704,3.270700337137775e-05,0.0,0.0016244328475022486,0.0016571398508736263,3.936535715750299e-08,0.03936535715750299,26,1.9491238594055176,PRY,10,Apple M4,1,Apple M4,16.0,34,26,60,6.373614811052409e-05,0.0637361481105241,4358.245454307761,74.9663022848276,0,8,512,42,15.6.1,0.3.21,3.13.5,no_disponible_apple_silicon,21.7,7.8169097900390625,59.8,Version: 0.3.21,no,plain_text_no_template,yes
2026-06-21T22:22:14.747097,llama-2-7b,q8,cpu,3,"Given that f(x) = 4x^3 - 9x - 14, find the value of f(2). Show all steps.",Zheng et al. 2023,8,5.651379823684692,26,4.600646357378973,0.051804201506223634,0.0,3.00015529905454,8.13236719928801e-05,0.0,0.0047097269791659836,0.004791050651158863,1.1381140821827879e-07,0.11381140821827879,26,5.651379823684692,PRY,10,Apple M4,1,Apple M4,16.0,34,26,60,0.0001842711788907255,0.1842711788907255,1507.4401729556555,217.36076244941125,0,8,512,42,15.6.1,0.3.21,3.13.5,no_disponible_apple_silicon,41.8,7.8147735595703125,59.7,Version: 0.3.21,no,plain_text_no_template,yes
2026-06-21T22:22:23.974856,llama-2-7b,q8,cpu,3,"Given that f(x) = 4x^3 - 9x - 14, find the value of f(2). Show all steps.",Zheng et al. 2023,9,5.574889898300171,26,4.6637692356808,0.025500789109992067,0.0,3.0000348532607224,3.9490025446660495e-05,0.0,0.004645795554997677,0.004685285580444337,1.1129895896345522e-07,0.11129895896345522,26,5.574889898300171,PRY,10,Apple M4,1,Apple M4,16.0,34,26,60,0.0001802032915555514,0.1802032915555514,1541.4689453224944,214.41884224231427,0,8,512,42,15.6.1,0.3.21,3.13.5,no_disponible_apple_silicon,45.8,7.615386962890625,58.2,Version: 0.3.21,no,plain_text_no_template,yes
2026-06-21T22:22:33.093283,llama-2-7b,q8,cpu,3,"Given that f(x) = 4x^3 - 9x - 14, find the value of f(2). Show all steps.",Zheng et al. 2023,10,5.492286920547485,26,4.7339114609489945,0.07210261013377493,0.0,3.0000401676699218,0.00011000228404862961,0.0,0.004576967048336276,0.004686969332384906,1.1133895649080345e-07,0.11133895649080344,26,5.492286920547485,PRY,10,Apple M4,1,Apple M4,16.0,34,26,60,0.0001802680512455733,0.1802680512455733,1540.9151863486343,211.24180463644174,0,8,512,42,15.6.1,0.3.21,3.13.5,no_disponible_apple_silicon,45.4,7.6046142578125,58.1,Version: 0.3.21,no,plain_text_no_template,yes
2026-06-21T22:23:52.625417,llama-2-7b,q8,cpu,4,"Calculate the compound interest on $10,000 at an annual rate of 5% compounded annually over 3 years.",Zheng et al. 2023,1,72.87977123260498,256,3.512634516688365,1.5500582133430088,0.0,2.2623337736308327,0.03137996888490525,0.0,0.04579954663166973,0.07717951551657497,1.8333993910962383e-06,1.8333993910962383,26,72.87977123260498,PRY,10,Apple M4,1,Apple M4,16.0,39,256,295,0.00030148248248662097,0.30148248248662096,921.3728621532923,284.6866063773632,0,8,512,42,15.6.1,0.3.21,3.13.5,no_disponible_apple_silicon,69.5,7.8213958740234375,59.8,Version: 0.3.21,no,plain_text_no_template,yes
2026-06-21T22:25:07.869194,llama-2-7b,q8,cpu,4,"Calculate the compound interest on $10,000 at an annual rate of 5% compounded annually over 3 years.",Zheng et al. 2023,2,70.57494592666626,256,3.627349573402537,1.6087359109045622,0.0,2.2441075430303763,0.031537902756215465,0.0,0.043993824584164634,0.07553172734038009,1.794256182970729e-06,1.794256182970729,26,70.57494592666626,PRY,10,Apple M4,1,Apple M4,16.0,39,256,295,0.00029504580992335973,0.2950458099233597,941.4733862851078,275.6833825260401,0,8,512,42,15.6.1,0.3.21,3.13.5,no_disponible_apple_silicon,70.6,7.601776123046875,58.1,Version: 0.3.21,no,plain_text_no_template,yes
2026-06-21T22:26:20.854872,llama-2-7b,q8,cpu,4,"Calculate the compound interest on $10,000 at an annual rate of 5% compounded annually over 3 years.",Zheng et al. 2023,3,66.3190050125122,256,3.8601302892240503,1.7107749086050115,0.0,2.1855286652392447,0.0315158027052933,0.0,0.040261690695830715,0.07177749340112402,1.705074355743701e-06,1.7050743557437011,26,66.3190050125122,PRY,10,Apple M4,1,Apple M4,16.0,39,256,295,0.0002803808335981407,0.2803808335981407,990.715999424933,259.0586133301258,0,8,512,42,15.6.1,0.3.21,3.13.5,no_disponible_apple_silicon,68.8,7.6279754638671875,58.2,Version: 0.3.21,no,plain_text_no_template,yes
2026-06-21T22:27:30.502460,llama-2-7b,q8,cpu,4,"Calculate the compound interest on $10,000 at an annual rate of 5% compounded annually over 3 years.",Zheng et al. 2023,4,64.97582411766052,256,3.939926941694901,1.7584940344370334,0.0,2.1770219470068506,0.031738777525982205,0.0,0.039292720869167776,0.07103149839514997,1.6873532443767875e-06,1.6873532443767876,26,64.97582411766052,PRY,10,Apple M4,1,Apple M4,16.0,39,256,295,0.00027746679060605456,0.27746679060605456,1001.1208086237776,253.81181295961142,0,8,512,42,15.6.1,0.3.21,3.13.5,no_disponible_apple_silicon,70.6,7.6339263916015625,58.3,Version: 0.3.21,no,plain_text_no_template,yes
2026-06-21T22:28:40.974721,llama-2-7b,q8,cpu,4,"Calculate the compound interest on $10,000 at an annual rate of 5% compounded annually over 3 years.",Zheng et al. 2023,5,63.863757848739624,256,4.008533300002989,1.8320202668184742,0.0016903334423707982,2.8632696154535737,0.032499916303910664,2.9986401568665318e-05,0.05079421038249469,0.08332411308797401,1.9793643064048224e-06,1.9793643064048225,26,63.863757848739624,PRY,10,Apple M4,1,Apple M4,16.0,39,256,295,0.00032548481674989847,0.3254848167498985,853.4277590933569,249.46780409663916,0,8,512,42,15.6.1,0.3.21,3.13.5,no_disponible_apple_silicon,69.0,7.6116790771484375,58.2,Version: 0.3.21,no,plain_text_no_template,yes
2026-06-21T22:29:49.244637,llama-2-7b,q8,cpu,4,"Calculate the compound interest on $10,000 at an annual rate of 5% compounded annually over 3 years.",Zheng et al. 2023,6,63.64850735664368,256,4.022089607939227,1.8076257857509206,0.0,2.8606185389987475,0.03195907864511841,0.0,0.05057613892333696,0.08253521756845536,1.9606240933386573e-06,1.9606240933386574,26,63.64850735664368,PRY,10,Apple M4,1,Apple M4,16.0,39,256,295,0.00032240319362677875,0.3224031936267788,861.5850688481071,248.62698186188936,0,8,512,42,15.6.1,0.3.21,3.13.5,no_disponible_apple_silicon,70.8,7.7466888427734375,59.0,Version: 0.3.21,no,plain_text_no_template,yes
2026-06-21T22:30:56.902228,llama-2-7b,q8,cpu,4,"Calculate the compound interest on $10,000 at an annual rate of 5% compounded annually over 3 years.",Zheng et al. 2023,7,61.08065891265869,256,4.191179410262471,1.806456339922524,0.0,2.862686271934645,0.03064987320539375,0.0,0.04857076770833071,0.07922064091372447,1.8818863249055247e-06,1.8818863249055247,26,61.08065891265869,PRY,10,Apple M4,1,Apple M4,16.0,39,256,295,0.0003094556285692362,0.3094556285692362,897.6336254153123,238.596323877573,0,8,512,42,15.6.1,0.3.21,3.13.5,no_disponible_apple_silicon,68.5,7.727783203125,58.8,Version: 0.3.21,no,plain_text_no_template,yes
2026-06-21T22:32:09.961800,llama-2-7b,q8,cpu,4,"Calculate the compound interest on $10,000 at an annual rate of 5% compounded annually over 3 years.",Zheng et al. 2023,8,68.41797876358032,256,3.7417065605608295,1.7092056612307946,0.04440327581160721,2.216688865891033,0.03248344350907771,0.0008438839948644283,0.042128158819999345,0.0754554863239415,1.7924450776252303e-06,1.7924450776252303,26,68.41797876358032,PRY,10,Apple M4,1,Apple M4,16.0,39,256,295,0.0002947479934528965,0.2947479934528965,942.4246608897417,267.25772954523563,0,8,512,42,15.6.1,0.3.21,3.13.5,no_disponible_apple_silicon,70.9,7.79315185546875,59.9,Version: 0.3.21,no,plain_text_no_template,yes
2026-06-21T22:33:24.583451,llama-2-7b,q8,cpu,4,"Calculate the compound interest on $10,000 at an annual rate of 5% compounded annually over 3 years.",Zheng et al. 2023,9,67.94542598724365,256,3.7677297077813963,1.6471196032330933,0.0,2.2072958951815402,0.03108728974822563,0.0,0.041659905521667796,0.07274719526989344,1.7281096236363184e-06,1.7281096236363183,26,67.94542598724365,PRY,10,Apple M4,1,Apple M4,16.0,39,256,295,0.00028416873152302126,0.28416873152302125,977.510003613027,265.4118202626705,0,8,512,42,15.6.1,0.3.21,3.13.5,no_disponible_apple_silicon,68.8,7.632293701171875,58.3,Version: 0.3.21,no,plain_text_no_template,yes
2026-06-21T22:34:42.077555,llama-2-7b,q8,cpu,4,"Calculate the compound interest on $10,000 at an annual rate of 5% compounded annually over 3 years.",Zheng et al. 2023,10,72.83045220375061,256,3.51501318821712,1.5596899613441009,0.0,2.260115173505944,0.031553590328428104,0.0,0.045723669477498945,0.07727725980592703,1.8357213066897964e-06,1.8357213066897964,26,72.83045220375061,PRY,10,Apple M4,1,Apple M4,16.0,39,256,295,0.0003018642961169025,0.30186429611690246,920.2074619325078,284.4939539209008,0,8,512,42,15.6.1,0.3.21,3.13.5,no_disponible_apple_silicon,71.2,7.6294097900390625,58.3,Version: 0.3.21,no,plain_text_no_template,yes
2026-06-21T22:36:07.143445,llama-2-7b,q8,cpu,5,Write a short paragraph explaining the main idea behind neural networks to someone with no technical,Zheng et al. 2023,1,78.41943311691284,256,3.264496947055692,1.7408639540077289,0.06325563748949811,2.722372958393099,0.037921545668598206,0.0013779086759376062,0.05930192892499994,0.09860138326953574,2.3422758595678214e-06,2.3422758595678213,26,78.41943311691284,PRY,10,Apple M4,1,Apple M4,16.0,19,256,275,0.000385161653396624,0.385161653396624,721.1979056797054,306.3259106129408,0,8,512,42,15.6.1,0.3.21,3.13.5,no_disponible_apple_silicon,69.6,7.765869140625,60.1,Version: 0.3.21,no,plain_text_no_template,yes
2026-06-21T22:37:26.480518,llama-2-7b,q8,cpu,5,Write a short paragraph explaining the main idea behind neural networks to someone with no technical,Zheng et al. 2023,2,74.6655912399292,256,3.428620811122673,1.4598387541654638,0.0,2.2721192728904254,0.030277701026312782,0.0,0.04712475802166713,0.0774024590479799,1.8386954146847624e-06,1.8386954146847623,26,74.6655912399292,PRY,10,Apple M4,1,Apple M4,16.0,19,256,275,0.0003023533556561715,0.3023533556561715,918.719017273483,291.66246578097343,0,8,512,42,15.6.1,0.3.21,3.13.5,no_disponible_apple_silicon,70.6,7.6259918212890625,58.3,Version: 0.3.21,no,plain_text_no_template,yes
2026-06-21T22:38:43.016548,llama-2-7b,q8,cpu,5,Write a short paragraph explaining the main idea behind neural networks to someone with no technical,Zheng et al. 2023,3,69.89125204086304,256,3.6628332233957623,1.6372078406008452,0.0,2.227847455143001,0.031785140508530776,0.0,0.043251957776665226,0.07503709828519603,1.7825062697648316e-06,1.7825062697648317,26,69.89125204086304,PRY,10,Apple M4,1,Apple M4,16.0,19,256,275,0.000293113665176547,0.29311366517654697,947.6793844137829,273.01270328462124,0,8,512,42,15.6.1,0.3.21,3.13.5,no_disponible_apple_silicon,69.1,7.6063385009765625,58.2,Version: 0.3.21,no,plain_text_no_template,yes
2026-06-21T22:39:58.972038,llama-2-7b,q8,cpu,5,Write a short paragraph explaining the main idea behind neural networks to someone with no technical,Zheng et al. 2023,4,71.27507400512695,256,3.591718473439753,1.6561894187619628,0.0,2.239192541764496,0.03279028427465752,0.0,0.04433294836833132,0.07712323264298883,1.8320623914341995e-06,1.8320623914341996,26,71.27507400512695,PRY,10,Apple M4,1,Apple M4,16.0,19,256,275,0.0003012626275116751,0.3012626275116751,922.0452602173922,278.41825783252716,0,8,512,42,15.6.1,0.3.21,3.13.5,no_disponible_apple_silicon,71.5,7.809600830078125,59.8,Version: 0.3.21,no,plain_text_no_template,yes
2026-06-21T22:41:07.108345,llama-2-7b,q8,cpu,5,Write a short paragraph explaining the main idea behind neural networks to someone with no technical,Zheng et al. 2023,5,61.52768111228943,256,4.160728884496624,1.63619597074359,0.0,2.8574699703721618,0.027964262201423458,0.0,0.04883708364583375,0.0768013458472572,1.8244159706015947e-06,1.8244159706015948,26,61.52768111228943,PRY,10,Apple M4,1,Apple M4,16.0,19,256,275,0.00030000525721584845,0.3000052572158484,925.9097002354249,240.34250434488058,0,8,512,42,15.6.1,0.3.21,3.13.5,no_disponible_apple_silicon,68.4,7.5968780517578125,57.8,Version: 0.3.21,no,plain_text_no_template,yes
2026-06-21T22:42:15.856177,llama-2-7b,q8,cpu,5,Write a short paragraph explaining the main idea behind neural networks to someone with no technical,Zheng et al. 2023,6,64.12105965614319,256,3.992448056423747,1.8187930939304409,0.0,2.8705573974146312,0.03239526124391529,0.0,0.051128661701668535,0.08352392294558382,1.9841107895723434e-06,1.9841107895723433,26,64.12105965614319,PRY,10,Apple M4,1,Apple M4,16.0,19,256,275,0.0003262653240061868,0.3262653240061868,851.3861490610337,250.47288928180933,0,8,512,42,15.6.1,0.3.21,3.13.5,no_disponible_apple_silicon,71.0,7.8275909423828125,59.6,Version: 0.3.21,no,plain_text_no_template,yes
2026-06-21T22:43:24.625973,llama-2-7b,q8,cpu,5,Write a short paragraph explaining the main idea behind neural networks to someone with no technical,Zheng et al. 2023,7,62.084994077682495,256,4.123379631472391,1.6221673765719231,0.0,2.8608679422402195,0.027975625546521554,0.0,0.049338047014171035,0.07731367256069258,1.8365862916792519e-06,1.836586291679252,26,62.084994077682495,PRY,10,Apple M4,1,Apple M4,16.0,19,256,275,0.0003020065334402054,0.3020065334402054,919.77406784405,242.51950811594725,0,8,512,42,15.6.1,0.3.21,3.13.5,no_disponible_apple_silicon,68.5,7.633758544921875,58.1,Version: 0.3.21,no,plain_text_no_template,yes
2026-06-21T22:44:38.244302,llama-2-7b,q8,cpu,5,Write a short paragraph explaining the main idea behind neural networks to someone with no technical,Zheng et al. 2023,8,68.98015213012695,256,3.711212458868911,1.685704977796919,0.0,2.21910589349282,0.03230005161526216,0.0,0.04252062836833223,0.07482067998359439,1.7773652530102846e-06,1.7773652530102846,26,68.98015213012695,PRY,10,Apple M4,1,Apple M4,16.0,19,256,275,0.0002922682811859156,0.2922682811859156,950.4205405070275,269.4537192583084,0,8,512,42,15.6.1,0.3.21,3.13.5,no_disponible_apple_silicon,71.0,7.646148681640625,58.2,Version: 0.3.21,no,plain_text_no_template,yes
2026-06-21T22:45:53.017584,llama-2-7b,q8,cpu,5,Write a short paragraph explaining the main idea behind neural networks to someone with no technical,Zheng et al. 2023,9,68.11124610900879,256,3.7585569876417213,1.6970942541466363,0.0,2.2147827578511796,0.032108667892879514,0.0,0.04190322597166414,0.07401189386454367,1.7581525387522347e-06,1.7581525387522348,26,68.11124610900879,PRY,10,Apple M4,1,Apple M4,16.0,19,256,275,0.0002891089604083737,0.2891089604083737,960.8065325454102,266.0595551133156,0,8,512,42,15.6.1,0.3.21,3.13.5,no_disponible_apple_silicon,69.0,7.726776123046875,58.6,Version: 0.3.21,no,plain_text_no_template,yes
2026-06-21T22:47:08.842159,llama-2-7b,q8,cpu,5,Write a short paragraph explaining the main idea behind neural networks to someone with no technical,Zheng et al. 2023,10,71.1431188583374,256,3.598380336821554,1.5832675061486674,0.0,2.2445035365256314,0.03128849677068836,0.0,0.04435582829916712,0.07564432506985548,1.796930942034417e-06,1.796930942034417,26,71.1431188583374,PRY,10,Apple M4,1,Apple M4,16.0,19,256,275,0.00029548564480412297,0.295485644804123,940.0719888166353,277.9028080403805,0,8,512,42,15.6.1,0.3.21,3.13.5,no_disponible_apple_silicon,71.4,7.75933837890625,58.8,Version: 0.3.21,no,plain_text_no_template,yes
2026-06-21T22:48:28.438184,llama-2-7b,q8,cpu,6,Summarize the key contributions of the Transformer architecture as described in the paper Attention ,Vaswani et al. 2017,1,72.91712617874146,256,3.510835017996571,1.581813295486695,0.0,2.2640372866219987,0.03203924434950394,0.0,0.0458575256949977,0.07789677004450164,1.8504377724071365e-06,1.8504377724071364,26,72.91712617874146,PRY,10,Apple M4,1,Apple M4,16.0,36,256,292,0.00030428425798633454,0.3042842579863345,912.889084752629,284.8325241357088,0,8,512,42,15.6.1,0.3.21,3.13.5,no_disponible_apple_silicon,69.6,7.6249542236328125,58.1,Version: 0.3.21,no,plain_text_no_template,yes
2026-06-21T22:49:44.097027,llama-2-7b,q8,cpu,6,Summarize the key contributions of the Transformer architecture as described in the paper Attention ,Vaswani et al. 2017,2,70.9836049079895,256,3.6064665965025697,1.5758970286068086,0.0,2.232213471341385,0.031073014459527874,0.0,0.04401404419999684,0.0750870586595247,1.783693078457009e-06,1.783693078457009,26,70.9836049079895,PRY,10,Apple M4,1,Apple M4,16.0,36,256,292,0.00029330882288876835,0.29330882288876836,947.0488307919724,277.279706671834,0,8,512,42,15.6.1,0.3.21,3.13.5,no_disponible_apple_silicon,70.9,7.8291473388671875,59.3,Version: 0.3.21,no,plain_text_no_template,yes
2026-06-21T22:51:00.397722,llama-2-7b,q8,cpu,6,Summarize the key contributions of the Transformer architecture as described in the paper Attention ,Vaswani et al. 2017,3,69.61456799507141,256,3.6773912037797083,1.6199104457494082,0.0,2.226576048851853,0.03132482385320795,0.0,0.043056147152498545,0.07438097100570651,1.766919966240558e-06,1.766919966240558,26,69.61456799507141,PRY,10,Apple M4,1,Apple M4,16.0,36,256,292,0.00029055066799104105,0.29055066799104107,956.0390265092865,271.9319062307477,0,8,512,42,15.6.1,0.3.21,3.13.5,no_disponible_apple_silicon,69.3,7.683074951171875,58.4,Version: 0.3.21,no,plain_text_no_template,yes
2026-06-21T22:52:17.371854,llama-2-7b,q8,cpu,6,Summarize the key contributions of the Transformer architecture as described in the paper Attention ,Vaswani et al. 2017,4,72.3355462551117,256,3.5390622350060625,1.5496814096909903,0.0,2.2569807335558965,0.031138069803163703,0.0,0.04534998173584124,0.07648805153900495,1.8169736643090623e-06,1.8169736643090624,26,72.3355462551117,PRY,10,Apple M4,1,Apple M4,16.0,36,256,292,0.0002987814513242381,0.2987814513242381,929.7022172783173,282.56072755903006,0,8,512,42,15.6.1,0.3.21,3.13.5,no_disponible_apple_silicon,70.9,7.83392333984375,59.7,Version: 0.3.21,no,plain_text_no_template,yes
2026-06-21T22:53:31.319790,llama-2-7b,q8,cpu,6,Summarize the key contributions of the Transformer architecture as described in the paper Attention ,Vaswani et al. 2017,5,67.28554916381836,256,3.8046802497921735,1.670591994843068,0.0,2.1977789987707457,0.03122408327824851,0.0,0.04107743524249902,0.07230151852074754,1.7175225724603575e-06,1.7175225724603576,26,67.28554916381836,PRY,10,Apple M4,1,Apple M4,16.0,36,256,292,0.00028242780672167007,0.28242780672167006,983.5355130294416,262.83417642116547,0,8,512,42,15.6.1,0.3.21,3.13.5,no_disponible_apple_silicon,68.6,7.6058807373046875,58.0,Version: 0.3.21,no,plain_text_no_template,yes
2026-06-21T22:54:44.585443,llama-2-7b,q8,cpu,6,Summarize the key contributions of the Transformer architecture as described in the paper Attention ,Vaswani et al. 2017,6,68.57616686820984,256,3.7330753772222733,1.636129060355889,0.0,2.2065545295320463,0.03116651651691467,0.0,0.04203251433916497,0.07319903085607962,1.7388429779861714e-06,1.7388429779861714,26,68.57616686820984,PRY,10,Apple M4,1,Apple M4,16.0,36,256,292,0.000285933714281561,0.285933714281561,971.4761285696025,267.8756518289447,0,8,512,42,15.6.1,0.3.21,3.13.5,no_disponible_apple_silicon,71.0,7.64337158203125,58.3,Version: 0.3.21,no,plain_text_no_template,yes
2026-06-21T22:55:57.059197,llama-2-7b,q8,cpu,6,Summarize the key contributions of the Transformer architecture as described in the paper Attention ,Vaswani et al. 2017,7,65.79075217247009,256,3.891124383696016,1.744303585710582,0.0,2.190120398628117,0.031877512478065514,0.0,0.04002490788167051,0.07190242035973604,1.7080419956455295e-06,1.7080419956455295,26,65.79075217247009,PRY,10,Apple M4,1,Apple M4,16.0,36,256,292,0.0002808688295302189,0.2808688295302189,988.9946785564949,256.9951256737113,0,8,512,42,15.6.1,0.3.21,3.13.5,no_disponible_apple_silicon,69.1,7.8194427490234375,59.7,Version: 0.3.21,no,plain_text_no_template,yes
2026-06-21T22:57:06.804363,llama-2-7b,q8,cpu,6,Summarize the key contributions of the Transformer architecture as described in the paper Attention ,Vaswani et al. 2017,8,65.0905191898346,256,3.932984452826125,1.7404797060561494,0.0,2.1650181989485593,0.03146909102960152,0.0,0.03914504406250065,0.0706141350921022,1.6774387791128875e-06,1.6774387791128875,26,65.0905191898346,PRY,10,Apple M4,1,Apple M4,16.0,36,256,292,0.0002758364652035242,0.27583646520352423,1007.037911295815,254.25984058529139,0,8,512,42,15.6.1,0.3.21,3.13.5,no_disponible_apple_silicon,70.7,7.6298065185546875,58.3,Version: 0.3.21,no,plain_text_no_template,yes
2026-06-21T22:58:20.979108,llama-2-7b,q8,cpu,6,Summarize the key contributions of the Transformer architecture as described in the paper Attention ,Vaswani et al. 2017,9,67.49558877944946,256,3.7928404600856656,1.6837931623024682,0.0,2.2077459200323135,0.03156905857567117,0.0,0.041392530763335655,0.07296158933900682,1.7332025547481068e-06,1.733202554748107,26,67.49558877944946,PRY,10,Apple M4,1,Apple M4,16.0,36,256,292,0.0002850062083554954,0.2850062083554954,974.6376381783887,263.65464366972446,0,8,512,42,15.6.1,0.3.21,3.13.5,no_disponible_apple_silicon,69.4,7.9020843505859375,59.7,Version: 0.3.21,no,plain_text_no_template,yes
2026-06-21T22:59:44.262675,llama-2-7b,q8,cpu,6,Summarize the key contributions of the Transformer architecture as described in the paper Attention ,Vaswani et al. 2017,10,79.63308215141296,256,3.2147443384552923,1.747100350041643,0.00014372612758896923,2.1632153509700554,0.03864638491711903,3.1792651459991248e-06,0.04785097382083224,0.08650053800309727,2.0548202802635756e-06,2.0548202802635758,26,79.63308215141296,PRY,10,Apple M4,1,Apple M4,16.0,36,256,292,0.00033789272657459873,0.33789272657459873,822.0886569348837,311.0667271539569,0,8,512,42,15.6.1,0.3.21,3.13.5,no_disponible_apple_silicon,73.8,7.85003662109375,59.5,Version: 0.3.21,no,plain_text_no_template,yes
2026-06-21T23:01:25.241679,llama-2-7b,q8,cpu,7,"Extract the names, roles and organizations from the following text and present them in a table:

""Dr",Zheng et al. 2023,1,94.3030219078064,256,2.714653197967226,1.8367391762210494,0.00012170959284659322,2.633233487371908,0.04811390410391664,3.1882173335006883e-06,0.06897829868000069,0.11709539100125081,2.7816010132347128e-06,2.7816010132347126,26,94.3030219078064,PRY,10,Apple M4,1,Apple M4,16.0,83,256,339,0.000457403871098636,0.457403871098636,607.2921444905676,368.37117932736874,0,8,512,42,15.6.1,0.3.21,3.13.5,no_disponible_apple_silicon,75.2,7.889129638671875,59.7,Version: 0.3.21,no,plain_text_no_template,yes
2026-06-21T23:03:02.850370,llama-2-7b,q8,cpu,7,"Extract the names, roles and organizations from the following text and present them in a table:

""Dr",Zheng et al. 2023,2,92.93053698539734,256,2.7547457305689154,1.887292024876746,0.0002911094559482831,2.6195443004731405,0.04871862814445941,7.514710573000227e-06,0.06762101625000166,0.11634715910503408,2.7638267645400845e-06,2.7638267645400845,26,92.93053698539734,PRY,10,Apple M4,1,Apple M4,16.0,83,256,339,0.0004544810902540394,0.4544810902540394,611.1976575802296,363.00991009920835,0,8,512,42,15.6.1,0.3.21,3.13.5,no_disponible_apple_silicon,76.8,7.9029998779296875,59.7,Version: 0.3.21,no,plain_text_no_template,yes
2026-06-21T23:04:38.278636,llama-2-7b,q8,cpu,7,"Extract the names, roles and organizations from the following text and present them in a table:

""Dr",Zheng et al. 2023,3,88.74623322486877,256,2.8846294732457762,1.669677571111074,0.00017490143890130732,2.2463583665220628,0.04116044309337661,4.311623302250155e-06,0.05537662319500062,0.0965413779116795,2.2933404322919463e-06,2.2933404322919464,26,88.74623322486877,PRY,10,Apple M4,1,Apple M4,16.0,83,256,339,0.000377114757467498,0.377114757467498,736.5868671997497,346.66497353464365,0,8,512,42,15.6.1,0.3.21,3.13.5,no_disponible_apple_silicon,75.8,7.6721343994140625,58.6,Version: 0.3.21,no,plain_text_no_template,yes
2026-06-21T23:06:05.615747,llama-2-7b,q8,cpu,7,"Extract the names, roles and organizations from the following text and present them in a table:

""Dr",Zheng et al. 2023,4,82.7094373703003,256,3.095172789700607,1.8096418513109558,0.0003264964506565057,2.2067983010913514,0.041576238712132715,7.501204926999889e-06,0.050700846075833396,0.0922845859928931,2.1922203402611755e-06,2.1922203402611755,26,82.7094373703003,PRY,10,Apple M4,1,Apple M4,16.0,83,256,339,0.0003604866640347387,0.36048666403473867,770.5632565398022,323.0837397277355,0,8,512,42,15.6.1,0.3.21,3.13.5,no_disponible_apple_silicon,76.9,7.7827606201171875,59.1,Version: 0.3.21,no,plain_text_no_template,yes
2026-06-21T23:07:31.474030,llama-2-7b,q8,cpu,7,"Extract the names, roles and organizations from the following text and present them in a table:

""Dr",Zheng et al. 2023,5,79.21009683609009,256,3.231911211139437,1.9505910689132193,0.0,2.7364145500857564,0.042918474293396826,0.0,0.060208794859994065,0.10312726915339089,2.4497882787388006e-06,2.449788278738801,26,79.21009683609009,PRY,10,Apple M4,1,Apple M4,16.0,83,256,339,0.00040284089513043317,0.40284089513043314,689.5471168284391,309.4144407659769,0,8,512,42,15.6.1,0.3.21,3.13.5,no_disponible_apple_silicon,75.6,7.8266448974609375,59.4,Version: 0.3.21,no,plain_text_no_template,yes
2026-06-21T23:08:57.824961,llama-2-7b,q8,cpu,7,"Extract the names, roles and organizations from the following text and present them in a table:

""Dr",Zheng et al. 2023,6,81.71386003494263,256,3.1328834531929934,1.839238191161243,0.0,2.1863563406087443,0.04174757003429746,0.0,0.04962656000083674,0.09137413003513421,2.170592458984613e-06,2.170592458984613,26,81.71386003494263,PRY,10,Apple M4,1,Apple M4,16.0,83,256,339,0.000356930195449743,0.356930195449743,778.2411836235073,319.19476576149464,0,8,512,42,15.6.1,0.3.21,3.13.5,no_disponible_apple_silicon,77.6,7.641143798828125,58.6,Version: 0.3.21,no,plain_text_no_template,yes
2026-06-21T23:10:25.772619,llama-2-7b,q8,cpu,7,"Extract the names, roles and organizations from the following text and present them in a table:

""Dr",Zheng et al. 2023,7,81.32004499435425,256,3.148055316715247,1.8520006321990439,0.0,2.1951248322402885,0.041834659649999655,0.0,0.049585458368334605,0.09142011801833426,2.17168490352553e-06,2.17168490352553,26,81.32004499435425,PRY,10,Apple M4,1,Apple M4,16.0,83,256,339,0.0003571098360091182,0.3571098360091182,777.8496971186344,317.6564257591963,0,8,512,42,15.6.1,0.3.21,3.13.5,no_disponible_apple_silicon,75.9,7.6452484130859375,58.7,Version: 0.3.21,no,plain_text_no_template,yes
2026-06-21T23:11:53.989406,llama-2-7b,q8,cpu,7,"Extract the names, roles and organizations from the following text and present them in a table:

""Dr",Zheng et al. 2023,8,83.56647896766663,256,3.0634292979969997,1.8005473908587746,0.00013850980448244955,2.2094385560439576,0.04179594601902411,3.2152157397495104e-06,0.051287500173333084,0.09308666140809695,2.211273641749343e-06,2.211273641749343,26,83.56647896766663,PRY,10,Apple M4,1,Apple M4,16.0,83,256,339,0.0003636197711253787,0.3636197711253787,763.9237462750561,326.43155846744776,0,8,512,42,15.6.1,0.3.21,3.13.5,no_disponible_apple_silicon,77.1,7.7017364501953125,59.0,Version: 0.3.21,no,plain_text_no_template,yes
2026-06-21T23:13:27.704433,llama-2-7b,q8,cpu,7,"Extract the names, roles and organizations from the following text and present them in a table:

""Dr",Zheng et al. 2023,9,87.07291388511658,256,2.9400646949493927,1.7264099487427107,0.0,2.2339503376637078,0.04175654022146738,0.0,0.05403237927083865,0.09578891949230603,2.2754657825397296e-06,2.2754657825397295,26,87.07291388511658,PRY,10,Apple M4,1,Apple M4,16.0,83,256,339,0.00037417546676682043,0.37417546676682045,742.3730373827101,340.12856986373663,0,8,512,42,15.6.1,0.3.21,3.13.5,no_disponible_apple_silicon,75.7,7.75665283203125,59.3,Version: 0.3.21,no,plain_text_no_template,yes
2026-06-21T23:15:06.883408,llama-2-7b,q8,cpu,7,"Extract the names, roles and organizations from the following text and present them in a table:

""Dr",Zheng et al. 2023,10,94.54853892326355,256,2.7076039769136138,1.852580505794455,0.040983898237658654,2.161395574772928,0.0486552166834962,0.0010763799160417617,0.056765776008329945,0.10649737260786789,2.5298450862999015e-06,2.5298450862999013,26,94.54853892326355,PRY,10,Apple M4,1,Apple M4,16.0,83,256,339,0.00041600536174948394,0.41600536174948394,667.7264365286089,369.33023016899824,0,8,512,42,15.6.1,0.3.21,3.13.5,no_disponible_apple_silicon,77.1,7.6392669677734375,58.7,Version: 0.3.21,no,plain_text_no_template,yes
2026-06-21T23:16:52.645509,llama-2-7b,q8,cpu,8,"Given the following data, identify the month with the highest average temperature and the month with",Zheng et al. 2023,1,99.0893189907074,256,2.583527696098181,1.7807089739814903,0.000273865900499755,2.195050161253105,0.0490136776534631,7.53810710424932e-06,0.0604183404525035,0.10943955621307082,2.5997366578414973e-06,2.5997366578414973,26,99.0893189907074,PRY,10,Apple M4,1,Apple M4,16.0,113,256,369,0.0004274982664573079,0.4274982664573079,649.775214481526,387.06765230745077,0,8,512,42,15.6.1,0.3.21,3.13.5,no_disponible_apple_silicon,76.7,7.6691131591796875,58.8,Version: 0.3.21,no,plain_text_no_template,yes
2026-06-21T23:18:24.843132,llama-2-7b,q8,cpu,8,"Given the following data, identify the month with the highest average temperature and the month with",Zheng et al. 2023,2,87.53116178512573,256,2.9246727083142905,1.7228438302354716,0.0,2.2478620898121964,0.041889589454124104,0.0,0.05465499451500061,0.0965445839691247,2.2934165921865573e-06,2.2934165921865572,26,87.53116178512573,PRY,10,Apple M4,1,Apple M4,16.0,113,256,369,0.00037712728112939336,0.37712728112939337,736.5624065856733,341.9186007231474,0,8,512,42,15.6.1,0.3.21,3.13.5,no_disponible_apple_silicon,77.1,7.7316741943359375,59.1,Version: 0.3.21,no,plain_text_no_template,yes
2026-06-21T23:20:02.554798,llama-2-7b,q8,cpu,8,"Given the following data, identify the month with the highest average temperature and the month with",Zheng et al. 2023,3,91.09844303131104,256,2.8101468200945146,1.940875755968422,0.0,2.625791550770934,0.04911409985720612,0.0,0.06644597833333439,0.11556007819054052,2.7451296574162897e-06,2.74512965741629,26,91.09844303131104,PRY,10,Apple M4,1,Apple M4,16.0,113,256,369,0.0004514065554317989,0.4514065554317989,615.3605312888418,355.85329309105873,0,8,512,42,15.6.1,0.3.21,3.13.5,no_disponible_apple_silicon,76.1,7.7683258056640625,60.3,Version: 0.3.21,no,plain_text_no_template,yes
2026-06-21T23:21:35.284899,llama-2-7b,q8,cpu,8,"Given the following data, identify the month with the highest average temperature and the month with",Zheng et al. 2023,4,88.05029892921448,256,2.907429084435067,1.7038134546576253,0.0003069073102662117,2.2568947200025478,0.04167257888950598,7.50646678125031e-06,0.05520007076333059,0.09688015611961784,2.3013881086215216e-06,2.3013881086215218,26,88.05029892921448,PRY,10,Apple M4,1,Apple M4,16.0,113,256,369,0.0003784381098422572,0.3784381098422572,734.0111118659871,343.94648019224405,0,8,512,42,15.6.1,0.3.21,3.13.5,no_disponible_apple_silicon,77.1,7.6429290771484375,58.6,Version: 0.3.21,no,plain_text_no_template,yes
2026-06-21T23:23:11.112181,llama-2-7b,q8,cpu,8,"Given the following data, identify the month with the highest average temperature and the month with",Zheng et al. 2023,5,89.16876983642578,256,2.8709603201840186,1.6698447570951485,0.00012898156127308578,2.2558323557900515,0.04136055633554989,3.194757541750732e-06,0.055874943367501456,0.09723869446059308,2.3099051869113885e-06,2.3099051869113887,26,89.16876983642578,PRY,10,Apple M4,1,Apple M4,16.0,113,256,369,0.0003798386502366917,0.3798386502366917,731.3046674020246,348.3155071735382,0,8,512,42,15.6.1,0.3.21,3.13.5,no_disponible_apple_silicon,76.0,7.65399169921875,58.8,Version: 0.3.21,no,plain_text_no_template,yes
2026-06-21T23:24:43.224886,llama-2-7b,q8,cpu,8,"Given the following data, identify the month with the highest average temperature and the month with",Zheng et al. 2023,6,87.4511559009552,256,2.9273483850795365,1.736937925401644,0.00010189896357796142,2.2471723197871447,0.042193674806828015,2.475328375000572e-06,0.05458828246500465,0.09678443260020765,2.2991141964179324e-06,2.2991141964179325,26,87.4511559009552,PRY,10,Apple M4,1,Apple M4,16.0,113,256,369,0.00037806418984456114,0.37806418984456114,734.737077034417,341.60607773810625,0,8,512,42,15.6.1,0.3.21,3.13.5,no_disponible_apple_silicon,77.3,7.6073760986328125,58.6,Version: 0.3.21,no,plain_text_no_template,yes
2026-06-21T23:26:15.565845,llama-2-7b,q8,cpu,8,"Given the following data, identify the month with the highest average temperature and the month with",Zheng et al. 2023,7,85.70130896568298,256,2.987118902728884,1.7629522998982936,0.0001351628493531992,2.2364928136950937,0.04196869992926252,3.217675864750163e-06,0.05324176711833691,0.0952136847234642,2.2618010806058918e-06,2.261801080605892,26,85.70130896568298,PRY,10,Apple M4,1,Apple M4,16.0,113,256,369,0.000371928455951032,0.371928455951032,746.8580941662337,334.77073814719915,0,8,512,42,15.6.1,0.3.21,3.13.5,no_disponible_apple_silicon,76.0,7.7875518798828125,60.1,Version: 0.3.21,no,plain_text_no_template,yes
2026-06-21T23:27:49.095816,llama-2-7b,q8,cpu,8,"Given the following data, identify the month with the highest average temperature and the month with",Zheng et al. 2023,8,88.87392210960388,256,2.880485005312218,1.7400670208966278,0.0,2.2628397872772585,0.042957383577960376,0.0,0.055863179722497686,0.09882056330045808,2.3474824812023814e-06,2.3474824812023813,26,88.87392210960388,PRY,10,Apple M4,1,Apple M4,16.0,113,256,369,0.00038601782539241436,0.38601782539241436,719.5983177600596,347.16375824064016,0,8,512,42,15.6.1,0.3.21,3.13.5,no_disponible_apple_silicon,77.6,7.64990234375,61.1,Version: 0.3.21,no,plain_text_no_template,yes
2026-06-21T23:29:29.616381,llama-2-7b,q8,cpu,8,"Given the following data, identify the month with the highest average temperature and the month with",Zheng et al. 2023,9,93.87885689735413,256,2.7269185891335144,1.9373030881765838,0.00025942742586259433,2.638348507671037,0.05051994427270326,6.765208385500955e-06,0.06880142833249919,0.11932813781358795,2.834639913761782e-06,2.834639913761782,26,93.87885689735413,PRY,10,Apple M4,1,Apple M4,16.0,113,256,369,0.0004661255383343279,0.4661255383343279,595.9291112226981,366.71428475528955,0,8,512,42,15.6.1,0.3.21,3.13.5,no_disponible_apple_silicon,76.2,7.6673126220703125,58.8,Version: 0.3.21,no,plain_text_no_template,yes
2026-06-21T23:31:05.392168,llama-2-7b,q8,cpu,8,"Given the following data, identify the month with the highest average temperature and the month with",Zheng et al. 2023,10,91.16273927688599,256,2.8081648492643305,1.942384138521465,0.00012583189926048164,2.6166426781834233,0.04918696077655309,3.18643906249963e-06,0.06626119840333558,0.11545134561895119,2.7425467151781854e-06,2.7425467151781855,26,91.16273927688599,PRY,10,Apple M4,1,Apple M4,16.0,113,256,369,0.0004509818188240281,0.4509818188240281,615.9400804717716,356.1044503003359,0,8,512,42,15.6.1,0.3.21,3.13.5,no_disponible_apple_silicon,77.4,7.6306610107421875,58.7,Version: 0.3.21,no,plain_text_no_template,yes
2026-06-21T23:32:43.476688,llama-2-7b,q8,cpu,9,Write a Python function that takes a list of integers and returns a dictionary with three keys: mean,Chen et al. 2021,1,91.4535129070282,256,2.799236375537045,1.821917291999229,0.0,2.6260026268443446,0.04628353793871926,0.0,0.06671032364666644,0.11299386158538571,2.6841691819608373e-06,2.6841691819608373,26,91.4535129070282,PRY,10,Apple M4,1,Apple M4,16.0,35,256,291,0.00044138227181791294,0.44138227181791295,629.3360551924743,357.2402847930789,0,8,512,42,15.6.1,0.3.21,3.13.5,no_disponible_apple_silicon,76.3,7.621734619140625,58.5,Version: 0.3.21,no,plain_text_no_template,yes
2026-06-21T23:34:17.303946,llama-2-7b,q8,cpu,9,Write a Python function that takes a list of integers and returns a dictionary with three keys: mean,Chen et al. 2021,2,89.1567120552063,256,2.871348596182904,1.7217716702438128,0.050781075405849536,2.2577440538336826,0.04264097250798312,0.0012576315882814014,0.05591473236166773,0.09981333645793224,2.37106580755818e-06,2.37106580755818,26,89.1567120552063,PRY,10,Apple M4,1,Apple M4,16.0,35,256,291,0.0003898958455387978,0.3898958455387978,712.4409786770519,348.2684064656496,0,8,512,42,15.6.1,0.3.21,3.13.5,no_disponible_apple_silicon,77.4,7.82061767578125,59.9,Version: 0.3.21,no,plain_text_no_template,yes
2026-06-21T23:35:49.059376,llama-2-7b,q8,cpu,9,Write a Python function that takes a list of integers and returns a dictionary with three keys: mean,Chen et al. 2021,3,85.07803702354431,256,3.0090021932353133,1.79126390716114,0.00027086346113416225,2.2301635153324195,0.04233256028122059,6.401258770749337e-06,0.05270498170166926,0.0950439432416606,2.2577688717056475e-06,2.2577688717056477,26,85.07803702354431,PRY,10,Apple M4,1,Apple M4,16.0,35,256,291,0.0003712654032877367,0.3712654032877367,748.1919277097184,332.33608212321997,0,8,512,42,15.6.1,0.3.21,3.13.5,no_disponible_apple_silicon,76.1,7.74639892578125,60.5,Version: 0.3.21,no,plain_text_no_template,yes
2026-06-21T23:37:19.363952,llama-2-7b,q8,cpu,9,Write a Python function that takes a list of integers and returns a dictionary with three keys: mean,Chen et al. 2021,4,85.58832883834839,256,2.9910620229950977,1.7671792251358882,0.0,2.2299329925286564,0.04201386573256336,0.0,0.05301562173667359,0.09502948746923694,2.2574254748317233e-06,2.2574254748317233,26,85.58832883834839,PRY,10,Apple M4,1,Apple M4,16.0,35,256,291,0.0003712089354267068,0.3712089354267068,748.3057417744286,334.3294095247984,0,8,512,42,15.6.1,0.3.21,3.13.5,no_disponible_apple_silicon,77.2,7.6340179443359375,58.5,Version: 0.3.21,no,plain_text_no_template,yes
2026-06-21T23:38:53.414785,llama-2-7b,q8,cpu,9,Write a Python function that takes a list of integers and returns a dictionary with three keys: mean,Chen et al. 2021,5,87.40708994865417,256,2.928824196645637,1.7367592498267055,0.0,2.2517950044625223,0.04216807554687778,0.0,0.05467301347249606,0.09684108901937385,2.300460069655226e-06,2.3004600696552258,26,87.40708994865417,PRY,10,Apple M4,1,Apple M4,16.0,35,256,291,0.0003782855039819291,0.3782855039819291,734.307222597267,341.43394511193037,0,8,512,42,15.6.1,0.3.21,3.13.5,no_disponible_apple_silicon,76.3,7.7455596923828125,59.1,Version: 0.3.21,no,plain_text_no_template,yes
2026-06-21T23:40:33.902098,llama-2-7b,q8,cpu,9,Write a Python function that takes a list of integers and returns a dictionary with three keys: mean,Chen et al. 2021,6,95.8161108493805,256,2.6717845019030553,1.835002984216335,0.0,2.162874722141114,0.048839680373504536,0.0,0.05756617892499889,0.10640585929850344,2.527671187635949e-06,2.5276711876359492,26,95.8161108493805,PRY,10,Apple M4,1,Apple M4,16.0,35,256,291,0.00041564788788477905,0.415647887884779,668.3007080617718,374.28168300539255,0,8,512,42,15.6.1,0.3.21,3.13.5,no_disponible_apple_silicon,77.7,7.844879150390625,59.3,Version: 0.3.21,no,plain_text_no_template,yes
2026-06-21T23:42:12.027590,llama-2-7b,q8,cpu,9,Write a Python function that takes a list of integers and returns a dictionary with three keys: mean,Chen et al. 2021,7,91.51595997810364,256,2.7973262812437443,1.8249466654694078,0.0,2.6271174277528653,0.046392151666464446,0.0,0.06678421482666938,0.11317636649313384,2.6885045860443944e-06,2.6885045860443944,26,91.51595997810364,PRY,10,Apple M4,1,Apple M4,16.0,35,256,291,0.00044209518161380406,0.44209518161380407,628.3212062248462,357.48421866446733,0,8,512,42,15.6.1,0.3.21,3.13.5,no_disponible_apple_silicon,76.1,7.74273681640625,60.3,Version: 0.3.21,no,plain_text_no_template,yes
2026-06-21T23:43:47.119942,llama-2-7b,q8,cpu,9,Write a Python function that takes a list of integers and returns a dictionary with three keys: mean,Chen et al. 2021,8,90.40815711021423,256,2.8316029015823987,2.1501314369090867,0.09360170562549157,2.618938216585053,0.053997061321024276,0.002350654918881518,0.06577038270749049,0.12211809894739625,2.900915440495398e-06,2.900915440495398,26,90.40815711021423,PRY,10,Apple M4,1,Apple M4,16.0,35,256,291,0.0004770238240132666,0.4770238240132666,582.3142656498692,353.15686371177435,0,8,512,42,15.6.1,0.3.21,3.13.5,no_disponible_apple_silicon,77.7,7.619476318359375,62.3,Version: 0.3.21,no,plain_text_no_template,yes
2026-06-21T23:45:20.863864,llama-2-7b,q8,cpu,9,Write a Python function that takes a list of integers and returns a dictionary with three keys: mean,Chen et al. 2021,9,87.02368497848511,256,2.941727876305065,1.7382696368589485,0.0,2.244879072821432,0.0420196192460219,0.0,0.054266013680001675,0.09628563292602359,2.2872652101576903e-06,2.2872652101576905,26,87.02368497848511,PRY,10,Apple M4,1,Apple M4,16.0,35,256,291,0.00037611575361727964,0.3761157536172796,738.5433210554464,339.93626944720745,0,8,512,42,15.6.1,0.3.21,3.13.5,no_disponible_apple_silicon,75.8,7.69580078125,58.6,Version: 0.3.21,no,plain_text_no_template,yes
2026-06-21T23:47:04.319673,llama-2-7b,q8,cpu,9,Write a Python function that takes a list of integers and returns a dictionary with three keys: mean,Chen et al. 2021,10,98.7819766998291,256,2.5915658762115346,1.8124573121053118,0.00011717860571745621,2.1953661954951893,0.04973280999272828,3.215315083250061e-06,0.060239614547499515,0.10997563985531103,2.6124713247629134e-06,2.612471324762913,26,98.7819766998291,PRY,10,Apple M4,1,Apple M4,16.0,35,256,291,0.0004295923431848087,0.4295923431848087,646.607841560805,385.8670964837074,0,8,512,42,15.6.1,0.3.21,3.13.5,no_disponible_apple_silicon,77.9,7.6273345947265625,58.4,Version: 0.3.21,no,plain_text_no_template,yes
2026-06-21T23:47:20.395189,llama-2-7b,q8,cpu,10,"Write a Python function that reads a list of strings and returns the top 3 most frequent words, igno",Chen et al. 2021,1,9.395370960235596,35,3.725238753012723,0.19731524225156225,0.0,3.000191303601153,0.0005149583047394943,0.0,0.007829975069168237,0.008344933373907732,1.9823389229717815e-07,0.19823389229717817,26,9.395370960235596,PRY,10,Apple M4,1,Apple M4,16.0,35,35,70,0.0002384266678259352,0.23842666782593522,1165.0449184676402,268.43917029244557,0,8,512,42,15.6.1,0.3.21,3.13.5,no_disponible_apple_silicon,54.0,7.6585693359375,58.6,Version: 0.3.21,no,plain_text_no_template,yes
2026-06-21T23:47:33.357133,llama-2-7b,q8,cpu,10,"Write a Python function that reads a list of strings and returns the top 3 most frequent words, igno",Chen et al. 2021,2,8.249822854995728,35,4.242515338230026,0.309822776234144,0.0,3.0001821020926505,0.0007099952834374078,0.0,0.006875269687498076,0.0075852649709354835,1.801879693845724e-07,0.1801879693845724,26,8.249822854995728,PRY,10,Apple M4,1,Apple M4,16.0,35,35,70,0.00021672185631244238,0.2167218563124424,1281.7247992621133,235.70922442844935,0,8,512,42,15.6.1,0.3.21,3.13.5,no_disponible_apple_silicon,56.6,7.6649322509765625,58.6,Version: 0.3.21,no,plain_text_no_template,yes
2026-06-21T23:47:47.838953,llama-2-7b,q8,cpu,10,"Write a Python function that reads a list of strings and returns the top 3 most frequent words, igno",Chen et al. 2021,3,10.861039876937866,35,3.2225275292763045,0.29670730178348675,0.5522141279546678,3.000048463884772,0.0008951527323469686,0.0016660054623122546,0.009051012777499638,0.01161217097215886,2.758471214436337e-07,0.27584712144363366,26,10.861039876937866,PRY,10,Apple M4,1,Apple M4,16.0,35,35,70,0.00033177631349025317,0.33177631349025316,837.2441506013004,310.31542505536765,0,8,512,42,15.6.1,0.3.21,3.13.5,no_disponible_apple_silicon,66.1,7.8489227294921875,61.0,Version: 0.3.21,no,plain_text_no_template,yes
2026-06-21T23:48:01.964224,llama-2-7b,q8,cpu,10,"Write a Python function that reads a list of strings and returns the top 3 most frequent words, igno",Chen et al. 2021,4,7.476372003555298,35,4.681414994245361,0.19491373816167062,0.0,3.0001685126604185,0.0004047910041945062,0.0,0.006230659965000692,0.006635450969195197,1.576251377732319e-07,0.1576251377732319,26,7.476372003555298,PRY,10,Apple M4,1,Apple M4,16.0,35,35,70,0.00018958431340557706,0.18958431340557708,1465.193890717787,213.6106286730085,0,8,512,42,15.6.1,0.3.21,3.13.5,no_disponible_apple_silicon,49.7,7.825714111328125,59.8,Version: 0.3.21,no,plain_text_no_template,yes
2026-06-21T23:48:15.305933,llama-2-7b,q8,cpu,10,"Write a Python function that reads a list of strings and returns the top 3 most frequent words, igno",Chen et al. 2021,5,8.668008804321289,35,4.037836230917456,0.2034154469020491,0.0,3.0001898891734085,0.0004897796901894198,0.0,0.007223797881664116,0.007713577571853536,1.8323603521938072e-07,0.18323603521938073,26,8.668008804321289,PRY,10,Apple M4,1,Apple M4,16.0,35,35,70,0.00022038793062438675,0.22038793062438675,1260.4037661717607,247.6573944091797,0,8,512,42,15.6.1,0.3.21,3.13.5,no_disponible_apple_silicon,58.1,7.8232421875,59.8,Version: 0.3.21,no,plain_text_no_template,yes
2026-06-21T23:48:28.657141,llama-2-7b,q8,cpu,10,"Write a Python function that reads a list of strings and returns the top 3 most frequent words, igno",Chen et al. 2021,6,9.700187921524048,35,3.608177520183647,0.2015073560714812,0.0,3.000066414839956,0.0005429608948507854,0.0,0.008083668889166803,0.008626629784017587,2.0492559051933778e-07,0.20492559051933779,26,9.700187921524048,PRY,10,Apple M4,1,Apple M4,16.0,35,35,70,0.0002464751366862168,0.2464751366862168,1127.001212018443,277.14822632925853,0,8,512,42,15.6.1,0.3.21,3.13.5,no_disponible_apple_silicon,62.3,7.6290130615234375,58.5,Version: 0.3.21,no,plain_text_no_template,yes
2026-06-21T23:48:42.590499,llama-2-7b,q8,cpu,10,"Write a Python function that reads a list of strings and returns the top 3 most frequent words, igno",Chen et al. 2021,7,7.278509140014648,35,4.808677069261681,0.19411366338513628,0.0,3.0001733464830216,0.00039246057587512257,0.0,0.006065774756668058,0.006458235332543181,1.5341538032456326e-07,0.15341538032456326,26,7.278509140014648,PRY,10,Apple M4,1,Apple M4,16.0,35,35,70,0.00018452100950123375,0.18452100950123373,1505.3991874888397,207.95740400041853,0,8,512,42,15.6.1,0.3.21,3.13.5,no_disponible_apple_silicon,49.2,7.632843017578125,58.5,Version: 0.3.21,no,plain_text_no_template,yes
2026-06-21T23:48:56.487947,llama-2-7b,q8,cpu,10,"Write a Python function that reads a list of strings and returns the top 3 most frequent words, igno",Chen et al. 2021,8,9.244952201843262,35,3.7858497519350816,0.19090936707794778,0.0,3.0001171606354045,0.0004902633259777157,0.0,0.007704427708334454,0.00819469103431217,1.9466488552008557e-07,0.19466488552008557,26,9.244952201843262,PRY,10,Apple M4,1,Apple M4,16.0,35,35,70,0.00023413402955177627,0.23413402955177628,1186.4049762845352,264.1414914812361,0,8,512,42,15.6.1,0.3.21,3.13.5,no_disponible_apple_silicon,58.8,7.63543701171875,58.5,Version: 0.3.21,no,plain_text_no_template,yes
2026-06-21T23:49:10.332359,llama-2-7b,q8,cpu,10,"Write a Python function that reads a list of strings and returns the top 3 most frequent words, igno",Chen et al. 2021,9,10.233227014541626,35,3.420230974087087,0.2010055780133441,0.0,3.000052508497598,0.000571371030833252,0.0,0.008527838437500275,0.009099209468333527,2.161517209202629e-07,0.21615172092026289,26,10.233227014541626,PRY,10,Apple M4,1,Apple M4,16.0,35,35,70,0.00025997741338095793,0.2599774133809579,1068.4688879904197,292.3779147011893,0,8,512,42,15.6.1,0.3.21,3.13.5,no_disponible_apple_silicon,62.8,7.6591949462890625,58.6,Version: 0.3.21,no,plain_text_no_template,yes
2026-06-21T23:49:24.316188,llama-2-7b,q8,cpu,10,"Write a Python function that reads a list of strings and returns the top 3 most frequent words, igno",Chen et al. 2021,10,7.332978963851929,35,4.7729579169029694,0.20911364070307942,0.0,3.0001584600820275,0.00042595164675838105,0.0,0.006111138576667751,0.0065370902234261315,1.5528857825748773e-07,0.15528857825748774,26,7.332978963851929,PRY,10,Apple M4,1,Apple M4,16.0,35,35,70,0.00018677400638360375,0.18677400638360378,1487.2400242208591,209.51368468148368,0,8,512,42,15.6.1,0.3.21,3.13.5,no_disponible_apple_silicon,49.5,7.673095703125,58.7,Version: 0.3.21,no,plain_text_no_template,yes
2026-06-21T23:51:04.101877,llama-2-7b,q8,cpu,11,Explain how quantization reduces the memory footprint of a neural network model. What are the trade-,Dettmers et al. 2022,1,95.14502191543579,256,2.690629471161728,1.8409709646300216,0.0,2.159349189930312,0.04865533965983455,0.0,0.057069812777499465,0.10572515243733402,2.5115009961488692e-06,2.5115009961488695,26,95.14502191543579,PRY,10,Apple M4,1,Apple M4,16.0,38,256,294,0.000412988876708336,0.412988876708336,672.6035335182937,371.66024185717106,0,8,512,42,15.6.1,0.3.21,3.13.5,no_disponible_apple_silicon,77.4,7.6731109619140625,58.6,Version: 0.3.21,no,plain_text_no_template,yes
2026-06-21T23:52:39.088698,llama-2-7b,q8,cpu,11,Explain how quantization reduces the memory footprint of a neural network model. What are the trade-,Dettmers et al. 2022,2,88.27890682220459,256,2.899899978548544,1.6809409499974128,0.000261193622916469,2.248995441208525,0.04121989708290269,6.40496874999917e-06,0.055149683055002854,0.09637598510665554,2.2894115262086023e-06,2.2894115262086023,26,88.27890682220459,PRY,10,Apple M4,1,Apple M4,16.0,38,256,294,0.0003764686918228732,0.37646869182287324,737.8509390323244,344.8394797742367,0,8,512,42,15.6.1,0.3.21,3.13.5,no_disponible_apple_silicon,75.7,7.639495849609375,58.6,Version: 0.3.21,no,plain_text_no_template,yes
2026-06-21T23:54:15.486144,llama-2-7b,q8,cpu,11,Explain how quantization reduces the memory footprint of a neural network model. What are the trade-,Dettmers et al. 2022,3,91.7725281715393,256,2.789505804193278,1.7754026282765154,0.0,2.626930354892146,0.0452592188109254,0.0,0.06696667777750312,0.11222589658842852,2.665926173458119e-06,2.665926173458119,26,91.7725281715393,PRY,10,Apple M4,1,Apple M4,16.0,38,256,294,0.0004383824085485489,0.43838240854854893,633.6426196878635,358.4864381700754,0,8,512,42,15.6.1,0.3.21,3.13.5,no_disponible_apple_silicon,77.2,7.8364105224609375,59.9,Version: 0.3.21,no,plain_text_no_template,yes
2026-06-21T23:55:48.920695,llama-2-7b,q8,cpu,11,Explain how quantization reduces the memory footprint of a neural network model. What are the trade-,Dettmers et al. 2022,4,86.76456117630005,256,2.9505133954383096,1.7489169810371072,0.0002276271781582676,2.2392523628423233,0.04215111510929558,5.4861033957504335e-06,0.053968819062502005,0.09612542027519333,2.2834593586372174e-06,2.2834593586372174,26,86.76456117630005,PRY,10,Apple M4,1,Apple M4,16.0,38,256,294,0.00037548992294997394,0.37548992294997396,739.7742543806849,338.92406709492207,0,8,512,42,15.6.1,0.3.21,3.13.5,no_disponible_apple_silicon,75.9,7.721588134765625,60.4,Version: 0.3.21,no,plain_text_no_template,yes
2026-06-21T23:57:18.234111,llama-2-7b,q8,cpu,11,Explain how quantization reduces the memory footprint of a neural network model. What are the trade-,Dettmers et al. 2022,5,84.6372458934784,256,3.024673089223544,1.7702122647551435,7.476606762420453e-05,2.2211618510316673,0.04161830298214788,1.7577761249995092e-06,0.052220283820828016,0.0938403445791009,2.229177385476542e-06,2.2291773854765418,26,84.6372458934784,PRY,10,Apple M4,1,Apple M4,16.0,38,256,294,0.0003665638460121129,0.3665638460121129,757.788256533621,330.6142417714,0,8,512,42,15.6.1,0.3.21,3.13.5,no_disponible_apple_silicon,76.9,7.6259765625,58.6,Version: 0.3.21,no,plain_text_no_template,yes
2026-06-21T23:58:48.977384,llama-2-7b,q8,cpu,11,Explain how quantization reduces the memory footprint of a neural network model. What are the trade-,Dettmers et al. 2022,6,84.0957179069519,256,3.0441502417905792,1.7806690853383587,0.00032011529816873443,2.217064472953028,0.04159629030173463,7.477868281249358e-06,0.05179045236082857,0.09339422053084444,2.2185797087102095e-06,2.2185797087102097,26,84.0957179069519,PRY,10,Apple M4,1,Apple M4,16.0,38,256,294,0.0003648211739486111,0.3648211739486111,761.4080475956852,328.4988980740309,0,8,512,42,15.6.1,0.3.21,3.13.5,no_disponible_apple_silicon,75.7,7.6074371337890625,58.6,Version: 0.3.21,no,plain_text_no_template,yes
2026-06-22T00:00:23.487529,llama-2-7b,q8,cpu,11,Explain how quantization reduces the memory footprint of a neural network model. What are the trade-,Dettmers et al. 2022,7,89.83641695976257,256,2.8496238904392364,1.7529822252540863,0.000128889957762748,2.2544952298212544,0.043744900586382925,3.2163922187501156e-06,0.056259937083338325,0.10000805406194002,2.375691324241385e-06,2.375691324241385,26,89.83641695976257,PRY,10,Apple M4,1,Apple M4,16.0,38,256,294,0.0003906564611794532,0.3906564611794532,711.0538423942179,350.92350374907255,0,8,512,42,15.6.1,0.3.21,3.13.5,no_disponible_apple_silicon,77.7,7.556732177734375,58.3,Version: 0.3.21,no,plain_text_no_template,yes
2026-06-22T00:01:36.242825,llama-2-7b,q8,cpu,11,Explain how quantization reduces the memory footprint of a neural network model. What are the trade-,Dettmers et al. 2022,8,66.08906197547913,256,3.873560803374439,1.764212457069923,0.0,2.192807401348517,0.03238754067033512,0.0,0.04025571784666985,0.07264325851700495,1.7256406060714525e-06,1.7256406060714524,26,66.08906197547913,PRY,10,Apple M4,1,Apple M4,16.0,38,256,294,0.0002837627285820506,0.2837627285820506,978.9086084906946,258.16039834171534,0,8,512,42,15.6.1,0.3.21,3.13.5,no_disponible_apple_silicon,70.0,7.687591552734375,58.7,Version: 0.3.21,no,plain_text_no_template,yes
2026-06-22T00:02:55.101309,llama-2-7b,q8,cpu,11,Explain how quantization reduces the memory footprint of a neural network model. What are the trade-,Dettmers et al. 2022,9,74.19326090812683,256,3.4504481521172603,1.5693893433902748,0.0,2.2817876556286816,0.03234392028349681,0.0,0.047025907464167176,0.07936982774766398,1.8854302581457577e-06,1.8854302581457576,26,74.19326090812683,PRY,10,Apple M4,1,Apple M4,16.0,38,256,294,0.0003100383896393124,0.3100383896393124,895.9463958670875,289.81742542237043,0,8,512,42,15.6.1,0.3.21,3.13.5,no_disponible_apple_silicon,72.8,7.6555938720703125,58.8,Version: 0.3.21,no,plain_text_no_template,yes
2026-06-22T00:04:08.250448,llama-2-7b,q8,cpu,11,Explain how quantization reduces the memory footprint of a neural network model. What are the trade-,Dettmers et al. 2022,10,66.4706642627716,256,3.8513230285766613,1.7422154964161847,0.0,2.198478221510109,0.03216839481546616,0.0,0.04059286326417047,0.07276125807963663,1.7284436856817681e-06,1.7284436856817682,26,66.4706642627716,PRY,10,Apple M4,1,Apple M4,16.0,38,256,294,0.00028422366437358057,0.2842236643735806,977.3210770116228,259.6510322764516,0,8,512,42,15.6.1,0.3.21,3.13.5,no_disponible_apple_silicon,68.9,7.763641357421875,59.4,Version: 0.3.21,no,plain_text_no_template,yes
2026-06-22T00:05:22.513175,llama-2-7b,q8,cpu,12,What is the difference between CPU and GPU architectures in the context of deep learning inference? ,Zheng et al. 2023,1,69.58553981781006,256,3.678925257607589,1.6417034091194183,0.0,2.233570545416998,0.03173300498453161,0.0,0.04317339225666729,0.0749063972411989,1.7794014664646796e-06,1.7794014664646796,26,69.58553981781006,PRY,10,Apple M4,1,Apple M4,16.0,34,256,290,0.0002926031142234332,0.29260311422343316,949.3329505907626,271.81851491332054,0,8,512,42,15.6.1,0.3.21,3.13.5,no_disponible_apple_silicon,70.8,7.600128173828125,58.1,Version: 0.3.21,no,plain_text_no_template,yes
2026-06-22T00:06:39.469049,llama-2-7b,q8,cpu,12,What is the difference between CPU and GPU architectures in the context of deep learning inference? ,Zheng et al. 2023,2,70.31015682220459,256,3.641010226265814,1.626425276547394,0.0,2.2313104299811757,0.031765060070456874,0.0,0.0435788295141659,0.07534388958462276,1.7897940970827137e-06,1.7897940970827138,26,70.31015682220459,PRY,10,Apple M4,1,Apple M4,16.0,34,256,290,0.00029431206868993267,0.29431206868993265,943.8205474014242,274.6490500867367,0,8,512,42,15.6.1,0.3.21,3.13.5,no_disponible_apple_silicon,69.1,7.5366973876953125,58.0,Version: 0.3.21,no,plain_text_no_template,yes
2026-06-22T00:07:54.274769,llama-2-7b,q8,cpu,12,What is the difference between CPU and GPU architectures in the context of deep learning inference? ,Zheng et al. 2023,3,70.11954665184021,256,3.650907802799971,1.630958981680031,0.0,2.2307076125243195,0.031767251223097426,0.0,0.043448946250837256,0.0752161974739347,1.7867607709933187e-06,1.7867607709933186,26,70.11954665184021,PRY,10,Apple M4,1,Apple M4,16.0,34,256,290,0.0002938132713825574,0.2938132713825574,945.4228410809233,273.9044791087508,0,8,512,42,15.6.1,0.3.21,3.13.5,no_disponible_apple_silicon,70.7,7.75927734375,59.4,Version: 0.3.21,no,plain_text_no_template,yes
2026-06-22T00:09:08.976089,llama-2-7b,q8,cpu,12,What is the difference between CPU and GPU architectures in the context of deep learning inference? ,Zheng et al. 2023,4,67.78764796257019,256,3.776499225070527,1.6635254684684238,0.0,2.204154954786267,0.03132402189814088,0.0,0.04150402225833508,0.07282804415647597,1.7300301889370863e-06,1.7300301889370864,26,67.78764796257019,PRY,10,Apple M4,1,Apple M4,16.0,34,256,290,0.00028448454748623424,0.28448454748623425,976.4248365413206,264.7954998537898,0,8,512,42,15.6.1,0.3.21,3.13.5,no_disponible_apple_silicon,68.5,7.6404266357421875,58.4,Version: 0.3.21,no,plain_text_no_template,yes
2026-06-22T00:10:25.172584,llama-2-7b,q8,cpu,12,What is the difference between CPU and GPU architectures in the context of deep learning inference? ,Zheng et al. 2023,5,71.54538798332214,256,3.5781481827965744,1.5774010022965672,0.0,2.2571513472766385,0.03134882408738587,0.0,0.04485799135499594,0.07620681544238182,1.8102929008337802e-06,1.8102929008337802,26,71.54538798332214,PRY,10,Apple M4,1,Apple M4,16.0,34,256,290,0.000297682872821804,0.297682872821804,933.1332204122417,279.4741718098521,0,8,512,42,15.6.1,0.3.21,3.13.5,no_disponible_apple_silicon,71.0,7.5547027587890625,57.9,Version: 0.3.21,no,plain_text_no_template,yes
2026-06-22T00:11:39.699309,llama-2-7b,q8,cpu,12,What is the difference between CPU and GPU architectures in the context of deep learning inference? ,Zheng et al. 2023,6,67.85726499557495,256,3.7726247884687667,1.6468153900080609,0.0,2.2013805985219097,0.031041218977380027,0.0,0.041494351841671835,0.07253557081905189,1.7230824848065777e-06,1.7230824848065776,26,67.85726499557495,PRY,10,Apple M4,1,Apple M4,16.0,34,256,290,0.00028334207351192144,0.2833420735119214,980.3619149631529,265.06744138896465,0,8,512,42,15.6.1,0.3.21,3.13.5,no_disponible_apple_silicon,68.7,7.58355712890625,58.1,Version: 0.3.21,no,plain_text_no_template,yes
2026-06-22T00:12:54.152945,llama-2-7b,q8,cpu,12,What is the difference between CPU and GPU architectures in the context of deep learning inference? ,Zheng et al. 2023,7,69.80509686470032,256,3.667353982706905,1.6181043063619251,0.0,2.226688312950563,0.03137553551188414,0.0,0.043176164825836166,0.0745517003377203,1.7709756415225455e-06,1.7709756415225455,26,69.80509686470032,PRY,10,Apple M4,1,Apple M4,16.0,34,256,290,0.0002912175794442199,0.2912175794442199,953.8496209875392,272.6761596277356,0,8,512,42,15.6.1,0.3.21,3.13.5,no_disponible_apple_silicon,71.0,7.533721923828125,58.0,Version: 0.3.21,no,plain_text_no_template,yes
2026-06-22T00:14:06.979499,llama-2-7b,q8,cpu,12,What is the difference between CPU and GPU architectures in the context of deep learning inference? ,Zheng et al. 2023,8,66.15274214744568,256,3.8698320234316212,1.753409652499022,0.06254399529469515,2.18925374138236,0.032220237950169484,0.0011492935537780623,0.04022920506916611,0.07359873657311364,1.7483379872943144e-06,1.7483379872943143,26,66.15274214744568,PRY,10,Apple M4,1,Apple M4,16.0,34,256,290,0.00028749506473872515,0.28749506473872516,966.200160793096,258.4091490134597,0,8,512,42,15.6.1,0.3.21,3.13.5,no_disponible_apple_silicon,68.8,7.77691650390625,59.2,Version: 0.3.21,no,plain_text_no_template,yes
2026-06-22T00:15:17.461617,llama-2-7b,q8,cpu,12,What is the difference between CPU and GPU architectures in the context of deep learning inference? ,Zheng et al. 2023,9,65.83975505828857,256,3.8882283169699026,1.7455482089009318,0.0,2.18768218565626,0.03192401847679769,0.0,0.040010127569163764,0.07193414604596145,1.708795639321814e-06,1.708795639321814,26,65.83975505828857,PRY,10,Apple M4,1,Apple M4,16.0,34,256,290,0.0002809927579920369,0.2809927579920369,988.5584943995239,257.18654319643974,0,8,512,42,15.6.1,0.3.21,3.13.5,no_disponible_apple_silicon,70.8,7.6056671142578125,58.1,Version: 0.3.21,no,plain_text_no_template,yes
2026-06-22T00:16:29.910871,llama-2-7b,q8,cpu,12,What is the difference between CPU and GPU architectures in the context of deep learning inference? ,Zheng et al. 2023,10,65.80884718894958,256,3.890054467372386,1.7248790838179138,0.0,2.1840067504345786,0.031531195568441236,0.0,0.03992415736082876,0.07145535292927,1.6974219088348087e-06,1.6974219088348086,26,65.80884718894958,PRY,10,Apple M4,1,Apple M4,16.0,34,256,290,0.0002791224723799609,0.2791224723799609,995.1824208537654,257.0658093318343,0,8,512,42,15.6.1,0.3.21,3.13.5,no_disponible_apple_silicon,69.0,7.576141357421875,57.9,Version: 0.3.21,no,plain_text_no_template,yes
2026-06-22T00:16:40.810277,llama-2-7b,q8,cpu,13,Explain the ethical implications of deploying large language models in low-resource countries where ,Bender et al. 2021,1,6.25819206237793,29,4.633926174036412,0.07000606129743255,0.0,3.0002070390072486,0.00012169760475831532,0.0,0.0052155199658348765,0.005337217570593192,1.2678560338944126e-07,0.12678560338944125,26,6.25819206237793,PRY,10,Apple M4,1,Apple M4,16.0,40,29,69,0.0001840419851928687,0.18404198519286866,1509.3174390978108,215.79972628889413,0,8,512,42,15.6.1,0.3.21,3.13.5,no_disponible_apple_silicon,45.3,7.5829315185546875,57.9,Version: 0.3.21,no,plain_text_no_template,yes
2026-06-22T00:16:50.240613,llama-2-7b,q8,cpu,13,Explain the ethical implications of deploying large language models in low-resource countries where ,Bender et al. 2021,2,5.81827712059021,29,4.984293356769197,0.07120342037918222,0.0,3.000087635431204,0.00011507811991665627,0.0,0.0048487059024985985,0.004963784022415255,1.1791468945247438e-07,0.11791468945247438,26,5.81827712059021,PRY,10,Apple M4,1,Apple M4,16.0,40,29,69,0.00017116496629018121,0.17116496629018121,1622.8658457295087,200.63024553759345,0,8,512,42,15.6.1,0.3.21,3.13.5,no_disponible_apple_silicon,46.7,7.5839385986328125,58.0,Version: 0.3.21,no,plain_text_no_template,yes
2026-06-22T00:16:59.744391,llama-2-7b,q8,cpu,13,Explain the ethical implications of deploying large language models in low-resource countries where ,Bender et al. 2021,3,5.8822667598724365,29,4.930072229609134,0.04170220198289682,0.0,3.0000989364141266,6.813985459374454e-05,0.0,0.004902050624999296,0.004970190479593041,1.1806687484273268e-07,0.11806687484273268,26,5.8822667598724365,PRY,10,Apple M4,1,Apple M4,16.0,40,29,69,0.00017138587860665659,0.17138587860665658,1620.774010298121,202.83678482318746,0,8,512,42,15.6.1,0.3.21,3.13.5,no_disponible_apple_silicon,47.5,7.58624267578125,57.9,Version: 0.3.21,no,plain_text_no_template,yes
2026-06-22T00:17:08.589239,llama-2-7b,q8,cpu,13,Explain the ethical implications of deploying large language models in low-resource countries where ,Bender et al. 2021,4,2.2111330032348633,29,13.115448033914431,0.06891052956030301,0.0,3.0003425801572807,4.232509616143823e-05,0.0,0.0018428212499990574,0.0018851463461604958,4.4781651453042575e-08,0.044781651453042574,26,2.2111330032348633,PRY,10,Apple M4,1,Apple M4,16.0,40,29,69,6.500504641932744e-05,0.06500504641932744,4273.172516267727,76.2459656287884,0,8,512,42,15.6.1,0.3.21,3.13.5,no_disponible_apple_silicon,23.3,7.58740234375,58.0,Version: 0.3.21,no,plain_text_no_template,yes
2026-06-22T00:17:19.243776,llama-2-7b,q8,cpu,13,Explain the ethical implications of deploying large language models in low-resource countries where ,Bender et al. 2021,5,5.977200031280518,29,4.851770034168862,0.05700502172284116,0.0,3.000209614392546,9.464733822914242e-05,0.0,0.00498134805583201,0.0050759953940611524,1.2058027058592267e-07,0.12058027058592266,26,5.977200031280518,PRY,10,Apple M4,1,Apple M4,16.0,40,29,69,0.00017503432393314319,0.1750343239331432,1586.9903201607412,206.11034590622472,0,8,512,42,15.6.1,0.3.21,3.13.5,no_disponible_apple_silicon,43.2,7.5827178955078125,57.9,Version: 0.3.21,no,plain_text_no_template,yes
2026-06-22T00:17:28.943784,llama-2-7b,q8,cpu,13,Explain the ethical implications of deploying large language models in low-resource countries where ,Bender et al. 2021,6,6.074683904647827,29,4.773910948323038,0.0642028914791193,0.0,3.0000854633859864,0.00010833674208334921,0.0,0.005062380799166325,0.0051707175412496744,1.22830395192386e-07,0.122830395192386,26,6.074683904647827,PRY,10,Apple M4,1,Apple M4,16.0,40,29,69,0.00017830060487067842,0.17830060487067842,1557.9183142942798,209.47185878095956,0,8,512,42,15.6.1,0.3.21,3.13.5,no_disponible_apple_silicon,47.2,7.5881195068359375,57.9,Version: 0.3.21,no,plain_text_no_template,yes
2026-06-22T00:17:37.788149,llama-2-7b,q8,cpu,13,Explain the ethical implications of deploying large language models in low-resource countries where ,Bender et al. 2021,7,2.190232038497925,29,13.240606241833804,0.04701553722991263,0.0,3.0008514556806714,2.860414887448517e-05,0.0,0.0018257113891680396,0.0018543155380425246,4.4049265606200174e-08,0.04404926560620017,26,2.190232038497925,PRY,10,Apple M4,1,Apple M4,16.0,40,29,69,6.394191510491465e-05,0.06394191510491465,4344.220490143366,75.525242706825,0,8,512,42,15.6.1,0.3.21,3.13.5,no_disponible_apple_silicon,23.9,7.585693359375,57.9,Version: 0.3.21,no,plain_text_no_template,yes
2026-06-22T00:17:50.157876,llama-2-7b,q8,cpu,13,Explain the ethical implications of deploying large language models in low-resource countries where ,Bender et al. 2021,8,7.704761743545532,29,3.7639061356172383,0.04340285472936485,0.0,3.000162515650637,9.28912929665207e-05,0.0,0.006420982604167875,0.006513873897134396,1.5473707442642756e-07,0.15473707442642756,26,7.704761743545532,PRY,10,Apple M4,1,Apple M4,16.0,40,29,69,0.00022461634128049642,0.22461634128049643,1236.6766202058932,265.6814394326046,0,8,512,42,15.6.1,0.3.21,3.13.5,no_disponible_apple_silicon,48.8,7.779083251953125,59.3,Version: 0.3.21,no,plain_text_no_template,yes
2026-06-22T00:17:59.884946,llama-2-7b,q8,cpu,13,Explain the ethical implications of deploying large language models in low-resource countries where ,Bender et al. 2021,9,6.104242324829102,29,4.750794358546686,0.060903138581675245,0.0,3.0000936072782265,0.00010326875451255396,0.0,0.005087027326665824,0.005190296081178378,1.2329548340839235e-07,0.12329548340839236,26,6.104242324829102,PRY,10,Apple M4,1,Apple M4,16.0,40,29,69,0.00017897572693718544,0.17897572693718544,1552.0416233608514,210.49111464927935,0,8,512,42,15.6.1,0.3.21,3.13.5,no_disponible_apple_silicon,47.1,7.7784881591796875,59.3,Version: 0.3.21,no,plain_text_no_template,yes
2026-06-22T00:18:08.777643,llama-2-7b,q8,cpu,13,Explain the ethical implications of deploying large language models in low-resource countries where ,Bender et al. 2021,10,2.214708089828491,29,13.09427645710446,0.041407075251770675,0.0,3.0003960361720377,2.547349570450934e-05,0.0,0.001845833714999875,0.0018713072107043843,4.445290279028264e-08,0.04445290279028264,26,2.214708089828491,PRY,10,Apple M4,1,Apple M4,16.0,40,29,69,6.452783485187532e-05,0.06452783485187531,4304.774496392466,76.36924447684453,0,8,512,42,15.6.1,0.3.21,3.13.5,no_disponible_apple_silicon,24.0,7.7784271240234375,59.3,Version: 0.3.21,no,plain_text_no_template,yes
2026-06-22T00:19:26.627007,llama-2-7b,q8,cpu,14,"Translate the following paragraph to Spanish, then explain any cultural or linguistic nuances you co",Papineni et al. 2002,1,73.18562388420105,256,3.4979547404700613,1.536106037619345,0.0,2.2640725231525236,0.03122802186540549,0.0,0.04602710003499851,0.077255121900404,1.835195420744097e-06,1.835195420744097,26,73.18562388420105,PRY,10,Apple M4,1,Apple M4,16.0,84,256,340,0.0003017778199234531,0.3017778199234531,920.4711527448801,285.88134329766035,0,8,512,42,15.6.1,0.3.21,3.13.5,no_disponible_apple_silicon,71.5,7.5646514892578125,57.8,Version: 0.3.21,no,plain_text_no_template,yes
2026-06-22T00:20:41.244700,llama-2-7b,q8,cpu,14,"Translate the following paragraph to Spanish, then explain any cultural or linguistic nuances you co",Papineni et al. 2002,2,67.95795702934265,256,3.767034960887144,1.6445339118745992,0.0,2.2111760391372988,0.031044212476797443,0.0,0.04174083507000129,0.07278504754679872,1.7290088044742034e-06,1.7290088044742034,26,67.95795702934265,PRY,10,Apple M4,1,Apple M4,16.0,84,256,340,0.0002843165919796825,0.2843165919796825,977.0016439899787,265.46076964586973,0,8,512,42,15.6.1,0.3.21,3.13.5,no_disponible_apple_silicon,69.0,7.57232666015625,57.8,Version: 0.3.21,no,plain_text_no_template,yes
2026-06-22T00:21:56.133109,llama-2-7b,q8,cpu,14,"Translate the following paragraph to Spanish, then explain any cultural or linguistic nuances you co",Papineni et al. 2002,3,70.21890115737915,256,3.645742040682696,1.6388554102607797,0.09950812842525385,2.24033214573398,0.0319662850178716,0.0019409309539579695,0.04369823930583152,0.07760545527766108,1.8435175901208389e-06,1.843517590120839,26,70.21890115737915,PRY,10,Apple M4,1,Apple M4,16.0,84,256,340,0.0003031463096783636,0.3031463096783636,916.3158808447918,274.2925826460123,0,8,512,42,15.6.1,0.3.21,3.13.5,no_disponible_apple_silicon,71.0,7.778961181640625,59.3,Version: 0.3.21,no,plain_text_no_template,yes
2026-06-22T00:23:09.785733,llama-2-7b,q8,cpu,14,"Translate the following paragraph to Spanish, then explain any cultural or linguistic nuances you co",Papineni et al. 2002,4,66.95333981513977,256,3.8235583274385396,1.6805359091046599,0.0,2.194258175240085,0.03125485883161921,0.0,0.040809142569166096,0.0720640014007853,1.7118803532756547e-06,1.7118803532756546,26,66.95333981513977,PRY,10,Apple M4,1,Apple M4,16.0,84,256,340,0.00028150000547181756,0.2815000054718176,986.7771665304198,261.53648365288973,0,8,512,42,15.6.1,0.3.21,3.13.5,no_disponible_apple_silicon,68.6,7.5527801513671875,57.7,Version: 0.3.21,no,plain_text_no_template,yes
2026-06-22T00:24:20.597267,llama-2-7b,q8,cpu,14,"Translate the following paragraph to Spanish, then explain any cultural or linguistic nuances you co",Papineni et al. 2002,5,66.15250182151794,256,3.8698460821738547,1.730633846000255,0.0,2.1891234347070565,0.03180159962497569,0.0,0.04022666444499616,0.07202826406997184,1.7110314129821811e-06,1.711031412982181,26,66.15250182151794,PRY,10,Apple M4,1,Apple M4,16.0,84,256,340,0.0002813604065233275,0.2813604065233275,987.2667629755763,258.40821024030447,0,8,512,42,15.6.1,0.3.21,3.13.5,no_disponible_apple_silicon,70.7,7.5717926025390625,57.8,Version: 0.3.21,no,plain_text_no_template,yes
2026-06-22T00:25:30.819807,llama-2-7b,q8,cpu,14,"Translate the following paragraph to Spanish, then explain any cultural or linguistic nuances you co",Papineni et al. 2002,6,63.6242778301239,256,4.02362130826093,1.8101934972328086,0.0,2.866505443691612,0.03199229277617329,0.0,0.0506609274308327,0.08265322020700598,1.963427246017427e-06,1.963427246017427,26,63.6242778301239,PRY,10,Apple M4,1,Apple M4,16.0,84,256,340,0.0003228641414336171,0.32286414143361714,860.3549980631424,248.5323352739215,0,8,512,42,15.6.1,0.3.21,3.13.5,no_disponible_apple_silicon,68.5,7.5819091796875,57.8,Version: 0.3.21,no,plain_text_no_template,yes
2026-06-22T00:26:40.886604,llama-2-7b,q8,cpu,14,"Translate the following paragraph to Spanish, then explain any cultural or linguistic nuances you co",Papineni et al. 2002,7,65.41361594200134,256,3.913558306071646,1.7462669338671744,0.0,2.174351038369496,0.031730454040056554,0.0,0.039508934374165014,0.07123938841422156,1.692291671779833e-06,1.692291671779833,26,65.41361594200134,PRY,10,Apple M4,1,Apple M4,16.0,84,256,340,0.00027827886099305297,0.278278860993053,998.1993486192696,255.52193727344275,0,8,512,42,15.6.1,0.3.21,3.13.5,no_disponible_apple_silicon,71.1,7.5844268798828125,57.8,Version: 0.3.21,no,plain_text_no_template,yes
2026-06-22T00:27:54.023499,llama-2-7b,q8,cpu,14,"Translate the following paragraph to Spanish, then explain any cultural or linguistic nuances you co",Papineni et al. 2002,8,66.47512817382812,256,3.851064406082478,1.7480494037095744,0.06724969666237744,2.1958946001620774,0.032278280046049386,0.0012417867236896116,0.040547881944997546,0.07406794871473656,1.7594841217185666e-06,1.7594841217185666,26,66.47512817382812,PRY,10,Apple M4,1,Apple M4,16.0,84,256,340,0.00028932792466693967,0.2893279246669397,960.0793912220612,259.6684694290161,0,8,512,42,15.6.1,0.3.21,3.13.5,no_disponible_apple_silicon,69.0,7.76904296875,59.4,Version: 0.3.21,no,plain_text_no_template,yes
2026-06-22T00:29:04.277186,llama-2-7b,q8,cpu,14,"Translate the following paragraph to Spanish, then explain any cultural or linguistic nuances you co",Papineni et al. 2002,9,65.61107087135315,256,3.9017805470962634,1.7330678280958114,0.0,2.1796864991032363,0.031585676692793434,0.0,0.03972543482499835,0.07131111151779178,1.6939954541051437e-06,1.6939954541051436,26,65.61107087135315,PRY,10,Apple M4,1,Apple M4,16.0,84,256,340,0.00027855902936637413,0.2785590293663741,997.1953822844175,256.29324559122324,0,8,512,42,15.6.1,0.3.21,3.13.5,no_disponible_apple_silicon,70.7,7.558929443359375,57.7,Version: 0.3.21,no,plain_text_no_template,yes
2026-06-22T00:30:18.266851,llama-2-7b,q8,cpu,14,"Translate the following paragraph to Spanish, then explain any cultural or linguistic nuances you co",Papineni et al. 2002,10,67.32409477233887,256,3.8025019254351937,1.6835007739686394,0.0,2.2027881103118045,0.0314833793488807,0.0,0.04119464319500366,0.07267802254388436,1.7264664255299728e-06,1.7264664255299729,26,67.32409477233887,PRY,10,Apple M4,1,Apple M4,16.0,84,256,340,0.0002838985255620483,0.2838985255620483,978.4403678315944,262.9847452044487,0,8,512,42,15.6.1,0.3.21,3.13.5,no_disponible_apple_silicon,69.1,7.7935028076171875,59.3,Version: 0.3.21,no,plain_text_no_template,yes
2026-06-22T00:31:42.639851,llama-2-7b,q8,cpu,15,The following is a summary of key findings from a research experiment on energy consumption in large,Villamayor 2026,1,79.6944100856781,256,3.2122704682145056,1.7572805361479087,0.0,2.1630257167807323,0.038901509912042144,0.0,0.04788362736083097,0.08678513727287311,2.0615809359171006e-06,2.0615809359171005,26,79.6944100856781,PRY,10,Apple M4,1,Apple M4,16.0,279,256,535,0.0003390044424721606,0.3390044424721606,819.3927364258337,311.3062893971801,0,8,512,42,15.6.1,0.3.21,3.13.5,no_disponible_apple_silicon,72.3,7.6453704833984375,58.1,Version: 0.3.21,no,plain_text_no_template,yes
2026-06-22T00:32:53.987860,llama-2-7b,q8,cpu,15,The following is a summary of key findings from a research experiment on energy consumption in large,Villamayor 2026,2,64.67014908790588,256,3.9585497112743653,1.7876682189059334,0.0,2.1698167002408013,0.032113547287877194,0.0,0.038978435971666836,0.07109198325954405,1.6887900623304686e-06,1.6887900623304686,26,64.67014908790588,PRY,10,Apple M4,1,Apple M4,16.0,279,256,535,0.00027770305960759395,0.27770305960759395,1000.2690577852813,252.61776987463236,0,8,512,42,15.6.1,0.3.21,3.13.5,no_disponible_apple_silicon,69.5,7.573394775390625,57.8,Version: 0.3.21,no,plain_text_no_template,yes
2026-06-22T00:34:05.808540,llama-2-7b,q8,cpu,15,The following is a summary of key findings from a research experiment on energy consumption in large,Villamayor 2026,3,67.16990113258362,256,3.8112308591119293,1.7244936202255332,0.0,2.2094922948902482,0.032176129437311185,0.0,0.041225383055828686,0.07340151249313988,1.7436529292745377e-06,1.7436529292745377,26,67.16990113258362,PRY,10,Apple M4,1,Apple M4,16.0,279,256,535,0.00028672465817632765,0.28672465817632764,968.7962644878356,262.38242629915476,0,8,512,42,15.6.1,0.3.21,3.13.5,no_disponible_apple_silicon,71.3,7.777984619140625,59.3,Version: 0.3.21,no,plain_text_no_template,yes
2026-06-22T00:35:19.049535,llama-2-7b,q8,cpu,15,The following is a summary of key findings from a research experiment on energy consumption in large,Villamayor 2026,4,66.58636808395386,256,3.8446307760355456,1.7162040924578372,0.0,2.1936673031457046,0.031743277057662646,0.0,0.04057453847249841,0.07231781553016105,1.7179097079189757e-06,1.7179097079189758,26,66.58636808395386,PRY,10,Apple M4,1,Apple M4,16.0,279,256,535,0.0002824914669146916,0.28249146691469157,983.3138707218462,260.10300032794476,0,8,512,42,15.6.1,0.3.21,3.13.5,no_disponible_apple_silicon,68.9,7.5695648193359375,57.9,Version: 0.3.21,no,plain_text_no_template,yes
2026-06-22T00:36:36.424701,llama-2-7b,q8,cpu,15,The following is a summary of key findings from a research experiment on energy consumption in large,Villamayor 2026,5,72.7203459739685,256,3.5203352867935966,1.5664067268123232,0.0,2.2592677251536903,0.031641566419373254,0.0,0.04563742517249921,0.07727899159187247,1.8357624452649304e-06,1.8357624452649304,26,72.7203459739685,PRY,10,Apple M4,1,Apple M4,16.0,279,256,535,0.00030187106090575185,0.30187106090575183,920.1868405150095,284.0638514608145,0,8,512,42,15.6.1,0.3.21,3.13.5,no_disponible_apple_silicon,71.3,7.5468292236328125,57.8,Version: 0.3.21,no,plain_text_no_template,yes
2026-06-22T00:37:52.034484,llama-2-7b,q8,cpu,15,The following is a summary of key findings from a research experiment on energy consumption in large,Villamayor 2026,6,68.8958649635315,256,3.715752754327244,1.6459221203128906,0.0,2.221390473898897,0.031499230039323985,0.0,0.04251239392250379,0.07401162396182778,1.7581461272132188e-06,1.7581461272132188,26,68.8958649635315,PRY,10,Apple M4,1,Apple M4,16.0,279,256,535,0.0002891079061008898,0.28910790610088977,960.8100363773583,269.1244725137949,0,8,512,42,15.6.1,0.3.21,3.13.5,no_disponible_apple_silicon,68.9,7.5982208251953125,58.1,Version: 0.3.21,no,plain_text_no_template,yes
2026-06-22T00:39:07.771313,llama-2-7b,q8,cpu,15,The following is a summary of key findings from a research experiment on energy consumption in large,Villamayor 2026,7,71.09058594703674,256,3.601039386434693,1.6023696183122265,0.0,2.239520971786828,0.0316426097415405,0.0,0.04422468281250076,0.07586729255404125,1.8022275346212498e-06,1.8022275346212497,26,71.09058594703674,PRY,10,Apple M4,1,Apple M4,16.0,279,256,535,0.0002963566115392236,0.2963566115392236,937.3091976421558,277.6976013556123,0,8,512,42,15.6.1,0.3.21,3.13.5,no_disponible_apple_silicon,71.3,7.7939605712890625,58.8,Version: 0.3.21,no,plain_text_no_template,yes
2026-06-22T00:40:23.768451,llama-2-7b,q8,cpu,15,The following is a summary of key findings from a research experiment on energy consumption in large,Villamayor 2026,8,69.33677196502686,256,3.6921245789914363,1.6254164219824891,0.0,2.2194752205310584,0.03130586883311381,0.0,0.042747568679997135,0.07405343751311093,1.7591394081239498e-06,1.7591394081239498,26,69.33677196502686,PRY,10,Apple M4,1,Apple M4,16.0,279,256,535,0.00028927124028558956,0.28927124028558954,960.2675243606501,270.84676548838615,0,8,512,42,15.6.1,0.3.21,3.13.5,no_disponible_apple_silicon,69.3,7.7735595703125,58.6,Version: 0.3.21,no,plain_text_no_template,yes
2026-06-22T00:41:36.641338,llama-2-7b,q8,cpu,15,The following is a summary of key findings from a research experiment on energy consumption in large,Villamayor 2026,9,68.20817303657532,256,3.753215906585343,1.6731583735191873,0.0,2.215953122156617,0.03170085440516435,0.0,0.04198503166583274,0.0736858860709971,1.750408223616536e-06,1.7504082236165361,26,68.20817303657532,PRY,10,Apple M4,1,Apple M4,16.0,279,256,535,0.00028783549246483243,0.2878354924648324,965.0574201224211,266.43817592412233,0,8,512,42,15.6.1,0.3.21,3.13.5,no_disponible_apple_silicon,70.9,7.7564849853515625,58.5,Version: 0.3.21,no,plain_text_no_template,yes
2026-06-22T00:42:50.510499,llama-2-7b,q8,cpu,15,The following is a summary of key findings from a research experiment on energy consumption in large,Villamayor 2026,10,67.19833898544312,256,3.8096179736742624,1.7069098741370068,0.0,2.20275733906262,0.03186153009440518,0.0,0.04111712065916739,0.07297865075357254,1.7336078486511158e-06,1.7336078486511157,26,67.19833898544312,PRY,10,Apple M4,1,Apple M4,16.0,279,256,535,0.00028507285450614275,0.2850728545061427,974.4097811732972,262.49351166188717,0,8,512,42,15.6.1,0.3.21,3.13.5,no_disponible_apple_silicon,69.3,7.59466552734375,57.9,Version: 0.3.21,no,plain_text_no_template,yes
2026-06-22T00:43:36.715670,llama-2-7b,q8,gpu,1,"If all roses are flowers and some flowers fade quickly, can we conclude that some roses fade quickly",Zheng et al. 2023,1,34.121005058288574,256,7.502709828232719,0.05628125929449368,1.0046789830261578,2.469909242357918,0.0005334369814095194,0.009522404628275485,0.023409940486668952,0.03346578209635396,7.949796536988883e-07,0.7949796536988882,26,34.121005058288574,PRY,10,Apple M4,1,Apple M4,16.0,31,256,287,0.00013072571131388265,0.13072571131388266,2124.890161131437,133.28517600893974,-1,8,512,42,15.6.1,0.3.21,3.13.5,no_disponible_apple_silicon,3.0,9.746109008789062,70.9,Version: 0.3.21,yes,plain_text_no_template,yes
2026-06-22T00:44:19.132041,llama-2-7b,q8,gpu,1,"If all roses are flowers and some flowers fade quickly, can we conclude that some roses fade quickly",Zheng et al. 2023,2,35.79047107696533,256,7.152741841522198,0.07542940353171804,0.9595585309836177,2.492889729116231,0.0007499038570707504,0.009539736624951254,0.02478380492999956,0.035073445412021564,8.331696957625722e-07,0.8331696957625723,26,35.79047107696533,PRY,10,Apple M4,1,Apple M4,16.0,31,256,287,0.00013700564614070924,0.13700564614070923,2027.4914618664036,139.80652764439583,-1,8,512,42,15.6.1,0.3.21,3.13.5,no_disponible_apple_silicon,4.0,10.028121948242188,72.6,Version: 0.3.21,yes,plain_text_no_template,yes
2026-06-22T00:45:00.220959,llama-2-7b,q8,gpu,1,"If all roses are flowers and some flowers fade quickly, can we conclude that some roses fade quickly",Zheng et al. 2023,3,36.43755006790161,256,7.0257193341194,0.07316684568010624,0.9338665166578632,2.5015561990620325,0.0007405612785498061,0.009452168877071601,0.025319605347497907,0.035512335503119316,8.435955298765992e-07,0.8435955298765992,26,36.43755006790161,PRY,10,Apple M4,1,Apple M4,16.0,31,256,287,0.00013872006055905983,0.13872006055905983,2002.4340867376886,142.33417995274067,-1,8,512,42,15.6.1,0.3.21,3.13.5,no_disponible_apple_silicon,2.6,9.797561645507812,71.2,Version: 0.3.21,yes,plain_text_no_template,yes
2026-06-22T00:45:44.160923,llama-2-7b,q8,gpu,1,"If all roses are flowers and some flowers fade quickly, can we conclude that some roses fade quickly",Zheng et al. 2023,4,37.25919723510742,256,6.870786785464728,0.07265375743851281,0.8655987869260993,2.50606490963283,0.0007519501884092226,0.008958754424597015,0.025937212986664238,0.03564791759967047,8.468162825801719e-07,0.8468162825801719,26,37.25919723510742,PRY,10,Apple M4,1,Apple M4,16.0,31,256,287,0.00013924967812371276,0.13924967812371275,1994.8180959599297,145.54373919963837,-1,8,512,42,15.6.1,0.3.21,3.13.5,no_disponible_apple_silicon,2.8,9.973342895507812,72.2,Version: 0.3.21,yes,plain_text_no_template,yes
2026-06-22T00:46:29.303274,llama-2-7b,q8,gpu,1,"If all roses are flowers and some flowers fade quickly, can we conclude that some roses fade quickly",Zheng et al. 2023,5,40.58142590522766,256,6.308304705651615,0.10475357794910815,0.722193192396545,2.554131214242142,0.001180847100513673,0.008141008201805616,0.028791746284165733,0.03811360158648502,9.053886056869516e-07,0.9053886056869516,26,40.58142590522766,PRY,10,Apple M4,1,Apple M4,16.0,31,256,287,0.0001488812561972071,0.1488812561972071,1865.7672891329933,158.52119494229555,-1,8,512,42,15.6.1,0.3.21,3.13.5,no_disponible_apple_silicon,5.9,9.807098388671875,71.2,Version: 0.3.21,yes,plain_text_no_template,yes
2026-06-22T00:47:17.761171,llama-2-7b,q8,gpu,1,"If all roses are flowers and some flowers fade quickly, can we conclude that some roses fade quickly",Zheng et al. 2023,6,41.87875413894653,256,6.1128848091,0.0717436612349987,0.6348489909969235,2.561731890257595,0.0008345930971912167,0.0073851902248106786,0.029800594444999055,0.03802037776700095,9.031740738551075e-07,0.9031740738551075,26,41.87875413894653,PRY,10,Apple M4,1,Apple M4,16.0,31,256,287,0.00014851710065234746,0.14851710065234747,1870.3420451763795,163.5888833552599,-1,8,512,42,15.6.1,0.3.21,3.13.5,no_disponible_apple_silicon,2.4,9.819320678710938,71.2,Version: 0.3.21,yes,plain_text_no_template,yes
2026-06-22T00:48:05.943915,llama-2-7b,q8,gpu,1,"If all roses are flowers and some flowers fade quickly, can we conclude that some roses fade quickly",Zheng et al. 2023,7,43.60443925857544,256,5.870961864270595,0.06768184059166053,0.5751918435763277,2.588975249275547,0.0008197857519410131,0.006966921612570001,0.03135855944416411,0.03914526680867511,9.298958130400773e-07,0.9298958130400773,26,43.60443925857544,PRY,10,Apple M4,1,Apple M4,16.0,31,256,287,0.00015291119847138715,0.15291119847138715,1816.5953870916508,170.3298408538103,-1,8,512,42,15.6.1,0.3.21,3.13.5,no_disponible_apple_silicon,3.5,10.041885375976562,72.6,Version: 0.3.21,yes,plain_text_no_template,yes
2026-06-22T00:48:55.118984,llama-2-7b,q8,gpu,1,"If all roses are flowers and some flowers fade quickly, can we conclude that some roses fade quickly",Zheng et al. 2023,8,42.59381127357483,256,6.010262813903724,0.06997349136950307,0.585917455029072,2.5830795357412235,0.0008278993570960362,0.006932349305944878,0.030562000624998597,0.03832224928803951,9.103450318373786e-07,0.9103450318373787,26,42.59381127357483,PRY,10,Apple M4,1,Apple M4,16.0,31,256,287,0.00014969628628140434,0.14969628628140436,1855.609011272339,166.38207528740168,-1,8,512,42,15.6.1,0.3.21,3.13.5,no_disponible_apple_silicon,2.6,9.853958129882812,71.4,Version: 0.3.21,yes,plain_text_no_template,yes
2026-06-22T00:49:42.907305,llama-2-7b,q8,gpu,1,"If all roses are flowers and some flowers fade quickly, can we conclude that some roses fade quickly",Zheng et al. 2023,9,43.16493225097656,256,5.930740224762157,0.06829870473282158,0.5751696159449725,2.5885201174267625,0.0008189191562838043,0.006896432640301374,0.031037026527504473,0.03875237832408965,9.205627470887496e-07,0.9205627470887495,26,43.16493225097656,PRY,10,Apple M4,1,Apple M4,16.0,31,256,287,0.0001513764778284752,0.1513764778284752,1835.0128220880395,168.6130166053772,-1,8,512,42,15.6.1,0.3.21,3.13.5,no_disponible_apple_silicon,3.0,9.885406494140625,71.6,Version: 0.3.21,yes,plain_text_no_template,yes
2026-06-22T00:50:32.121440,llama-2-7b,q8,gpu,1,"If all roses are flowers and some flowers fade quickly, can we conclude that some roses fade quickly",Zheng et al. 2023,10,42.62321996688843,256,6.006115919887609,0.06583243933787351,0.6045032753855271,2.5715487934310337,0.0007794418174597282,0.007157187799294958,0.030446580521665965,0.03838321013842065,9.117931568381825e-07,0.9117931568381824,26,42.62321996688843,PRY,10,Apple M4,1,Apple M4,16.0,31,256,287,0.00014993441460320567,0.14993441460320567,1852.661902291769,166.49695299565792,-1,8,512,42,15.6.1,0.3.21,3.13.5,no_disponible_apple_silicon,3.2,9.855758666992188,71.4,Version: 0.3.21,yes,plain_text_no_template,yes
2026-06-22T00:51:19.728203,llama-2-7b,q8,gpu,2,A farmer has 17 sheep. All but 9 die. How many sheep does the farmer have left? Explain your answer.,Zheng et al. 2023,1,42.98831272125244,256,5.955106953370595,0.0651552424251243,0.6180298373876039,2.573391504531268,0.0007780316491111828,0.007380016644634196,0.030729377430834575,0.038887425724579955,9.237707980873968e-07,0.9237707980873967,26,42.98831272125244,PRY,10,Apple M4,1,Apple M4,16.0,31,256,287,0.00015190400673664045,0.15190400673664045,1828.6402297430354,167.92309656739235,-1,8,512,42,15.6.1,0.3.21,3.13.5,no_disponible_apple_silicon,2.5,9.85589599609375,71.4,Version: 0.3.21,yes,plain_text_no_template,yes
2026-06-22T00:52:09.016240,llama-2-7b,q8,gpu,2,A farmer has 17 sheep. All but 9 die. How many sheep does the farmer have left? Explain your answer.,Zheng et al. 2023,2,42.69601893424988,256,5.9958751750187655,0.06412527870866308,0.6087719692226522,2.5685325673078343,0.000760526142752536,0.007220038756825262,0.03046280975750354,0.03844337465708133,9.132223649789669e-07,0.9132223649789669,26,42.69601893424988,PRY,10,Apple M4,1,Apple M4,16.0,31,256,287,0.00015016943225422394,0.15016943225422394,1849.762455700864,166.78132396191359,-1,8,512,42,15.6.1,0.3.21,3.13.5,no_disponible_apple_silicon,3.4,10.077407836914062,72.8,Version: 0.3.21,yes,plain_text_no_template,yes
2026-06-22T00:52:56.671278,llama-2-7b,q8,gpu,2,A farmer has 17 sheep. All but 9 die. How many sheep does the farmer have left? Explain your answer.,Zheng et al. 2023,3,43.0858051776886,256,5.94163202809463,0.07256114543853615,0.5904746901876063,2.588120029627491,0.0008684320488429713,0.007066965962160901,0.030975343159167702,0.038910741170171584,9.243246564974259e-07,0.9243246564974259,26,43.0858051776886,PRY,10,Apple M4,1,Apple M4,16.0,31,256,287,0.00015199508269598275,0.15199508269598275,1827.5445024322455,168.3039264753461,-1,8,512,42,15.6.1,0.3.21,3.13.5,no_disponible_apple_silicon,2.5,9.866683959960938,71.4,Version: 0.3.21,yes,plain_text_no_template,yes
2026-06-22T00:53:45.794220,llama-2-7b,q8,gpu,2,A farmer has 17 sheep. All but 9 die. How many sheep does the farmer have left? Explain your answer.,Zheng et al. 2023,4,42.52072882652283,256,6.020592945253489,0.12867892949603565,0.5805430676066181,2.58001722989224,0.0015198671852189392,0.006856976208282977,0.03047339250000126,0.03885023589350317,9.228873536501678e-07,0.9228873536501678,26,42.52072882652283,PRY,10,Apple M4,1,Apple M4,16.0,31,256,287,0.00015175873395899676,0.15175873395899675,1830.3907164435734,166.0965969786048,-1,8,512,42,15.6.1,0.3.21,3.13.5,no_disponible_apple_silicon,3.3,10.181686401367188,73.4,Version: 0.3.21,yes,plain_text_no_template,yes
2026-06-22T00:54:33.388773,llama-2-7b,q8,gpu,2,A farmer has 17 sheep. All but 9 die. How many sheep does the farmer have left? Explain your answer.,Zheng et al. 2023,5,42.95184683799744,256,5.9601628066323125,0.06780527729671396,0.5940286921037936,2.5753893549495257,0.000808989412571223,0.007087397055727245,0.030727146978333623,0.038623533446632094,9.175020370247453e-07,0.9175020370247453,26,42.95184683799744,PRY,10,Apple M4,1,Apple M4,16.0,31,256,287,0.00015087317752590662,0.15087317752590662,1841.1342713987726,167.7806517109275,-1,8,512,42,15.6.1,0.3.21,3.13.5,no_disponible_apple_silicon,2.7,9.891632080078125,71.6,Version: 0.3.21,yes,plain_text_no_template,yes
2026-06-22T00:55:22.235151,llama-2-7b,q8,gpu,2,A farmer has 17 sheep. All but 9 die. How many sheep does the farmer have left? Explain your answer.,Zheng et al. 2023,6,42.260534048080444,256,6.0576612616571515,0.06495831096637966,0.632683676192645,2.565194807350534,0.0007625480311945792,0.007427097233167772,0.030112917359999,0.03830256262436135,9.098773751417039e-07,0.9098773751417039,26,42.260534048080444,PRY,10,Apple M4,1,Apple M4,16.0,31,256,287,0.00014961938525141153,0.14961938525141152,1856.5627529548826,165.08021112531424,-1,8,512,42,15.6.1,0.3.21,3.13.5,no_disponible_apple_silicon,2.5,9.866897583007812,71.4,Version: 0.3.21,yes,plain_text_no_template,yes
2026-06-22T00:56:09.903589,llama-2-7b,q8,gpu,2,A farmer has 17 sheep. All but 9 die. How many sheep does the farmer have left? Explain your answer.,Zheng et al. 2023,7,43.10475993156433,256,5.939019273194904,0.06461946475499977,0.6026779649247856,2.5710353490878255,0.000773724031991791,0.007216191387257398,0.03078440597166567,0.038774321390914857,9.210840046411824e-07,0.9210840046411825,26,43.10475993156433,PRY,10,Apple M4,1,Apple M4,16.0,31,256,287,0.00015146219293326116,0.15146219293326116,1833.9743562287858,168.37796848267317,-1,8,512,42,15.6.1,0.3.21,3.13.5,no_disponible_apple_silicon,3.5,10.076736450195312,72.7,Version: 0.3.21,yes,plain_text_no_template,yes
2026-06-22T00:56:58.982592,llama-2-7b,q8,gpu,2,A farmer has 17 sheep. All but 9 die. How many sheep does the farmer have left? Explain your answer.,Zheng et al. 2023,8,42.494868993759155,256,6.024256717619166,0.07326796674009577,0.5753838386755956,2.5823151970680254,0.0008648646244609646,0.0067919057904571355,0.030481984999999746,0.03813875541491784,9.059861348813732e-07,0.9059861348813733,26,42.494868993759155,PRY,10,Apple M4,1,Apple M4,16.0,31,256,287,0.0001489795133395228,0.1489795133395228,1864.5367510680815,165.9955820068717,-1,8,512,42,15.6.1,0.3.21,3.13.5,no_disponible_apple_silicon,2.4,9.862503051757812,71.4,Version: 0.3.21,yes,plain_text_no_template,yes
2026-06-22T00:57:46.545348,llama-2-7b,q8,gpu,2,A farmer has 17 sheep. All but 9 die. How many sheep does the farmer have left? Explain your answer.,Zheng et al. 2023,9,42.99354600906372,256,5.954382082046248,0.0898969093593522,0.5757969932695691,2.5849748378876676,0.0010736074746149832,0.006876542922782159,0.03087145406249874,0.038821604459895874,9.222072139448264e-07,0.9222072139448264,26,42.99354600906372,PRY,10,Apple M4,1,Apple M4,16.0,31,256,287,0.00015164689242146826,0.15164689242146825,1831.7406531863326,167.94353909790516,-1,8,512,42,15.6.1,0.3.21,3.13.5,no_disponible_apple_silicon,3.4,10.186447143554688,73.4,Version: 0.3.21,yes,plain_text_no_template,yes
2026-06-22T00:58:35.700542,llama-2-7b,q8,gpu,2,A farmer has 17 sheep. All but 9 die. How many sheep does the farmer have left? Explain your answer.,Zheng et al. 2023,10,42.55521082878113,256,6.015714527417191,0.07008478063146545,0.6072867259792174,2.5681427138198796,0.0008284646154613579,0.007178670738212731,0.030357737395834195,0.03836487274950829,9.113575521645693e-07,0.9113575521645694,26,42.55521082878113,PRY,10,Apple M4,1,Apple M4,16.0,31,256,287,0.00014986278417776676,0.14986278417776674,1853.5474254120265,166.23129229992628,-1,8,512,42,15.6.1,0.3.21,3.13.5,no_disponible_apple_silicon,2.5,9.876327514648438,71.5,Version: 0.3.21,yes,plain_text_no_template,yes
2026-06-22T00:58:44.404274,llama-2-7b,q8,gpu,3,"Given that f(x) = 4x^3 - 9x - 14, find the value of f(2). Show all steps.",Zheng et al. 2023,1,3.8967092037200928,26,6.6722967100491966,0.018301824525834176,0.0,3.000245082398739,1.9810246687413378e-05,0.0,0.0032475229516664207,0.003267333198353834,7.761550012689533e-08,0.07761550012689533,26,3.8967092037200928,PRY,10,Apple M4,1,Apple M4,16.0,34,26,60,0.00012566666147514747,0.12566666147514746,2210.4333362330362,149.87343091231125,-1,8,512,42,15.6.1,0.3.21,3.13.5,no_disponible_apple_silicon,4.3,9.88079833984375,71.5,Version: 0.3.21,yes,plain_text_no_template,yes
2026-06-22T00:58:51.683914,llama-2-7b,q8,gpu,3,"Given that f(x) = 4x^3 - 9x - 14, find the value of f(2). Show all steps.",Zheng et al. 2023,2,3.6676230430603027,26,7.089060051903624,0.03730099199862176,0.0,3.0000491115959242,3.800166049532032e-05,0.0,0.0030564025700005005,0.0030944042304958206,7.350757249542822e-08,0.07350757249542822,26,3.6676230430603027,PRY,10,Apple M4,1,Apple M4,16.0,34,26,60,0.00011901554732676233,0.11901554732676232,2333.9621084556866,141.06242473308856,-1,8,512,42,15.6.1,0.3.21,3.13.5,no_disponible_apple_silicon,4.1,9.878524780273438,71.5,Version: 0.3.21,yes,plain_text_no_template,yes
2026-06-22T00:58:59.033081,llama-2-7b,q8,gpu,3,"Given that f(x) = 4x^3 - 9x - 14, find the value of f(2). Show all steps.",Zheng et al. 2023,3,3.7105050086975098,26,7.007132435896299,0.06710203048976011,0.0,3.0000563529500144,6.916178339611886e-05,0.0,0.0030921455899988364,0.003161307373394955,7.509685665499715e-08,0.07509685665499716,26,3.7105050086975098,PRY,10,Apple M4,1,Apple M4,16.0,34,26,60,0.00012158874513057519,0.1215887451305752,2284.5681767623296,142.71173110375037,-1,8,512,42,15.6.1,0.3.21,3.13.5,no_disponible_apple_silicon,4.2,9.876190185546875,71.5,Version: 0.3.21,yes,plain_text_no_template,yes
2026-06-22T00:59:07.520268,llama-2-7b,q8,gpu,3,"Given that f(x) = 4x^3 - 9x - 14, find the value of f(2). Show all steps.",Zheng et al. 2023,4,1.8917980194091797,26,13.7435390740709,0.04870560175669034,0.0,3.000285345351082,2.55947669270664e-05,0.0,0.0015766482983326567,0.0016022430652597231,3.806128401524472e-08,0.038061284015244716,26,1.8917980194091797,PRY,10,Apple M4,1,Apple M4,16.0,34,26,60,6.162473327922012e-05,0.06162473327922012,4507.569655825911,72.76146228496845,-1,8,512,42,15.6.1,0.3.21,3.13.5,no_disponible_apple_silicon,5.5,9.9053955078125,71.7,Version: 0.3.21,yes,plain_text_no_template,yes
2026-06-22T00:59:15.830593,llama-2-7b,q8,gpu,3,"Given that f(x) = 4x^3 - 9x - 14, find the value of f(2). Show all steps.",Zheng et al. 2023,5,3.7436187267303467,26,6.945151709588823,0.044303276667383484,0.0,3.0001822952246817,4.60707156076479e-05,0.0,0.003119871840002209,0.003165942555609857,7.520696540851214e-08,0.07520696540851214,26,3.7436187267303467,PRY,10,Apple M4,1,Apple M4,16.0,34,26,60,0.00012176702136960989,0.12176702136960989,2281.2233940962974,143.98533564347488,-1,8,512,42,15.6.1,0.3.21,3.13.5,no_disponible_apple_silicon,3.9,9.904464721679688,71.7,Version: 0.3.21,yes,plain_text_no_template,yes
2026-06-22T00:59:23.099857,llama-2-7b,q8,gpu,3,"Given that f(x) = 4x^3 - 9x - 14, find the value of f(2). Show all steps.",Zheng et al. 2023,6,3.662039041519165,26,7.099869691507747,0.058001787741155046,0.0,3.0000582327076004,5.900133644056041e-05,0.0,0.003051758437501728,0.003110759773942288,7.389609842999906e-08,0.07389609842999906,26,3.662039041519165,PRY,10,Apple M4,1,Apple M4,16.0,34,26,60,0.000119644606690088,0.11964460669008802,2321.690759511606,140.8476554430448,-1,8,512,42,15.6.1,0.3.21,3.13.5,no_disponible_apple_silicon,4.1,9.905975341796875,71.6,Version: 0.3.21,yes,plain_text_no_template,yes
2026-06-22T00:59:30.384854,llama-2-7b,q8,gpu,3,"Given that f(x) = 4x^3 - 9x - 14, find the value of f(2). Show all steps.",Zheng et al. 2023,7,3.6317968368530273,26,7.158990760763245,0.02270058647121473,0.0,3.0000504544856534,2.2901088372462858e-05,0.0,0.0030265482641668013,0.0030494493525392644,7.243966936957021e-08,0.0724396693695702,26,3.6317968368530273,PRY,10,Apple M4,1,Apple M4,16.0,34,26,60,0.00011728651355920248,0.11728651355920248,2368.369297954828,139.68449372511643,-1,8,512,42,15.6.1,0.3.21,3.13.5,no_disponible_apple_silicon,4.3,9.906280517578125,71.6,Version: 0.3.21,yes,plain_text_no_template,yes
2026-06-22T00:59:38.877185,llama-2-7b,q8,gpu,3,"Given that f(x) = 4x^3 - 9x - 14, find the value of f(2). Show all steps.",Zheng et al. 2023,8,1.8908989429473877,26,13.75007379266562,0.0438045578073775,0.0,3.000261937402556,2.300833112617996e-05,0.0,0.0015758867016666042,0.0015988950327927842,3.798175150399259e-08,0.03798175150399259,26,1.8908989429473877,PRY,10,Apple M4,1,Apple M4,16.0,34,26,60,6.149596279972247e-05,0.06149596279972247,4517.008355205902,72.72688242105338,-1,8,512,42,15.6.1,0.3.21,3.13.5,no_disponible_apple_silicon,4.2,9.90631103515625,71.6,Version: 0.3.21,yes,plain_text_no_template,yes
2026-06-22T00:59:47.463237,llama-2-7b,q8,gpu,3,"Given that f(x) = 4x^3 - 9x - 14, find the value of f(2). Show all steps.",Zheng et al. 2023,9,3.8927807807922363,26,6.679030098044367,0.13200680054308853,0.5280078420804756,3.0001299930934153,0.00014274264891333586,0.0005709496610440159,0.003244124549164553,0.003957816859121905,9.401793948844084e-08,0.09401793948844084,26,3.8927807807922363,PRY,10,Apple M4,1,Apple M4,16.0,34,26,60,0.0001522237253508425,0.1522237253508425,1824.7994991422038,149.72233772277832,-1,8,512,42,15.6.1,0.3.21,3.13.5,no_disponible_apple_silicon,9.7,10.299636840820312,74.1,Version: 0.3.21,yes,plain_text_no_template,yes
2026-06-22T00:59:54.760806,llama-2-7b,q8,gpu,3,"Given that f(x) = 4x^3 - 9x - 14, find the value of f(2). Show all steps.",Zheng et al. 2023,10,3.7151589393615723,26,6.9983546933978396,0.025600832178982274,0.0,3.000064548225097,2.6419766812455942e-05,0.0,0.0030960323958333902,0.003122452162645846,7.417385112365207e-08,0.07417385112365207,26,3.7151589393615723,PRY,10,Apple M4,1,Apple M4,16.0,34,26,60,0.00012009431394791715,0.12009431394791716,2312.996915892664,142.89072843698355,-1,8,512,42,15.6.1,0.3.21,3.13.5,no_disponible_apple_silicon,4.1,10.122909545898438,73.0,Version: 0.3.21,yes,plain_text_no_template,yes
2026-06-22T01:00:41.997882,llama-2-7b,q8,gpu,4,"Calculate the compound interest on $10,000 at an annual rate of 5% compounded annually over 3 years.",Zheng et al. 2023,1,43.67804503440857,256,5.861068181928221,0.06799462767443476,0.5732803550599004,2.5913754561319537,0.0008249645582393902,0.006955490323791128,0.03144061496499792,0.03922106984702844,9.316965142161606e-07,0.9316965142161605,26,43.67804503440857,PRY,10,Apple M4,1,Apple M4,16.0,39,256,295,0.00015320730408995483,0.15320730408995484,1813.0844311096425,170.61736341565847,-1,8,512,42,15.6.1,0.3.21,3.13.5,no_disponible_apple_silicon,2.7,9.928680419921875,71.8,Version: 0.3.21,yes,plain_text_no_template,yes
2026-06-22T01:01:30.870088,llama-2-7b,q8,gpu,4,"Calculate the compound interest on $10,000 at an annual rate of 5% compounded annually over 3 years.",Zheng et al. 2023,2,42.30303716659546,256,6.051574949378578,0.06918649538117468,0.6335883696184559,2.563789751050025,0.0008129996904267547,0.0074451978745256,0.03012669253500159,0.03838489009995395,9.118330643244061e-07,0.911833064324406,26,42.30303716659546,PRY,10,Apple M4,1,Apple M4,16.0,39,256,295,0.00014994097695294513,0.14994097695294512,1852.5808182839219,165.2462389320135,-1,8,512,42,15.6.1,0.3.21,3.13.5,no_disponible_apple_silicon,2.4,9.90838623046875,71.6,Version: 0.3.21,yes,plain_text_no_template,yes
2026-06-22T01:02:18.618499,llama-2-7b,q8,gpu,4,"Calculate the compound interest on $10,000 at an annual rate of 5% compounded annually over 3 years.",Zheng et al. 2023,3,43.17188286781311,256,5.929785383320897,0.06533133368746702,0.6216472094291505,2.572541423339186,0.0007834657459870386,0.007454911252938382,0.030850404722499048,0.03908878172142447,9.285540097924383e-07,0.9285540097924383,26,43.17188286781311,PRY,10,Apple M4,1,Apple M4,16.0,39,256,295,0.00015269055359931434,0.15269055359931435,1819.2204509698308,168.64016745239496,-1,8,512,42,15.6.1,0.3.21,3.13.5,no_disponible_apple_silicon,3.5,10.131683349609375,73.0,Version: 0.3.21,yes,plain_text_no_template,yes
2026-06-22T01:03:07.829641,llama-2-7b,q8,gpu,4,"Calculate the compound interest on $10,000 at an annual rate of 5% compounded annually over 3 years.",Zheng et al. 2023,4,42.57743811607361,256,6.01257406098739,0.06463604116039803,0.5607269217594152,2.581931164418725,0.000764454734048565,0.006631754392007763,0.030536670659166706,0.037932879785223035,9.010955592979731e-07,0.9010955592979731,26,42.57743811607361,PRY,10,Apple M4,1,Apple M4,16.0,39,256,295,0.00014817531166102748,0.1481753116610275,1874.65627481341,166.31811764091253,-1,8,512,42,15.6.1,0.3.21,3.13.5,no_disponible_apple_silicon,2.4,9.92230224609375,71.7,Version: 0.3.21,yes,plain_text_no_template,yes
2026-06-22T01:03:55.152611,llama-2-7b,q8,gpu,4,"Calculate the compound interest on $10,000 at an annual rate of 5% compounded annually over 3 years.",Zheng et al. 2023,5,42.69634294509888,256,5.995829673964765,0.06647834251272285,0.6376662084880671,2.573243061806748,0.0007884394750958224,0.007562781978363176,0.03051890784666588,0.03887012930012487,9.233599215244663e-07,0.9233599215244663,26,42.69634294509888,PRY,10,Apple M4,1,Apple M4,16.0,39,256,295,0.00015183644257861278,0.15183644257861278,1829.4539378052098,166.7825896292925,-1,8,512,42,15.6.1,0.3.21,3.13.5,no_disponible_apple_silicon,3.7,10.14703369140625,73.1,Version: 0.3.21,yes,plain_text_no_template,yes
2026-06-22T01:04:45.990070,llama-2-7b,q8,gpu,4,"Calculate the compound interest on $10,000 at an annual rate of 5% compounded annually over 3 years.",Zheng et al. 2023,6,44.008089780807495,256,5.817112291741528,0.22112917026300846,0.6090315330075429,2.5919447382547567,0.002703186771691651,0.007445087328871881,0.031685149096668586,0.04183342319723212,9.93752968050249e-07,0.9937529680502489,26,44.008089780807495,PRY,10,Apple M4,1,Apple M4,16.0,39,256,295,0.00016341180936418797,0.16341180936418798,1699.8635463285761,171.90660070627928,-1,8,512,42,15.6.1,0.3.21,3.13.5,no_disponible_apple_silicon,5.8,10.327911376953125,74.0,Version: 0.3.21,yes,plain_text_no_template,yes
2026-06-22T01:05:37.297223,llama-2-7b,q8,gpu,4,"Calculate the compound interest on $10,000 at an annual rate of 5% compounded annually over 3 years.",Zheng et al. 2023,7,46.390830755233765,256,5.518331873613157,0.41190310380139333,0.6978656355989878,2.8742672221696957,0.005307924215557201,0.008992935164157301,0.037038790069163954,0.05133964944887847,1.2195733726581079e-06,1.219573372658108,26,46.390830755233765,PRY,10,Apple M4,1,Apple M4,16.0,39,256,295,0.00020054550565968152,0.20054550565968152,1385.110959550281,181.2141826376319,-1,8,512,42,15.6.1,0.3.21,3.13.5,no_disponible_apple_silicon,12.9,10.4100341796875,74.5,Version: 0.3.21,yes,plain_text_no_template,yes
2026-06-22T01:06:26.903199,llama-2-7b,q8,gpu,4,"Calculate the compound interest on $10,000 at an annual rate of 5% compounded annually over 3 years.",Zheng et al. 2023,8,42.96240997314453,256,5.958697385924663,0.08514197905975407,0.5673538929071321,2.581370972189872,0.0010160846139694558,0.0067708029297043745,0.030806088333332208,0.03859297587700604,9.167761419582785e-07,0.9167761419582785,26,42.96240997314453,PRY,10,Apple M4,1,Apple M4,16.0,39,256,295,0.00015075381201955484,0.15075381201955484,1842.5920648808944,167.82191395759583,-1,8,512,42,15.6.1,0.3.21,3.13.5,no_disponible_apple_silicon,4.1,10.4036865234375,74.4,Version: 0.3.21,yes,plain_text_no_template,yes
2026-06-22T01:07:14.518419,llama-2-7b,q8,gpu,4,"Calculate the compound interest on $10,000 at an annual rate of 5% compounded annually over 3 years.",Zheng et al. 2023,9,43.01017212867737,256,5.952080341229558,0.06787868940615929,0.5664838082563123,2.585116970454378,0.0008109650320077611,0.006767935028114626,0.030885090520002153,0.038463990580124535,9.137120962308582e-07,0.9137120962308581,26,43.01017212867737,PRY,10,Apple M4,1,Apple M4,16.0,39,256,295,0.00015024996320361147,0.15024996320361148,1848.7710203385996,168.00848487764597,-1,8,512,42,15.6.1,0.3.21,3.13.5,no_disponible_apple_silicon,2.5,10.387466430664062,74.3,Version: 0.3.21,yes,plain_text_no_template,yes
2026-06-22T01:08:05.476170,llama-2-7b,q8,gpu,4,"Calculate the compound interest on $10,000 at an annual rate of 5% compounded annually over 3 years.",Zheng et al. 2023,10,44.25304198265076,256,5.784913048471648,0.18433332248711776,0.5969216858703641,2.5597515119165357,0.0022659195163399785,0.00733766678477108,0.03146577531166561,0.041069361612776675,9.756026851115097e-07,0.9756026851115097,26,44.25304198265076,PRY,10,Apple M4,1,Apple M4,16.0,39,256,295,0.0001604271937999089,0.16042719379990888,1731.4881049669993,172.86344524472952,-1,8,512,42,15.6.1,0.3.21,3.13.5,no_disponible_apple_silicon,10.2,10.51007080078125,75.1,Version: 0.3.21,yes,plain_text_no_template,yes
2026-06-22T01:08:54.459830,llama-2-7b,q8,gpu,5,Write a short paragraph explaining the main idea behind neural networks to someone with no technical,Zheng et al. 2023,1,44.2501859664917,256,5.785286421030075,0.13374886690525947,0.5836020816695016,2.581399298310283,0.001644003398157022,0.007173472401196422,0.031729833056666996,0.04054730885602044,9.632013218747654e-07,0.9632013218747654,26,44.2501859664917,PRY,10,Apple M4,1,Apple M4,16.0,19,256,275,0.00015838792521882984,0.15838792521882983,1753.781277164898,172.8522889316082,-1,8,512,42,15.6.1,0.3.21,3.13.5,no_disponible_apple_silicon,9.0,10.669265747070312,76.0,Version: 0.3.21,yes,plain_text_no_template,yes
2026-06-22T01:09:46.473797,llama-2-7b,q8,gpu,5,Write a short paragraph explaining the main idea behind neural networks to someone with no technical,Zheng et al. 2023,2,44.81248116493225,256,5.712694172362215,0.33653373262408987,0.6514441917021558,2.5265763533221053,0.004189142098494826,0.008109119602960381,0.03145059867916946,0.04374886038062467,1.039254178341739e-06,1.039254178341739,26,44.81248116493225,PRY,10,Apple M4,1,Apple M4,16.0,19,256,275,0.00017089398586181512,0.17089398586181512,1625.4391655560592,175.0487545505166,-1,8,512,42,15.6.1,0.3.21,3.13.5,no_disponible_apple_silicon,16.5,11.0433349609375,78.3,Version: 0.3.21,yes,plain_text_no_template,yes
2026-06-22T01:10:36.749887,llama-2-7b,q8,gpu,5,Write a short paragraph explaining the main idea behind neural networks to someone with no technical,Zheng et al. 2023,3,45.3193838596344,256,5.648797009087696,0.7372078255700804,0.5776616343650306,3.350737635695239,0.009280501230926908,0.007272019263547942,0.04218149031249899,0.05873401080697384,1.3952264267196635e-06,1.3952264267196635,26,45.3193838596344,PRY,10,Apple M4,1,Apple M4,16.0,19,256,275,0.00022942972971474156,0.22942972971474154,1210.7313996453256,177.02884320169687,-1,8,512,42,15.6.1,0.3.21,3.13.5,no_disponible_apple_silicon,16.0,10.728012084960938,76.3,Version: 0.3.21,yes,plain_text_no_template,yes
2026-06-22T01:11:27.447243,llama-2-7b,q8,gpu,5,Write a short paragraph explaining the main idea behind neural networks to someone with no technical,Zheng et al. 2023,4,43.7814507484436,256,5.847225151832151,0.171340964001691,0.6959102533792535,2.5119022239094226,0.002083765549064134,0.008463322356572416,0.03054853430583232,0.04109562221146887,9.76226505633443e-07,0.9762265056334429,26,43.7814507484436,PRY,10,Apple M4,1,Apple M4,16.0,19,256,275,0.00016052977426355027,0.16052977426355028,1730.3816631657078,171.02129198610783,-1,8,512,42,15.6.1,0.3.21,3.13.5,no_disponible_apple_silicon,15.9,10.732681274414062,76.4,Version: 0.3.21,yes,plain_text_no_template,yes
2026-06-22T01:12:17.318386,llama-2-7b,q8,gpu,5,Write a short paragraph explaining the main idea behind neural networks to someone with no technical,Zheng et al. 2023,5,45.002474308013916,256,5.688576104679032,0.22246394068133218,0.6594540889666554,2.5363602809209667,0.0027809521597142177,0.008243629360010175,0.031706246771670214,0.042730828291394615,1.015070826062079e-06,1.0150708260620789,26,45.002474308013916,PRY,10,Apple M4,1,Apple M4,16.0,19,256,275,0.00016691729801326022,0.16691729801326022,1664.1641165058315,175.79091526567936,-1,8,512,42,15.6.1,0.3.21,3.13.5,no_disponible_apple_silicon,16.8,10.9580078125,77.7,Version: 0.3.21,yes,plain_text_no_template,yes
2026-06-22T01:13:08.886110,llama-2-7b,q8,gpu,5,Write a short paragraph explaining the main idea behind neural networks to someone with no technical,Zheng et al. 2023,6,44.72518277168274,256,5.72384469185632,0.1879000219508548,0.633707070207905,2.5581833272565087,0.0023344063401542167,0.007872962371876704,0.03178200468750523,0.041989373399536144,9.97457565105981e-07,0.997457565105981,26,44.72518277168274,PRY,10,Apple M4,1,Apple M4,16.0,19,256,275,0.00016402098984193806,0.16402098984193805,1693.5501855309103,174.7077452018857,-1,8,512,42,15.6.1,0.3.21,3.13.5,no_disponible_apple_silicon,15.6,10.73846435546875,76.4,Version: 0.3.21,yes,plain_text_no_template,yes
2026-06-22T01:14:00.207127,llama-2-7b,q8,gpu,5,Write a short paragraph explaining the main idea behind neural networks to someone with no technical,Zheng et al. 2023,7,46.24383807182312,256,5.535872684321668,0.5820259847720188,0.5657519411235913,3.3392089074257036,0.007476420942608509,0.007267372542816379,0.04289384333416212,0.057637636819587015,1.3691820626492894e-06,1.3691820626492894,26,46.24383807182312,PRY,10,Apple M4,1,Apple M4,16.0,19,256,275,0.00022514701882651178,0.22514701882651178,1233.7617403311963,180.63999246805906,-1,8,512,42,15.6.1,0.3.21,3.13.5,no_disponible_apple_silicon,16.1,10.769119262695312,76.6,Version: 0.3.21,yes,plain_text_no_template,yes
2026-06-22T01:14:51.757871,llama-2-7b,q8,gpu,5,Write a short paragraph explaining the main idea behind neural networks to someone with no technical,Zheng et al. 2023,8,44.642346143722534,256,5.734465638876328,0.20038056415733607,0.6625511649058902,2.5262820419636296,0.002484849584885055,0.008216066233793149,0.031327543715002924,0.04202845953368113,9.983860562225953e-07,0.9983860562225952,26,44.642346143722534,PRY,10,Apple M4,1,Apple M4,16.0,19,256,275,0.00016417367005344192,0.1641736700534419,1691.9751972856266,174.38416462391615,-1,8,512,42,15.6.1,0.3.21,3.13.5,no_disponible_apple_silicon,16.0,10.7685546875,76.6,Version: 0.3.21,yes,plain_text_no_template,yes
2026-06-22T01:15:40.728550,llama-2-7b,q8,gpu,5,Write a short paragraph explaining the main idea behind neural networks to someone with no technical,Zheng et al. 2023,9,44.016270875930786,256,5.816031092720017,0.21075189204154807,0.6922736257813248,2.500318559657531,0.0025768089910321395,0.00846425095351487,0.0305707497216675,0.041611809666214514,9.884885386209256e-07,0.9884885386209257,26,44.016270875930786,PRY,10,Apple M4,1,Apple M4,16.0,19,256,275,0.00016254613150865044,0.16254613150865044,1708.916571557994,171.93855810910463,-1,8,512,42,15.6.1,0.3.21,3.13.5,no_disponible_apple_silicon,16.6,10.804718017578125,76.8,Version: 0.3.21,yes,plain_text_no_template,yes
2026-06-22T01:16:32.081697,llama-2-7b,q8,gpu,5,Write a short paragraph explaining the main idea behind neural networks to someone with no technical,Zheng et al. 2023,10,44.558725118637085,256,5.745227210123337,0.23216351460192522,0.5463015540003158,2.5853493943392354,0.002873586174923298,0.006761805771273428,0.031999964721665795,0.04163535666786252,9.89047897645074e-07,0.9890478976450741,26,44.558725118637085,PRY,10,Apple M4,1,Apple M4,16.0,19,256,275,0.00016263811198383797,0.16263811198383796,1707.9500886322496,174.0575199946761,-1,8,512,42,15.6.1,0.3.21,3.13.5,no_disponible_apple_silicon,16.7,10.768310546875,76.5,Version: 0.3.21,yes,plain_text_no_template,yes
2026-06-22T01:17:21.262150,llama-2-7b,q8,gpu,6,Summarize the key contributions of the Transformer architecture as described in the paper Attention ,Vaswani et al. 2017,1,44.279396057128906,256,5.781470001752304,0.2070082427120027,0.7209133079740566,2.5109135405676004,0.002546166657259732,0.008867112746288389,0.030883815313333497,0.04229709471688162,1.0047674849995227e-06,1.0047674849995227,26,44.279396057128906,PRY,10,Apple M4,1,Apple M4,16.0,36,256,292,0.00016522302623781882,0.16522302623781882,1681.2292094078332,172.9663908481598,-1,8,512,42,15.6.1,0.3.21,3.13.5,no_disponible_apple_silicon,16.4,10.77935791015625,76.6,Version: 0.3.21,yes,plain_text_no_template,yes
2026-06-22T01:18:12.181881,llama-2-7b,q8,gpu,6,Summarize the key contributions of the Transformer architecture as described in the paper Attention ,Vaswani et al. 2017,2,44.08967590332031,256,5.806347965935515,0.20367724908663923,0.5751433558585265,2.5819664023980216,0.002494462194752713,0.007043856710486237,0.03162168385416408,0.04116000275940303,9.777558655496188e-07,0.9777558655496188,26,44.08967590332031,PRY,10,Apple M4,1,Apple M4,16.0,36,256,292,0.00016078126077891808,0.16078126077891808,1727.6750812380772,172.22529649734497,-1,8,512,42,15.6.1,0.3.21,3.13.5,no_disponible_apple_silicon,16.4,10.973983764648438,77.8,Version: 0.3.21,yes,plain_text_no_template,yes
2026-06-22T01:19:01.370076,llama-2-7b,q8,gpu,6,Summarize the key contributions of the Transformer architecture as described in the paper Attention ,Vaswani et al. 2017,3,44.2739040851593,256,5.782187166227604,0.2510391344343883,0.6535818721030803,2.530165448263459,0.0030873562665470885,0.008037950310358508,0.031116750660000133,0.042242057236905724,1.0034600696626954e-06,1.0034600696626954,26,44.2739040851593,PRY,10,Apple M4,1,Apple M4,16.0,36,256,292,0.00016500803608166298,0.16500803608166298,1683.4196950280934,172.94493783265352,-1,8,512,42,15.6.1,0.3.21,3.13.5,no_disponible_apple_silicon,16.0,10.782745361328125,76.6,Version: 0.3.21,yes,plain_text_no_template,yes
2026-06-22T01:19:52.511696,llama-2-7b,q8,gpu,6,Summarize the key contributions of the Transformer architecture as described in the paper Attention ,Vaswani et al. 2017,4,44.137694120407104,256,5.8000311321573585,0.1975843664501239,0.6881733149729367,2.494336761219791,0.002422477313708332,0.008437328688361681,0.030581742500001684,0.0414415485020717,9.844439846667131e-07,0.9844439846667131,26,44.137694120407104,PRY,10,Apple M4,1,Apple M4,16.0,36,256,292,0.00016188104883621757,0.16188104883621757,1715.9375959987647,172.41286765784025,-1,8,512,42,15.6.1,0.3.21,3.13.5,no_disponible_apple_silicon,17.1,10.963302612304688,77.7,Version: 0.3.21,yes,plain_text_no_template,yes
2026-06-22T01:20:42.751906,llama-2-7b,q8,gpu,6,Summarize the key contributions of the Transformer architecture as described in the paper Attention ,Vaswani et al. 2017,5,45.173672914505005,256,5.667017611884286,0.6526056451036257,0.628359953085914,3.279353867979151,0.008189053876130756,0.007884813053687996,0.04115012750083528,0.057223994430654034,1.3593559877001864e-06,1.3593559877001864,26,45.173672914505005,PRY,10,Apple M4,1,Apple M4,16.0,36,256,292,0.00022353122824474232,0.2235312282447423,1242.679960017226,176.45965982228518,-1,8,512,42,15.6.1,0.3.21,3.13.5,no_disponible_apple_silicon,16.4,10.79180908203125,76.7,Version: 0.3.21,yes,plain_text_no_template,yes
2026-06-22T01:21:34.424698,llama-2-7b,q8,gpu,6,Summarize the key contributions of the Transformer architecture as described in the paper Attention ,Vaswani et al. 2017,6,44.78011703491211,256,5.71682293283007,0.1953071752951594,0.6489434377562318,2.5232596151970617,0.0024294106020764815,0.008072156414378405,0.031386628021664364,0.04188819503811925,9.950540731305227e-07,0.9950540731305226,26,44.78011703491211,PRY,10,Apple M4,1,Apple M4,16.0,36,256,292,0.0001636257618676533,0.16362576186765332,1697.6408519488202,174.92233216762543,-1,8,512,42,15.6.1,0.3.21,3.13.5,no_disponible_apple_silicon,16.0,10.785659790039062,76.7,Version: 0.3.21,yes,plain_text_no_template,yes
2026-06-22T01:22:25.631673,llama-2-7b,q8,gpu,6,Summarize the key contributions of the Transformer architecture as described in the paper Attention ,Vaswani et al. 2017,7,46.05363202095032,256,5.558736385515537,0.5654723249744494,0.6197081293201447,3.232548999811216,0.007233903992334592,0.007927725041139288,0.04135295059083243,0.05651457962430631,1.3425038389753964e-06,1.3425038389753963,26,46.05363202095032,PRY,10,Apple M4,1,Apple M4,16.0,36,256,292,0.00022076007665744652,0.2207600766574465,1258.2790420425774,179.89700008183718,-1,8,512,42,15.6.1,0.3.21,3.13.5,no_disponible_apple_silicon,17.3,10.763412475585938,76.5,Version: 0.3.21,yes,plain_text_no_template,yes
2026-06-22T01:23:18.556590,llama-2-7b,q8,gpu,6,Summarize the key contributions of the Transformer architecture as described in the paper Attention ,Vaswani et al. 2017,8,45.868874073028564,256,5.581126748226223,0.7457450299914496,0.5170068397084445,3.373415020077507,0.009501801353129087,0.006587367118189196,0.042981874653332856,0.05907104312465115,1.403232629426088e-06,1.403232629426088,26,45.868874073028564,PRY,10,Apple M4,1,Apple M4,16.0,36,256,292,0.00023074626220566854,0.23074626220566855,1203.8235207909422,179.17528934776783,-1,8,512,42,15.6.1,0.3.21,3.13.5,no_disponible_apple_silicon,15.8,10.75665283203125,76.4,Version: 0.3.21,yes,plain_text_no_template,yes
2026-06-22T01:24:10.472512,llama-2-7b,q8,gpu,6,Summarize the key contributions of the Transformer architecture as described in the paper Attention ,Vaswani et al. 2017,9,46.74544906616211,256,5.476468942199384,0.2820335180716392,0.6087013706602203,3.285637584947,0.003662162070546756,0.007903894144083443,0.04266350121583552,0.054229557430465716,1.288223136760713e-06,1.2882231367607129,26,46.74544906616211,PRY,10,Apple M4,1,Apple M4,16.0,36,256,292,0.0002118342087127567,0.2118342087127567,1311.2980168110587,182.59941041469574,-1,8,512,42,15.6.1,0.3.21,3.13.5,no_disponible_apple_silicon,17.1,10.979705810546875,77.8,Version: 0.3.21,yes,plain_text_no_template,yes
2026-06-22T01:25:02.329997,llama-2-7b,q8,gpu,6,Summarize the key contributions of the Transformer architecture as described in the paper Attention ,Vaswani et al. 2017,10,44.96036219596863,256,5.693904308069704,0.2057666609844641,0.6427243445817142,2.5401422619373633,0.002569817668254609,0.008026977590155672,0.03172381003499746,0.04232060529340775,1.0053259787449008e-06,1.005325978744901,26,44.96036219596863,PRY,10,Apple M4,1,Apple M4,16.0,36,256,292,0.000165314864427374,0.165314864427374,1680.29522777615,175.62641482800245,-1,8,512,42,15.6.1,0.3.21,3.13.5,no_disponible_apple_silicon,15.9,10.77130126953125,76.5,Version: 0.3.21,yes,plain_text_no_template,yes
2026-06-22T01:25:55.283701,llama-2-7b,q8,gpu,7,"Extract the names, roles and organizations from the following text and present them in a table:

""Dr",Zheng et al. 2023,1,47.566734790802,256,5.38191240424396,0.4323108204253857,0.6252802914310491,3.26394094921211,0.005712115039546764,0.008261817164560026,0.04312639264000305,0.05710032484410984,1.3564182166718291e-06,1.356418216671829,26,47.566734790802,PRY,10,Apple M4,1,Apple M4,16.0,83,256,339,0.00022304814392230406,0.22304814392230404,1245.3713933371178,185.80755777657032,-1,8,512,42,15.6.1,0.3.21,3.13.5,no_disponible_apple_silicon,16.9,10.966690063476562,77.8,Version: 0.3.21,yes,plain_text_no_template,yes
2026-06-22T01:26:49.000751,llama-2-7b,q8,gpu,7,"Extract the names, roles and organizations from the following text and present them in a table:

""Dr",Zheng et al. 2023,2,46.42536497116089,256,5.514226978269862,0.4663839539697281,0.7122846305986341,2.9832587332813247,0.006014457022149368,0.009185576094136139,0.038471909859996836,0.05367194297628234,1.274977005401587e-06,1.274977005401587,26,46.42536497116089,PRY,10,Apple M4,1,Apple M4,16.0,83,256,339,0.0002096560272511029,0.20965602725110288,1324.9214984174348,181.34908191859722,-1,8,512,42,15.6.1,0.3.21,3.13.5,no_disponible_apple_silicon,16.7,10.759414672851562,76.4,Version: 0.3.21,yes,plain_text_no_template,yes
2026-06-22T01:27:40.153841,llama-2-7b,q8,gpu,7,"Extract the names, roles and organizations from the following text and present them in a table:

""Dr",Zheng et al. 2023,3,46.13257908821106,256,5.549223673588617,0.592571964766032,0.5586779893222594,3.3420992507310943,0.007593575841673775,0.00715923792423663,0.042827682779167535,0.05758049654507794,1.3678246954283265e-06,1.3678246954283266,26,46.13257908821106,PRY,10,Apple M4,1,Apple M4,16.0,83,256,339,0.00022492381462921071,0.2249238146292107,1234.986069552917,180.20538706332445,-1,8,512,42,15.6.1,0.3.21,3.13.5,no_disponible_apple_silicon,16.0,10.768020629882812,76.5,Version: 0.3.21,yes,plain_text_no_template,yes
2026-06-22T01:28:32.061290,llama-2-7b,q8,gpu,7,"Extract the names, roles and organizations from the following text and present them in a table:

""Dr",Zheng et al. 2023,4,45.00047278404236,256,5.688829120274939,0.2207287341809261,0.6285585198024146,2.5569142085280703,0.002759138165323579,0.007857064045429586,0.031961763403332955,0.04257796561408612,1.0114395731626156e-06,1.0114395731626156,26,45.00047278404236,PRY,10,Apple M4,1,Apple M4,16.0,83,256,339,0.0001663201781800239,0.1663201781800239,1670.1387697956463,175.78309681266546,-1,8,512,42,15.6.1,0.3.21,3.13.5,no_disponible_apple_silicon,16.5,10.7606201171875,76.5,Version: 0.3.21,yes,plain_text_no_template,yes
2026-06-22T01:29:21.026764,llama-2-7b,q8,gpu,7,"Extract the names, roles and organizations from the following text and present them in a table:

""Dr",Zheng et al. 2023,5,44.00676894187927,256,5.81728688916255,0.20318322154604176,0.7093521399914785,2.497675588070669,0.002483732523178702,0.008671193256397943,0.030531842359999548,0.0416867681395762,9.902691771556325e-07,0.9902691771556326,26,44.00676894187927,PRY,10,Apple M4,1,Apple M4,16.0,83,256,339,0.00016283893804521952,0.1628389380452195,1705.8437073609527,171.9014411792159,-1,8,512,42,15.6.1,0.3.21,3.13.5,no_disponible_apple_silicon,16.4,10.8038330078125,76.7,Version: 0.3.21,yes,plain_text_no_template,yes
2026-06-22T01:30:11.085698,llama-2-7b,q8,gpu,7,"Extract the names, roles and organizations from the following text and present them in a table:

""Dr",Zheng et al. 2023,6,43.091463804244995,256,5.940851792896883,0.1944819517903168,0.7207670324255319,2.470265041437428,0.0023279199961531547,0.008627474024738301,0.02956870461666464,0.04052409863755609,9.62649963135145e-07,0.962649963135145,26,43.091463804244995,PRY,10,Apple M4,1,Apple M4,16.0,83,256,339,0.0001582972603029535,0.1582972603029535,1754.7857571644595,168.326030485332,-1,8,512,42,15.6.1,0.3.21,3.13.5,no_disponible_apple_silicon,16.9,10.9775390625,77.8,Version: 0.3.21,yes,plain_text_no_template,yes
2026-06-22T01:31:01.302769,llama-2-7b,q8,gpu,7,"Extract the names, roles and organizations from the following text and present them in a table:

""Dr",Zheng et al. 2023,7,45.156977891922,256,5.669112769519395,0.6594045076501317,0.6385750045584719,3.308894762125639,0.008271309659386307,0.008010032600883584,0.041505468783334436,0.05778681104360432,1.3727256963408207e-06,1.3727256963408208,26,45.156977891922,PRY,10,Apple M4,1,Apple M4,16.0,83,256,339,0.00022572973063907938,0.2257297306390794,1230.5768362516603,176.3944448903203,-1,8,512,42,15.6.1,0.3.21,3.13.5,no_disponible_apple_silicon,16.1,10.772674560546875,76.5,Version: 0.3.21,yes,plain_text_no_template,yes
2026-06-22T01:31:53.199211,llama-2-7b,q8,gpu,7,"Extract the names, roles and organizations from the following text and present them in a table:

""Dr",Zheng et al. 2023,8,44.885348081588745,256,5.70342017922341,0.20530021955793112,0.6861305944899829,2.4977933344353023,0.002559714393356759,0.008554780711975083,0.031142867570000208,0.042257362675332054,1.003823650352513e-06,1.0038236503525129,26,44.885348081588745,PRY,10,Apple M4,1,Apple M4,16.0,83,256,339,0.00016506782295051584,0.16506782295051584,1682.8099675189285,175.33339094370604,-1,8,512,42,15.6.1,0.3.21,3.13.5,no_disponible_apple_silicon,16.9,10.977249145507812,77.8,Version: 0.3.21,yes,plain_text_no_template,yes
2026-06-22T01:32:43.122023,llama-2-7b,q8,gpu,7,"Extract the names, roles and organizations from the following text and present them in a table:

""Dr",Zheng et al. 2023,9,44.96270799636841,256,5.6936072449345545,0.20582771091792912,0.6802851945529601,2.507120745687921,0.002570714239878827,0.008496517932482616,0.031313038333334285,0.042380270505695726,1.006743325862802e-06,1.006743325862802,26,44.96270799636841,PRY,10,Apple M4,1,Apple M4,16.0,83,256,339,0.00016554793166287393,0.16554793166287393,1677.9296182537125,175.6355781108141,-1,8,512,42,15.6.1,0.3.21,3.13.5,no_disponible_apple_silicon,16.1,10.755630493164062,76.4,Version: 0.3.21,yes,plain_text_no_template,yes
2026-06-22T01:33:35.737161,llama-2-7b,q8,gpu,7,"Extract the names, roles and organizations from the following text and present them in a table:

""Dr",Zheng et al. 2023,10,45.49352407455444,256,5.62717453104906,0.6688347926604165,0.6445704614569318,3.281562967717103,0.008452125483832302,0.008145494946121554,0.04146940663166788,0.05806702706162174,1.3793822278488243e-06,1.3793822278488244,26,45.49352407455444,PRY,10,Apple M4,1,Apple M4,16.0,83,256,339,0.00022682432445945993,0.22682432445945994,1224.63839995884,177.7090784162283,-1,8,512,42,15.6.1,0.3.21,3.13.5,no_disponible_apple_silicon,16.1,10.756011962890625,76.5,Version: 0.3.21,yes,plain_text_no_template,yes
2026-06-22T01:34:28.516665,llama-2-7b,q8,gpu,8,"Given the following data, identify the month with the highest average temperature and the month with",Zheng et al. 2023,1,47.572088956832886,256,5.3813066782140995,0.25291224787318073,0.6337247141384846,3.237227752784482,0.0033421010983598672,0.008374335687538745,0.042778246285831,0.05449468307172961,1.2945211963689367e-06,1.2945211963689367,26,47.572088956832886,PRY,10,Apple M4,1,Apple M4,16.0,113,256,369,0.0002128698557489438,0.2128698557489438,1304.9183351981299,185.82847248762846,-1,8,512,42,15.6.1,0.3.21,3.13.5,no_disponible_apple_silicon,17.1,10.778839111328125,76.6,Version: 0.3.21,yes,plain_text_no_template,yes
2026-06-22T01:35:22.304031,llama-2-7b,q8,gpu,8,"Given the following data, identify the month with the highest average temperature and the month with",Zheng et al. 2023,2,46.411044120788574,256,5.515928478871082,0.6212273816652358,0.5854022885732383,3.322866551366969,0.008008836505418674,0.007546980956495325,0.04283825170082916,0.058394069162743166,1.3871511129609637e-06,1.3871511129609637,26,46.411044120788574,PRY,10,Apple M4,1,Apple M4,16.0,113,256,369,0.0002281018326669655,0.2281018326669655,1217.7796843190665,181.29314109683037,-1,8,512,42,15.6.1,0.3.21,3.13.5,no_disponible_apple_silicon,16.1,10.79632568359375,76.7,Version: 0.3.21,yes,plain_text_no_template,yes
2026-06-22T01:36:17.099021,llama-2-7b,q8,gpu,8,"Given the following data, identify the month with the highest average temperature and the month with",Zheng et al. 2023,3,49.446807861328125,256,5.177280618759925,0.39057751794565004,0.6356249118162257,3.0011619489611903,0.005364669856892499,0.008730450801791818,0.04122163284750362,0.05531675350618793,1.3140494795394942e-06,1.3140494795394941,26,49.446807861328125,PRY,10,Apple M4,1,Apple M4,16.0,113,256,369,0.0002160810683835466,0.2160810683835466,1285.5257513107013,193.151593208313,-1,8,512,42,15.6.1,0.3.21,3.13.5,no_disponible_apple_silicon,16.8,10.827667236328125,76.8,Version: 0.3.21,yes,plain_text_no_template,yes
2026-06-22T01:37:09.980924,llama-2-7b,q8,gpu,8,"Given the following data, identify the month with the highest average temperature and the month with",Zheng et al. 2023,4,45.73061418533325,256,5.598000476497087,0.7502103373176867,0.6305252719219296,3.2763151236673007,0.009529883192701068,0.008009529984545584,0.04161886190833381,0.059158275085580456,1.4053048246579638e-06,1.4053048246579638,26,45.73061418533325,PRY,10,Apple M4,1,Apple M4,16.0,113,256,369,0.00023108701205304865,0.23108701205304866,1202.0484202461828,178.63521166145802,-1,8,512,42,15.6.1,0.3.21,3.13.5,no_disponible_apple_silicon,16.4,10.838409423828125,76.9,Version: 0.3.21,yes,plain_text_no_template,yes
2026-06-22T01:38:02.004652,llama-2-7b,q8,gpu,8,"Given the following data, identify the month with the highest average temperature and the month with",Zheng et al. 2023,5,46.80901098251343,256,5.469032449663049,0.2958094735060714,0.6026161967524952,3.2127154226602097,0.0038462635816881143,0.007835518936674451,0.04177334208416445,0.05345512460252701,1.269826484933029e-06,1.269826484933029,26,46.80901098251343,PRY,10,Apple M4,1,Apple M4,16.0,113,256,369,0.00020880908047862112,0.20880908047862112,1330.2954887836786,182.84769915044308,-1,8,512,42,15.6.1,0.3.21,3.13.5,no_disponible_apple_silicon,17.3,10.986618041992188,77.9,Version: 0.3.21,yes,plain_text_no_template,yes
2026-06-22T01:38:56.211598,llama-2-7b,q8,gpu,8,"Given the following data, identify the month with the highest average temperature and the month with",Zheng et al. 2023,6,46.64553713798523,256,5.488199208483967,0.5249163345150056,0.6318119858816089,3.2570656074681215,0.006801390104431882,0.008186447069906885,0.042202104098335746,0.0571899412726745,1.3585470549323827e-06,1.3585470549323828,26,46.64553713798523,PRY,10,Apple M4,1,Apple M4,16.0,113,256,369,0.00022339820809638477,0.22339820809638478,1243.4199009238741,182.2091294452548,-1,8,512,42,15.6.1,0.3.21,3.13.5,no_disponible_apple_silicon,17.2,10.81207275390625,76.7,Version: 0.3.21,yes,plain_text_no_template,yes
2026-06-22T01:39:50.823557,llama-2-7b,q8,gpu,8,"Given the following data, identify the month with the highest average temperature and the month with",Zheng et al. 2023,7,49.14251708984375,256,5.20933837255372,0.3074605176607702,0.681331323624673,3.0122260979909394,0.0041970510398879465,0.009300648948630932,0.04111899236083142,0.05461669234935029,1.2974195267588161e-06,1.2974195267588162,26,49.14251708984375,PRY,10,Apple M4,1,Apple M4,16.0,113,256,369,0.00021334645448964958,0.2133464544896496,1302.0032530761089,191.96295738220215,-1,8,512,42,15.6.1,0.3.21,3.13.5,no_disponible_apple_silicon,18.5,10.974594116210938,77.7,Version: 0.3.21,yes,plain_text_no_template,yes
2026-06-22T01:40:43.212114,llama-2-7b,q8,gpu,8,"Given the following data, identify the month with the highest average temperature and the month with",Zheng et al. 2023,8,45.293452978134155,256,5.652030992726177,0.708425026917785,0.6575805622821868,3.2412692087722026,0.008913059901453921,0.008273359521406457,0.040780076249166075,0.05796649567202646,1.3769941046889886e-06,1.3769941046889886,26,45.293452978134155,PRY,10,Apple M4,1,Apple M4,16.0,113,256,369,0.00022643162371885337,0.22643162371885336,1226.762292367244,176.92755069583654,-1,8,512,42,15.6.1,0.3.21,3.13.5,no_disponible_apple_silicon,16.4,10.77197265625,76.4,Version: 0.3.21,yes,plain_text_no_template,yes
2026-06-22T01:41:35.446700,llama-2-7b,q8,gpu,8,"Given the following data, identify the month with the highest average temperature and the month with",Zheng et al. 2023,9,47.023581981658936,256,5.444076976097868,0.29179633829558416,0.5968639355042895,3.2671015722477517,0.0038114747321639684,0.007796300056411542,0.04267522739583304,0.054283002184408555,1.289492716890625e-06,1.289492716890625,26,47.023581981658936,PRY,10,Apple M4,1,Apple M4,16.0,113,256,369,0.00021204297728284592,0.2120429772828459,1310.0069681027337,183.68586711585522,-1,8,512,42,15.6.1,0.3.21,3.13.5,no_disponible_apple_silicon,16.3,10.75250244140625,76.3,Version: 0.3.21,yes,plain_text_no_template,yes
2026-06-22T01:42:28.730335,llama-2-7b,q8,gpu,8,"Given the following data, identify the month with the highest average temperature and the month with",Zheng et al. 2023,10,46.121405839920044,256,5.550568013658011,0.576189025286115,0.6330772154741253,3.242574427264136,0.007381846632146906,0.008110669773024623,0.04154224753499875,0.05703476394017028,1.3548608173987448e-06,1.3548608173987449,26,46.121405839920044,PRY,10,Apple M4,1,Apple M4,16.0,113,256,369,0.00022279204664129015,0.22279204664129015,1246.8029355869166,180.16174156218767,-1,8,512,42,15.6.1,0.3.21,3.13.5,no_disponible_apple_silicon,17.2,10.78497314453125,76.5,Version: 0.3.21,yes,plain_text_no_template,yes
2026-06-22T01:43:16.578115,llama-2-7b,q8,gpu,9,Write a Python function that takes a list of integers and returns a dictionary with three keys: mean,Chen et al. 2021,1,42.845696210861206,238,5.5548169605811655,0.19843475910479366,0.6928313683520817,2.4600870261803918,0.0023616876128553926,0.008245789537157936,0.02927892816000167,0.03988640531001499,9.47501558139406e-07,0.9475015581394061,26,42.845696210861206,PRY,10,Apple M4,1,Apple M4,16.0,35,238,273,0.00016758993827737393,0.16758993827737392,1657.484814619567,180.0239336590807,-1,8,512,42,15.6.1,0.3.21,3.13.5,no_disponible_apple_silicon,16.3,10.765151977539062,76.4,Version: 0.3.21,yes,plain_text_no_template,yes
2026-06-22T01:44:06.106826,llama-2-7b,q8,gpu,9,Write a Python function that takes a list of integers and returns a dictionary with three keys: mean,Chen et al. 2021,2,42.47833585739136,238,5.602856025222262,0.2161841149961938,0.6958420404139117,2.497026939993219,0.0025508726232892323,0.008210614415665176,0.02946376361166282,0.040225250650617224,9.55550829205412e-07,0.9555508292054121,26,42.47833585739136,PRY,10,Apple M4,1,Apple M4,16.0,35,238,273,0.0001690136581958707,0.1690136581958707,1643.5226640432804,178.48040276214854,-1,8,512,42,15.6.1,0.3.21,3.13.5,no_disponible_apple_silicon,16.9,10.978851318359375,77.7,Version: 0.3.21,yes,plain_text_no_template,yes
2026-06-22T01:44:52.967351,llama-2-7b,q8,gpu,9,Write a Python function that takes a list of integers and returns a dictionary with three keys: mean,Chen et al. 2021,3,41.89535307884216,238,5.680820962461201,0.21020319407858748,0.7158010274230278,2.4670779072915408,0.002446260287284113,0.00833020466057937,0.028710861110830592,0.039487326058694074,9.380214305242776e-07,0.9380214305242776,26,41.89535307884216,PRY,10,Apple M4,1,Apple M4,16.0,35,238,273,0.00016591313470039527,0.16591313470039526,1674.2362096851878,176.03089528925278,-1,8,512,42,15.6.1,0.3.21,3.13.5,no_disponible_apple_silicon,16.2,10.770828247070312,76.4,Version: 0.3.21,yes,plain_text_no_template,yes
2026-06-22T01:45:40.645409,llama-2-7b,q8,gpu,9,Write a Python function that takes a list of integers and returns a dictionary with three keys: mean,Chen et al. 2021,4,40.57566022872925,238,5.865585394257766,0.21397488503542406,0.7470174729031009,2.4428839220910104,0.0024117145090774357,0.008419646434844495,0.027533785555830644,0.03836514649975257,9.113640551016223e-07,0.9113640551016222,26,40.57566022872925,PRY,10,Apple M4,1,Apple M4,16.0,35,238,273,0.0001611980945367755,0.1611980945367755,1723.2075762186255,170.48596734760187,-1,8,512,42,15.6.1,0.3.21,3.13.5,no_disponible_apple_silicon,16.1,10.775283813476562,76.5,Version: 0.3.21,yes,plain_text_no_template,yes
2026-06-22T01:46:28.630511,llama-2-7b,q8,gpu,9,Write a Python function that takes a list of integers and returns a dictionary with three keys: mean,Chen et al. 2021,5,42.84100794792175,238,5.555424846430243,0.3004608833845693,0.7137194868413209,2.42751361901693,0.003575568636977201,0.00849346172454324,0.028888091734997942,0.04095712209651838,9.729364354027942e-07,0.9729364354027942,26,42.84100794792175,PRY,10,Apple M4,1,Apple M4,16.0,35,238,273,0.00017208874830469909,0.17208874830469909,1614.154211209361,180.00423507530147,-1,8,512,42,15.6.1,0.3.21,3.13.5,no_disponible_apple_silicon,18.6,10.623687744140625,75.5,Version: 0.3.21,yes,plain_text_no_template,yes
2026-06-22T01:47:19.405868,llama-2-7b,q8,gpu,9,Write a Python function that takes a list of integers and returns a dictionary with three keys: mean,Chen et al. 2021,6,43.68846106529236,238,5.447662705360788,0.36840463628205017,0.7780790401806799,2.3645139953227257,0.004470842113467095,0.009442521070181578,0.028694993784165495,0.04260835696781417,1.0121615197704255e-06,1.0121615197704255,26,43.68846106529236,PRY,10,Apple M4,1,Apple M4,16.0,35,238,273,0.00017902670994879904,0.17902670994879902,1551.5996348099184,183.56496245921159,-1,8,512,42,15.6.1,0.3.21,3.13.5,no_disponible_apple_silicon,16.2,10.664505004882812,75.7,Version: 0.3.21,yes,plain_text_no_template,yes
2026-06-22T01:48:05.101580,llama-2-7b,q8,gpu,9,Write a Python function that takes a list of integers and returns a dictionary with three keys: mean,Chen et al. 2021,7,40.77976393699646,238,5.836227996996329,0.16370907714443583,0.7669889287732562,2.4136800828979497,0.0018544493111926766,0.008688229849350883,0.027341473333335673,0.03788415249387923,8.99938042492101e-07,0.8999380424921011,26,40.77976393699646,PRY,10,Apple M4,1,Apple M4,16.0,35,238,273,0.0001591771113188203,0.1591771113188203,1745.086184039418,171.34354595376664,-1,8,512,42,15.6.1,0.3.21,3.13.5,no_disponible_apple_silicon,17.4,10.887161254882812,77.1,Version: 0.3.21,yes,plain_text_no_template,yes
2026-06-22T01:48:52.002567,llama-2-7b,q8,gpu,9,Write a Python function that takes a list of integers and returns a dictionary with three keys: mean,Chen et al. 2021,8,39.95765209197998,238,5.956305927388804,0.17858028816257557,0.7645987455985609,2.491234285860145,0.001982124729134924,0.008486547407386557,0.027651075798336634,0.0381197479348581,9.055346121925541e-07,0.9055346121925542,26,39.95765209197998,PRY,10,Apple M4,1,Apple M4,16.0,35,238,273,0.0001601670081296559,0.1601670081296559,1734.3008464821633,167.88929450411757,-1,8,512,42,15.6.1,0.3.21,3.13.5,no_disponible_apple_silicon,16.1,10.660186767578125,75.7,Version: 0.3.21,yes,plain_text_no_template,yes
2026-06-22T01:49:38.653272,llama-2-7b,q8,gpu,9,Write a Python function that takes a list of integers and returns a dictionary with three keys: mean,Chen et al. 2021,9,41.71862506866455,238,5.7048859977594315,0.199811433535588,0.7083757306699482,2.4867321479137314,0.0023155161889176616,0.008209017087655797,0.028817512812502177,0.039342046089075634,9.345703048459916e-07,0.9345703048459916,26,41.71862506866455,PRY,10,Apple M4,1,Apple M4,16.0,35,238,273,0.00016530271465998165,0.16530271465998167,1680.4187296569871,175.28834062464097,-1,8,512,42,15.6.1,0.3.21,3.13.5,no_disponible_apple_silicon,16.5,10.651641845703125,75.6,Version: 0.3.21,yes,plain_text_no_template,yes
2026-06-22T01:50:27.675176,llama-2-7b,q8,gpu,9,Write a Python function that takes a list of integers and returns a dictionary with three keys: mean,Chen et al. 2021,10,42.114238023757935,238,5.65129540906657,0.1838985772715801,0.7124422168114243,2.487961376978699,0.0021513190154016015,0.008334433638047244,0.029105166006665965,0.03959091866011481,9.404822727710274e-07,0.9404822727710274,26,42.114238023757935,PRY,10,Apple M4,1,Apple M4,16.0,35,238,273,0.00016634839773157483,0.16634839773157484,1669.8554453527647,176.95057993175604,-1,8,512,42,15.6.1,0.3.21,3.13.5,no_disponible_apple_silicon,17.0,10.67474365234375,75.8,Version: 0.3.21,yes,plain_text_no_template,yes
2026-06-22T01:50:43.140059,llama-2-7b,q8,gpu,10,"Write a Python function that reads a list of strings and returns the top 3 most frequent words, igno",Chen et al. 2021,1,10.59023404121399,64,6.043303646636264,0.20000665393769268,0.0011607409668344837,3.000085869430162,0.0005883659097222941,3.41458847222283e-06,0.00882544763916788,0.009417228137362399,2.2370625440304374e-07,0.22370625440304373,26,10.59023404121399,PRY,10,Apple M4,1,Apple M4,16.0,35,64,99,0.00014714418964628748,0.14714418964628748,1887.793044669408,165.47240689396858,-1,8,512,42,15.6.1,0.3.21,3.13.5,no_disponible_apple_silicon,16.0,10.671127319335938,75.8,Version: 0.3.21,yes,plain_text_no_template,yes
2026-06-22T01:50:57.607629,llama-2-7b,q8,gpu,10,"Write a Python function that reads a list of strings and returns the top 3 most frequent words, igno",Chen et al. 2021,2,10.785270690917969,64,5.934018888732477,0.21440069363827063,0.0,2.9999955428329126,0.0006423248658914785,0.0,0.008987712222500098,0.009630037088391576,2.287615310347419e-07,0.2287615310347419,26,10.785270690917969,PRY,10,Apple M4,1,Apple M4,16.0,35,64,99,0.00015046932950611838,0.15046932950611838,1846.0757331046843,168.51985454559326,-1,8,512,42,15.6.1,0.3.21,3.13.5,no_disponible_apple_silicon,16.4,10.648529052734375,75.6,Version: 0.3.21,yes,plain_text_no_template,yes
2026-06-22T01:51:14.424606,llama-2-7b,q8,gpu,10,"Write a Python function that reads a list of strings and returns the top 3 most frequent words, igno",Chen et al. 2021,3,9.8816819190979,64,6.47663024614362,0.21690685739285256,0.0,3.000068699509194,0.0005953901585631383,0.0,0.00823492350666432,0.00883031366522746,2.0976410111747828e-07,0.20976410111747829,26,9.8816819190979,PRY,10,Apple M4,1,Apple M4,16.0,35,64,99,0.00013797365101917905,0.13797365101917905,2013.2668500536035,154.4012799859047,-1,8,512,42,15.6.1,0.3.21,3.13.5,no_disponible_apple_silicon,16.2,10.662521362304688,75.7,Version: 0.3.21,yes,plain_text_no_template,yes
2026-06-22T01:51:29.663572,llama-2-7b,q8,gpu,10,"Write a Python function that reads a list of strings and returns the top 3 most frequent words, igno",Chen et al. 2021,4,10.401106119155884,64,6.153191715074436,0.21880606118500154,0.0,3.000069477469156,0.0006321736283054767,0.0,0.008667789166665898,0.009299962794971377,2.2092061619454505e-07,0.22092061619454506,26,10.401106119155884,PRY,10,Apple M4,1,Apple M4,16.0,35,64,99,0.00014531191867142777,0.14531191867142776,1911.5966557834486,162.51728311181068,-1,8,512,42,15.6.1,0.3.21,3.13.5,no_disponible_apple_silicon,16.0,10.677902221679688,75.8,Version: 0.3.21,yes,plain_text_no_template,yes
2026-06-22T01:51:44.395711,llama-2-7b,q8,gpu,10,"Write a Python function that reads a list of strings and returns the top 3 most frequent words, igno",Chen et al. 2021,5,10.975438833236694,64,5.831201920253988,0.2901019724890829,0.0,2.999996002645962,0.0008844434595709011,0.0,0.00914618684083204,0.01003063030040294,2.3827762278607184e-07,0.23827762278607184,26,10.975438833236694,PRY,10,Apple M4,1,Apple M4,16.0,35,64,99,0.00015672859844379595,0.15672859844379594,1772.3490194891965,171.49123176932335,-1,8,512,42,15.6.1,0.3.21,3.13.5,no_disponible_apple_silicon,18.0,10.880523681640625,77.1,Version: 0.3.21,yes,plain_text_no_template,yes
2026-06-22T01:52:01.090257,llama-2-7b,q8,gpu,10,"Write a Python function that reads a list of strings and returns the top 3 most frequent words, igno",Chen et al. 2021,6,9.967916011810303,64,6.4205998449596455,0.24290953985577407,0.0,3.0001038798447546,0.0006725838588194009,0.0,0.008306884305832984,0.008979468164652386,2.1330726625131743e-07,0.21330726625131743,26,9.967916011810303,PRY,10,Apple M4,1,Apple M4,16.0,35,64,99,0.00014030419007269354,0.14030419007269354,1979.825247085331,155.74868768453598,-1,8,512,42,15.6.1,0.3.21,3.13.5,no_disponible_apple_silicon,17.1,10.922256469726562,77.3,Version: 0.3.21,yes,plain_text_no_template,yes
2026-06-22T01:52:16.445702,llama-2-7b,q8,gpu,10,"Write a Python function that reads a list of strings and returns the top 3 most frequent words, igno",Chen et al. 2021,7,10.527622938156128,64,6.079245084665746,0.21930528367459132,0.0,3.0000574619294054,0.0006413231485754067,0.0,0.008773187153331795,0.009414510301907202,2.2364169222180556e-07,0.22364169222180555,26,10.527622938156128,PRY,10,Apple M4,1,Apple M4,16.0,35,64,99,0.00014710172346730002,0.14710172346730002,1888.3380237181682,164.4941084086895,-1,8,512,42,15.6.1,0.3.21,3.13.5,no_disponible_apple_silicon,16.1,10.8905029296875,77.1,Version: 0.3.21,yes,plain_text_no_template,yes
2026-06-22T01:52:31.072343,llama-2-7b,q8,gpu,10,"Write a Python function that reads a list of strings and returns the top 3 most frequent words, igno",Chen et al. 2021,8,10.812177181243896,64,5.91925187010643,0.694103981878114,0.0,3.0000004236217594,0.0020846597872980752,0.0,0.009010148923334781,0.011094808710632856,2.635571809210835e-07,0.2635571809210835,26,10.812177181243896,PRY,10,Apple M4,1,Apple M4,16.0,35,64,99,0.00017335638610363837,0.17335638610363838,1602.3509950865769,168.94026845693588,-1,8,512,42,15.6.1,0.3.21,3.13.5,no_disponible_apple_silicon,17.1,10.68902587890625,75.8,Version: 0.3.21,yes,plain_text_no_template,yes
2026-06-22T01:52:48.014763,llama-2-7b,q8,gpu,10,"Write a Python function that reads a list of strings and returns the top 3 most frequent words, igno",Chen et al. 2021,9,10.1094229221344,64,6.33072733161387,0.21071032359434622,0.0,3.0001314225954263,0.0005917110486875112,0.0,0.008424888159167192,0.009016599207854702,2.1418931418258845e-07,0.21418931418258844,26,10.1094229221344,PRY,10,Apple M4,1,Apple M4,16.0,35,64,99,0.00014088436262272972,0.14088436262272971,1971.672175723512,157.95973315835,-1,8,512,42,15.6.1,0.3.21,3.13.5,no_disponible_apple_silicon,15.7,10.690948486328125,75.9,Version: 0.3.21,yes,plain_text_no_template,yes
2026-06-22T01:53:03.323048,llama-2-7b,q8,gpu,10,"Write a Python function that reads a list of strings and returns the top 3 most frequent words, igno",Chen et al. 2021,10,10.471003293991089,64,6.112117263560329,0.21011135167695855,0.0,3.0001443025075036,0.0006111324043095425,0.0,0.00872625579833463,0.009337388202644173,2.218096567538123e-07,0.2218096567538123,26,10.471003293991089,PRY,10,Apple M4,1,Apple M4,16.0,35,64,99,0.0001458966906663152,0.1458966906663152,1903.9347397748168,163.60942646861076,-1,8,512,42,15.6.1,0.3.21,3.13.5,no_disponible_apple_silicon,16.0,10.705276489257812,76.0,Version: 0.3.21,yes,plain_text_no_template,yes
2026-06-22T01:53:55.796686,llama-2-7b,q8,gpu,11,Explain how quantization reduces the memory footprint of a neural network model. What are the trade-,Dettmers et al. 2022,1,48.43971514701843,256,5.28491960002282,0.24430201630215853,0.7341677088224339,3.3534602702344616,0.0032872000220885594,0.009878576301527187,0.04512240562416688,0.05828818194778264,1.3846357621695766e-06,1.3846357621695766,26,48.43971514701843,PRY,10,Apple M4,1,Apple M4,16.0,38,256,294,0.00022768821073352593,0.22768821073352594,1219.9919217726822,189.21763729304075,-1,8,512,42,15.6.1,0.3.21,3.13.5,no_disponible_apple_silicon,17.4,10.946792602539062,77.4,Version: 0.3.21,yes,plain_text_no_template,yes
2026-06-22T01:54:46.598377,llama-2-7b,q8,gpu,11,Explain how quantization reduces the memory footprint of a neural network model. What are the trade-,Dettmers et al. 2022,2,43.954681158065796,256,5.824180570879271,0.18950807391241406,0.6638182249848789,2.532093432750774,0.0023138241571387017,0.008104977340589872,0.030915933194164608,0.04133473469189318,9.819066226059224e-07,0.9819066226059224,26,43.954681158065796,PRY,10,Apple M4,1,Apple M4,16.0,38,256,294,0.00016146380739020773,0.16146380739020774,1720.371780323967,171.69797327369452,-1,8,512,42,15.6.1,0.3.21,3.13.5,no_disponible_apple_silicon,15.8,10.670730590820312,75.7,Version: 0.3.21,yes,plain_text_no_template,yes
2026-06-22T01:55:36.004361,llama-2-7b,q8,gpu,11,Explain how quantization reduces the memory footprint of a neural network model. What are the trade-,Dettmers et al. 2022,3,44.50405311584473,256,5.752285063421709,0.18146033461654845,0.663477604472256,2.5055401181492876,0.002243255658387175,0.008202067375168529,0.030974080694998823,0.04141940372855452,9.839179355718126e-07,0.9839179355718126,26,44.50405311584473,PRY,10,Apple M4,1,Apple M4,16.0,38,256,294,0.0001617945458146661,0.1617945458146661,1716.8550174489144,173.84395748376846,-1,8,512,42,15.6.1,0.3.21,3.13.5,no_disponible_apple_silicon,16.0,10.678237915039062,75.8,Version: 0.3.21,yes,plain_text_no_template,yes
2026-06-22T01:56:26.947148,llama-2-7b,q8,gpu,11,Explain how quantization reduces the memory footprint of a neural network model. What are the trade-,Dettmers et al. 2022,4,44.110241174697876,256,5.803640904753077,0.2006700212535625,0.6462043756768567,2.555142439702926,0.0024587786205628862,0.007917841905347561,0.031307763680833885,0.04168438420674433,9.902125468312115e-07,0.9902125468312115,26,44.110241174697876,PRY,10,Apple M4,1,Apple M4,16.0,38,256,294,0.00016282962580759503,0.16282962580759502,1705.9412646812154,172.30562958866358,-1,8,512,42,15.6.1,0.3.21,3.13.5,no_disponible_apple_silicon,16.7,10.69036865234375,75.9,Version: 0.3.21,yes,plain_text_no_template,yes
2026-06-22T01:57:16.128189,llama-2-7b,q8,gpu,11,Explain how quantization reduces the memory footprint of a neural network model. What are the trade-,Dettmers et al. 2022,5,44.29979395866394,256,5.778807915875933,0.20055207038949877,0.6375846134553322,2.531310384956819,0.0024678931656217395,0.007845796390912669,0.03114903569417038,0.04146272525070478,9.849470383304922e-07,0.9849470383304921,26,44.29979395866394,PRY,10,Apple M4,1,Apple M4,16.0,38,256,294,0.00016196377051056556,0.16196377051056557,1715.0611948717085,173.04607015103102,-1,8,512,42,15.6.1,0.3.21,3.13.5,no_disponible_apple_silicon,16.0,10.6866455078125,75.8,Version: 0.3.21,yes,plain_text_no_template,yes
2026-06-22T01:58:07.288183,llama-2-7b,q8,gpu,11,Explain how quantization reduces the memory footprint of a neural network model. What are the trade-,Dettmers et al. 2022,6,44.216753005981445,256,5.789660764221413,0.17274037497735853,0.7173785422158958,2.4659764475301147,0.0021216718040373552,0.008811152725819804,0.030288186527501846,0.041221011057359015,9.792051176675633e-07,0.9792051176675634,26,44.216753005981445,PRY,10,Apple M4,1,Apple M4,16.0,38,256,294,0.00016101957444280865,0.16101957444280865,1725.118071756174,172.72169142961502,-1,8,512,42,15.6.1,0.3.21,3.13.5,no_disponible_apple_silicon,16.8,10.991485595703125,77.8,Version: 0.3.21,yes,plain_text_no_template,yes
2026-06-22T01:58:56.782941,llama-2-7b,q8,gpu,11,Explain how quantization reduces the memory footprint of a neural network model. What are the trade-,Dettmers et al. 2022,7,44.563008069992065,256,5.744675036252453,0.18928168012505084,0.6710770407162883,2.504284679340225,0.0023430447330317493,0.008307003216951764,0.03099957177083221,0.04164961972081572,9.893867164679773e-07,0.9893867164679774,26,44.563008069992065,PRY,10,Apple M4,1,Apple M4,16.0,38,256,294,0.0001626938270344364,0.1626938270344364,1707.365195355459,174.0742502734065,-1,8,512,42,15.6.1,0.3.21,3.13.5,no_disponible_apple_silicon,16.2,10.760055541992188,76.2,Version: 0.3.21,yes,plain_text_no_template,yes
2026-06-22T01:59:49.720949,llama-2-7b,q8,gpu,11,Explain how quantization reduces the memory footprint of a neural network model. What are the trade-,Dettmers et al. 2022,8,45.73897409439087,256,5.596977305868218,0.7543039407616557,0.5179893410347932,3.3748005132219103,0.0095836356682762,0.0065811947363225015,0.042877753679998326,0.059042584084597026,1.4025565849296023e-06,1.4025565849296022,26,45.73897409439087,PRY,10,Apple M4,1,Apple M4,16.0,38,256,294,0.00023063509408045713,0.23063509408045713,1204.4037742186576,178.66786755621433,-1,8,512,42,15.6.1,0.3.21,3.13.5,no_disponible_apple_silicon,17.0,11.060684204101562,78.1,Version: 0.3.21,yes,plain_text_no_template,yes
2026-06-22T02:00:40.660625,llama-2-7b,q8,gpu,11,Explain how quantization reduces the memory footprint of a neural network model. What are the trade-,Dettmers et al. 2022,9,45.7959418296814,256,5.590014961414781,0.6618865497673924,0.6429980090874287,3.296505139832193,0.008419921647498895,0.008179638727991342,0.04193515489583357,0.05853471527132381,1.390492161270297e-06,1.390492161270297,26,45.7959418296814,PRY,10,Apple M4,1,Apple M4,16.0,38,256,294,0.00022865123152860864,0.22865123152860864,1214.8536262881332,178.89039777219296,-1,8,512,42,15.6.1,0.3.21,3.13.5,no_disponible_apple_silicon,16.2,10.7421875,76.1,Version: 0.3.21,yes,plain_text_no_template,yes
2026-06-22T02:01:33.020557,llama-2-7b,q8,gpu,11,Explain how quantization reduces the memory footprint of a neural network model. What are the trade-,Dettmers et al. 2022,10,45.28149127960205,256,5.653524050682498,0.6596625665620893,0.6557303891695807,3.2333950526045268,0.008297362432016987,0.008247902749709008,0.040670263855005634,0.05721552903673165,1.3591548922675602e-06,1.3591548922675603,26,45.28149127960205,PRY,10,Apple M4,1,Apple M4,16.0,38,256,294,0.000223498160299733,0.223498160299733,1242.8638222580914,176.8808253109455,-1,8,512,42,15.6.1,0.3.21,3.13.5,no_disponible_apple_silicon,16.1,10.737503051757812,76.1,Version: 0.3.21,yes,plain_text_no_template,yes
2026-06-22T02:02:24.437927,llama-2-7b,q8,gpu,12,What is the difference between CPU and GPU architectures in the context of deep learning inference? ,Zheng et al. 2023,1,46.25534009933472,256,5.534496113318644,0.5155105196911237,0.6572403624866264,3.2258311376928703,0.006623642892527143,0.008444687914952483,0.04144775454916877,0.05651608535664839,1.3425396076471824e-06,1.3425396076471823,26,46.25534009933472,PRY,10,Apple M4,1,Apple M4,16.0,34,256,290,0.00022076595842440778,0.22076595842440777,1258.2455182866943,180.68492226302624,-1,8,512,42,15.6.1,0.3.21,3.13.5,no_disponible_apple_silicon,17.4,10.746475219726562,76.1,Version: 0.3.21,yes,plain_text_no_template,yes
2026-06-22T02:03:15.938399,llama-2-7b,q8,gpu,12,What is the difference between CPU and GPU architectures in the context of deep learning inference? ,Zheng et al. 2023,2,44.579524755477905,256,5.7425466378158925,0.19590668662129837,0.6582262878288276,2.512659166184242,0.0024259519405549507,0.008150948636936542,0.03111476430583025,0.041691664883321745,9.90385499303308e-07,0.990385499303308,26,44.579524755477905,PRY,10,Apple M4,1,Apple M4,16.0,34,256,290,0.00016285806595047557,0.16285806595047556,1705.6433536564828,174.13876857608557,-1,8,512,42,15.6.1,0.3.21,3.13.5,no_disponible_apple_silicon,16.0,10.7843017578125,76.4,Version: 0.3.21,yes,plain_text_no_template,yes
2026-06-22T02:04:06.162575,llama-2-7b,q8,gpu,12,What is the difference between CPU and GPU architectures in the context of deep learning inference? ,Zheng et al. 2023,3,45.185646057128906,256,5.665515984353422,0.5315529861883567,0.6514069896242719,3.280537721748736,0.0066718236373658375,0.008176179353417275,0.04117589343666623,0.056023896427449336,1.3308476596340588e-06,1.3308476596340588,26,45.185646057128906,PRY,10,Apple M4,1,Apple M4,16.0,34,256,290,0.00021884334541972397,0.21884334541972397,1269.2996318669059,176.5064299106598,-1,8,512,42,15.6.1,0.3.21,3.13.5,no_disponible_apple_silicon,17.2,10.982528686523438,77.6,Version: 0.3.21,yes,plain_text_no_template,yes
2026-06-22T02:04:56.810487,llama-2-7b,q8,gpu,12,What is the difference between CPU and GPU architectures in the context of deep learning inference? ,Zheng et al. 2023,4,43.73281002044678,256,5.853728582277474,0.20093411359957575,0.7043742363127243,2.4850833407727344,0.0024409481712991993,0.008556740183322682,0.030188799340830883,0.041186487695452766,9.783850152054802e-07,0.9783850152054803,26,43.73281002044678,PRY,10,Apple M4,1,Apple M4,16.0,34,256,290,0.00016088471756036237,0.16088471756036238,1726.5641012394997,170.83128914237022,-1,8,512,42,15.6.1,0.3.21,3.13.5,no_disponible_apple_silicon,16.1,10.759613037109375,76.2,Version: 0.3.21,yes,plain_text_no_template,yes
2026-06-22T02:05:45.871925,llama-2-7b,q8,gpu,12,What is the difference between CPU and GPU architectures in the context of deep learning inference? ,Zheng et al. 2023,5,44.130897998809814,256,5.800924332129026,0.23086145168247324,0.6974675578175529,2.4936913985067677,0.002830034215571219,0.008549963792090392,0.030569122430003214,0.04194912043766483,9.965013559967279e-07,0.9965013559967278,26,44.130897998809814,PRY,10,Apple M4,1,Apple M4,16.0,34,256,290,0.00016386375170962823,0.16386375170962822,1695.1752591995382,172.38632030785084,-1,8,512,42,15.6.1,0.3.21,3.13.5,no_disponible_apple_silicon,16.8,11.098602294921875,78.3,Version: 0.3.21,yes,plain_text_no_template,yes
2026-06-22T02:06:36.321254,llama-2-7b,q8,gpu,12,What is the difference between CPU and GPU architectures in the context of deep learning inference? ,Zheng et al. 2023,6,43.45480799674988,256,5.89117779600239,0.1940190357794445,0.7112809043950067,2.4850779431605337,0.0023419610965306403,0.008585715314511006,0.02999682913249975,0.04092450554354139,9.721616291868256e-07,0.9721616291868256,26,43.45480799674988,PRY,10,Apple M4,1,Apple M4,16.0,34,256,290,0.00015986134977945856,0.15986134977945857,1737.61686712263,169.7453437373042,-1,8,512,42,15.6.1,0.3.21,3.13.5,no_disponible_apple_silicon,16.1,10.76666259765625,76.3,Version: 0.3.21,yes,plain_text_no_template,yes
2026-06-22T02:07:25.935379,llama-2-7b,q8,gpu,12,What is the difference between CPU and GPU architectures in the context of deep learning inference? ,Zheng et al. 2023,7,44.64912796020508,256,5.733594623128316,0.1993235961752275,0.7024110939774487,2.4955029632002965,0.0024721179864211043,0.008711678559907428,0.03095056420250027,0.0421343607488288,1.0009017395884282e-06,1.000901739588428,26,44.64912796020508,PRY,10,Apple M4,1,Apple M4,16.0,34,256,290,0.0001645873466751125,0.1645873466751125,1687.7225581994328,174.4106560945511,-1,8,512,42,15.6.1,0.3.21,3.13.5,no_disponible_apple_silicon,16.1,10.77569580078125,76.3,Version: 0.3.21,yes,plain_text_no_template,yes
2026-06-22T02:08:18.796260,llama-2-7b,q8,gpu,12,What is the difference between CPU and GPU architectures in the context of deep learning inference? ,Zheng et al. 2023,8,45.62743139266968,256,5.6106599075644645,0.7755274219071592,0.7105801999779864,3.247602050415147,0.009829256732278581,0.009006097034301408,0.04116103881833624,0.059996392584916236,1.425214305854685e-06,1.4252143058546851,26,45.62743139266968,PRY,10,Apple M4,1,Apple M4,16.0,34,256,290,0.00023436090853482905,0.23436090853482905,1185.2564470516056,178.23215387761593,-1,8,512,42,15.6.1,0.3.21,3.13.5,no_disponible_apple_silicon,17.2,10.9893798828125,77.6,Version: 0.3.21,yes,plain_text_no_template,yes
2026-06-22T02:09:10.325988,llama-2-7b,q8,gpu,12,What is the difference between CPU and GPU architectures in the context of deep learning inference? ,Zheng et al. 2023,9,46.716472148895264,256,5.479865842268096,0.14910126268029197,0.4793765053994341,3.284248393863752,0.0019348569403802713,0.006220771989813168,0.04261902739499722,0.05077465632519066,1.206151961004904e-06,1.206151961004904,26,46.716472148895264,PRY,10,Apple M4,1,Apple M4,16.0,34,256,290,0.00019833850127027602,0.19833850127027602,1400.5237308879823,182.48621933162212,-1,8,512,42,15.6.1,0.3.21,3.13.5,no_disponible_apple_silicon,10.8,10.869598388671875,76.8,Version: 0.3.21,yes,plain_text_no_template,yes
2026-06-22T02:09:59.953995,llama-2-7b,q8,gpu,12,What is the difference between CPU and GPU architectures in the context of deep learning inference? ,Zheng et al. 2023,10,43.02816987037659,256,5.9495907162960044,0.11671692600445166,0.5362094512159544,2.5860756966938547,0.0013950321441299224,0.006408919820283749,0.030909473437498797,0.038713425401912464,9.196374204224306e-07,0.9196374204224307,26,43.02816987037659,PRY,10,Apple M4,1,Apple M4,16.0,34,256,290,0.00015122431797622056,0.15122431797622057,1836.8591870353632,168.07878855615854,-1,8,512,42,15.6.1,0.3.21,3.13.5,no_disponible_apple_silicon,3.7,10.985610961914062,77.4,Version: 0.3.21,yes,plain_text_no_template,yes
2026-06-22T02:10:47.168436,llama-2-7b,q8,gpu,13,Explain the ethical implications of deploying large language models in low-resource countries where ,Bender et al. 2021,1,42.64101195335388,256,6.00360986460746,0.06587350429831149,0.6477299042365328,2.571099487951694,0.000780253578942669,0.007672182941415211,0.030453967777502842,0.03890640429786072,9.242216340956814e-07,0.9242216340956814,26,42.64101195335388,PRY,10,Apple M4,1,Apple M4,16.0,40,256,296,0.00015197814178851844,0.15197814178851843,1827.7482176635162,166.5664529427886,-1,8,512,42,15.6.1,0.3.21,3.13.5,no_disponible_apple_silicon,2.5,10.737899780273438,75.9,Version: 0.3.21,yes,plain_text_no_template,yes
2026-06-22T02:11:35.681378,llama-2-7b,q8,gpu,13,Explain the ethical implications of deploying large language models in low-resource countries where ,Bender et al. 2021,2,41.92017316818237,256,6.106845002117151,0.06868252050459434,0.5956308325280444,2.5753080817409817,0.0007997730981055087,0.006935818789967848,0.029988155763333753,0.03772374765140712,8.961276254591761e-07,0.896127625459176,26,41.92017316818237,PRY,10,Apple M4,1,Apple M4,16.0,40,256,296,0.00014735838926330905,0.14735838926330905,1885.0489555869622,163.7506764382124,-1,8,512,42,15.6.1,0.3.21,3.13.5,no_disponible_apple_silicon,2.4,10.7408447265625,75.9,Version: 0.3.21,yes,plain_text_no_template,yes
2026-06-22T02:12:22.920473,llama-2-7b,q8,gpu,13,Explain the ethical implications of deploying large language models in low-resource countries where ,Bender et al. 2021,3,42.66126990318298,256,6.000759015870263,0.06295188724432098,0.6578053682285246,2.5625770545298074,0.0007460020701790887,0.007795225654933266,0.030367442047499936,0.038908669772612293,9.242754504484049e-07,0.924275450448405,26,42.66126990318298,PRY,10,Apple M4,1,Apple M4,16.0,40,256,296,0.00015198699129926677,0.15198699129926677,1827.6417962036326,166.64558555930853,-1,8,512,42,15.6.1,0.3.21,3.13.5,no_disponible_apple_silicon,3.5,10.764556884765625,76.0,Version: 0.3.21,yes,plain_text_no_template,yes
2026-06-22T02:13:11.877283,llama-2-7b,q8,gpu,13,Explain the ethical implications of deploying large language models in low-resource countries where ,Bender et al. 2021,4,42.338061809539795,256,6.046568715205498,0.06575708588433815,0.5951096225501676,2.5760312402496703,0.0007733409907184237,0.00699882999527247,0.030295602742498887,0.03806777372848979,9.042999649202748e-07,0.9042999649202748,26,42.338061809539795,PRY,10,Apple M4,1,Apple M4,16.0,40,256,296,0.00014870224112691324,0.14870224112691324,1868.013391544665,165.38305394351482,-1,8,512,42,15.6.1,0.3.21,3.13.5,no_disponible_apple_silicon,2.5,10.749954223632812,76.0,Version: 0.3.21,yes,plain_text_no_template,yes
2026-06-22T02:14:00.099911,llama-2-7b,q8,gpu,13,Explain the ethical implications of deploying large language models in low-resource countries where ,Bender et al. 2021,5,43.59442377090454,256,5.872310673156726,0.10077521873850907,0.5384511991968692,2.594061624631006,0.0012203437753589346,0.006520408266038903,0.031412950486668104,0.03915370252806594,9.300962035542062e-07,0.9300962035542062,26,43.59442377090454,PRY,10,Apple M4,1,Apple M4,16.0,40,256,296,0.00015294415050025757,0.15294415050025756,1816.2039991016852,170.29071785509586,-1,8,512,42,15.6.1,0.3.21,3.13.5,no_disponible_apple_silicon,3.7,10.9815673828125,77.4,Version: 0.3.21,yes,plain_text_no_template,yes
2026-06-22T02:14:48.631733,llama-2-7b,q8,gpu,13,Explain the ethical implications of deploying large language models in low-resource countries where ,Bender et al. 2021,6,41.87828302383423,256,6.112953576781131,0.07829975529847324,0.6585218975919611,2.559627371470885,0.0009108498091906739,0.007660490667985701,0.029775777638336273,0.03834711811551265,9.109357908340029e-07,0.9109357908340029,26,41.87828302383423,PRY,10,Apple M4,1,Apple M4,16.0,40,256,296,0.00014979343013872128,0.1497934301387213,1854.405613921333,163.58704306185246,-1,8,512,42,15.6.1,0.3.21,3.13.5,no_disponible_apple_silicon,2.7,10.746109008789062,75.9,Version: 0.3.21,yes,plain_text_no_template,yes
2026-06-22T02:15:35.008738,llama-2-7b,q8,gpu,13,Explain the ethical implications of deploying large language models in low-resource countries where ,Bender et al. 2021,7,41.82123899459839,256,6.121291624886217,0.06699919755681988,0.6607947265628852,2.56363974263956,0.000778330403741688,0.007676459496099087,0.029781830659161037,0.03823662055900181,9.083109213790879e-07,0.9083109213790879,26,41.82123899459839,PRY,10,Apple M4,1,Apple M4,16.0,40,256,296,0.00014936179905860082,0.1493617990586008,1859.76454172726,163.36421482264996,-1,8,512,42,15.6.1,0.3.21,3.13.5,no_disponible_apple_silicon,2.5,10.741897583007812,75.9,Version: 0.3.21,yes,plain_text_no_template,yes
2026-06-22T02:16:24.228339,llama-2-7b,q8,gpu,13,Explain the ethical implications of deploying large language models in low-resource countries where ,Bender et al. 2021,8,42.64721703529358,256,6.002736351779811,0.0693387364058681,0.5932713501946666,2.5785720035140325,0.0008214178167927971,0.007028158897937113,0.030546922187498538,0.03839649890222845,9.121088314224368e-07,0.9121088314224368,26,42.64721703529358,PRY,10,Apple M4,1,Apple M4,16.0,40,256,296,0.0001499863238368299,0.1499863238368299,1852.020708767902,166.59069154411554,-1,8,512,42,15.6.1,0.3.21,3.13.5,no_disponible_apple_silicon,3.4,10.733673095703125,75.9,Version: 0.3.21,yes,plain_text_no_template,yes
2026-06-22T02:17:11.114036,llama-2-7b,q8,gpu,13,Explain the ethical implications of deploying large language models in low-resource countries where ,Bender et al. 2021,9,42.22617030143738,256,6.062590999195723,0.06636725155012385,0.6302551180171477,2.571262731735353,0.000778454129553851,0.007392572207429054,0.03015960499999892,0.03833063133698183,9.105441474100032e-07,0.9105441474100032,26,42.22617030143738,PRY,10,Apple M4,1,Apple M4,16.0,40,256,296,0.00014972902866008527,0.14972902866008528,1855.2032312210392,164.94597773998976,-1,8,512,42,15.6.1,0.3.21,3.13.5,no_disponible_apple_silicon,2.5,10.730056762695312,75.8,Version: 0.3.21,yes,plain_text_no_template,yes
2026-06-22T02:17:59.834185,llama-2-7b,q8,gpu,13,Explain the ethical implications of deploying large language models in low-resource countries where ,Bender et al. 2021,10,42.09103512763977,256,6.0820552220606565,0.09332342084948494,0.6998678618780432,2.56061104627529,0.00109113316255755,0.008182822988615238,0.029938547082498795,0.039212503233671585,9.314930143158684e-07,0.9314930143158684,26,42.09103512763977,PRY,10,Apple M4,1,Apple M4,16.0,40,256,296,0.00015317384075652963,0.15317384075652962,1813.4805290892102,164.41810596734285,-1,8,512,42,15.6.1,0.3.21,3.13.5,no_disponible_apple_silicon,3.5,10.948471069335938,77.2,Version: 0.3.21,yes,plain_text_no_template,yes
2026-06-22T02:18:47.520092,llama-2-7b,q8,gpu,14,"Translate the following paragraph to Spanish, then explain any cultural or linguistic nuances you co",Papineni et al. 2002,1,43.114404916763306,256,5.937690674247592,0.054587923460620344,0.6329432431509465,2.574489053328986,0.0006537571765684636,0.0075802697984831335,0.030832656527500148,0.03906668350255175,9.280290666031166e-07,0.9280290666031166,26,43.114404916763306,PRY,10,Apple M4,1,Apple M4,16.0,84,256,340,0.00015260423243184277,0.15260423243184276,1820.2494999726887,168.41564420610666,-1,8,512,42,15.6.1,0.3.21,3.13.5,no_disponible_apple_silicon,2.5,10.734725952148438,75.9,Version: 0.3.21,yes,plain_text_no_template,yes
2026-06-22T02:19:36.306095,llama-2-7b,q8,gpu,14,"Translate the following paragraph to Spanish, then explain any cultural or linguistic nuances you co",Papineni et al. 2002,2,42.18496799468994,256,6.0685123675386965,0.06213857243265725,0.6490350602409355,2.5631682034133005,0.0007281426914742692,0.007605423123248757,0.030035324618332502,0.038368890433055525,9.114529922372339e-07,0.911452992237234,26,42.18496799468994,PRY,10,Apple M4,1,Apple M4,16.0,84,256,340,0.00014987847825412314,0.14987847825412315,1853.3533367399007,164.78503122925758,-1,8,512,42,15.6.1,0.3.21,3.13.5,no_disponible_apple_silicon,2.8,10.751541137695312,75.9,Version: 0.3.21,yes,plain_text_no_template,yes
2026-06-22T02:20:24.121981,llama-2-7b,q8,gpu,14,"Translate the following paragraph to Spanish, then explain any cultural or linguistic nuances you co",Papineni et al. 2002,3,43.2037513256073,256,5.925411385475368,0.06993000738513158,0.5880311545805725,2.582512772631936,0.0008392329581291963,0.007056986603946889,0.030992844339998556,0.038889063902074646,9.238097129937831e-07,0.9238097129937831,26,43.2037513256073,PRY,10,Apple M4,1,Apple M4,16.0,84,256,340,0.00015191040586747908,0.1519104058674791,1828.5631994170344,168.76465361565351,-1,8,512,42,15.6.1,0.3.21,3.13.5,no_disponible_apple_silicon,3.6,10.750656127929688,76.0,Version: 0.3.21,yes,plain_text_no_template,yes
2026-06-22T02:21:12.996885,llama-2-7b,q8,gpu,14,"Translate the following paragraph to Spanish, then explain any cultural or linguistic nuances you co",Papineni et al. 2002,4,42.26216506958008,256,6.057427478656707,0.06866087836120734,0.6310397346943085,2.565611681192927,0.0008060437153121399,0.007408084842531913,0.0301189734375051,0.03833310199534915,9.106028378995191e-07,0.910602837899519,26,42.26216506958008,PRY,10,Apple M4,1,Apple M4,16.0,84,256,340,0.00014973867966933262,0.14973867966933263,1855.0836590197898,165.08658230304718,-1,8,512,42,15.6.1,0.3.21,3.13.5,no_disponible_apple_silicon,2.4,10.730224609375,75.8,Version: 0.3.21,yes,plain_text_no_template,yes
2026-06-22T02:22:00.406962,llama-2-7b,q8,gpu,14,"Translate the following paragraph to Spanish, then explain any cultural or linguistic nuances you co",Papineni et al. 2002,5,42.80173993110657,256,5.981065265385382,0.08165048989276409,0.6366419023282607,2.569933738209073,0.000970773064899315,0.007569272536860878,0.030554898750833677,0.03909494435259386,9.287004030958671e-07,0.9287004030958671,26,42.80173993110657,PRY,10,Apple M4,1,Apple M4,16.0,84,256,340,0.00015271462637731978,0.15271462637731978,1818.9336828252335,167.19429660588503,-1,8,512,42,15.6.1,0.3.21,3.13.5,no_disponible_apple_silicon,3.5,10.9500732421875,77.2,Version: 0.3.21,yes,plain_text_no_template,yes
2026-06-22T02:22:49.036488,llama-2-7b,q8,gpu,14,"Translate the following paragraph to Spanish, then explain any cultural or linguistic nuances you co",Papineni et al. 2002,6,41.98868727684021,256,6.096880293307061,0.06789390299067884,0.6507190591496762,2.565668385622857,0.00079188218352215,0.007589677522143179,0.02992473541666489,0.03830629512233021,9.099660406309542e-07,0.9099660406309542,26,41.98868727684021,PRY,10,Apple M4,1,Apple M4,16.0,84,256,340,0.0001496339653216024,0.1496339653216024,1856.3818527482108,164.01830967515707,-1,8,512,42,15.6.1,0.3.21,3.13.5,no_disponible_apple_silicon,2.4,10.732131958007812,75.8,Version: 0.3.21,yes,plain_text_no_template,yes
2026-06-22T02:23:35.896744,llama-2-7b,q8,gpu,14,"Translate the following paragraph to Spanish, then explain any cultural or linguistic nuances you co",Papineni et al. 2002,7,42.299731969833374,256,6.052047804524385,0.06377275091888106,0.6427625793118078,2.5671325429304304,0.0007493250752354483,0.00755241245142451,0.03016361624916499,0.038465353775824954,9.137444789447217e-07,0.9137444789447217,26,42.299731969833374,PRY,10,Apple M4,1,Apple M4,16.0,84,256,340,0.00015025528818681623,0.15025528818681622,1848.7055006836738,165.23332800716162,-1,8,512,42,15.6.1,0.3.21,3.13.5,no_disponible_apple_silicon,2.6,10.733474731445312,75.9,Version: 0.3.21,yes,plain_text_no_template,yes
2026-06-22T02:24:24.258484,llama-2-7b,q8,gpu,14,"Translate the following paragraph to Spanish, then explain any cultural or linguistic nuances you co",Papineni et al. 2002,8,41.736724853515625,256,6.1336868405101095,0.06575244979707111,0.6639470696071604,2.5558606209374113,0.0007623033071180433,0.007697493378192233,0.029631458750000093,0.038091255435310375,9.048577728657978e-07,0.9048577728657978,26,41.736724853515625,PRY,10,Apple M4,1,Apple M4,16.0,84,256,340,0.00014879396654418115,0.14879396654418114,1866.8618374072155,163.0340814590454,-1,8,512,42,15.6.1,0.3.21,3.13.5,no_disponible_apple_silicon,3.6,10.742050170898438,75.9,Version: 0.3.21,yes,plain_text_no_template,yes
2026-06-22T02:25:10.971371,llama-2-7b,q8,gpu,14,"Translate the following paragraph to Spanish, then explain any cultural or linguistic nuances you co",Papineni et al. 2002,9,42.08831787109375,256,6.082447884566581,0.06709553291210829,0.6529954410188696,2.5636961948794252,0.0007844272547042351,0.007634299913882566,0.029972683437499655,0.03839141060608646,9.119879589475838e-07,0.9119879589475838,26,42.08831787109375,PRY,10,Apple M4,1,Apple M4,16.0,84,256,340,0.00014996644768002523,0.14996644768002523,1852.2661707001037,164.40749168395996,-1,8,512,42,15.6.1,0.3.21,3.13.5,no_disponible_apple_silicon,2.7,10.761962890625,76.0,Version: 0.3.21,yes,plain_text_no_template,yes
2026-06-22T02:25:59.467527,llama-2-7b,q8,gpu,14,"Translate the following paragraph to Spanish, then explain any cultural or linguistic nuances you co",Papineni et al. 2002,10,41.89686894416809,256,6.1102418021057,0.1173143464310272,0.6576633180232293,2.5617790084032754,0.0013653066104698556,0.007653898290168327,0.029814033160831366,0.038833238061469544,9.22483570150209e-07,0.922483570150209,26,41.89686894416809,PRY,10,Apple M4,1,Apple M4,16.0,84,256,340,0.0001516923361776154,0.1516923361776154,1831.1919031461807,163.6596443131566,-1,8,512,42,15.6.1,0.3.21,3.13.5,no_disponible_apple_silicon,3.7,10.975433349609375,77.4,Version: 0.3.21,yes,plain_text_no_template,yes
2026-06-22T02:26:49.879489,llama-2-7b,q8,gpu,15,The following is a summary of key findings from a research experiment on energy consumption in large,Villamayor 2026,1,45.7422091960907,256,5.596581461611581,0.8291056841343019,0.5750104873273304,3.3848971954598834,0.010534757124816425,0.007306180555909114,0.04300907656166297,0.06085001424238852,1.4454920883279392e-06,1.4454920883279392,26,45.7422091960907,PRY,10,Apple M4,1,Apple M4,16.0,279,256,535,0.00023769536813433016,0.23769536813433015,1168.6293256703077,178.6805046722293,-1,8,512,42,15.6.1,0.3.21,3.13.5,no_disponible_apple_silicon,2.6,10.736282348632812,75.8,Version: 0.3.21,yes,plain_text_no_template,yes
2026-06-22T02:27:39.033914,llama-2-7b,q8,gpu,15,The following is a summary of key findings from a research experiment on energy consumption in large,Villamayor 2026,2,42.45008993148804,256,6.0306114878241495,0.06511503700464855,0.6521706835343674,2.562540433944495,0.0007678164379831951,0.0076901956018649775,0.030216686631671718,0.03867469867151989,9.187174669419549e-07,0.9187174669419549,26,42.45008993148804,PRY,10,Apple M4,1,Apple M4,16.0,279,256,535,0.00015107304168562457,0.15107304168562458,1838.6985174748747,165.82066379487514,-1,8,512,42,15.6.1,0.3.21,3.13.5,no_disponible_apple_silicon,2.4,10.735809326171875,75.9,Version: 0.3.21,yes,plain_text_no_template,yes
2026-06-22T02:28:26.745693,llama-2-7b,q8,gpu,15,The following is a summary of key findings from a research experiment on energy consumption in large,Villamayor 2026,3,43.0610990524292,256,5.945041014589671,0.06195125813047117,0.6415684533272132,2.5743951400086655,0.0007410247952163413,0.007674067421565814,0.03079341225666819,0.03920850447345035,9.313980237668129e-07,0.9313980237668129,26,43.0610990524292,PRY,10,Apple M4,1,Apple M4,16.0,279,256,535,0.00015315822059941542,0.15315822059941542,1813.6654806424278,168.20741817355156,-1,8,512,42,15.6.1,0.3.21,3.13.5,no_disponible_apple_silicon,3.6,10.740707397460938,75.9,Version: 0.3.21,yes,plain_text_no_template,yes
2026-06-22T02:29:15.481287,llama-2-7b,q8,gpu,15,The following is a summary of key findings from a research experiment on energy consumption in large,Villamayor 2026,4,42.111698150634766,256,6.079070929039256,0.1966938365727483,0.6162144818872649,2.562518061821979,0.002300864298289406,0.007208288404801749,0.029975551979165783,0.03948470468225694,9.379591597270136e-07,0.9379591597270136,26,42.111698150634766,PRY,10,Apple M4,1,Apple M4,16.0,279,256,535,0.00015423712766506618,0.15423712766506617,1800.9786747389803,164.49882090091705,-1,8,512,42,15.6.1,0.3.21,3.13.5,no_disponible_apple_silicon,2.9,10.768630981445312,76.1,Version: 0.3.21,yes,plain_text_no_template,yes
2026-06-22T02:30:03.614063,llama-2-7b,q8,gpu,15,The following is a summary of key findings from a research experiment on energy consumption in large,Villamayor 2026,5,43.534242153167725,256,5.880428539431286,0.06633899760723143,0.580381740323746,2.5892383886089934,0.0008022272183421187,0.007018466451258575,0.03131125861166159,0.03913195228126229,9.295795264413856e-07,0.9295795264413856,26,43.534242153167725,PRY,10,Apple M4,1,Apple M4,16.0,279,256,535,0.00015285918859868082,0.1528591885986808,1817.2134781315658,170.05563341081142,-1,8,512,42,15.6.1,0.3.21,3.13.5,no_disponible_apple_silicon,3.6,10.980712890625,77.4,Version: 0.3.21,yes,plain_text_no_template,yes
2026-06-22T02:30:52.945041,llama-2-7b,q8,gpu,15,The following is a summary of key findings from a research experiment on energy consumption in large,Villamayor 2026,6,42.69427490234375,256,5.996120102415572,0.07608298716071492,0.6275585777280527,2.57090802282213,0.0009023077692308479,0.007442544009679261,0.030489737187502516,0.03883458896641263,9.225156608971319e-07,0.9225156608971319,26,42.69427490234375,PRY,10,Apple M4,1,Apple M4,16.0,279,256,535,0.00015169761315004932,0.15169761315004932,1831.128203072109,166.77451133728027,-1,8,512,42,15.6.1,0.3.21,3.13.5,no_disponible_apple_silicon,2.5,10.74615478515625,76.0,Version: 0.3.21,yes,plain_text_no_template,yes
2026-06-22T02:31:40.201228,llama-2-7b,q8,gpu,15,The following is a summary of key findings from a research experiment on energy consumption in large,Villamayor 2026,7,42.65635085105896,256,6.001451012391152,0.06754640788098676,0.6584842512092608,2.575832547389048,0.0008003564648055848,0.007802370902633075,0.03052100468750116,0.03912373205493983,9.293842549650956e-07,0.9293842549650956,26,42.65635085105896,PRY,10,Apple M4,1,Apple M4,16.0,279,256,535,0.00015282707833960872,0.1528270783396087,1817.5952900212264,166.62637051194906,-1,8,512,42,15.6.1,0.3.21,3.13.5,no_disponible_apple_silicon,2.4,10.744705200195312,76.0,Version: 0.3.21,yes,plain_text_no_template,yes
2026-06-22T02:32:29.473207,llama-2-7b,q8,gpu,15,The following is a summary of key findings from a research experiment on energy consumption in large,Villamayor 2026,8,42.64514517784119,256,6.003027986712541,0.06841570361552222,0.6261406699136555,2.574359069295583,0.000810443781424472,0.0074171832695051594,0.03049553229166729,0.03872315934259692,9.198686501833899e-07,0.9198686501833899,26,42.64514517784119,PRY,10,Apple M4,1,Apple M4,16.0,279,256,535,0.00015126234118201923,0.15126234118201923,1836.3974509922343,166.58259835094213,-1,8,512,42,15.6.1,0.3.21,3.13.5,no_disponible_apple_silicon,3.4,10.735992431640625,75.9,Version: 0.3.21,yes,plain_text_no_template,yes
2026-06-22T02:33:17.384050,llama-2-7b,q8,gpu,15,The following is a summary of key findings from a research experiment on energy consumption in large,Villamayor 2026,9,43.277320861816406,256,5.915338447530122,0.07061275963666686,0.6108041731299446,2.5814152141420874,0.000848869737703986,0.007342768940078076,0.03103242625000045,0.03922406492778251,9.317676623594735e-07,0.9317676623594735,26,43.277320861816406,PRY,10,Apple M4,1,Apple M4,16.0,279,256,535,0.00015321900362415044,0.15321900362415045,1812.945987164704,169.05203461647034,-1,8,512,42,15.6.1,0.3.21,3.13.5,no_disponible_apple_silicon,2.4,10.734603881835938,75.8,Version: 0.3.21,yes,plain_text_no_template,yes
2026-06-22T02:34:07.469528,llama-2-7b,q8,gpu,15,The following is a summary of key findings from a research experiment on energy consumption in large,Villamayor 2026,10,43.43686604499817,256,5.893611195034151,0.06147114741117184,0.6185413199410585,2.5770066809616443,0.0007416983321476132,0.00746319346043781,0.031093637221665634,0.039298529014251064,9.335365567335339e-07,0.9335365567335339,26,43.43686604499817,PRY,10,Apple M4,1,Apple M4,16.0,279,256,535,0.00015350987896191822,0.15350987896191823,1809.5107601947052,169.6752579882741,-1,8,512,42,15.6.1,0.3.21,3.13.5,no_disponible_apple_silicon,3.4,10.951629638671875,77.2,Version: 0.3.21,yes,plain_text_no_template,yes
2026-06-22T02:35:32.834980,qwen2.5-7b,q4,cpu,1,"If all roses are flowers and some flowers fade quickly, can we conclude that some roses fade quickly",Zheng et al. 2023,1,70.78977298736572,242,3.4185729066145076,1.6132557664983564,0.0,2.2506810503041086,0.031722780411382594,0.0,0.044257000171664916,0.07597978058304751,1.8048996877502934e-06,1.8048996877502934,26,70.78977298736572,PRY,10,Apple M4,1,Apple M4,16.0,27,242,269,0.00031396603546713844,0.31396603546713847,884.7383041432571,292.5197230882881,0,8,512,42,15.6.1,0.3.21,3.13.5,no_disponible_apple_silicon,62.2,7.7964324951171875,58.1,Version: 0.3.21,no,plain_text_no_template,yes
2026-06-22T02:36:50.184864,qwen2.5-7b,q4,cpu,1,"If all roses are flowers and some flowers fade quickly, can we conclude that some roses fade quickly",Zheng et al. 2023,2,70.671560049057,242,3.424291183497499,1.6212644797889322,0.0,2.249427504991499,0.031827025010779636,0.0,0.044158486387502006,0.07598551139828166,1.8050358232661806e-06,1.8050358232661807,26,70.671560049057,PRY,10,Apple M4,1,Apple M4,16.0,27,242,269,0.00031398971652182503,0.31398971652182506,884.6715773204942,292.03123987213644,0,8,512,42,15.6.1,0.3.21,3.13.5,no_disponible_apple_silicon,67.8,7.7255706787109375,57.6,Version: 0.3.21,no,plain_text_no_template,yes
2026-06-22T02:37:59.999672,qwen2.5-7b,q4,cpu,1,"If all roses are flowers and some flowers fade quickly, can we conclude that some roses fade quickly",Zheng et al. 2023,3,65.16193580627441,242,3.7138245972228763,1.838161337233674,0.0,2.19136070554322,0.03327170862733227,0.0,0.03966480711749985,0.07293651574483213,1.732606931518487e-06,1.732606931518487,26,65.16193580627441,PRY,10,Apple M4,1,Apple M4,16.0,27,242,269,0.0003013905609290584,0.3013905609290584,921.6538730393796,269.2641975465885,0,8,512,42,15.6.1,0.3.21,3.13.5,no_disponible_apple_silicon,69.5,7.929107666015625,58.9,Version: 0.3.21,no,plain_text_no_template,yes
2026-06-22T02:38:58.586443,qwen2.5-7b,q4,cpu,1,"If all roses are flowers and some flowers fade quickly, can we conclude that some roses fade quickly",Zheng et al. 2023,4,51.927128076553345,242,4.660377127794022,1.8724030283451052,0.0006295842640151086,2.242863430773638,0.027007919962167393,9.081250753470866e-06,0.03235151573000015,0.059368516942921015,1.4102991199790887e-06,1.4102991199790886,26,51.927128076553345,PRY,10,Apple M4,1,Apple M4,16.0,27,242,269,0.0002453244501773596,0.24532445017735954,1132.2873752573614,214.57490940724523,0,8,512,42,15.6.1,0.3.21,3.13.5,no_disponible_apple_silicon,66.3,7.7249908447265625,57.6,Version: 0.3.21,no,plain_text_no_template,yes
2026-06-22T02:39:55.110233,qwen2.5-7b,q4,cpu,1,"If all roses are flowers and some flowers fade quickly, can we conclude that some roses fade quickly",Zheng et al. 2023,5,51.90918707847595,242,4.661987860340522,1.9054652500343037,0.0,2.2492376002244288,0.027475320037657118,0.0,0.03243224871499782,0.05990756875265494,1.423104295719318e-06,1.4231042957193178,26,51.90918707847595,PRY,10,Apple M4,1,Apple M4,16.0,27,242,269,0.0002475519369944419,0.2475519369944419,1122.0989871875431,214.50077305155352,0,8,512,42,15.6.1,0.3.21,3.13.5,no_disponible_apple_silicon,70.0,7.9334259033203125,58.8,Version: 0.3.21,no,plain_text_no_template,yes
2026-06-22T02:40:43.821169,qwen2.5-7b,q4,cpu,1,"If all roses are flowers and some flowers fade quickly, can we conclude that some roses fade quickly",Zheng et al. 2023,6,42.08746409416199,242,5.749930655327085,1.7355315783939922,0.0,2.3745162728598177,0.02029003416387262,0.0,0.027760380104164144,0.04805041426803675,1.141437590937213e-06,1.141437590937213,26,42.08746409416199,PRY,10,Apple M4,1,Apple M4,16.0,27,242,269,0.000198555430859656,0.19855543085965602,1398.9936038270246,173.9151408849669,0,8,512,42,15.6.1,0.3.21,3.13.5,no_disponible_apple_silicon,65.8,7.7304534912109375,57.5,Version: 0.3.21,no,plain_text_no_template,yes
2026-06-22T02:41:28.777424,qwen2.5-7b,q4,cpu,1,"If all roses are flowers and some flowers fade quickly, can we conclude that some roses fade quickly",Zheng et al. 2023,7,40.33951997756958,242,5.9990798139036325,1.8232358077191133,0.0,2.3502308728195556,0.02043012702480705,0.0,0.02633532923500146,0.046765456259808505,1.110913413451751e-06,1.1109134134517509,26,40.33951997756958,PRY,10,Apple M4,1,Apple M4,16.0,27,242,269,0.0001932456870240021,0.19324568702400208,1437.4332594717957,166.692231312271,0,8,512,42,15.6.1,0.3.21,3.13.5,no_disponible_apple_silicon,68.3,7.7048492431640625,57.4,Version: 0.3.21,no,plain_text_no_template,yes
2026-06-22T02:42:13.776521,qwen2.5-7b,q4,cpu,1,"If all roses are flowers and some flowers fade quickly, can we conclude that some roses fade quickly",Zheng et al. 2023,8,38.33902597427368,242,6.312106107296185,1.9649693679396887,0.0,2.3269598498628925,0.020926392121136627,0.0,0.02478149281249595,0.04570788493363258,1.0857908065984418e-06,1.0857908065984418,26,38.33902597427368,PRY,10,Apple M4,1,Apple M4,16.0,27,242,269,0.00018887555757699412,0.18887555757699412,1470.6920331104418,158.42572716642016,0,8,512,42,15.6.1,0.3.21,3.13.5,no_disponible_apple_silicon,65.6,7.9202117919921875,58.7,Version: 0.3.21,no,plain_text_no_template,yes
2026-06-22T02:42:54.963209,qwen2.5-7b,q4,cpu,1,"If all roses are flowers and some flowers fade quickly, can we conclude that some roses fade quickly",Zheng et al. 2023,9,36.57674527168274,242,6.616225642891014,2.06950461441138,0.0,2.288717756464738,0.021026595311082513,0.0,0.02325384621582998,0.044280441526912497,1.0518818884718062e-06,1.0518818884718062,26,36.57674527168274,PRY,10,Apple M4,1,Apple M4,16.0,27,242,269,0.0001829770311029442,0.1829770311029442,1518.101895649941,151.14357550282122,0,8,512,42,15.6.1,0.3.21,3.13.5,no_disponible_apple_silicon,68.2,7.71649169921875,57.5,Version: 0.3.21,no,plain_text_no_template,yes
2026-06-22T02:43:36.159284,qwen2.5-7b,q4,cpu,1,"If all roses are flowers and some flowers fade quickly, can we conclude that some roses fade quickly",Zheng et al. 2023,10,34.57611799240112,242,6.999050617920291,2.1957468231036974,0.0,2.253472422616086,0.021089000343631484,0.0,0.0216434245491655,0.04273242489279698,1.0151087533283923e-06,1.0151087533283922,26,34.57611799240112,PRY,10,Apple M4,1,Apple M4,16.0,27,242,269,0.00017658026815205364,0.17658026815205363,1573.0963639639665,142.8765206297567,0,8,512,42,15.6.1,0.3.21,3.13.5,no_disponible_apple_silicon,64.4,7.70001220703125,57.4,Version: 0.3.21,no,plain_text_no_template,yes
2026-06-22T02:44:02.208043,qwen2.5-7b,q4,cpu,2,A farmer has 17 sheep. All but 9 die. How many sheep does the farmer have left? Explain your answer.,Zheng et al. 2023,1,21.433085918426514,137,6.391986693909437,2.0901241462566538,0.0,2.4032950888202653,0.012443836224137979,0.0,0.014308341701671452,0.02675217792580943,6.35497986627603e-07,0.635497986627603,26,21.433085918426514,PRY,10,Apple M4,1,Apple M4,16.0,27,137,164,0.00019527137172123673,0.1952713717212367,1422.521772286849,156.4458826162519,0,8,512,42,15.6.1,0.3.21,3.13.5,no_disponible_apple_silicon,64.8,7.92791748046875,58.7,Version: 0.3.21,no,plain_text_no_template,yes
2026-06-22T02:44:27.462810,qwen2.5-7b,q4,cpu,2,A farmer has 17 sheep. All but 9 die. How many sheep does the farmer have left? Explain your answer.,Zheng et al. 2023,2,18.652013063430786,137,7.345051686061852,2.524567605200559,0.0,5.414312742412684,0.013080074431031945,0.0,0.028052175555828097,0.04113224998686004,9.770965984378602e-07,0.9770965984378602,26,18.652013063430786,PRY,10,Apple M4,1,Apple M4,16.0,27,137,164,0.0003002354013639419,0.3002354013639419,925.1999481602062,136.14608075496923,0,8,512,42,15.6.1,0.3.21,3.13.5,no_disponible_apple_silicon,57.1,7.7125396728515625,57.4,Version: 0.3.21,no,plain_text_no_template,yes
2026-06-22T02:44:52.167975,qwen2.5-7b,q4,cpu,2,A farmer has 17 sheep. All but 9 die. How many sheep does the farmer have left? Explain your answer.,Zheng et al. 2023,3,20.104567766189575,137,6.814371818050065,2.1945403419583878,0.0,2.3603838282368144,0.012255634727927569,0.0,0.013181804619168057,0.025437439347095626,6.042663716902565e-07,0.6042663716902565,26,20.104567766189575,PRY,10,Apple M4,1,Apple M4,16.0,27,137,164,0.0001856747397598221,0.1856747397598221,1496.0450631954286,146.74866982620128,0,8,512,42,15.6.1,0.3.21,3.13.5,no_disponible_apple_silicon,63.1,7.7154998779296875,57.4,Version: 0.3.21,no,plain_text_no_template,yes
2026-06-22T02:45:18.091462,qwen2.5-7b,q4,cpu,2,A farmer has 17 sheep. All but 9 die. How many sheep does the farmer have left? Explain your answer.,Zheng et al. 2023,4,19.298246145248413,137,7.099090713677727,2.4141212125917004,0.0,5.333845274034392,0.012941195940294501,0.0,0.028592738610829352,0.041533934551123856,9.86638615261947e-07,0.9866386152619471,26,19.298246145248413,PRY,10,Apple M4,1,Apple M4,16.0,27,137,164,0.0003031674054826559,0.30316740548265586,916.2521193053168,140.8631105492585,0,8,512,42,15.6.1,0.3.21,3.13.5,no_disponible_apple_silicon,57.5,7.72039794921875,57.5,Version: 0.3.21,no,plain_text_no_template,yes
2026-06-22T02:45:43.918808,qwen2.5-7b,q4,cpu,2,A farmer has 17 sheep. All but 9 die. How many sheep does the farmer have left? Explain your answer.,Zheng et al. 2023,5,21.191504955291748,137,6.464854680638886,2.0265342428456385,0.0,2.3891049435054974,0.011929252902592157,0.0,0.014063535902502434,0.02599278880509459,6.17458698065022e-07,0.617458698065022,26,21.191504955291748,PRY,10,Apple M4,1,Apple M4,16.0,27,137,164,0.00018972838543864664,0.18972838543864665,1464.0812819629675,154.68251792183756,0,8,512,42,15.6.1,0.3.21,3.13.5,no_disponible_apple_silicon,63.9,7.8050994873046875,58.0,Version: 0.3.21,no,plain_text_no_template,yes
2026-06-22T02:46:18.064401,qwen2.5-7b,q4,cpu,2,A farmer has 17 sheep. All but 9 die. How many sheep does the farmer have left? Explain your answer.,Zheng et al. 2023,6,27.51497483253479,137,4.979106862129702,1.6379336748744295,0.0,2.528746011925511,0.012518806622647542,0.0,0.019327328576667545,0.03184613519931509,7.565049416597298e-07,0.7565049416597298,26,27.51497483253479,PRY,10,Apple M4,1,Apple M4,16.0,27,137,164,0.00023245354160084008,0.23245354160084006,1194.9819127934247,200.83923235426855,0,8,512,42,15.6.1,0.3.21,3.13.5,no_disponible_apple_silicon,65.5,7.9030303955078125,58.6,Version: 0.3.21,no,plain_text_no_template,yes
2026-06-22T02:46:45.574606,qwen2.5-7b,q4,cpu,2,A farmer has 17 sheep. All but 9 die. How many sheep does the farmer have left? Explain your answer.,Zheng et al. 2023,7,22.87696409225464,137,5.988556849043774,1.8602016539175936,0.0,2.43549242483776,0.011821046233618189,0.0,0.015476853541658784,0.027297899775276968,6.484616091617043e-07,0.6484616091617043,26,22.87696409225464,PRY,10,Apple M4,1,Apple M4,16.0,27,137,164,0.00019925474288523334,0.19925474288523334,1394.083642655232,166.98513935952292,0,8,512,42,15.6.1,0.3.21,3.13.5,no_disponible_apple_silicon,63.3,7.662689208984375,57.1,Version: 0.3.21,no,plain_text_no_template,yes
2026-06-22T02:47:14.493131,qwen2.5-7b,q4,cpu,2,A farmer has 17 sheep. All but 9 die. How many sheep does the farmer have left? Explain your answer.,Zheng et al. 2023,8,22.28691601753235,137,6.14710442181533,1.872213519022475,0.0,2.4171565935197408,0.01159051818481739,0.0,0.014964157222499733,0.02655467540731712,6.308063143008181e-07,0.6308063143008181,26,22.28691601753235,PRY,10,Apple M4,1,Apple M4,16.0,27,137,164,0.00019382974749866512,0.1938297474986651,1433.1018915437157,162.67821910607555,0,8,512,42,15.6.1,0.3.21,3.13.5,no_disponible_apple_silicon,58.8,7.66717529296875,57.1,Version: 0.3.21,no,plain_text_no_template,yes
2026-06-22T02:47:43.976934,qwen2.5-7b,q4,cpu,2,A farmer has 17 sheep. All but 9 die. How many sheep does the farmer have left? Explain your answer.,Zheng et al. 2023,9,24.8521671295166,137,5.5125977258251595,1.6842277802789622,0.0,2.475028668704734,0.011626863966574315,0.0,0.017086062812498616,0.028712926779072927,6.820755756368773e-07,0.6820755756368773,26,24.8521671295166,PRY,10,Apple M4,1,Apple M4,16.0,27,137,164,0.00020958340714651773,0.20958340714651771,1325.3805802650495,181.40267977749343,0,8,512,42,15.6.1,0.3.21,3.13.5,no_disponible_apple_silicon,64.4,7.7529754638671875,57.6,Version: 0.3.21,no,plain_text_no_template,yes
2026-06-22T02:48:15.692245,qwen2.5-7b,q4,cpu,2,A farmer has 17 sheep. All but 9 die. How many sheep does the farmer have left? Explain your answer.,Zheng et al. 2023,10,25.074875116348267,137,5.463636383603722,1.6517170945665192,0.0,2.4792160612790077,0.01150461107605363,0.0,0.0172683425341711,0.02877295361022473,6.835015130108884e-07,0.6835015130108884,26,25.074875116348267,PRY,10,Apple M4,1,Apple M4,16.0,27,137,164,0.00021002155919872065,0.21002155919872065,1322.6155392692174,183.02828552079026,0,8,512,42,15.6.1,0.3.21,3.13.5,no_disponible_apple_silicon,60.7,7.906768798828125,58.6,Version: 0.3.21,no,plain_text_no_template,yes
2026-06-22T02:49:17.160898,qwen2.5-7b,q4,cpu,3,"Given that f(x) = 4x^3 - 9x - 14, find the value of f(2). Show all steps.",Zheng et al. 2023,1,56.84698295593262,256,4.503317268366721,1.739314594069807,0.0,2.3099392227865865,0.02746521863446977,0.0,0.036475854340830366,0.06394107297530013,1.5189201885282546e-06,1.5189201885282546,26,56.84698295593262,PRY,10,Apple M4,1,Apple M4,16.0,32,256,288,0.00024976981630976615,0.24976981630976614,1112.1350925496777,222.0585271716118,0,8,512,42,15.6.1,0.3.21,3.13.5,no_disponible_apple_silicon,69.4,7.6915435791015625,57.3,Version: 0.3.21,no,plain_text_no_template,yes
2026-06-22T02:50:21.062614,qwen2.5-7b,q4,cpu,3,"Given that f(x) = 4x^3 - 9x - 14, find the value of f(2). Show all steps.",Zheng et al. 2023,2,57.230735063552856,256,4.473120950058048,1.7100254831363026,0.0,2.3156812480365256,0.027185004271471584,0.0,0.03681337222167106,0.06399837649314265,1.5202814335946033e-06,1.5202814335946033,26,57.230735063552856,PRY,10,Apple M4,1,Apple M4,16.0,32,256,288,0.00024999365817633847,0.24999365817633848,1111.139297709069,223.55755884200335,0,8,512,42,15.6.1,0.3.21,3.13.5,no_disponible_apple_silicon,67.2,7.9111328125,58.6,Version: 0.3.21,no,plain_text_no_template,yes
2026-06-22T02:51:23.466421,qwen2.5-7b,q4,cpu,3,"Given that f(x) = 4x^3 - 9x - 14, find the value of f(2). Show all steps.",Zheng et al. 2023,3,57.77133297920227,256,4.4312635142443435,1.695645493253863,0.0,2.3241533227962123,0.0272110278904035,0.0,0.0372970654183276,0.0645080933087311,1.5323897565489072e-06,1.5323897565489073,26,57.77133297920227,PRY,10,Apple M4,1,Apple M4,16.0,32,256,288,0.00025198473948723085,0.2519847394872309,1102.359525195985,225.66926945000887,0,8,512,42,15.6.1,0.3.21,3.13.5,no_disponible_apple_silicon,69.1,7.7183074951171875,57.4,Version: 0.3.21,no,plain_text_no_template,yes
2026-06-22T02:52:23.106200,qwen2.5-7b,q4,cpu,3,"Given that f(x) = 4x^3 - 9x - 14, find the value of f(2). Show all steps.",Zheng et al. 2023,4,52.99849486351013,256,4.830325854711356,1.8675037777510668,0.0,2.256901204119728,0.02749302482575713,0.0,0.033225657464997005,0.06071868229075414,1.4423722978168645e-06,1.4423722978168645,26,52.99849486351013,PRY,10,Apple M4,1,Apple M4,16.0,32,256,288,0.00023718235269825836,0.23718235269825835,1171.1570216657924,207.02537056058645,0,8,512,42,15.6.1,0.3.21,3.13.5,no_disponible_apple_silicon,66.5,7.69512939453125,57.3,Version: 0.3.21,no,plain_text_no_template,yes
2026-06-22T02:53:19.672877,qwen2.5-7b,q4,cpu,3,"Given that f(x) = 4x^3 - 9x - 14, find the value of f(2). Show all steps.",Zheng et al. 2023,5,51.93202829360962,256,4.929520536972778,1.9271540122011912,0.0,2.248695563415732,0.02780028241327099,0.0,0.03243870045083895,0.06023898286410995,1.4309770379369317e-06,1.4309770379369318,26,51.93202829360962,PRY,10,Apple M4,1,Apple M4,16.0,32,256,288,0.00023530852681292948,0.2353085268129295,1180.4832639941324,202.85948552191257,0,8,512,42,15.6.1,0.3.21,3.13.5,no_disponible_apple_silicon,69.0,7.714263916015625,57.3,Version: 0.3.21,no,plain_text_no_template,yes
2026-06-22T02:54:15.996600,qwen2.5-7b,q4,cpu,3,"Given that f(x) = 4x^3 - 9x - 14, find the value of f(2). Show all steps.",Zheng et al. 2023,6,49.69230365753174,256,5.151703204671187,2.020832717762897,0.0,2.213979734351589,0.027894398070041397,0.0,0.030560487014172397,0.05845488508421379,1.3885957951754983e-06,1.3885957951754984,26,49.69230365753174,PRY,10,Apple M4,1,Apple M4,16.0,32,256,288,0.0002283393948602101,0.2283393948602101,1216.5127176054484,194.11056116223335,0,8,512,42,15.6.1,0.3.21,3.13.5,no_disponible_apple_silicon,66.8,7.918243408203125,58.7,Version: 0.3.21,no,plain_text_no_template,yes
2026-06-22T02:55:08.817790,qwen2.5-7b,q4,cpu,3,"Given that f(x) = 4x^3 - 9x - 14, find the value of f(2). Show all steps.",Zheng et al. 2023,7,48.23522877693176,256,5.307324262602661,2.125893500276769,0.0,3.1255300782382043,0.028484155372567276,0.0,0.041877960659167004,0.07036211603173427,1.6714520663338474e-06,1.6714520663338475,26,48.23522877693176,PRY,10,Apple M4,1,Apple M4,16.0,32,256,288,0.000274852015748962,0.274852015748962,1010.6448629122955,188.4188624098897,0,8,512,42,15.6.1,0.3.21,3.13.5,no_disponible_apple_silicon,69.0,7.710968017578125,57.3,Version: 0.3.21,no,plain_text_no_template,yes
2026-06-22T02:56:00.041123,qwen2.5-7b,q4,cpu,3,"Given that f(x) = 4x^3 - 9x - 14, find the value of f(2). Show all steps.",Zheng et al. 2023,8,44.585208892822266,256,5.741814524529754,1.6191415357432626,0.0,2.4093558584919057,0.020052712110599558,0.0,0.02983934284666854,0.049892054957268096,1.1851857655099035e-06,1.1851857655099034,26,44.585208892822266,PRY,10,Apple M4,1,Apple M4,16.0,32,256,288,0.0001948908396768285,0.1948908396768285,1425.2993021036489,174.16097223758698,0,8,512,42,15.6.1,0.3.21,3.13.5,no_disponible_apple_silicon,65.9,7.7192535400390625,57.5,Version: 0.3.21,no,plain_text_no_template,yes
2026-06-22T02:56:50.521124,qwen2.5-7b,q4,cpu,3,"Given that f(x) = 4x^3 - 9x - 14, find the value of f(2). Show all steps.",Zheng et al. 2023,9,45.90362286567688,256,5.576901865656811,2.1384121808820225,0.0,3.1295950033050164,0.0272669073007161,0.0,0.039905485765005626,0.06717239306572173,1.5956801972762196e-06,1.5956801972762196,26,45.90362286567688,PRY,10,Apple M4,1,Apple M4,16.0,32,256,288,0.0002623921604129755,0.26239216041297553,1058.635964354221,179.3110268190503,0,8,512,42,15.6.1,0.3.21,3.13.5,no_disponible_apple_silicon,68.9,7.738922119140625,57.5,Version: 0.3.21,no,plain_text_no_template,yes
2026-06-22T02:57:41.523058,qwen2.5-7b,q4,cpu,3,"Given that f(x) = 4x^3 - 9x - 14, find the value of f(2). Show all steps.",Zheng et al. 2023,10,44.379263162612915,256,5.76845990123752,1.6328298543208328,0.0,2.4137374331680563,0.02012882939018754,0.0,0.02975552465333749,0.04988435404352502,1.185002830303937e-06,1.185002830303937,26,44.379263162612915,PRY,10,Apple M4,1,Apple M4,16.0,32,256,288,0.00019486075798251962,0.19486075798251962,1425.5193331573532,173.3564967289567,0,8,512,42,15.6.1,0.3.21,3.13.5,no_disponible_apple_silicon,65.8,7.72265625,57.4,Version: 0.3.21,no,plain_text_no_template,yes
2026-06-22T02:58:36.324299,qwen2.5-7b,q4,cpu,4,"Calculate the compound interest on $10,000 at an annual rate of 5% compounded annually over 3 years.",Zheng et al. 2023,1,50.176356077194214,256,5.102004609624397,2.0328464340677357,0.0,2.2230976543291665,0.028333562923899224,0.0,0.03098526097166541,0.059318823895564636,1.4091186616391378e-06,1.4091186616391378,26,50.176356077194214,PRY,10,Apple M4,1,Apple M4,16.0,34,256,290,0.00023171415584204936,0.23171415584204935,1198.7950272970297,196.0013909265399,0,8,512,42,15.6.1,0.3.21,3.13.5,no_disponible_apple_silicon,70.2,7.7448272705078125,57.5,Version: 0.3.21,no,plain_text_no_template,yes
2026-06-22T02:59:27.609790,qwen2.5-7b,q4,cpu,4,"Calculate the compound interest on $10,000 at an annual rate of 5% compounded annually over 3 years.",Zheng et al. 2023,2,44.64788579940796,256,5.7337541390010145,1.6177913524936385,0.0,2.4158488877743602,0.0200641565426127,0.0,0.029961818124993437,0.050025974667606145,1.1883670282289839e-06,1.188367028228984,26,44.64788579940796,PRY,10,Apple M4,1,Apple M4,16.0,34,256,290,0.0001954139635453365,0.1954139635453365,1421.4837708531136,174.40580390393734,0,8,512,42,15.6.1,0.3.21,3.13.5,no_disponible_apple_silicon,65.8,7.7387237548828125,57.5,Version: 0.3.21,no,plain_text_no_template,yes
2026-06-22T03:00:20.771499,qwen2.5-7b,q4,cpu,4,"Calculate the compound interest on $10,000 at an annual rate of 5% compounded annually over 3 years.",Zheng et al. 2023,3,48.56684589385986,256,5.271085558231921,2.098254582414774,0.0,3.1182376802673404,0.028307113041728782,0.0,0.042067491354991944,0.07037460439672073,1.6717487274441007e-06,1.6717487274441007,26,48.56684589385986,PRY,10,Apple M4,1,Apple M4,16.0,34,256,290,0.00027490079842469036,0.27490079842469034,1010.4655183599824,189.7142417728901,0,8,512,42,15.6.1,0.3.21,3.13.5,no_disponible_apple_silicon,69.3,7.9420318603515625,58.8,Version: 0.3.21,no,plain_text_no_template,yes
2026-06-22T03:01:13.188769,qwen2.5-7b,q4,cpu,4,"Calculate the compound interest on $10,000 at an annual rate of 5% compounded annually over 3 years.",Zheng et al. 2023,4,45.84100103378296,256,5.584520281556207,2.382404614759664,0.0,3.1292213332403462,0.030336614557801955,0.0,0.039846288436668445,0.0701829029944704,1.6671948606336443e-06,1.6671948606336442,26,45.84100103378296,PRY,10,Apple M4,1,Apple M4,16.0,34,256,290,0.00027415196482215,0.27415196482215,1013.2255588902306,179.06641028821468,0,8,512,42,15.6.1,0.3.21,3.13.5,no_disponible_apple_silicon,66.3,7.7312164306640625,57.5,Version: 0.3.21,no,plain_text_no_template,yes
2026-06-22T03:02:09.250306,qwen2.5-7b,q4,cpu,4,"Calculate the compound interest on $10,000 at an annual rate of 5% compounded annually over 3 years.",Zheng et al. 2023,5,51.42875695228577,256,4.97775982097934,1.924613676304048,0.0,2.244479187628407,0.027494580273801687,0.0,0.03206410406250143,0.05955868433630311,1.4148165464088805e-06,1.4148165464088804,26,51.42875695228577,PRY,10,Apple M4,1,Apple M4,16.0,34,256,290,0.00023265111068868403,0.23265111068868402,1193.967125089202,200.89358184486628,0,8,512,42,15.6.1,0.3.21,3.13.5,no_disponible_apple_silicon,69.4,7.963592529296875,58.9,Version: 0.3.21,no,plain_text_no_template,yes
2026-06-22T03:03:05.785073,qwen2.5-7b,q4,cpu,4,"Calculate the compound interest on $10,000 at an annual rate of 5% compounded annually over 3 years.",Zheng et al. 2023,6,49.89404606819153,256,5.13087272277173,2.001450331669559,0.0,2.220388157067611,0.027739015292088387,0.0,0.030773374721666184,0.058512390013754564,1.3899618247767396e-06,1.3899618247767396,26,49.89404606819153,PRY,10,Apple M4,1,Apple M4,16.0,34,256,290,0.00022856402349122877,0.22856402349122876,1215.3171506820172,194.89861745387316,0,8,512,42,15.6.1,0.3.21,3.13.5,no_disponible_apple_silicon,66.3,7.7003326416015625,57.3,Version: 0.3.21,no,plain_text_no_template,yes
2026-06-22T03:04:04.032077,qwen2.5-7b,q4,cpu,4,"Calculate the compound interest on $10,000 at an annual rate of 5% compounded annually over 3 years.",Zheng et al. 2023,7,53.61994910240173,256,4.774342465545781,1.8627204834799007,0.0,2.269546766924665,0.02774416042116484,0.0,0.03380360614667249,0.06154776656783732,1.4620671948189756e-06,1.4620671948189756,26,53.61994910240173,PRY,10,Apple M4,1,Apple M4,16.0,34,256,290,0.00024042096315561454,0.24042096315561454,1155.3808541977419,209.45292618125677,0,8,512,42,15.6.1,0.3.21,3.13.5,no_disponible_apple_silicon,69.5,7.93658447265625,58.8,Version: 0.3.21,no,plain_text_no_template,yes
2026-06-22T03:05:00.225023,qwen2.5-7b,q4,cpu,4,"Calculate the compound interest on $10,000 at an annual rate of 5% compounded annually over 3 years.",Zheng et al. 2023,8,49.57743716239929,256,5.16363924100047,2.012750150727266,0.0,2.2043686176439543,0.027718609478136313,0.0,0.030357485173335592,0.058076094651471906,1.379597628445715e-06,1.379597628445715,26,49.57743716239929,PRY,10,Apple M4,1,Apple M4,16.0,34,256,290,0.00022685974473231213,0.22685974473231213,1224.4471935977333,193.66186391562223,0,8,512,42,15.6.1,0.3.21,3.13.5,no_disponible_apple_silicon,66.3,7.69903564453125,57.3,Version: 0.3.21,no,plain_text_no_template,yes
2026-06-22T03:05:56.400899,qwen2.5-7b,q4,cpu,4,"Calculate the compound interest on $10,000 at an annual rate of 5% compounded annually over 3 years.",Zheng et al. 2023,9,51.547945976257324,256,4.9662502579232175,1.9523101409168835,0.0,2.2378015494381707,0.0279548826869119,0.0,0.032042798160006596,0.0599976808469185,1.425244908518549e-06,1.4252449085185488,26,51.547945976257324,PRY,10,Apple M4,1,Apple M4,16.0,34,256,290,0.00023436594080827538,0.23436594080827539,1185.2309973871834,201.35916396975517,0,8,512,42,15.6.1,0.3.21,3.13.5,no_disponible_apple_silicon,69.5,7.9177093505859375,58.6,Version: 0.3.21,no,plain_text_no_template,yes
2026-06-22T03:06:49.947569,qwen2.5-7b,q4,cpu,4,"Calculate the compound interest on $10,000 at an annual rate of 5% compounded annually over 3 years.",Zheng et al. 2023,10,46.90964674949646,256,5.45729967584435,1.7096384700334883,0.0,3.1203337644099967,0.022277371305172367,0.0,0.04065937628583318,0.06293674759100554,1.4950624390243364e-06,1.4950624390243363,26,46.90964674949646,PRY,10,Apple M4,1,Apple M4,16.0,34,256,290,0.0002458466702773654,0.24584667027736537,1129.8822044829308,183.24080761522055,0,8,512,42,15.6.1,0.3.21,3.13.5,no_disponible_apple_silicon,66.2,7.703521728515625,57.3,Version: 0.3.21,no,plain_text_no_template,yes
2026-06-22T03:07:25.603154,qwen2.5-7b,q4,cpu,5,Write a short paragraph explaining the main idea behind neural networks to someone with no technical,Zheng et al. 2023,1,31.059256076812744,164,5.280229494048766,2.0350643368575496,0.0,3.6053823769342523,0.017557662325346595,0.0,0.03110569291667465,0.04866335524202124,1.1559980037742145e-06,1.1559980037742144,26,31.059256076812744,PRY,10,Apple M4,1,Apple M4,16.0,18,164,182,0.00029672777586598316,0.29672777586598315,936.1367568880233,189.38570778544357,0,8,512,42,15.6.1,0.3.21,3.13.5,no_disponible_apple_silicon,66.2,7.72930908203125,57.4,Version: 0.3.21,no,plain_text_no_template,yes
2026-06-22T03:08:03.311543,qwen2.5-7b,q4,cpu,5,Write a short paragraph explaining the main idea behind neural networks to someone with no technical,Zheng et al. 2023,2,31.13036799430847,164,5.2681677270883505,2.0419615928795873,0.0,3.6120561246675518,0.01765750439349607,0.0,0.0312346212158324,0.04889212560932847,1.1614324438495978e-06,1.1614324438495978,26,31.13036799430847,PRY,10,Apple M4,1,Apple M4,16.0,18,164,182,0.00029812271713005163,0.2981227171300517,931.7564942781643,189.8193170384663,0,8,512,42,15.6.1,0.3.21,3.13.5,no_disponible_apple_silicon,63.0,7.9291229248046875,58.7,Version: 0.3.21,no,plain_text_no_template,yes
2026-06-22T03:08:38.482493,qwen2.5-7b,q4,cpu,5,Write a short paragraph explaining the main idea behind neural networks to someone with no technical,Zheng et al. 2023,3,30.59289288520813,164,5.360722198301655,2.748289961727425,0.0,3.632077744131943,0.02335503900461663,0.0,0.030865490382493588,0.054220529387110215,1.2880086755908032e-06,1.2880086755908031,26,30.59289288520813,PRY,10,Apple M4,1,Apple M4,16.0,18,164,182,0.0003306129840677452,0.33061298406774525,840.1901654317936,186.54202978785446,0,8,512,42,15.6.1,0.3.21,3.13.5,no_disponible_apple_silicon,66.0,7.7135009765625,57.3,Version: 0.3.21,no,plain_text_no_template,yes
2026-06-22T03:09:13.651699,qwen2.5-7b,q4,cpu,5,Write a short paragraph explaining the main idea behind neural networks to someone with no technical,Zheng et al. 2023,4,28.533168077468872,164,5.747696840208294,1.4616861070932208,0.0,2.5487279638746805,0.011585148713942232,0.0,0.020200912049161465,0.03178606076310369,7.550778734275282e-07,0.7550778734275282,26,28.533168077468872,PRY,10,Apple M4,1,Apple M4,16.0,18,164,182,0.00019381744367746151,0.1938174436774615,1433.1928669951792,173.98273217968824,0,8,512,42,15.6.1,0.3.21,3.13.5,no_disponible_apple_silicon,61.5,7.7312469482421875,57.4,Version: 0.3.21,no,plain_text_no_template,yes
2026-06-22T03:09:51.882614,qwen2.5-7b,q4,cpu,5,Write a short paragraph explaining the main idea behind neural networks to someone with no technical,Zheng et al. 2023,5,33.587753772735596,164,4.882731995407349,2.2874347240694424,0.0,3.5767892016490515,0.02134160952312495,0.0,0.03337119861165774,0.0547128081347827,1.2997027572417629e-06,1.2997027572417628,26,33.587753772735596,PRY,10,Apple M4,1,Apple M4,16.0,18,164,182,0.000333614683748675,0.333614683748675,832.6305504797225,204.80337666302194,0,8,512,42,15.6.1,0.3.21,3.13.5,no_disponible_apple_silicon,68.5,7.768707275390625,57.6,Version: 0.3.21,no,plain_text_no_template,yes
2026-06-22T03:10:32.623716,qwen2.5-7b,q4,cpu,5,Write a short paragraph explaining the main idea behind neural networks to someone with no technical,Zheng et al. 2023,6,34.137147188186646,164,4.804150712885379,2.2594546990401296,0.0,3.5564409777925445,0.021425371562825795,0.0,0.03372409697916737,0.055149468541993166,1.3100756252150474e-06,1.3100756252150474,26,34.137147188186646,PRY,10,Apple M4,1,Apple M4,16.0,18,164,182,0.0003362772472072754,0.3362772472072754,826.0379793300747,208.15333651333322,0,8,512,42,15.6.1,0.3.21,3.13.5,no_disponible_apple_silicon,66.7,7.76385498046875,57.5,Version: 0.3.21,no,plain_text_no_template,yes
2026-06-22T03:11:10.749326,qwen2.5-7b,q4,cpu,5,Write a short paragraph explaining the main idea behind neural networks to someone with no technical,Zheng et al. 2023,7,33.48676109313965,164,4.89745782053548,2.1302575396499708,0.0,3.5734103260133527,0.019815395915866122,0.0,0.03323942718749095,0.05305482310335707,1.2603173228202472e-06,1.260317322820247,26,33.48676109313965,PRY,10,Apple M4,1,Apple M4,16.0,18,164,182,0.00032350501892290895,0.32350501892290895,858.6505974547864,204.18756764109543,0,8,512,42,15.6.1,0.3.21,3.13.5,no_disponible_apple_silicon,67.6,7.7686614990234375,57.6,Version: 0.3.21,no,plain_text_no_template,yes
2026-06-22T03:11:55.391571,qwen2.5-7b,q4,cpu,5,Write a short paragraph explaining the main idea behind neural networks to someone with no technical,Zheng et al. 2023,8,38.02459001541138,164,4.3129985079005655,1.925326984402741,0.0018930040333266004,2.3064827810231945,0.020336047007645155,1.999463951799003e-05,0.024361961701670227,0.04471800334883337,1.0622761695515366e-06,1.0622761695515366,26,38.02459001541138,PRY,10,Apple M4,1,Apple M4,16.0,18,164,182,0.0002726707521270328,0.27267075212703273,1018.7296422916886,231.85725619153277,0,8,512,42,15.6.1,0.3.21,3.13.5,no_disponible_apple_silicon,68.3,7.9661407470703125,58.8,Version: 0.3.21,no,plain_text_no_template,yes
2026-06-22T03:12:41.835483,qwen2.5-7b,q4,cpu,5,Write a short paragraph explaining the main idea behind neural networks to someone with no technical,Zheng et al. 2023,9,41.800633668899536,164,3.9233854993451716,1.7706661022907508,0.0,2.386403012790256,0.0205597125254983,0.0,0.02770921059000102,0.04826892311549932,1.1466282686086861e-06,1.1466282686086862,26,41.800633668899536,PRY,10,Apple M4,1,Apple M4,16.0,18,164,182,0.00029432270192377634,0.29432270192377635,943.7864492346114,254.88191261524108,0,8,512,42,15.6.1,0.3.21,3.13.5,no_disponible_apple_silicon,73.3,7.778839111328125,57.6,Version: 0.3.21,no,plain_text_no_template,yes
2026-06-22T03:13:27.355872,qwen2.5-7b,q4,cpu,5,Write a short paragraph explaining the main idea behind neural networks to someone with no technical,Zheng et al. 2023,10,38.87558197975159,164,4.218586363168008,1.9031253940368622,0.0,2.32291222477461,0.02055141868711863,0.0,0.025084601284997916,0.04563601997211655,1.0840836544376284e-06,1.0840836544376284,26,38.87558197975159,PRY,10,Apple M4,1,Apple M4,16.0,18,164,182,0.00027826841446412526,0.2782684144641253,998.2368222160882,237.04623158385112,0,8,512,42,15.6.1,0.3.21,3.13.5,no_disponible_apple_silicon,70.6,7.79156494140625,57.7,Version: 0.3.21,no,plain_text_no_template,yes
2026-06-22T03:14:40.972795,qwen2.5-7b,q4,cpu,6,Summarize the key contributions of the Transformer architecture as described in the paper Attention ,Vaswani et al. 2017,1,68.9999520778656,256,3.7101475043215557,2.005362394302449,8.330404318275693e-05,2.24061209598404,0.038436085862673,1.596659718750743e-06,0.04294503534666243,0.08138271786905418,1.933246462979382e-06,1.933246462979382,26,68.9999520778656,PRY,10,Apple M4,1,Apple M4,16.0,33,256,289,0.0003179012416759929,0.31790124167599293,873.7863882296213,269.5310628041625,0,8,512,42,15.6.1,0.3.21,3.13.5,no_disponible_apple_silicon,76.2,7.7796630859375,57.6,Version: 0.3.21,no,plain_text_no_template,yes
2026-06-22T03:15:51.845299,qwen2.5-7b,q4,cpu,6,Summarize the key contributions of the Transformer architecture as described in the paper Attention ,Vaswani et al. 2017,2,64.24259614944458,256,3.9848949971523417,2.1710923862009013,0.0,2.8975604335010217,0.038743503158288464,0.0,0.051707445763337696,0.09045094892162615,2.148662291633229e-06,2.148662291633229,26,64.24259614944458,PRY,10,Apple M4,1,Apple M4,16.0,33,256,289,0.00035332401922510216,0.35332401922510215,786.184246366806,250.9476412087679,0,8,512,42,15.6.1,0.3.21,3.13.5,no_disponible_apple_silicon,74.1,7.9771881103515625,58.8,Version: 0.3.21,no,plain_text_no_template,yes
2026-06-22T03:16:55.631003,qwen2.5-7b,q4,cpu,6,Summarize the key contributions of the Transformer architecture as described in the paper Attention ,Vaswani et al. 2017,3,59.14984917640686,256,4.327990748319793,1.8167906154745281,0.00035360540502169213,2.345163454488204,0.02985080302511937,5.809918437498708e-06,0.03853224017416627,0.06838885311772315,1.6245772058115133e-06,1.6245772058115133,26,59.14984917640686,PRY,10,Apple M4,1,Apple M4,16.0,33,256,289,0.00026714395749110606,0.26714395749110603,1039.8055804313888,231.0540983453393,0,8,512,42,15.6.1,0.3.21,3.13.5,no_disponible_apple_silicon,75.6,7.77325439453125,57.5,Version: 0.3.21,no,plain_text_no_template,yes
2026-06-22T03:18:01.387478,qwen2.5-7b,q4,cpu,6,Summarize the key contributions of the Transformer architecture as described in the paper Attention ,Vaswani et al. 2017,4,59.13059091567993,256,4.329400332985938,1.8038901894644985,0.0,2.3418245844431484,0.029629192458342675,0.0,0.03846485319416388,0.06809404565250655,1.6175740544752931e-06,1.6175740544752932,26,59.13059091567993,PRY,10,Apple M4,1,Apple M4,16.0,33,256,289,0.00026599236583010373,0.2659923658301037,1044.3073315690635,230.97887076437473,0,8,512,42,15.6.1,0.3.21,3.13.5,no_disponible_apple_silicon,73.9,7.97998046875,58.8,Version: 0.3.21,no,plain_text_no_template,yes
2026-06-22T03:19:04.423275,qwen2.5-7b,q4,cpu,6,Summarize the key contributions of the Transformer architecture as described in the paper Attention ,Vaswani et al. 2017,5,58.37158012390137,256,4.385695906408672,1.8503190258160798,0.00026442140900997284,2.3318497240280873,0.0300016792417229,4.287415406250147e-06,0.03780937583416744,0.0678153424912966,1.6109534608807504e-06,1.6109534608807505,26,58.37158012390137,PRY,10,Apple M4,1,Apple M4,16.0,33,256,289,0.00026490368160662735,0.26490368160662736,1048.5991591097177,228.01398485898972,0,8,512,42,15.6.1,0.3.21,3.13.5,no_disponible_apple_silicon,75.5,7.7470550537109375,57.4,Version: 0.3.21,no,plain_text_no_template,yes
2026-06-22T03:20:09.983239,qwen2.5-7b,q4,cpu,6,Summarize the key contributions of the Transformer architecture as described in the paper Attention ,Vaswani et al. 2017,6,58.92827916145325,256,4.344263970420797,1.8188898514203482,0.0,2.347638419000665,0.029773346924564584,0.0,0.03842841447917332,0.0682017614037379,1.6201328421457937e-06,1.6201328421457937,26,58.92827916145325,PRY,10,Apple M4,1,Apple M4,16.0,33,256,289,0.0002664131304833512,0.2664131304833512,1042.6579848891374,230.18859047442675,0,8,512,42,15.6.1,0.3.21,3.13.5,no_disponible_apple_silicon,74.1,7.9925689697265625,58.9,Version: 0.3.21,no,plain_text_no_template,yes
2026-06-22T03:21:15.698524,qwen2.5-7b,q4,cpu,6,Summarize the key contributions of the Transformer architecture as described in the paper Attention ,Vaswani et al. 2017,7,61.11134910583496,256,4.189074594911159,2.1245688005388477,0.0,2.8826624158626832,0.03606535157474849,0.0,0.04893427479168168,0.08499962636643017,2.019166124334549e-06,2.0191661243345487,26,61.11134910583496,PRY,10,Apple M4,1,Apple M4,16.0,33,256,289,0.00033202979049386786,0.3320297904938679,836.6049846449183,238.71620744466782,0,8,512,42,15.6.1,0.3.21,3.13.5,no_disponible_apple_silicon,75.8,7.7587432861328125,57.4,Version: 0.3.21,no,plain_text_no_template,yes
2026-06-22T03:22:28.565923,qwen2.5-7b,q4,cpu,6,Summarize the key contributions of the Transformer architecture as described in the paper Attention ,Vaswani et al. 2017,8,66.23615527153015,256,3.8649586309855577,2.0483431479986387,0.0,2.211334637035586,0.03768732633339242,0.0,0.040686195660000514,0.07837352199339293,1.8617630149530489e-06,1.8617630149530489,26,66.23615527153015,PRY,10,Apple M4,1,Apple M4,16.0,33,256,289,0.0003061465702866911,0.3061465702866911,907.335912721977,258.73498152941465,0,8,512,42,15.6.1,0.3.21,3.13.5,no_disponible_apple_silicon,74.3,7.78167724609375,57.5,Version: 0.3.21,no,plain_text_no_template,yes
2026-06-22T03:23:38.606558,qwen2.5-7b,q4,cpu,6,Summarize the key contributions of the Transformer architecture as described in the paper Attention ,Vaswani et al. 2017,9,65.4223780632019,256,3.913034157099713,2.076351545336522,0.00039073625447700016,2.2053959864559287,0.037733293275310956,7.100804156498271e-06,0.040078402779163295,0.07781879685863075,1.8485855193767732e-06,1.8485855193767733,26,65.4223780632019,PRY,10,Apple M4,1,Apple M4,16.0,33,256,289,0.00030397967522902635,0.30397967522902636,913.8037849684937,255.55616430938244,0,8,512,42,15.6.1,0.3.21,3.13.5,no_disponible_apple_silicon,75.6,7.8264617919921875,57.8,Version: 0.3.21,no,plain_text_no_template,yes
2026-06-22T03:24:51.511655,qwen2.5-7b,q4,cpu,6,Summarize the key contributions of the Transformer architecture as described in the paper Attention ,Vaswani et al. 2017,10,66.24716806411743,256,3.86431612823404,2.044519623100278,0.00040825397922257593,2.203193064867683,0.03762323196719726,7.5126861040007484e-06,0.04054313923499649,0.07817388388829774,1.8570206117665128e-06,1.857020611766513,26,66.24716806411743,PRY,10,Apple M4,1,Apple M4,16.0,33,256,289,0.00030536673393866305,0.30536673393866304,909.6530397891117,258.7780002504587,0,8,512,42,15.6.1,0.3.21,3.13.5,no_disponible_apple_silicon,74.1,7.7525482177734375,57.3,Version: 0.3.21,no,plain_text_no_template,yes
2026-06-22T03:25:25.392335,qwen2.5-7b,q4,cpu,7,"Extract the names, roles and organizations from the following text and present them in a table:

""Dr",Zheng et al. 2023,1,29.223847150802612,111,3.7982678812687216,1.5470531313268483,0.0,2.558397555844371,0.012558567845573994,0.0,0.02076839420082858,0.03332696204640257,7.91681983412293e-07,0.791681983412293,26,29.223847150802612,PRY,10,Apple M4,1,Apple M4,16.0,71,111,182,0.0003002429013189421,0.3002429013189421,925.1768370127091,263.27790225948297,0,8,512,42,15.6.1,0.3.21,3.13.5,no_disponible_apple_silicon,72.1,7.7803955078125,57.5,Version: 0.3.21,no,plain_text_no_template,yes
2026-06-22T03:25:57.553630,qwen2.5-7b,q4,cpu,7,"Extract the names, roles and organizations from the following text and present them in a table:

""Dr",Zheng et al. 2023,2,25.498303174972534,111,4.353230849845347,1.7673212287264257,0.0012787299863980112,2.4921520588235206,0.01251769236045316,9.057068020029166e-06,0.017651569098337254,0.03017831852681044,7.16885956604382e-07,0.716885956604382,26,25.498303174972534,PRY,10,Apple M4,1,Apple M4,16.0,71,111,182,0.00027187674348477873,0.27187674348477875,1021.7048145323595,229.71444301777058,0,8,512,42,15.6.1,0.3.21,3.13.5,no_disponible_apple_silicon,67.4,7.9907684326171875,58.8,Version: 0.3.21,no,plain_text_no_template,yes
2026-06-22T03:26:26.565762,qwen2.5-7b,q4,cpu,7,"Extract the names, roles and organizations from the following text and present them in a table:

""Dr",Zheng et al. 2023,3,24.371788024902344,111,4.554446308435951,1.8207983328813975,0.0,2.4614925025897123,0.012326697501411387,0.0,0.016664159305000793,0.028990856806412182,6.886778034363213e-07,0.6886778034363213,26,24.371788024902344,PRY,10,Apple M4,1,Apple M4,16.0,71,111,182,0.0002611788901478575,0.2611788901478575,1063.553710717292,219.5656578820031,0,8,512,42,15.6.1,0.3.21,3.13.5,no_disponible_apple_silicon,69.8,7.7638092041015625,57.4,Version: 0.3.21,no,plain_text_no_template,yes
2026-06-22T03:26:55.921173,qwen2.5-7b,q4,cpu,7,"Extract the names, roles and organizations from the following text and present them in a table:

""Dr",Zheng et al. 2023,4,22.70195984840393,111,4.889445701658392,1.9499662906416193,0.0,2.4315334830389492,0.012296682343301998,0.0,0.015333493194999997,0.027630175538301993,6.563548199123638e-07,0.6563548199123639,26,22.70195984840393,PRY,10,Apple M4,1,Apple M4,16.0,71,111,182,0.000248920500345063,0.24892050034506302,1115.9296939894934,204.52216079643182,0,8,512,42,15.6.1,0.3.21,3.13.5,no_disponible_apple_silicon,65.6,7.7598419189453125,57.4,Version: 0.3.21,no,plain_text_no_template,yes
2026-06-22T03:27:25.570966,qwen2.5-7b,q4,cpu,7,"Extract the names, roles and organizations from the following text and present them in a table:

""Dr",Zheng et al. 2023,5,25.000087022781372,111,4.439984544807826,1.7577403663891822,0.0,2.4710982334059013,0.01220657281199588,0.0,0.017160464132496903,0.029367036944492785,6.97613962616426e-07,0.697613962616426,26,25.000087022781372,PRY,10,Apple M4,1,Apple M4,16.0,71,111,182,0.0002645679004008359,0.2645679004008359,1049.9300079749967,225.2260092142466,0,8,512,42,15.6.1,0.3.21,3.13.5,no_disponible_apple_silicon,70.0,7.7603607177734375,57.4,Version: 0.3.21,no,plain_text_no_template,yes
2026-06-22T03:27:59.402983,qwen2.5-7b,q4,cpu,7,"Extract the names, roles and organizations from the following text and present them in a table:

""Dr",Zheng et al. 2023,6,27.17482900619507,111,4.0846623165391485,1.6540725380612606,0.2866069767231328,2.5210783610954337,0.012485871773793846,0.0021634709956760176,0.019030520381663033,0.03367986315113289,8.000651491551618e-07,0.8000651491551618,26,27.17482900619507,PRY,10,Apple M4,1,Apple M4,16.0,71,111,182,0.00030342219055074675,0.3034221905507467,915.4827380079836,244.8182793350907,0,8,512,42,15.6.1,0.3.21,3.13.5,no_disponible_apple_silicon,67.7,7.9800262451171875,58.7,Version: 0.3.21,no,plain_text_no_template,yes
2026-06-22T03:28:30.833414,qwen2.5-7b,q4,cpu,7,"Extract the names, roles and organizations from the following text and present them in a table:

""Dr",Zheng et al. 2023,7,26.794574737548828,111,4.142629658699121,1.6672159204068127,0.0008869213491189043,2.5145455110949193,0.012408983773047668,6.601300104248366e-06,0.01871560489666687,0.031131189969818784,7.395214177330451e-07,0.7395214177330451,26,26.794574737548828,PRY,10,Apple M4,1,Apple M4,16.0,71,111,182,0.00028046117089926834,0.2804611708992683,990.4322116573695,241.3925652031426,0,8,512,42,15.6.1,0.3.21,3.13.5,no_disponible_apple_silicon,70.4,7.779266357421875,57.5,Version: 0.3.21,no,plain_text_no_template,yes
2026-06-22T03:29:01.488459,qwen2.5-7b,q4,cpu,7,"Extract the names, roles and organizations from the following text and present them in a table:

""Dr",Zheng et al. 2023,8,24.01261591911316,111,4.622570084571589,1.843017807058648,0.0,2.4530952531133408,0.012293244092495978,0.0,0.01636256503500287,0.028655809127498846,6.807187458237351e-07,0.6807187458237351,26,24.01261591911316,PRY,10,Apple M4,1,Apple M4,16.0,71,111,182,0.00025816044259007967,0.2581604425900797,1075.9889276253198,216.32987314516362,0,8,512,42,15.6.1,0.3.21,3.13.5,no_disponible_apple_silicon,66.1,7.808319091796875,57.7,Version: 0.3.21,no,plain_text_no_template,yes
2026-06-22T03:29:31.894856,qwen2.5-7b,q4,cpu,7,"Extract the names, roles and organizations from the following text and present them in a table:

""Dr",Zheng et al. 2023,9,25.76646089553833,111,4.307925735319768,1.7408140462612918,0.0,2.4952318882156406,0.012459615847054286,0.0,0.017859248575835714,0.030318864422889998,7.202246243657519e-07,0.7202246243657519,26,25.76646089553833,PRY,10,Apple M4,1,Apple M4,16.0,71,111,182,0.0002731429227287387,0.27314292272873875,1016.9686075067814,232.13027833818313,0,8,512,42,15.6.1,0.3.21,3.13.5,no_disponible_apple_silicon,70.3,7.7986602783203125,57.6,Version: 0.3.21,no,plain_text_no_template,yes
2026-06-22T03:30:05.598064,qwen2.5-7b,q4,cpu,7,"Extract the names, roles and organizations from the following text and present them in a table:

""Dr",Zheng et al. 2023,10,27.047151803970337,111,4.103944134469122,1.682672067692839,0.0,2.518423612353158,0.012642079680885796,0.0,0.018921162708338667,0.03156324238922446,7.497848229560271e-07,0.7497848229560271,26,27.047151803970337,PRY,10,Apple M4,1,Apple M4,16.0,71,111,182,0.00028435353503805823,0.2843535350380582,976.8747124617236,243.66803427000303,0,8,512,42,15.6.1,0.3.21,3.13.5,no_disponible_apple_silicon,68.1,7.97308349609375,58.7,Version: 0.3.21,no,plain_text_no_template,yes
2026-06-22T03:31:21.078309,qwen2.5-7b,q4,cpu,8,"Given the following data, identify the month with the highest average temperature and the month with",Zheng et al. 2023,1,70.82060122489929,256,3.614767392146833,1.9214749826631443,0.00016178403885919036,2.251481094429776,0.037800003753001896,3.182678583500092e-06,0.04429201243166972,0.0820951988632551,1.950171448996625e-06,1.950171448996625,26,70.82060122489929,PRY,10,Apple M4,1,Apple M4,16.0,109,256,365,0.00032068437055959024,0.32068437055959026,866.2030434880846,276.64297353476286,0,8,512,42,15.6.1,0.3.21,3.13.5,no_disponible_apple_silicon,76.2,7.7910614013671875,57.6,Version: 0.3.21,no,plain_text_no_template,yes
2026-06-22T03:32:26.250699,qwen2.5-7b,q4,cpu,8,"Given the following data, identify the month with the highest average temperature and the month with",Zheng et al. 2023,2,58.53426265716553,256,4.373506872366171,1.8453808984343425,0.0003936790063875635,2.3318841402422072,0.030005002836519974,6.401030656250441e-06,0.0379153107641711,0.06792671463134733,1.6135991060676557e-06,1.6135991060676558,26,58.53426265716553,PRY,10,Apple M4,1,Apple M4,16.0,109,256,365,0.0002653387290287005,0.26533872902870054,1046.8798836664805,228.64946350455284,0,8,512,42,15.6.1,0.3.21,3.13.5,no_disponible_apple_silicon,73.6,7.7748870849609375,57.5,Version: 0.3.21,no,plain_text_no_template,yes
2026-06-22T03:33:28.135782,qwen2.5-7b,q4,cpu,8,"Given the following data, identify the month with the highest average temperature and the month with",Zheng et al. 2023,3,57.24859619140625,256,4.471725370244605,1.8980482579018518,0.0,2.3180310165389835,0.030183499519007007,0.0,0.036862228229165336,0.06704572774817234,1.592671262657834e-06,1.5926712626578339,26,57.24859619140625,PRY,10,Apple M4,1,Apple M4,16.0,109,256,365,0.0002618973740162982,0.2618973740162982,1060.6359793454487,223.62732887268066,0,8,512,42,15.6.1,0.3.21,3.13.5,no_disponible_apple_silicon,75.8,7.8013916015625,57.7,Version: 0.3.21,no,plain_text_no_template,yes
2026-06-22T03:34:33.178339,qwen2.5-7b,q4,cpu,8,"Given the following data, identify the month with the highest average temperature and the month with",Zheng et al. 2023,4,58.29968881607056,256,4.3911040555920176,1.8416740243256895,0.0,2.3325330355543263,0.029824728477452236,0.0,0.03777387503500602,0.06759860351245822,1.605804826438445e-06,1.605804826438445,26,58.29968881607056,PRY,10,Apple M4,1,Apple M4,16.0,109,256,365,0.00026405704497053993,0.26405704497053994,1051.9612449982867,227.7331594377756,0,8,512,42,15.6.1,0.3.21,3.13.5,no_disponible_apple_silicon,73.7,7.7658233642578125,57.5,Version: 0.3.21,no,plain_text_no_template,yes
2026-06-22T03:35:41.295116,qwen2.5-7b,q4,cpu,8,"Given the following data, identify the month with the highest average temperature and the month with",Zheng et al. 2023,5,63.514204263687134,256,4.030594462573822,2.3072197741238685,0.0,2.884306278457538,0.040705896670811516,0.0,0.05088733836916314,0.09159323503997466,2.175797298374598e-06,2.175797298374598,26,63.514204263687134,PRY,10,Apple M4,1,Apple M4,16.0,109,256,365,0.000357786074374901,0.357786074374901,776.3795118719805,248.10236040502787,0,8,512,42,15.6.1,0.3.21,3.13.5,no_disponible_apple_silicon,76.1,7.75103759765625,57.4,Version: 0.3.21,no,plain_text_no_template,yes
2026-06-22T03:36:53.250920,qwen2.5-7b,q4,cpu,8,"Given the following data, identify the month with the highest average temperature and the month with",Zheng et al. 2023,6,65.30139875411987,256,3.920283560294318,2.071290407962,0.0,2.1985424295970657,0.03757171135164172,0.0,0.03987997107582487,0.07745168242746658,1.8398647160644686e-06,1.8398647160644686,26,65.30139875411987,PRY,10,Apple M4,1,Apple M4,16.0,109,256,365,0.00030254563448229134,0.3025456344822913,918.1351377060993,255.08358888328075,0,8,512,42,15.6.1,0.3.21,3.13.5,no_disponible_apple_silicon,74.6,7.760223388671875,57.4,Version: 0.3.21,no,plain_text_no_template,yes
2026-06-22T03:38:01.016071,qwen2.5-7b,q4,cpu,8,"Given the following data, identify the month with the highest average temperature and the month with",Zheng et al. 2023,7,63.13168478012085,256,4.055016128456155,2.206818321005604,0.0,2.8885839378928226,0.038700044057978146,0.0,0.05065588072999162,0.08935592478796978,2.122649993338222e-06,2.1226499933382224,26,63.13168478012085,PRY,10,Apple M4,1,Apple M4,16.0,109,256,365,0.00034904658120300694,0.3490465812030069,795.8186463835353,246.60814367234707,0,8,512,42,15.6.1,0.3.21,3.13.5,no_disponible_apple_silicon,75.6,7.760498046875,57.4,Version: 0.3.21,no,plain_text_no_template,yes
2026-06-22T03:39:09.894922,qwen2.5-7b,q4,cpu,8,"Given the following data, identify the month with the highest average temperature and the month with",Zheng et al. 2023,8,62.16568398475647,256,4.118027561037907,2.0157388078691794,0.0,2.8868897838239262,0.03480827270161254,0.0,0.04985152166667225,0.08465979436828479,2.0110934152186053e-06,2.011093415218605,26,62.16568398475647,PRY,10,Apple M4,1,Apple M4,16.0,109,256,365,0.00033070232175111245,0.33070232175111247,839.9631919936569,242.83470306545496,0,8,512,42,15.6.1,0.3.21,3.13.5,no_disponible_apple_silicon,73.9,7.7628173828125,57.5,Version: 0.3.21,no,plain_text_no_template,yes
2026-06-22T03:40:25.235796,qwen2.5-7b,q4,cpu,8,"Given the following data, identify the month with the highest average temperature and the month with",Zheng et al. 2023,9,70.69333815574646,256,3.6212747435408876,1.9396713786732398,0.11154307812458493,2.250437764340387,0.03808940130099175,0.0021903757057761468,0.04419193274249362,0.08447170974926152,2.006625465093707e-06,2.006625465093707,26,70.69333815574646,PRY,10,Apple M4,1,Apple M4,16.0,109,256,365,0.0003299676162080528,0.3299676162080528,841.8334531429654,276.1458521708846,0,8,512,42,15.6.1,0.3.21,3.13.5,no_disponible_apple_silicon,76.4,7.735748291015625,57.4,Version: 0.3.21,no,plain_text_no_template,yes
2026-06-22T03:41:29.271523,qwen2.5-7b,q4,cpu,8,"Given the following data, identify the month with the highest average temperature and the month with",Zheng et al. 2023,10,57.4166100025177,256,4.458640104122735,1.9056063528033413,0.0,2.324224941130398,0.03039262688256378,0.0,0.037069199167502426,0.0674618260500662,1.6025556778193226e-06,1.6025556778193226,26,57.4166100025177,PRY,10,Apple M4,1,Apple M4,16.0,109,256,365,0.0002635227580080711,0.2635227580080711,1054.0940747488307,224.28363282233477,0,8,512,42,15.6.1,0.3.21,3.13.5,no_disponible_apple_silicon,73.6,7.7497100830078125,57.5,Version: 0.3.21,no,plain_text_no_template,yes
2026-06-22T03:42:37.671435,qwen2.5-7b,q4,cpu,9,Write a Python function that takes a list of integers and returns a dictionary with three keys: mean,Chen et al. 2021,1,63.78421115875244,256,4.013532429880522,2.225829485096731,0.0,2.898114020159826,0.03943688274466309,0.0,0.051348310173337575,0.09078519291800066,2.1566022577671055e-06,2.1566022577671053,26,63.78421115875244,PRY,10,Apple M4,1,Apple M4,16.0,33,256,289,0.0003546296598359401,0.3546296598359401,783.2897505140552,249.15707483887672,0,8,512,42,15.6.1,0.3.21,3.13.5,no_disponible_apple_silicon,76.2,7.7512664794921875,57.4,Version: 0.3.21,no,plain_text_no_template,yes
2026-06-22T03:43:42.026733,qwen2.5-7b,q4,cpu,9,Write a Python function that takes a list of integers and returns a dictionary with three keys: mean,Chen et al. 2021,2,57.72434091567993,256,4.434870904354692,1.875411684649156,0.0,2.319783281589936,0.030071362067204864,0.0,0.03719665583249784,0.0672680178997027,1.5979517652074373e-06,1.5979517652074373,26,57.72434091567993,PRY,10,Apple M4,1,Apple M4,16.0,33,256,289,0.0002627656949207137,0.26276569492071367,1057.1310606644975,225.48570670187473,0,8,512,42,15.6.1,0.3.21,3.13.5,no_disponible_apple_silicon,73.7,7.770538330078125,57.5,Version: 0.3.21,no,plain_text_no_template,yes
2026-06-22T03:44:45.672430,qwen2.5-7b,q4,cpu,9,Write a Python function that takes a list of integers and returns a dictionary with three keys: mean,Chen et al. 2021,3,58.980725049972534,256,4.340401034119183,1.8580932340259637,0.0,2.3383081953153746,0.030442135042583234,0.0,0.03830975354166488,0.06875188858424812,1.6332011133188139e-06,1.6332011133188138,26,58.980725049972534,PRY,10,Apple M4,1,Apple M4,16.0,33,256,289,0.0002685620647822192,0.2685620647822192,1034.3150213826057,230.3934572264552,0,8,512,42,15.6.1,0.3.21,3.13.5,no_disponible_apple_silicon,76.2,7.79852294921875,57.7,Version: 0.3.21,no,plain_text_no_template,yes
2026-06-22T03:45:51.751624,qwen2.5-7b,q4,cpu,9,Write a Python function that takes a list of integers and returns a dictionary with three keys: mean,Chen et al. 2021,4,59.41335988044739,256,4.308795202209195,1.8412987577790842,0.0,2.3471431367562237,0.030388262706485963,0.0,0.038736572187505466,0.06912483489399143,1.6420604529067664e-06,1.6420604529067664,26,59.41335988044739,PRY,10,Apple M4,1,Apple M4,16.0,33,256,289,0.00027001888630465403,0.27001888630465404,1028.734625119406,232.0834370329976,0,8,512,42,15.6.1,0.3.21,3.13.5,no_disponible_apple_silicon,74.0,7.95263671875,58.7,Version: 0.3.21,no,plain_text_no_template,yes
2026-06-22T03:46:59.463395,qwen2.5-7b,q4,cpu,9,Write a Python function that takes a list of integers and returns a dictionary with three keys: mean,Chen et al. 2021,5,63.07976508140564,256,4.058353731495783,2.2113617198838584,0.0,2.8795225558723163,0.03874782716674637,0.0,0.05045544621417624,0.08920327338092258,2.119023759163816e-06,2.119023759163816,26,63.07976508140564,PRY,10,Apple M4,1,Apple M4,16.0,33,256,289,0.00034845028664422885,0.34845028664422883,797.1805116102304,246.40533234924078,0,8,512,42,15.6.1,0.3.21,3.13.5,no_disponible_apple_silicon,76.1,7.7305450439453125,57.3,Version: 0.3.21,no,plain_text_no_template,yes
2026-06-22T03:48:04.137951,qwen2.5-7b,q4,cpu,9,Write a Python function that takes a list of integers and returns a dictionary with three keys: mean,Chen et al. 2021,6,58.02876114845276,256,4.411605468279514,1.8432492085993588,0.0,2.328572499217962,0.029711518906357436,0.0,0.037534493714993004,0.06724601262135042,1.5974290298201794e-06,1.5974290298201794,26,58.02876114845276,PRY,10,Apple M4,1,Apple M4,16.0,33,256,289,0.0002626797368021501,0.26267973680215007,1057.476991409503,226.6748482361436,0,8,512,42,15.6.1,0.3.21,3.13.5,no_disponible_apple_silicon,73.5,7.948394775390625,58.7,Version: 0.3.21,no,plain_text_no_template,yes
2026-06-22T03:49:07.491620,qwen2.5-7b,q4,cpu,9,Write a Python function that takes a list of integers and returns a dictionary with three keys: mean,Chen et al. 2021,7,58.708884954452515,256,4.360498418571733,1.943073134741991,0.0,2.342864284626216,0.03168768253490415,0.0,0.038207486041671165,0.0698951685765753,1.6603597295365462e-06,1.6603597295365462,26,58.708884954452515,PRY,10,Apple M4,1,Apple M4,16.0,33,256,289,0.00027302800225224725,0.27302800225224727,1017.3966607320456,229.33158185333014,0,8,512,42,15.6.1,0.3.21,3.13.5,no_disponible_apple_silicon,75.5,7.755462646484375,57.5,Version: 0.3.21,no,plain_text_no_template,yes
2026-06-22T03:50:17.739322,qwen2.5-7b,q4,cpu,9,Write a Python function that takes a list of integers and returns a dictionary with three keys: mean,Chen et al. 2021,8,63.624757051467896,256,4.023591002365859,2.184871012491651,0.10690475901654746,2.8743277200584108,0.038614413155159996,0.0018893859222426541,0.05079955635417112,0.09130335543157378,2.168911208277035e-06,2.1689112082770348,26,63.624757051467896,PRY,10,Apple M4,1,Apple M4,16.0,33,256,289,0.0003566537321545851,0.35665373215458507,778.8444441607021,248.53420723229647,0,8,512,42,15.6.1,0.3.21,3.13.5,no_disponible_apple_silicon,74.0,7.9781341552734375,58.8,Version: 0.3.21,no,plain_text_no_template,yes
2026-06-22T03:51:26.516287,qwen2.5-7b,q4,cpu,9,Write a Python function that takes a list of integers and returns a dictionary with three keys: mean,Chen et al. 2021,9,64.1650459766388,256,3.989711159767648,2.2905871733342704,0.00020151844087372897,2.891382333639383,0.04082656424735904,3.59178889550094e-06,0.05153491121500338,0.09236506725125791,2.1941321725536314e-06,2.1941321725536316,26,64.1650459766388,PRY,10,Apple M4,1,Apple M4,16.0,33,256,289,0.0003608010439502262,0.3608010439502262,769.8918349474018,250.6447108462453,0,8,512,42,15.6.1,0.3.21,3.13.5,no_disponible_apple_silicon,75.6,7.7919769287109375,57.6,Version: 0.3.21,no,plain_text_no_template,yes
2026-06-22T03:52:40.312330,qwen2.5-7b,q4,cpu,9,Write a Python function that takes a list of integers and returns a dictionary with three keys: mean,Chen et al. 2021,10,67.15823268890381,256,3.8118930434912635,1.9951058130000983,6.647805346037036e-05,2.218886217037623,0.03721882789679034,1.2401523841658167e-06,0.04139346579833728,0.07861353384751177,1.867464496547642e-06,1.8674644965476421,26,67.15823268890381,PRY,10,Apple M4,1,Apple M4,16.0,33,256,289,0.00030708411659184285,0.30708411659184287,904.5657615271023,262.3368464410305,0,8,512,42,15.6.1,0.3.21,3.13.5,no_disponible_apple_silicon,74.3,7.7727508544921875,57.5,Version: 0.3.21,no,plain_text_no_template,yes
2026-06-22T03:53:51.672162,qwen2.5-7b,q4,cpu,10,"Write a Python function that reads a list of strings and returns the top 3 most frequent words, igno",Chen et al. 2021,1,66.72393488883972,256,3.836704181587748,2.017052453317108,0.0,2.2193659703627864,0.03738491015625143,0.0,0.04113467513916476,0.0785195852954162,1.8652327486926114e-06,1.8652327486926115,26,66.72393488883972,PRY,10,Apple M4,1,Apple M4,16.0,31,256,287,0.0003067171300602195,0.3067171300602195,905.648072943432,260.64037065953016,0,8,512,42,15.6.1,0.3.21,3.13.5,no_disponible_apple_silicon,75.8,7.772979736328125,57.5,Version: 0.3.21,no,plain_text_no_template,yes
2026-06-22T03:55:01.581526,qwen2.5-7b,q4,cpu,10,"Write a Python function that reads a list of strings and returns the top 3 most frequent words, igno",Chen et al. 2021,2,63.288970947265625,256,4.044938575684969,2.168401876306522,9.428545622831731e-06,2.8927425763890495,0.0381210898198777,1.6575637499954607e-07,0.05085519468750135,0.08897645026375404,2.1136355760154773e-06,2.1136355760154775,26,63.288970947265625,PRY,10,Apple M4,1,Apple M4,16.0,31,256,287,0.00034756425884278924,0.34756425884278924,799.2127231454563,247.22254276275635,0,8,512,42,15.6.1,0.3.21,3.13.5,no_disponible_apple_silicon,73.8,7.7770843505859375,57.6,Version: 0.3.21,no,plain_text_no_template,yes
2026-06-22T03:56:11.650627,qwen2.5-7b,q4,cpu,10,"Write a Python function that reads a list of strings and returns the top 3 most frequent words, igno",Chen et al. 2021,3,65.43493390083313,256,3.9122833131912214,2.062704406272019,0.0,2.195616357842078,0.03749247957815745,0.0,0.039908336457495655,0.07740081603565312,1.8386563849269395e-06,1.8386563849269395,26,65.43493390083313,PRY,10,Apple M4,1,Apple M4,16.0,31,256,287,0.00030234693763927,0.30234693763927,918.7385192212344,255.6052105501294,0,8,512,42,15.6.1,0.3.21,3.13.5,no_disponible_apple_silicon,75.9,7.9854736328125,58.9,Version: 0.3.21,no,plain_text_no_template,yes
2026-06-22T03:57:16.102452,qwen2.5-7b,q4,cpu,10,"Write a Python function that reads a list of strings and returns the top 3 most frequent words, igno",Chen et al. 2021,4,57.830116987228394,256,4.426759158321206,1.8340336644419222,0.0,2.32557395485976,0.029461772603664314,0.0,0.03735783718666425,0.06681960979032857,1.5872998305692551e-06,1.5872998305692552,26,57.830116987228394,PRY,10,Apple M4,1,Apple M4,16.0,31,256,287,0.00026101410074347097,0.261014100743471,1064.2251778220304,225.8988944813609,0,8,512,42,15.6.1,0.3.21,3.13.5,no_disponible_apple_silicon,73.7,7.7405853271484375,57.3,Version: 0.3.21,no,plain_text_no_template,yes
2026-06-22T03:58:22.575531,qwen2.5-7b,q4,cpu,10,"Write a Python function that reads a list of strings and returns the top 3 most frequent words, igno",Chen et al. 2021,5,61.829500913619995,256,4.14041834750776,1.9575146098889662,0.00039421581913540784,2.879355887906961,0.033620042044598425,6.770602041498932e-06,0.04945253819499461,0.08307935084163452,1.973549979243028e-06,1.9735499792430282,26,61.829500913619995,PRY,10,Apple M4,1,Apple M4,16.0,31,256,287,0.00032452871422513485,0.32452871422513485,855.9420649140939,241.5214879438281,0,8,512,42,15.6.1,0.3.21,3.13.5,no_disponible_apple_silicon,76.0,7.932281494140625,58.5,Version: 0.3.21,no,plain_text_no_template,yes
2026-06-22T03:59:25.837463,qwen2.5-7b,q4,cpu,10,"Write a Python function that reads a list of strings and returns the top 3 most frequent words, igno",Chen et al. 2021,6,56.60092616081238,256,4.522894188562615,1.9071270755659424,0.0004783584399463045,2.313444074730589,0.02998476632872054,7.520980760500606e-06,0.03637307701416527,0.06636536432364631,1.576509229508218e-06,1.5765092295082181,26,56.60092616081238,PRY,10,Apple M4,1,Apple M4,16.0,31,256,287,0.0002592397043892434,0.25923970438924343,1071.5093910178966,221.09736781567335,0,8,512,42,15.6.1,0.3.21,3.13.5,no_disponible_apple_silicon,73.6,7.777191162109375,57.5,Version: 0.3.21,no,plain_text_no_template,yes
2026-06-22T04:00:30.798976,qwen2.5-7b,q4,cpu,10,"Write a Python function that reads a list of strings and returns the top 3 most frequent words, igno",Chen et al. 2021,7,60.324156045913696,256,4.2437394367383146,2.3817631371857977,0.00019081753715777263,2.8732851582055208,0.03991051420888917,3.19747413550067e-06,0.048146806179999356,0.08806051786302403,2.0918776018361357e-06,2.091877601836136,26,60.324156045913696,PRY,10,Apple M4,1,Apple M4,16.0,31,256,287,0.0003439863979024376,0.3439863979024376,807.5254704011926,235.64123455435038,0,8,512,42,15.6.1,0.3.21,3.13.5,no_disponible_apple_silicon,75.9,7.7728729248046875,57.5,Version: 0.3.21,no,plain_text_no_template,yes
2026-06-22T04:01:36.353735,qwen2.5-7b,q4,cpu,10,"Write a Python function that reads a list of strings and returns the top 3 most frequent words, igno",Chen et al. 2021,8,58.91628885269165,256,4.345148090370672,1.8266108957970824,0.00019784233723455467,2.338397382249681,0.029893648655070763,3.2378156355007373e-06,0.03826935989583339,0.06816624636653963,1.6192891824371489e-06,1.619289182437149,26,58.91628885269165,PRY,10,Apple M4,1,Apple M4,16.0,31,256,287,0.00026627439986929544,0.26627439986929546,1043.201216166965,230.14175333082676,0,8,512,42,15.6.1,0.3.21,3.13.5,no_disponible_apple_silicon,73.7,7.813232421875,57.8,Version: 0.3.21,no,plain_text_no_template,yes
2026-06-22T04:02:48.219910,qwen2.5-7b,q4,cpu,10,"Write a Python function that reads a list of strings and returns the top 3 most frequent words, igno",Chen et al. 2021,9,68.24782800674438,256,3.7510351241463917,1.980524142967278,0.0,2.238967258472493,0.03754624196456545,0.0,0.042445736769156306,0.07999197873372176,1.90020945481956e-06,1.90020945481956,26,68.24782800674438,PRY,10,Apple M4,1,Apple M4,16.0,31,256,287,0.0003124686669286006,0.3124686669286006,888.9780230068645,266.59307815134525,0,8,512,42,15.6.1,0.3.21,3.13.5,no_disponible_apple_silicon,77.0,7.7952423095703125,57.6,Version: 0.3.21,no,plain_text_no_template,yes
2026-06-22T04:03:58.269588,qwen2.5-7b,q4,cpu,10,"Write a Python function that reads a list of strings and returns the top 3 most frequent words, igno",Chen et al. 2021,10,63.439980030059814,256,4.035310223595583,2.1641417004721775,0.0,2.883073901698933,0.03813697396115962,0.0,0.05080615298582415,0.08894312694698378,2.1128439806255993e-06,2.112843980625599,26,63.439980030059814,PRY,10,Apple M4,1,Apple M4,16.0,31,256,287,0.0003474340896366554,0.3474340896366554,799.5121551494162,247.81242199242115,0,8,512,42,15.6.1,0.3.21,3.13.5,no_disponible_apple_silicon,74.2,7.9702301025390625,58.7,Version: 0.3.21,no,plain_text_no_template,yes
2026-06-22T04:05:07.700886,qwen2.5-7b,q4,cpu,11,Explain how quantization reduces the memory footprint of a neural network model. What are the trade-,Dettmers et al. 2022,1,64.80080485343933,256,3.9505682156108697,2.0788246832791026,0.0,2.20335212966782,0.03741930906268943,0.0,0.03966083093833732,0.07708014000102675,1.8310387257243903e-06,1.8310387257243903,26,64.80080485343933,PRY,10,Apple M4,1,Apple M4,16.0,35,256,291,0.00030109429687901076,0.30109429687901074,922.5607414590046,253.1281439587474,0,8,512,42,15.6.1,0.3.21,3.13.5,no_disponible_apple_silicon,76.5,7.7531280517578125,57.4,Version: 0.3.21,no,plain_text_no_template,yes
2026-06-22T04:06:16.532432,qwen2.5-7b,q4,cpu,11,Explain how quantization reduces the memory footprint of a neural network model. What are the trade-,Dettmers et al. 2022,2,62.127662658691406,256,4.120547740647807,2.025038547893854,0.0,2.8855072414975664,0.03494747549288768,0.0,0.04979717236082555,0.08474464785371323,2.0131091097649577e-06,2.0131091097649576,26,62.127662658691406,PRY,10,Apple M4,1,Apple M4,16.0,35,256,291,0.0003310337806785673,0.3310337806785673,839.1221500367029,242.6861822605133,0,8,512,42,15.6.1,0.3.21,3.13.5,no_disponible_apple_silicon,74.3,7.987640380859375,58.8,Version: 0.3.21,no,plain_text_no_template,yes
2026-06-22T04:07:25.079655,qwen2.5-7b,q4,cpu,11,Explain how quantization reduces the memory footprint of a neural network model. What are the trade-,Dettmers et al. 2022,3,63.91877198219299,256,4.005083202651617,2.2373371622024454,0.00026095899033145735,2.877236288241687,0.03972440108836246,4.633382833249925e-06,0.051085947290836584,0.09081498176203232,2.1573098917570773e-06,2.157309891757077,26,63.91877198219299,PRY,10,Apple M4,1,Apple M4,16.0,35,256,291,0.00035474602250793873,0.35474602250793874,783.032818279341,249.68270305544138,0,8,512,42,15.6.1,0.3.21,3.13.5,no_disponible_apple_silicon,76.1,7.7497711181640625,57.3,Version: 0.3.21,no,plain_text_no_template,yes
2026-06-22T04:08:33.782556,qwen2.5-7b,q4,cpu,11,Explain how quantization reduces the memory footprint of a neural network model. What are the trade-,Dettmers et al. 2022,4,62.040398836135864,256,4.12634355681948,1.9295653025981474,0.0,2.8792579367968854,0.03325305582043285,0.0,0.04961953076416346,0.08287258658459629,1.9686382943170845e-06,1.9686382943170846,26,62.040398836135864,PRY,10,Apple M4,1,Apple M4,16.0,35,256,291,0.00032372104134607924,0.32372104134607926,858.0776109663348,242.34530795365572,0,8,512,42,15.6.1,0.3.21,3.13.5,no_disponible_apple_silicon,74.4,7.777130126953125,57.5,Version: 0.3.21,no,plain_text_no_template,yes
2026-06-22T04:09:42.696125,qwen2.5-7b,q4,cpu,11,Explain how quantization reduces the memory footprint of a neural network model. What are the trade-,Dettmers et al. 2022,5,64.276193857193,256,3.9828120589836646,2.198875182922259,0.0,2.8951357078091937,0.039259813201467174,0.0,0.05169119555500705,0.09095100875647422,2.1605412130100448e-06,2.1605412130100445,26,64.276193857193,PRY,10,Apple M4,1,Apple M4,16.0,35,256,291,0.0003552773779549774,0.3552773779549774,781.861708664657,251.07888225466013,0,8,512,42,15.6.1,0.3.21,3.13.5,no_disponible_apple_silicon,76.0,7.8263702392578125,57.7,Version: 0.3.21,no,plain_text_no_template,yes
2026-06-22T04:10:55.321908,qwen2.5-7b,q4,cpu,11,Explain how quantization reduces the memory footprint of a neural network model. What are the trade-,Dettmers et al. 2022,6,65.99130177497864,256,3.8792991366184166,2.0401855978382986,0.0,2.207495106577954,0.0373984731844201,0.0,0.04046540992915955,0.07786388311357965,1.8496565433630846e-06,1.8496565433630845,26,65.99130177497864,PRY,10,Apple M4,1,Apple M4,16.0,35,256,291,0.0003041557934124205,0.30415579341242055,913.2746565873382,257.7785225585103,0,8,512,42,15.6.1,0.3.21,3.13.5,no_disponible_apple_silicon,74.7,7.7686920166015625,57.5,Version: 0.3.21,no,plain_text_no_template,yes
2026-06-22T04:11:56.412669,qwen2.5-7b,q4,cpu,11,Explain how quantization reduces the memory footprint of a neural network model. What are the trade-,Dettmers et al. 2022,7,56.45357298851013,256,4.534699691233062,1.7902272289172958,0.0,2.3038455316629984,0.02807353431491689,0.0,0.036127864409997226,0.06420139872491412,1.5251042267103348e-06,1.5251042267103347,26,56.45357298851013,PRY,10,Apple M4,1,Apple M4,16.0,35,256,291,0.0002507867137691958,0.2507867137691958,1107.62557395055,220.5217694863677,0,8,512,42,15.6.1,0.3.21,3.13.5,no_disponible_apple_silicon,72.6,7.795013427734375,57.6,Version: 0.3.21,no,plain_text_no_template,yes
2026-06-22T04:12:54.670531,qwen2.5-7b,q4,cpu,11,Explain how quantization reduces the memory footprint of a neural network model. What are the trade-,Dettmers et al. 2022,8,51.59897994995117,256,4.961338387857845,1.9893592696298965,0.00022374382785667684,2.2392635181368794,0.028513585851911816,3.206931468750554e-06,0.03209547593750055,0.060612268720881116,1.4398444434645308e-06,1.4398444434645308,26,51.59897994995117,PRY,10,Apple M4,1,Apple M4,16.0,35,256,291,0.00023676667469094186,0.23676667469094187,1173.2131565405853,201.55851542949677,0,8,512,42,15.6.1,0.3.21,3.13.5,no_disponible_apple_silicon,69.0,7.7711029052734375,57.5,Version: 0.3.21,no,plain_text_no_template,yes
2026-06-22T04:13:54.324951,qwen2.5-7b,q4,cpu,11,Explain how quantization reduces the memory footprint of a neural network model. What are the trade-,Dettmers et al. 2022,9,54.99722385406494,256,4.654780406358249,1.884908180239954,0.0,2.2800774082661754,0.02879575475917082,0.0,0.03483275767416975,0.06362851243334056,1.5114953128540049e-06,1.511495312854005,26,54.99722385406494,PRY,10,Apple M4,1,Apple M4,16.0,35,256,291,0.00024854887669273655,0.24854887669273654,1117.5982023092176,214.83290567994118,0,8,512,42,15.6.1,0.3.21,3.13.5,no_disponible_apple_silicon,71.0,7.9071807861328125,58.3,Version: 0.3.21,no,plain_text_no_template,yes
2026-06-22T04:14:47.469995,qwen2.5-7b,q4,cpu,11,Explain how quantization reduces the memory footprint of a neural network model. What are the trade-,Dettmers et al. 2022,10,46.55264091491699,256,5.4991509604768565,1.8388811372236704,0.0,3.1377523864434216,0.023779103685107703,0.0,0.04057518336834013,0.06435428705344784,1.5287360889546533e-06,1.5287360889546533,26,46.55264091491699,PRY,10,Apple M4,1,Apple M4,16.0,35,256,291,0.0002513839338025306,0.2513839338025306,1104.9941560544607,181.8462535738945,0,8,512,42,15.6.1,0.3.21,3.13.5,no_disponible_apple_silicon,66.2,7.6742706298828125,56.9,Version: 0.3.21,no,plain_text_no_template,yes
2026-06-22T04:15:41.452211,qwen2.5-7b,q4,cpu,12,What is the difference between CPU and GPU architectures in the context of deep learning inference? ,Zheng et al. 2023,1,49.360909938812256,256,5.186290129524302,2.1114733833700785,0.0,3.1233474082861217,0.02895117986520268,0.0,0.04282535281334276,0.07177653267854543,1.7050515337788466e-06,1.7050515337788466,26,49.360909938812256,PRY,10,Apple M4,1,Apple M4,16.0,31,256,287,0.0002803770807755681,0.2803770807755681,990.7292600714715,192.81605444848537,0,8,512,42,15.6.1,0.3.21,3.13.5,no_disponible_apple_silicon,69.3,7.6755828857421875,56.9,Version: 0.3.21,no,plain_text_no_template,yes
2026-06-22T04:16:34.343615,qwen2.5-7b,q4,cpu,12,What is the difference between CPU and GPU architectures in the context of deep learning inference? ,Zheng et al. 2023,2,46.30543398857117,256,5.528508815254478,1.9060637537891414,0.0,3.133780263517793,0.02451697481363646,0.0,0.04030862642416954,0.06482560123780602,1.5399321574040819e-06,1.5399321574040818,26,46.30543398857117,PRY,10,Apple M4,1,Apple M4,16.0,31,256,287,0.00025322500483517977,0.2532250048351798,1096.9603019993187,180.88060151785612,0,8,512,42,15.6.1,0.3.21,3.13.5,no_disponible_apple_silicon,67.1,7.6817779541015625,57.0,Version: 0.3.21,no,plain_text_no_template,yes
2026-06-22T04:17:25.786084,qwen2.5-7b,q4,cpu,12,What is the difference between CPU and GPU architectures in the context of deep learning inference? ,Zheng et al. 2023,3,46.81242513656616,256,5.4686335786528835,1.7524395309096528,0.0,3.1259993891175863,0.022787762318629792,0.0,0.04064878121667183,0.0634365435353016,1.5069350916810897e-06,1.5069350916810897,26,46.81242513656616,PRY,10,Apple M4,1,Apple M4,16.0,31,256,287,0.0002477989981847719,0.2477989981847719,1120.9802291882233,182.86103568971157,0,8,512,42,15.6.1,0.3.21,3.13.5,no_disponible_apple_silicon,68.9,7.7062530517578125,57.1,Version: 0.3.21,no,plain_text_no_template,yes
2026-06-22T04:18:19.320210,qwen2.5-7b,q4,cpu,12,What is the difference between CPU and GPU architectures in the context of deep learning inference? ,Zheng et al. 2023,4,46.90533089637756,256,5.457801812880304,1.784506816761931,0.0,3.128570416594359,0.023250800757516604,0.0,0.04076295295082673,0.06401375370834334,1.520646719341696e-06,1.520646719341696,26,46.90533089637756,PRY,10,Apple M4,1,Apple M4,16.0,31,256,287,0.00025005372542321615,0.25005372542321613,1110.8723827555004,183.22394881397486,0,8,512,42,15.6.1,0.3.21,3.13.5,no_disponible_apple_silicon,66.6,7.8969268798828125,58.3,Version: 0.3.21,no,plain_text_no_template,yes
2026-06-22T04:19:12.853995,qwen2.5-7b,q4,cpu,12,What is the difference between CPU and GPU architectures in the context of deep learning inference? ,Zheng et al. 2023,5,48.90047597885132,256,5.235122866916796,2.0994991265049263,0.0,3.126637112206452,0.028518474056464856,0.0,0.04247056750001018,0.07098904155647502,1.6863446821740641e-06,1.6863446821740642,26,48.90047597885132,PRY,10,Apple M4,1,Apple M4,16.0,31,256,287,0.00027730094357998055,0.27730094357998053,1001.7195549053719,191.01748429238796,0,8,512,42,15.6.1,0.3.21,3.13.5,no_disponible_apple_silicon,69.0,7.71246337890625,57.1,Version: 0.3.21,no,plain_text_no_template,yes
2026-06-22T04:20:09.913800,qwen2.5-7b,q4,cpu,12,What is the difference between CPU and GPU architectures in the context of deep learning inference? ,Zheng et al. 2023,6,50.41885280609131,256,5.077465784169362,1.9839552914826666,0.0,2.2224761078556505,0.02778576383753626,0.0,0.031126304374174654,0.05891206821171092,1.3994561803691928e-06,1.3994561803691927,26,50.41885280609131,PRY,10,Apple M4,1,Apple M4,16.0,31,256,287,0.00023012526645199577,0.23012526645199577,1207.0720528018262,196.94864377379417,0,8,512,42,15.6.1,0.3.21,3.13.5,no_disponible_apple_silicon,67.0,7.9123687744140625,58.4,Version: 0.3.21,no,plain_text_no_template,yes
2026-06-22T04:21:04.257279,qwen2.5-7b,q4,cpu,12,What is the difference between CPU and GPU architectures in the context of deep learning inference? ,Zheng et al. 2023,7,49.73075604438782,256,5.147719849091052,2.028814615229392,0.0,2.2147807214650386,0.028026245747017065,0.0,0.030595199930830857,0.05862144567784794,1.3925524420772777e-06,1.3925524420772777,26,49.73075604438782,PRY,10,Apple M4,1,Apple M4,16.0,31,256,287,0.0002289900221790935,0.2289900221790935,1213.0562508113444,194.2607657983899,0,8,512,42,15.6.1,0.3.21,3.13.5,no_disponible_apple_silicon,68.9,7.7032318115234375,57.0,Version: 0.3.21,no,plain_text_no_template,yes
2026-06-22T04:22:00.279780,qwen2.5-7b,q4,cpu,12,What is the difference between CPU and GPU architectures in the context of deep learning inference? ,Zheng et al. 2023,8,49.39859104156494,256,5.18233404237373,2.054106111749149,,3.133765647196685,0.02818609660285425,,0.043001002118326144,,0.0,0.0,26,49.39859104156494,PRY,10,Apple M4,1,Apple M4,16.0,31,256,287,,,0.0,192.96324625611305,0,8,512,42,15.6.1,0.3.21,3.13.5,no_disponible_apple_silicon,67.0,7.929962158203125,58.4,Version: 0.3.21,no,plain_text_no_template,yes
2026-06-22T04:22:52.191442,qwen2.5-7b,q4,cpu,12,What is the difference between CPU and GPU architectures in the context of deep learning inference? ,Zheng et al. 2023,9,47.229168176651,256,5.42037918267975,2.1584004520065374,0.0,3.1236995393433253,0.02831651609454897,0.0,0.04098048079915922,0.06929699689370819,1.6461501612100379e-06,1.6461501612100378,26,47.229168176651,PRY,10,Apple M4,1,Apple M4,16.0,31,256,287,0.0002706913941160476,0.27069139411604765,1026.1788287908857,184.48893819004297,0,8,512,42,15.6.1,0.3.21,3.13.5,no_disponible_apple_silicon,69.0,7.7014923095703125,57.0,Version: 0.3.21,no,plain_text_no_template,yes
2026-06-22T04:23:43.950510,qwen2.5-7b,q4,cpu,12,What is the difference between CPU and GPU architectures in the context of deep learning inference? ,Zheng et al. 2023,10,45.04315900802612,256,5.683437965671636,1.6258407398475898,0.0,3.125775536123057,0.020342500824078284,0.0,0.039109667915830267,0.059452168739908544,1.4122862684165274e-06,1.4122862684165274,26,45.04315900802612,PRY,10,Apple M4,1,Apple M4,16.0,31,256,287,0.00023223503414026775,0.23223503414026775,1196.1062584984597,175.94983987510204,0,8,512,42,15.6.1,0.3.21,3.13.5,no_disponible_apple_silicon,66.3,7.7757720947265625,57.5,Version: 0.3.21,no,plain_text_no_template,yes
2026-06-22T04:24:38.896590,qwen2.5-7b,q4,cpu,13,Explain the ethical implications of deploying large language models in low-resource countries where ,Bender et al. 2021,1,50.30595111846924,256,5.088861144820153,2.012265448028689,0.0,2.2235323384416,0.028119146462754395,0.0,0.031071363646660757,0.05919051010941516,1.406070567649157e-06,1.406070567649157,26,50.30595111846924,PRY,10,Apple M4,1,Apple M4,16.0,32,256,288,0.00023121293011490297,0.23121293011490296,1201.393787275366,196.50762155652046,0,8,512,42,15.6.1,0.3.21,3.13.5,no_disponible_apple_silicon,69.9,7.6968536376953125,56.9,Version: 0.3.21,no,plain_text_no_template,yes
2026-06-22T04:25:30.403806,qwen2.5-7b,q4,cpu,13,Explain the ethical implications of deploying large language models in low-resource countries where ,Bender et al. 2021,2,44.85553479194641,256,5.707210964876592,1.6139139066183874,0.0,2.421045298617793,0.020109158719313118,0.0,0.03016591156250797,0.05027507028182109,1.19428429454466e-06,1.19428429454466,26,44.85553479194641,PRY,10,Apple M4,1,Apple M4,16.0,32,256,288,0.00019638699328836364,0.19638699328836365,1414.4408095800136,175.21693278104067,0,8,512,42,15.6.1,0.3.21,3.13.5,no_disponible_apple_silicon,65.8,7.6866912841796875,56.9,Version: 0.3.21,no,plain_text_no_template,yes
2026-06-22T04:26:24.112983,qwen2.5-7b,q4,cpu,13,Explain the ethical implications of deploying large language models in low-resource countries where ,Bender et al. 2021,3,49.081459045410156,256,5.215818864780463,2.1092919389439806,0.0,3.123754432567598,0.028757534976692433,0.0,0.042588451458329166,0.07134598643502162,1.6948239077639382e-06,1.6948239077639382,26,49.081459045410156,PRY,10,Apple M4,1,Apple M4,16.0,32,256,288,0.0002786952595118032,0.2786952595118032,996.7079392177944,191.72444939613342,0,8,512,42,15.6.1,0.3.21,3.13.5,no_disponible_apple_silicon,69.4,7.6955718994140625,56.9,Version: 0.3.21,no,plain_text_no_template,yes
2026-06-22T04:27:16.936044,qwen2.5-7b,q4,cpu,13,Explain the ethical implications of deploying large language models in low-resource countries where ,Bender et al. 2021,4,46.23693585395813,256,5.536699075574339,1.9801766019685048,0.0,3.1306780164066406,0.025432582923535146,0.0,0.040209155173330756,0.0656417380968659,1.5593194884910494e-06,1.5593194884910493,26,46.23693585395813,PRY,10,Apple M4,1,Apple M4,16.0,32,256,288,0.0002564130394408824,0.2564130394408824,1083.3215751565597,180.61303067952394,0,8,512,42,15.6.1,0.3.21,3.13.5,no_disponible_apple_silicon,66.3,7.693572998046875,56.9,Version: 0.3.21,no,plain_text_no_template,yes
2026-06-22T04:28:12.098970,qwen2.5-7b,q4,cpu,13,Explain the ethical implications of deploying large language models in low-resource countries where ,Bender et al. 2021,5,50.53038501739502,256,5.066258646394092,1.9916657516903553,0.0,2.2266690098698323,0.02795545479413142,0.0,0.031254011770840105,0.05920946656497152,1.4065208782508983e-06,1.4065208782508982,26,50.53038501739502,PRY,10,Apple M4,1,Apple M4,16.0,32,256,288,0.00023128697876942,0.23128697876942,1201.0091499993455,197.3843164741993,0,8,512,42,15.6.1,0.3.21,3.13.5,no_disponible_apple_silicon,69.5,7.9194488525390625,58.3,Version: 0.3.21,no,plain_text_no_template,yes
2026-06-22T04:29:04.595159,qwen2.5-7b,q4,cpu,13,Explain the ethical implications of deploying large language models in low-resource countries where ,Bender et al. 2021,6,45.92015790939331,256,5.574893721078283,2.137910012381093,0.0,3.1412088544779166,0.027270323712392443,0.0,0.040068001840002886,0.06733832555239533,1.5996219234971509e-06,1.599621923497151,26,45.92015790939331,PRY,10,Apple M4,1,Apple M4,16.0,32,256,288,0.00026304033418904425,0.26304033418904427,1056.0273147240675,179.37561683356762,0,8,512,42,15.6.1,0.3.21,3.13.5,no_disponible_apple_silicon,66.2,7.6802978515625,56.9,Version: 0.3.21,no,plain_text_no_template,yes
2026-06-22T04:29:59.284585,qwen2.5-7b,q4,cpu,13,Explain the ethical implications of deploying large language models in low-resource countries where ,Bender et al. 2021,7,50.05384802818298,256,5.114491893927084,2.0301051486750197,0.0,2.2245160439482423,0.028226270720280906,0.0,0.030929330000011152,0.05915560072029206,1.4052412951105377e-06,1.4052412951105377,26,50.05384802818298,PRY,10,Apple M4,1,Apple M4,16.0,32,256,288,0.00023107656531364085,0.23107656531364085,1202.102763647838,195.52284386008978,0,8,512,42,15.6.1,0.3.21,3.13.5,no_disponible_apple_silicon,69.6,7.9196929931640625,58.3,Version: 0.3.21,no,plain_text_no_template,yes
2026-06-22T04:30:53.090947,qwen2.5-7b,q4,cpu,13,Explain the ethical implications of deploying large language models in low-resource countries where ,Bender et al. 2021,8,47.13151407241821,256,5.431609933146907,1.8820642764568944,0.0,3.12693190587032,0.024640149703062147,0.0,0.04093806531250569,0.06557821501556782,1.5578104976948135e-06,1.5578104976948135,26,47.13151407241821,PRY,10,Apple M4,1,Apple M4,16.0,32,256,288,0.0002561649024045618,0.2561649024045618,1084.370946879689,184.10747684538364,0,8,512,42,15.6.1,0.3.21,3.13.5,no_disponible_apple_silicon,66.2,7.6573486328125,56.7,Version: 0.3.21,no,plain_text_no_template,yes
2026-06-22T04:31:46.681642,qwen2.5-7b,q4,cpu,13,Explain the ethical implications of deploying large language models in low-resource countries where ,Bender et al. 2021,9,48.976224184036255,256,5.227026057338306,2.0987390862230026,0.0,3.128923892258249,0.02855230999740477,0.0,0.04256746611167425,0.07111977610907902,1.6894502814711719e-06,1.6894502814711718,26,48.976224184036255,PRY,10,Apple M4,1,Apple M4,16.0,32,256,288,0.0002778116254260899,0.2778116254260899,999.8781633120635,191.31337571889162,0,8,512,42,15.6.1,0.3.21,3.13.5,no_disponible_apple_silicon,68.9,7.6279144287109375,56.5,Version: 0.3.21,no,plain_text_no_template,yes
2026-06-22T04:32:41.089883,qwen2.5-7b,q4,cpu,13,Explain the ethical implications of deploying large language models in low-resource countries where ,Bender et al. 2021,10,47.74729800224304,256,5.361559935558527,2.111377548397313,0.0,3.1168193536306914,0.028003492499603284,0.0,0.04133880624915643,0.06934229874875972,1.6472263067767868e-06,1.6472263067767867,26,47.74729800224304,PRY,10,Apple M4,1,Apple M4,16.0,32,256,288,0.00027086835448734265,0.27086835448734264,1025.508418299776,186.51288282126188,0,8,512,42,15.6.1,0.3.21,3.13.5,no_disponible_apple_silicon,66.3,7.6760406494140625,56.9,Version: 0.3.21,no,plain_text_no_template,yes
2026-06-22T04:33:38.037823,qwen2.5-7b,q4,cpu,14,"Translate the following paragraph to Spanish, then explain any cultural or linguistic nuances you co",Papineni et al. 2002,1,52.31281614303589,256,4.8936382874138165,1.9166898568058703,0.0,2.2494576482797957,0.027852067800640912,0.0,0.03268762899333524,0.060539696793976146,1.4381204973409032e-06,1.4381204973409032,26,52.31281614303589,PRY,10,Apple M4,1,Apple M4,16.0,71,256,327,0.00023648319060146932,0.23648319060146933,1174.6195451409471,204.34693805873394,0,8,512,42,15.6.1,0.3.21,3.13.5,no_disponible_apple_silicon,69.7,7.6546630859375,56.6,Version: 0.3.21,no,plain_text_no_template,yes
2026-06-22T04:34:33.646147,qwen2.5-7b,q4,cpu,14,"Translate the following paragraph to Spanish, then explain any cultural or linguistic nuances you co",Papineni et al. 2002,2,48.96610188484192,256,5.228106591005727,2.0797004594003763,0.0,3.120169423294634,0.028287451273597605,0.0,0.04243959274417042,0.07072704401776801,1.680120930642079e-06,1.680120930642079,26,48.96610188484192,PRY,10,Apple M4,1,Apple M4,16.0,71,256,327,0.0002762775156944063,0.2762775156944063,1005.4302720929013,191.27383548766375,0,8,512,42,15.6.1,0.3.21,3.13.5,no_disponible_apple_silicon,66.7,7.6578826904296875,56.7,Version: 0.3.21,no,plain_text_no_template,yes
2026-06-22T04:35:27.167078,qwen2.5-7b,q4,cpu,14,"Translate the following paragraph to Spanish, then explain any cultural or linguistic nuances you co",Papineni et al. 2002,3,48.89550733566284,256,5.2356548474399744,2.1091587161613523,0.0,3.1280372079181604,0.028646773743929058,0.0,0.042485268401663535,0.0711320421455926,1.6897416611685519e-06,1.6897416611685518,26,48.89550733566284,PRY,10,Apple M4,1,Apple M4,16.0,71,256,327,0.0002778595396312211,0.2778595396312211,999.7057439397194,190.99807552993298,0,8,512,42,15.6.1,0.3.21,3.13.5,no_disponible_apple_silicon,69.5,7.73162841796875,57.2,Version: 0.3.21,no,plain_text_no_template,yes
2026-06-22T04:36:20.337062,qwen2.5-7b,q4,cpu,14,"Translate the following paragraph to Spanish, then explain any cultural or linguistic nuances you co",Papineni et al. 2002,4,46.56033396720886,256,5.498242348955092,1.8305791733918009,0.0,3.133762307864048,0.023675660462927607,0.0,0.04053028323000035,0.06420594369292795,1.5252121924255036e-06,1.5252121924255035,26,46.56033396720886,PRY,10,Apple M4,1,Apple M4,16.0,71,256,327,0.0002508044675504998,0.2508044675504998,1107.5471680816324,181.87630455940962,0,8,512,42,15.6.1,0.3.21,3.13.5,no_disponible_apple_silicon,66.8,7.9214630126953125,58.3,Version: 0.3.21,no,plain_text_no_template,yes
2026-06-22T04:37:11.986883,qwen2.5-7b,q4,cpu,14,"Translate the following paragraph to Spanish, then explain any cultural or linguistic nuances you co",Papineni et al. 2002,5,46.98586702346802,256,5.448446867483274,1.759732775264839,0.0,3.1268708642664707,0.022967380604286682,0.0,0.0408107607299947,0.06377814133428138,1.5150497473958541e-06,1.5150497473958542,26,46.98586702346802,PRY,10,Apple M4,1,Apple M4,16.0,71,256,327,0.00024913336458703663,0.24913336458703664,1114.9762226276762,183.53854306042194,0,8,512,42,15.6.1,0.3.21,3.13.5,no_disponible_apple_silicon,68.9,7.7093505859375,57.0,Version: 0.3.21,no,plain_text_no_template,yes
2026-06-22T04:38:04.978315,qwen2.5-7b,q4,cpu,14,"Translate the following paragraph to Spanish, then explain any cultural or linguistic nuances you co",Papineni et al. 2002,6,46.404791831970215,256,5.516671660266577,1.801577607745007,0.0,3.1245703817833763,0.023222731626818316,0.0,0.04027639948083257,0.0634991311076509,1.5084218594622469e-06,1.508421859462247,26,46.404791831970215,PRY,10,Apple M4,1,Apple M4,16.0,71,256,327,0.00024804348088926134,0.24804348088926134,1119.8753411374328,181.26871809363365,0,8,512,42,15.6.1,0.3.21,3.13.5,no_disponible_apple_silicon,66.8,7.9169158935546875,58.3,Version: 0.3.21,no,plain_text_no_template,yes
2026-06-22T04:38:57.044463,qwen2.5-7b,q4,cpu,14,"Translate the following paragraph to Spanish, then explain any cultural or linguistic nuances you co",Papineni et al. 2002,7,47.43971300125122,256,5.3963226968352025,2.1867369015717433,0.0,3.1162734584435436,0.028816158616613567,0.0,0.041065310694993966,0.06988146931160755,1.6600343034972374e-06,1.6600343034972374,26,47.43971300125122,PRY,10,Apple M4,1,Apple M4,16.0,71,256,327,0.000272974489498467,0.272974489498467,1017.5961068308463,185.31137891113758,0,8,512,42,15.6.1,0.3.21,3.13.5,no_disponible_apple_silicon,69.6,7.7623748779296875,57.3,Version: 0.3.21,no,plain_text_no_template,yes
2026-06-22T04:39:50.106385,qwen2.5-7b,q4,cpu,14,"Translate the following paragraph to Spanish, then explain any cultural or linguistic nuances you co",Papineni et al. 2002,8,46.4654221534729,256,5.50947324129425,1.8441909483060817,0.0,3.1350139010871816,0.023803086373515445,0.0,0.040463817880839394,0.06426690425435484,1.526660310562199e-06,1.526660310562199,26,46.4654221534729,PRY,10,Apple M4,1,Apple M4,16.0,71,256,327,0.0002510425947435736,0.2510425947435736,1106.4966009513753,181.50555528700352,0,8,512,42,15.6.1,0.3.21,3.13.5,no_disponible_apple_silicon,66.8,7.930419921875,58.3,Version: 0.3.21,no,plain_text_no_template,yes
2026-06-22T04:40:43.141362,qwen2.5-7b,q4,cpu,14,"Translate the following paragraph to Spanish, then explain any cultural or linguistic nuances you co",Papineni et al. 2002,9,48.426234006881714,256,5.286390842691186,2.0891979130907568,0.0,3.123425692766791,0.028103329729450528,0.0,0.04201548430584202,0.07011881403529253,1.665672427408374e-06,1.665672427408374,26,48.426234006881714,PRY,10,Apple M4,1,Apple M4,16.0,71,256,327,0.00027390161732536146,0.27390161732536145,1014.151652298613,189.1649765893817,0,8,512,42,15.6.1,0.3.21,3.13.5,no_disponible_apple_silicon,68.9,7.682037353515625,56.8,Version: 0.3.21,no,plain_text_no_template,yes
2026-06-22T04:41:36.157428,qwen2.5-7b,q4,cpu,14,"Translate the following paragraph to Spanish, then explain any cultural or linguistic nuances you co",Papineni et al. 2002,10,46.427119970321655,256,5.514018534073338,1.8354836364771352,0.0,3.132088237843156,0.023671171942857283,0.0,0.04039273232666043,0.0640639042695177,1.5218380459223929e-06,1.5218380459223928,26,46.427119970321655,PRY,10,Apple M4,1,Apple M4,16.0,71,256,327,0.00025024962605280353,0.25024962605280354,1110.0027686721326,181.35593738406897,0,8,512,42,15.6.1,0.3.21,3.13.5,no_disponible_apple_silicon,66.3,7.6943359375,56.9,Version: 0.3.21,no,plain_text_no_template,yes
2026-06-22T04:42:38.299304,qwen2.5-7b,q4,cpu,15,The following is a summary of key findings from a research experiment on energy consumption in large,Villamayor 2026,1,57.5198929309845,256,4.4506341537729,1.7923313555687064,0.0,2.3273738580779675,0.028637418796988414,0.0,0.03718619309083806,0.06582361188782648,1.563639900395318e-06,1.5636399003953179,26,57.5198929309845,PRY,10,Apple M4,1,Apple M4,16.0,250,256,506,0.0002571234839368222,0.2571234839368222,1080.3283057802319,224.6870817616582,0,8,512,42,15.6.1,0.3.21,3.13.5,no_disponible_apple_silicon,71.4,7.7100830078125,56.9,Version: 0.3.21,no,plain_text_no_template,yes
2026-06-22T04:43:31.915704,qwen2.5-7b,q4,cpu,15,The following is a summary of key findings from a research experiment on energy consumption in large,Villamayor 2026,2,46.95925211906433,256,5.451534861562886,1.7223803792473835,0.0,3.141638316086493,0.022467137353890977,0.0,0.04098027382000509,0.06344741117389609,1.5071932524359014e-06,1.5071932524359013,26,46.95925211906433,PRY,10,Apple M4,1,Apple M4,16.0,250,256,506,0.0002478414498980316,0.24784144989803158,1120.7882212279778,183.43457859009504,0,8,512,42,15.6.1,0.3.21,3.13.5,no_disponible_apple_silicon,66.4,7.7376556396484375,57.1,Version: 0.3.21,no,plain_text_no_template,yes
2026-06-22T04:44:27.144493,qwen2.5-7b,q4,cpu,15,The following is a summary of key findings from a research experiment on energy consumption in large,Villamayor 2026,3,50.594977140426636,256,5.059790802740569,2.014302962411805,0.00022775667568180572,2.229867291151859,0.028309336760310812,3.2009288332501454e-06,0.031338912395003714,0.05965145008414777,1.4170201967489302e-06,1.4170201967489302,26,50.594977140426636,PRY,10,Apple M4,1,Apple M4,16.0,250,256,506,0.00023301347689120221,0.23301347689120222,1192.1103512286404,197.63662945479155,0,8,512,42,15.6.1,0.3.21,3.13.5,no_disponible_apple_silicon,69.6,7.6956024169921875,56.9,Version: 0.3.21,no,plain_text_no_template,yes
2026-06-22T04:45:20.322015,qwen2.5-7b,q4,cpu,15,The following is a summary of key findings from a research experiment on energy consumption in large,Villamayor 2026,4,46.580140829086304,256,5.49590437992288,1.852491152000499,0.0,3.139807405383962,0.02396924965133877,0.0,0.04062574197749806,0.06459499162883683,1.534454026143019e-06,1.5344540261430188,26,46.580140829086304,PRY,10,Apple M4,1,Apple M4,16.0,250,256,506,0.0002523241860501439,0.2523241860501439,1100.876543489872,181.95367511361837,0,8,512,42,15.6.1,0.3.21,3.13.5,no_disponible_apple_silicon,66.4,7.6912384033203125,56.8,Version: 0.3.21,no,plain_text_no_template,yes
2026-06-22T04:46:22.797937,qwen2.5-7b,q4,cpu,15,The following is a summary of key findings from a research experiment on energy consumption in large,Villamayor 2026,5,57.85826301574707,256,4.424605694269208,1.7906071152368972,0.0011436458687116692,2.327227402027652,0.028778171508679035,1.8380378741331195e-05,0.037402593089991575,0.06619914497741193,1.5725606889384203e-06,1.5725606889384203,26,57.85826301574707,PRY,10,Apple M4,1,Apple M4,16.0,250,256,506,0.00025859041006801535,0.25859041006801536,1074.1998425413985,226.008839905262,0,8,512,42,15.6.1,0.3.21,3.13.5,no_disponible_apple_silicon,71.8,7.6867218017578125,56.8,Version: 0.3.21,no,plain_text_no_template,yes
2026-06-22T04:47:17.523591,qwen2.5-7b,q4,cpu,15,The following is a summary of key findings from a research experiment on energy consumption in large,Villamayor 2026,6,48.12061905860901,256,5.3199648094344365,2.0998484869222773,0.0,3.1174436588874967,0.02806833586666206,0.0,0.04167036631833374,0.0697387021849958,1.656642870404575e-06,1.656642870404575,26,48.12061905860901,PRY,10,Apple M4,1,Apple M4,16.0,250,256,506,0.00027241680541013983,0.27241680541013985,1019.679301207452,187.97116819769144,0,8,512,42,15.6.1,0.3.21,3.13.5,no_disponible_apple_silicon,66.4,7.6698150634765625,56.7,Version: 0.3.21,no,plain_text_no_template,yes
2026-06-22T04:48:12.781251,qwen2.5-7b,q4,cpu,15,The following is a summary of key findings from a research experiment on energy consumption in large,Villamayor 2026,7,50.58265709877014,256,5.061023178361746,2.0079450643703742,0.0,2.2305167318054715,0.02821311018450405,0.0,0.031340406388329335,0.059553516572833386,1.414693786187657e-06,1.4146937861876572,26,50.58265709877014,PRY,10,Apple M4,1,Apple M4,16.0,250,256,506,0.0002326309241126304,0.23263092411263042,1194.0707317282076,197.58850429207087,0,8,512,42,15.6.1,0.3.21,3.13.5,no_disponible_apple_silicon,69.6,7.8916168212890625,58.1,Version: 0.3.21,no,plain_text_no_template,yes
2026-06-22T04:49:05.951807,qwen2.5-7b,q4,cpu,15,The following is a summary of key findings from a research experiment on energy consumption in large,Villamayor 2026,8,46.59095096588135,256,5.494629207879216,1.8503133471370266,0.0,3.1318041831095993,0.023946627341104722,0.0,0.04053159309166707,0.06447822043277178,1.5316801263804935e-06,1.5316801263804936,26,46.59095096588135,PRY,10,Apple M4,1,Apple M4,16.0,250,256,506,0.00025186804856551476,0.25186804856551476,1102.8702503546156,181.99590221047401,0,8,512,42,15.6.1,0.3.21,3.13.5,no_disponible_apple_silicon,66.6,7.7089996337890625,57.0,Version: 0.3.21,no,plain_text_no_template,yes
2026-06-22T04:50:00.627200,qwen2.5-7b,q4,cpu,15,The following is a summary of key findings from a research experiment on energy consumption in large,Villamayor 2026,9,50.03992295265198,256,5.115915151232916,2.036176466305456,0.0,2.225408927155694,0.028302809303313383,0.0,0.03093313645917078,0.05923594576248416,1.407149891587811e-06,1.4071498915878111,26,50.03992295265198,PRY,10,Apple M4,1,Apple M4,16.0,250,256,506,0.00023139041313470374,0.23139041313470374,1200.4722841134724,195.4684490337968,0,8,512,42,15.6.1,0.3.21,3.13.5,no_disponible_apple_silicon,69.7,7.90740966796875,58.2,Version: 0.3.21,no,plain_text_no_template,yes
2026-06-22T04:50:54.297669,qwen2.5-7b,q4,cpu,15,The following is a summary of key findings from a research experiment on energy consumption in large,Villamayor 2026,10,47.02320194244385,256,5.44412097486136,1.728179370452993,0.0010243885985080957,3.13404404970879,0.022573479869326823,1.3380564426439781e-05,0.04093688506832526,0.06352374550207852,1.5090065744018752e-06,1.5090065744018752,26,47.02320194244385,PRY,10,Apple M4,1,Apple M4,16.0,250,256,506,0.00024813963086749423,0.24813963086749424,1119.441408076045,183.68438258767128,0,8,512,42,15.6.1,0.3.21,3.13.5,no_disponible_apple_silicon,66.4,7.70184326171875,56.9,Version: 0.3.21,no,plain_text_no_template,yes
2026-06-22T04:51:27.820679,qwen2.5-7b,q4,gpu,1,"If all roses are flowers and some flowers fade quickly, can we conclude that some roses fade quickly",Zheng et al. 2023,1,23.659984827041626,252,10.650894404293213,0.04989551268853139,1.0733211411726176,2.624162164678791,0.00032792418698558766,0.007054100531857537,0.017246565833332474,0.0246285905521756,5.850521685669314e-07,0.5850521685669313,26,23.659984827041626,PRY,10,Apple M4,1,Apple M4,16.0,27,252,279,9.773250219117301e-05,0.097732502191173,2842.2251712579814,93.88882867873662,-1,8,512,42,15.6.1,0.3.21,3.13.5,no_disponible_apple_silicon,2.6,7.72381591796875,57.0,Version: 0.3.21,yes,plain_text_no_template,yes
2026-06-22T04:51:59.050706,qwen2.5-7b,q4,gpu,1,"If all roses are flowers and some flowers fade quickly, can we conclude that some roses fade quickly",Zheng et al. 2023,2,24.764716148376465,252,10.175767753208055,0.10854210806106626,1.040899751953466,2.649375364688291,0.000746670693410753,0.007160440804456404,0.018225285799168586,0.02613239729703574,6.20775097791084e-07,0.620775097791084,26,24.764716148376465,PRY,10,Apple M4,1,Apple M4,16.0,27,252,279,0.00010369998927395136,0.10369998927395135,2678.6673723172066,98.27268312847804,-1,8,512,42,15.6.1,0.3.21,3.13.5,no_disponible_apple_silicon,4.1,8.076431274414062,59.2,Version: 0.3.21,yes,plain_text_no_template,yes
2026-06-22T04:52:28.242057,qwen2.5-7b,q4,gpu,1,"If all roses are flowers and some flowers fade quickly, can we conclude that some roses fade quickly",Zheng et al. 2023,3,24.74484395980835,252,10.183939749602356,0.07321140974904869,1.1069679178821392,2.622730849724267,0.0005032235861993893,0.007608818999029854,0.018027518229167375,0.02613956081439662,6.209452671459917e-07,0.6209452671459916,26,24.74484395980835,PRY,10,Apple M4,1,Apple M4,16.0,27,252,279,0.00010372841593014531,0.10372841593014531,2677.9332865243405,98.19382523733472,-1,8,512,42,15.6.1,0.3.21,3.13.5,no_disponible_apple_silicon,2.6,7.75970458984375,57.2,Version: 0.3.21,yes,plain_text_no_template,yes
2026-06-22T04:52:59.580070,qwen2.5-7b,q4,gpu,1,"If all roses are flowers and some flowers fade quickly, can we conclude that some roses fade quickly",Zheng et al. 2023,4,24.864967823028564,252,10.134740643686314,0.07239534740625102,1.041617458044008,2.628591306257446,0.0005000299954981683,0.007194384605046963,0.018155510624995562,0.025849925225540693,6.140649737327191e-07,0.6140649737327192,26,24.864967823028564,PRY,10,Apple M4,1,Apple M4,16.0,27,252,279,0.0001025790683553202,0.10257906835532021,2707.938200565369,98.67050723424035,-1,8,512,42,15.6.1,0.3.21,3.13.5,no_disponible_apple_silicon,2.4,7.730255126953125,57.0,Version: 0.3.21,yes,plain_text_no_template,yes
2026-06-22T04:53:29.718326,qwen2.5-7b,q4,gpu,1,"If all roses are flowers and some flowers fade quickly, can we conclude that some roses fade quickly",Zheng et al. 2023,5,25.67081594467163,252,9.8165948656691,0.06499331803125048,1.032078817533773,2.636648807535909,0.0004634531957815942,0.00735952926813995,0.01880136840249785,0.026624350866419396,6.324614548317927e-07,0.6324614548317927,26,25.67081594467163,PRY,10,Apple M4,1,Apple M4,16.0,27,252,279,0.00010565218597785475,0.10565218597785474,2629.172082023949,101.86831724076043,-1,8,512,42,15.6.1,0.3.21,3.13.5,no_disponible_apple_silicon,2.8,7.7388916015625,57.1,Version: 0.3.21,yes,plain_text_no_template,yes
2026-06-22T04:54:03.192060,qwen2.5-7b,q4,gpu,1,"If all roses are flowers and some flowers fade quickly, can we conclude that some roses fade quickly",Zheng et al. 2023,6,26.970306158065796,252,9.343609172365156,0.07935785195478581,0.7729999213716016,2.6787085194208045,0.0005945293231297315,0.005791123483209134,0.02006821913249951,0.026453871938838375,6.284117279071055e-07,0.6284117279071055,26,26.970306158065796,PRY,10,Apple M4,1,Apple M4,16.0,27,252,279,0.00010497568229697768,0.10497568229697768,2646.1154783632705,107.02502443676903,-1,8,512,42,15.6.1,0.3.21,3.13.5,no_disponible_apple_silicon,3.8,8.089309692382812,59.3,Version: 0.3.21,yes,plain_text_no_template,yes
2026-06-22T04:54:36.382205,qwen2.5-7b,q4,gpu,1,"If all roses are flowers and some flowers fade quickly, can we conclude that some roses fade quickly",Zheng et al. 2023,7,28.727555990219116,252,8.77206540249364,0.0627246980378542,0.7319973223197995,2.6893697953736577,0.0005005353541255677,0.0058412483504534755,0.02146083927083358,0.02780262297541262,6.604513087809268e-07,0.6604513087809268,26,28.727555990219116,PRY,10,Apple M4,1,Apple M4,16.0,27,252,279,0.00011032786895005009,0.11032786895005009,2517.7480578686705,113.99823805642507,-1,8,512,42,15.6.1,0.3.21,3.13.5,no_disponible_apple_silicon,2.8,7.7756805419921875,57.4,Version: 0.3.21,yes,plain_text_no_template,yes
2026-06-22T04:55:13.044690,qwen2.5-7b,q4,gpu,1,"If all roses are flowers and some flowers fade quickly, can we conclude that some roses fade quickly",Zheng et al. 2023,8,30.110000133514404,252,8.369312483645839,0.7159569595020513,0.6481153067401503,3.8981271912165028,0.005988184485054814,0.005420764436799626,0.032603502846662503,0.04401245176851694,1.0455157917611199e-06,1.04551579176112,26,30.110000133514404,PRY,10,Apple M4,1,Apple M4,16.0,27,252,279,0.00017465258638300373,0.17465258638300374,1590.4589993796371,119.48412751394605,-1,8,512,42,15.6.1,0.3.21,3.13.5,no_disponible_apple_silicon,2.5,7.736602783203125,57.1,Version: 0.3.21,yes,plain_text_no_template,yes
2026-06-22T04:55:48.766743,qwen2.5-7b,q4,gpu,1,"If all roses are flowers and some flowers fade quickly, can we conclude that some roses fade quickly",Zheng et al. 2023,9,31.155930995941162,252,8.088347609732134,1.593342820912771,0.7579649021176958,3.8506411070696367,0.013789466383676813,0.006559750607701175,0.033325085728332246,0.053674302719710236,1.2750330611067165e-06,1.2750330611067164,26,31.155930995941162,PRY,10,Apple M4,1,Apple M4,16.0,27,252,279,0.0002129932647607549,0.2129932647607549,1304.1622611390655,123.63464680929033,-1,8,512,42,15.6.1,0.3.21,3.13.5,no_disponible_apple_silicon,3.9,8.211700439453125,60.1,Version: 0.3.21,yes,plain_text_no_template,yes
2026-06-22T04:56:25.470805,qwen2.5-7b,q4,gpu,1,"If all roses are flowers and some flowers fade quickly, can we conclude that some roses fade quickly",Zheng et al. 2023,10,30.22084403038025,252,8.338615551129902,1.3019068053374598,0.7091631200224501,3.8581118840617483,0.010929089585053887,0.005953196678415636,0.03238761041666294,0.049269896680132465,1.1704063956365466e-06,1.1704063956365467,26,30.22084403038025,PRY,10,Apple M4,1,Apple M4,16.0,27,252,279,0.00019551546301639866,0.19551546301639866,1420.7458248684884,119.92398424754066,-1,8,512,42,15.6.1,0.3.21,3.13.5,no_disponible_apple_silicon,2.7,7.7767791748046875,57.4,Version: 0.3.21,yes,plain_text_no_template,yes
2026-06-22T04:57:02.078117,qwen2.5-7b,q4,gpu,2,A farmer has 17 sheep. All but 9 die. How many sheep does the farmer have left? Explain your answer.,Zheng et al. 2023,1,31.960845232009888,256,8.009800683982137,0.08783634909424815,0.6030206396018754,3.8425112269245663,0.0007798122108739047,0.005353624815006431,0.03411386295166569,0.040247299977546044,9.56074610966606e-07,0.9560746109666061,26,31.960845232009888,PRY,10,Apple M4,1,Apple M4,16.0,27,256,283,0.00015721601553728924,0.15721601553728923,1766.854202661644,124.84705168753862,-1,8,512,42,15.6.1,0.3.21,3.13.5,no_disponible_apple_silicon,2.6,7.774688720703125,57.3,Version: 0.3.21,yes,plain_text_no_template,yes
2026-06-22T04:57:39.382950,qwen2.5-7b,q4,gpu,2,A farmer has 17 sheep. All but 9 die. How many sheep does the farmer have left? Explain your answer.,Zheng et al. 2023,2,30.620645761489868,256,8.360372344660316,0.9121638101658252,0.6356180994224511,3.8828602908015286,0.007758623585427396,0.005406399072779534,0.03302658041833032,0.046191603076537247,1.0972815310831423e-06,1.0972815310831423,26,30.620645761489868,PRY,10,Apple M4,1,Apple M4,16.0,27,256,283,0.00018043594951772362,0.18043594951772363,1539.4813423834512,119.6118975058198,-1,8,512,42,15.6.1,0.3.21,3.13.5,no_disponible_apple_silicon,2.5,7.7481689453125,57.1,Version: 0.3.21,yes,plain_text_no_template,yes
2026-06-22T04:58:15.756091,qwen2.5-7b,q4,gpu,2,A farmer has 17 sheep. All but 9 die. How many sheep does the farmer have left? Explain your answer.,Zheng et al. 2023,3,31.68734622001648,256,8.078934670720017,0.12090816828587993,0.5993366344828589,3.8582497615957934,0.001064238608139637,0.005275385399777171,0.03396047111082832,0.040300095118745126,9.573287595457903e-07,0.9573287595457903,26,31.68734622001648,PRY,10,Apple M4,1,Apple M4,16.0,27,256,283,0.00015742224655759815,0.15742224655759815,1764.5395352437915,123.77869617193937,-1,8,512,42,15.6.1,0.3.21,3.13.5,no_disponible_apple_silicon,4.0,8.09661865234375,59.4,Version: 0.3.21,yes,plain_text_no_template,yes
2026-06-22T04:58:53.583930,qwen2.5-7b,q4,gpu,2,A farmer has 17 sheep. All but 9 die. How many sheep does the farmer have left? Explain your answer.,Zheng et al. 2023,4,31.23863697052002,256,8.194979833517955,1.2480418529820179,0.5463891496787785,3.8883940459902115,0.010829757324811215,0.0047412367476240246,0.033741147222505485,0.04931214129494073,1.171409916461317e-06,1.171409916461317,26,31.23863697052002,PRY,10,Apple M4,1,Apple M4,16.0,27,256,283,0.00019262555193336222,0.19262555193336223,1442.060905159008,122.02592566609383,-1,8,512,42,15.6.1,0.3.21,3.13.5,no_disponible_apple_silicon,2.5,7.745361328125,57.2,Version: 0.3.21,yes,plain_text_no_template,yes
2026-06-22T04:59:29.879276,qwen2.5-7b,q4,gpu,2,A farmer has 17 sheep. All but 9 die. How many sheep does the farmer have left? Explain your answer.,Zheng et al. 2023,5,31.68882465362549,256,8.07855775019132,0.1559152472555523,0.5534005205016795,3.8739893232982436,0.0013724363697521834,0.004871281127056334,0.03410060232667092,0.04034431982347945,9.583793174067542e-07,0.9583793174067542,26,31.68882465362549,PRY,10,Apple M4,1,Apple M4,16.0,27,256,283,0.0001575949993104666,0.15759499931046658,1762.6052793118627,123.78447130322456,-1,8,512,42,15.6.1,0.3.21,3.13.5,no_disponible_apple_silicon,3.0,7.7909393310546875,57.5,Version: 0.3.21,yes,plain_text_no_template,yes
2026-06-22T05:00:07.993498,qwen2.5-7b,q4,gpu,2,A farmer has 17 sheep. All but 9 die. How many sheep does the farmer have left? Explain your answer.,Zheng et al. 2023,6,31.402567863464355,256,8.152199562566533,0.7716695630405705,0.5768030862358184,3.876247709367281,0.006731223839319834,0.005031416127604437,0.03381225881916786,0.04557489878609214,1.0826317206636186e-06,1.0826317206636187,26,31.402567863464355,PRY,10,Apple M4,1,Apple M4,16.0,27,256,283,0.00017802694838317242,0.17802694838317243,1560.3130891167605,122.66628071665764,-1,8,512,42,15.6.1,0.3.21,3.13.5,no_disponible_apple_silicon,3.8,8.127609252929688,59.5,Version: 0.3.21,yes,plain_text_no_template,yes
2026-06-22T05:00:43.797061,qwen2.5-7b,q4,gpu,2,A farmer has 17 sheep. All but 9 die. How many sheep does the farmer have left? Explain your answer.,Zheng et al. 2023,7,31.124001026153564,256,8.22516358950389,0.7827626125499543,0.62044496481694,3.868507222185755,0.006767417876733173,0.005364091589342848,0.03344539520916442,0.045576904675240434,1.0826793705603364e-06,1.0826793705603364,26,31.124001026153564,PRY,10,Apple M4,1,Apple M4,16.0,27,256,283,0.00017803478388765795,0.17803478388765795,1560.2444180405714,121.57812900841236,-1,8,512,42,15.6.1,0.3.21,3.13.5,no_disponible_apple_silicon,2.7,7.746002197265625,57.2,Version: 0.3.21,yes,plain_text_no_template,yes
2026-06-22T05:01:21.027811,qwen2.5-7b,q4,gpu,2,A farmer has 17 sheep. All but 9 die. How many sheep does the farmer have left? Explain your answer.,Zheng et al. 2023,8,30.588293075561523,256,8.369214959710545,1.0170668317308138,0.6797479891541791,3.857101529188003,0.008641760646226375,0.005775647419381013,0.03277281999916643,0.04719022806477382,1.121003867678702e-06,1.121003867678702,26,30.588293075561523,PRY,10,Apple M4,1,Apple M4,16.0,27,256,283,0.00018433682837802273,0.18433682837802273,1506.903315099542,119.4855198264122,-1,8,512,42,15.6.1,0.3.21,3.13.5,no_disponible_apple_silicon,2.5,7.7461700439453125,57.1,Version: 0.3.21,yes,plain_text_no_template,yes
2026-06-22T05:01:57.386956,qwen2.5-7b,q4,gpu,2,A farmer has 17 sheep. All but 9 die. How many sheep does the farmer have left? Explain your answer.,Zheng et al. 2023,9,32.74381995201111,256,7.818269229894071,0.179092258952839,0.5438599250789757,3.8415227303148956,0.0016289346338751972,0.004946680962750065,0.03494059128416363,0.041516206880788886,9.862174944531399e-07,0.9862174944531399,26,32.74381995201111,PRY,10,Apple M4,1,Apple M4,16.0,27,256,283,0.0001621726831280816,0.16217268312808159,1712.8518343523551,127.90554668754339,-1,8,512,42,15.6.1,0.3.21,3.13.5,no_disponible_apple_silicon,4.1,8.11749267578125,59.5,Version: 0.3.21,yes,plain_text_no_template,yes
2026-06-22T05:02:34.847779,qwen2.5-7b,q4,gpu,2,A farmer has 17 sheep. All but 9 die. How many sheep does the farmer have left? Explain your answer.,Zheng et al. 2023,10,30.85542392730713,256,8.296758476017546,1.0195759416786754,0.5703085834934805,3.8996459878982885,0.00873873552960525,0.0048880869758537145,0.03342367503417336,0.04705049753963232,1.1176845690539657e-06,1.1176845690539656,26,30.85542392730713,PRY,10,Apple M4,1,Apple M4,16.0,27,256,283,0.00018379100601418876,0.18379100601418877,1511.3785152051087,120.52899971604347,-1,8,512,42,15.6.1,0.3.21,3.13.5,no_disponible_apple_silicon,2.5,7.74169921875,57.1,Version: 0.3.21,yes,plain_text_no_template,yes
2026-06-22T05:03:11.178259,qwen2.5-7b,q4,gpu,3,"Given that f(x) = 4x^3 - 9x - 14, find the value of f(2). Show all steps.",Zheng et al. 2023,1,31.80530571937561,256,8.04897152251067,0.11756696259109445,0.6554057712608681,3.8238846789929175,0.001038681441030043,0.005790383590331964,0.03378328368083506,0.040612348712197065,9.647463436582413e-07,0.9647463436582413,26,31.80530571937561,PRY,10,Apple M4,1,Apple M4,16.0,32,256,288,0.00015864198715701978,0.15864198715701977,1750.972631872295,124.23947546631098,-1,8,512,42,15.6.1,0.3.21,3.13.5,no_disponible_apple_silicon,2.6,7.7475433349609375,57.2,Version: 0.3.21,yes,plain_text_no_template,yes
2026-06-22T05:03:48.657330,qwen2.5-7b,q4,gpu,3,"Given that f(x) = 4x^3 - 9x - 14, find the value of f(2). Show all steps.",Zheng et al. 2023,2,30.75893497467041,256,8.32278491471869,0.9396320680671952,0.69790440425519,3.8582484316749937,0.00802835602272054,0.005962998941394856,0.0329654479516709,0.046956802915786286,1.1154588532645033e-06,1.1154588532645033,26,30.75893497467041,PRY,10,Apple M4,1,Apple M4,16.0,32,256,288,0.00018342501138979018,0.18342501138979017,1514.3942239560872,120.15208974480629,-1,8,512,42,15.6.1,0.3.21,3.13.5,no_disponible_apple_silicon,3.9,8.202438354492188,60.0,Version: 0.3.21,yes,plain_text_no_template,yes
2026-06-22T05:04:24.639751,qwen2.5-7b,q4,gpu,3,"Given that f(x) = 4x^3 - 9x - 14, find the value of f(2). Show all steps.",Zheng et al. 2023,3,31.272040843963623,256,8.186226197303498,0.8928429428958361,0.6163938483718067,3.864569719897842,0.007755839160412019,0.005354414889514183,0.03357027281249733,0.04668052686242353,1.1088959156168708e-06,1.1088959156168707,26,31.272040843963623,PRY,10,Apple M4,1,Apple M4,16.0,32,256,288,0.0001823458080563419,0.1823458080563419,1523.357080366492,122.1564095467329,-1,8,512,42,15.6.1,0.3.21,3.13.5,no_disponible_apple_silicon,2.8,7.7793731689453125,57.3,Version: 0.3.21,yes,plain_text_no_template,yes
2026-06-22T05:05:02.370386,qwen2.5-7b,q4,gpu,3,"Given that f(x) = 4x^3 - 9x - 14, find the value of f(2). Show all steps.",Zheng et al. 2023,4,31.13843607902527,256,8.2213505954604,1.1688225361655562,0.5516411270668193,3.890583443867584,0.010109807175032048,0.004771456103814336,0.033651856632495765,0.048533119911342154,1.1529042634939328e-06,1.1529042634939328,26,31.13843607902527,PRY,10,Apple M4,1,Apple M4,16.0,32,256,288,0.0001895824996536803,0.1895824996536803,1465.2079083523436,121.63451593369246,-1,8,512,42,15.6.1,0.3.21,3.13.5,no_disponible_apple_silicon,2.7,7.8184967041015625,57.6,Version: 0.3.21,yes,plain_text_no_template,yes
2026-06-22T05:05:38.281136,qwen2.5-7b,q4,gpu,3,"Given that f(x) = 4x^3 - 9x - 14, find the value of f(2). Show all steps.",Zheng et al. 2023,5,31.243785858154297,256,8.193629323995214,1.0081457146010864,0.6136247217074379,3.8673008585312805,0.008749524672447854,0.005325544278415753,0.03356364440916877,0.04763871336003238,1.1316576358675691e-06,1.1316576358675692,26,31.243785858154297,PRY,10,Apple M4,1,Apple M4,16.0,32,256,288,0.00018608872406262648,0.18608872406262647,1492.7168702833073,122.04603850841522,-1,8,512,42,15.6.1,0.3.21,3.13.5,no_disponible_apple_silicon,2.7,7.81793212890625,57.6,Version: 0.3.21,yes,plain_text_no_template,yes
2026-06-22T05:06:16.161170,qwen2.5-7b,q4,gpu,3,"Given that f(x) = 4x^3 - 9x - 14, find the value of f(2). Show all steps.",Zheng et al. 2023,6,30.99888586997986,256,8.258361318976215,0.946785753960843,0.6309256834507492,3.876851308658846,0.0081525843139875,0.0054327759038135595,0.03338279756999934,0.04696815778780039,1.1157285882491983e-06,1.1157285882491983,26,30.99888586997986,PRY,10,Apple M4,1,Apple M4,16.0,32,256,288,0.00018346936635859528,0.1834693663585953,1514.0281088389136,121.08939792960882,-1,8,512,42,15.6.1,0.3.21,3.13.5,no_disponible_apple_silicon,3.8,8.101348876953125,59.4,Version: 0.3.21,yes,plain_text_no_template,yes
2026-06-22T05:06:50.933477,qwen2.5-7b,q4,gpu,3,"Given that f(x) = 4x^3 - 9x - 14, find the value of f(2). Show all steps.",Zheng et al. 2023,7,30.129734992980957,256,8.496589832590228,0.8136489324255249,0.7106721748579098,3.879812111731027,0.006809729642028593,0.0059478789709317345,0.03247158631917046,0.04522919493213078,1.0744195256127667e-06,1.0744195256127667,26,30.129734992980957,PRY,10,Apple M4,1,Apple M4,16.0,32,256,288,0.00017667654270363587,0.17667654270363586,1572.2391525610337,117.69427731633186,-1,8,512,42,15.6.1,0.3.21,3.13.5,no_disponible_apple_silicon,2.7,7.7542266845703125,57.2,Version: 0.3.21,yes,plain_text_no_template,yes
2026-06-22T05:07:27.112437,qwen2.5-7b,q4,gpu,3,"Given that f(x) = 4x^3 - 9x - 14, find the value of f(2). Show all steps.",Zheng et al. 2023,8,29.699449062347412,256,8.61968851552043,0.0670143862831704,0.6836865966598626,2.6967401679028447,0.0005528584310726368,0.0056403097922525704,0.022247693680837986,0.028440861904163197,6.756126745333967e-07,0.6756126745333967,26,29.699449062347412,PRY,10,Apple M4,1,Apple M4,16.0,32,256,288,0.00011109711681313749,0.11109711681313748,2500.3149113670784,116.01347289979458,-1,8,512,42,15.6.1,0.3.21,3.13.5,no_disponible_apple_silicon,2.3,7.7852783203125,57.4,Version: 0.3.21,yes,plain_text_no_template,yes
2026-06-22T05:08:01.912218,qwen2.5-7b,q4,gpu,3,"Given that f(x) = 4x^3 - 9x - 14, find the value of f(2). Show all steps.",Zheng et al. 2023,9,30.178274154663086,256,8.482923797696476,1.156988779686073,0.6343647726565386,3.893983566578611,0.009698867940898722,0.00531778722869154,0.032642695451656135,0.0476593506212464,1.1321478740077082e-06,1.1321478740077082,26,30.178274154663086,PRY,10,Apple M4,1,Apple M4,16.0,32,256,288,0.00018616933836424374,0.18616933836424374,1492.0704999998466,117.88388341665268,-1,8,512,42,15.6.1,0.3.21,3.13.5,no_disponible_apple_silicon,4.0,8.107147216796875,59.4,Version: 0.3.21,yes,plain_text_no_template,yes
2026-06-22T05:08:37.774502,qwen2.5-7b,q4,gpu,3,"Given that f(x) = 4x^3 - 9x - 14, find the value of f(2). Show all steps.",Zheng et al. 2023,10,29.36560893058777,256,8.717680624471765,0.07619407268105646,0.6427490246026344,2.7059797205239513,0.0006215237058835237,0.005242976804721583,0.022072983957502096,0.027937484468107204,6.636549435398865e-07,0.6636549435398865,26,29.36560893058777,PRY,10,Apple M4,1,Apple M4,16.0,32,256,288,0.00010913079870354377,0.10913079870354377,2545.365571202015,114.70940988510847,-1,8,512,42,15.6.1,0.3.21,3.13.5,no_disponible_apple_silicon,3.2,7.8335723876953125,57.7,Version: 0.3.21,yes,plain_text_no_template,yes
2026-06-22T05:09:17.377391,qwen2.5-7b,q4,gpu,4,"Calculate the compound interest on $10,000 at an annual rate of 5% compounded annually over 3 years.",Zheng et al. 2023,1,34.71000814437866,256,7.375394408873384,0.16217281287065918,1.0514414623065371,2.4044434359924716,0.0015636165709826048,0.010137650477777031,0.023182847568332363,0.034884114617092,8.286721427290205e-07,0.8286721427290205,26,34.71000814437866,PRY,10,Apple M4,1,Apple M4,16.0,34,256,290,0.00013626607272301564,0.13626607272301564,2038.4955126901557,135.58596931397915,-1,8,512,42,15.6.1,0.3.21,3.13.5,no_disponible_apple_silicon,19.6,9.22216796875,65.9,Version: 0.3.21,yes,plain_text_no_template,yes
2026-06-22T05:09:55.024959,qwen2.5-7b,q4,gpu,4,"Calculate the compound interest on $10,000 at an annual rate of 5% compounded annually over 3 years.",Zheng et al. 2023,2,31.03762412071228,256,8.24805400710952,1.1090138294270981,0.6531666747984081,3.883498315824921,0.00956143177289722,0.005631317150157918,0.03348182249999808,0.048674571423053224,1.1562644441546293e-06,1.1562644441546293,26,31.03762412071228,PRY,10,Apple M4,1,Apple M4,16.0,34,256,290,0.00019013504462130166,0.19013504462130165,1460.9499176284785,121.24071922153234,-1,8,512,42,15.6.1,0.3.21,3.13.5,no_disponible_apple_silicon,9.1,9.597579956054688,68.2,Version: 0.3.21,yes,plain_text_no_template,yes
2026-06-22T05:10:29.493667,qwen2.5-7b,q4,gpu,4,"Calculate the compound interest on $10,000 at an annual rate of 5% compounded annually over 3 years.",Zheng et al. 2023,3,28.977253198623657,256,8.83451575776545,0.06561679650278782,0.7998125355999841,2.66443034551228,0.0005281651462066239,0.006437880654309428,0.02144663132000157,0.028412677120517624,6.749431449978961e-07,0.6749431449978961,26,28.977253198623657,PRY,10,Apple M4,1,Apple M4,16.0,34,256,290,0.00011098702000202197,0.11098702000202197,2502.795171658066,113.19239530712366,-1,8,512,42,15.6.1,0.3.21,3.13.5,no_disponible_apple_silicon,2.8,9.379318237304688,66.9,Version: 0.3.21,yes,plain_text_no_template,yes
2026-06-22T05:11:05.283801,qwen2.5-7b,q4,gpu,4,"Calculate the compound interest on $10,000 at an annual rate of 5% compounded annually over 3 years.",Zheng et al. 2023,4,29.274832010269165,256,8.744712861552856,0.12698327528047412,0.6632454643893934,2.6909281784902204,0.001032615014430457,0.005393444319881236,0.021882352882500223,0.028308412216811914,6.72466332210367e-07,0.672466332210367,26,29.274832010269165,PRY,10,Apple M4,1,Apple M4,16.0,34,256,290,0.00011057973522192154,0.11057973522192154,2512.013410235681,114.35481254011393,-1,8,512,42,15.6.1,0.3.21,3.13.5,no_disponible_apple_silicon,3.5,9.377151489257812,66.9,Version: 0.3.21,yes,plain_text_no_template,yes
2026-06-22T05:11:39.139662,qwen2.5-7b,q4,gpu,4,"Calculate the compound interest on $10,000 at an annual rate of 5% compounded annually over 3 years.",Zheng et al. 2023,5,29.39757490158081,256,8.70820130085744,0.06495880769289329,0.7392883097455445,2.683643842735162,0.0005304531707414484,0.006037023183224367,0.021914616909992524,0.028482093263958338,6.765921254853302e-07,0.6765921254853302,26,29.39757490158081,PRY,10,Apple M4,1,Apple M4,16.0,34,256,290,0.00011125817681233726,0.11125817681233725,2496.695395667992,114.83427695930004,-1,8,512,42,15.6.1,0.3.21,3.13.5,no_disponible_apple_silicon,2.5,9.353378295898438,66.7,Version: 0.3.21,yes,plain_text_no_template,yes
2026-06-22T05:12:15.217635,qwen2.5-7b,q4,gpu,4,"Calculate the compound interest on $10,000 at an annual rate of 5% compounded annually over 3 years.",Zheng et al. 2023,6,29.57197093963623,256,8.656846056103594,0.06957025437446292,0.6795834438004583,2.7002245525668793,0.0005714804279513104,0.005582394958645851,0.022180822777499998,0.028334698164097158,6.73090754888128e-07,0.673090754888128,26,29.57197093963623,PRY,10,Apple M4,1,Apple M4,16.0,34,256,290,0.00011068241470350452,0.11068241470350453,2509.683028888441,115.51551148295403,-1,8,512,42,15.6.1,0.3.21,3.13.5,no_disponible_apple_silicon,3.7,9.571701049804688,68.1,Version: 0.3.21,yes,plain_text_no_template,yes
2026-06-22T05:12:50.330231,qwen2.5-7b,q4,gpu,4,"Calculate the compound interest on $10,000 at an annual rate of 5% compounded annually over 3 years.",Zheng et al. 2023,7,29.63972783088684,256,8.637056367745341,0.06847400989418162,0.717830313096814,2.6972015594451193,0.0005637641713202767,0.0059100819747082926,0.02220675559083247,0.028680601736861044,6.813076942591341e-07,0.6813076942591341,26,29.63972783088684,PRY,10,Apple M4,1,Apple M4,16.0,34,256,290,0.00011203360053461345,0.11203360053461345,2479.414893855497,115.78018683940172,-1,8,512,42,15.6.1,0.3.21,3.13.5,no_disponible_apple_silicon,2.6,9.370346069335938,66.8,Version: 0.3.21,yes,plain_text_no_template,yes
2026-06-22T05:13:26.302228,qwen2.5-7b,q4,gpu,4,"Calculate the compound interest on $10,000 at an annual rate of 5% compounded annually over 3 years.",Zheng et al. 2023,8,29.476131916046143,256,8.68499302178246,0.06577594352685905,0.7611017188451374,2.6815880505325893,0.0005385612189722496,0.006231759629502427,0.02195634531166434,0.02872666616013901,6.824019546341021e-07,0.6824019546341021,26,29.476131916046143,PRY,10,Apple M4,1,Apple M4,16.0,34,256,290,0.00011221353968804301,0.11221353968804301,2475.4390472843857,115.14114029705524,-1,8,512,42,15.6.1,0.3.21,3.13.5,no_disponible_apple_silicon,2.5,9.361984252929688,66.7,Version: 0.3.21,yes,plain_text_no_template,yes
2026-06-22T05:14:01.955807,qwen2.5-7b,q4,gpu,4,"Calculate the compound interest on $10,000 at an annual rate of 5% compounded annually over 3 years.",Zheng et al. 2023,9,31.133153676986694,256,8.222745522540254,1.4108109472797128,0.5533632044202546,3.878292944613809,0.012200831675231798,0.0047855393562237745,0.03353985840250971,0.05052622943396528,1.200250580203845e-06,1.200250580203845,26,31.133153676986694,PRY,10,Apple M4,1,Apple M4,16.0,34,256,290,0.00019736808372642687,0.19736808372642686,1407.4098128388746,121.61388155072927,-1,8,512,42,15.6.1,0.3.21,3.13.5,no_disponible_apple_silicon,4.0,9.57879638671875,68.1,Version: 0.3.21,yes,plain_text_no_template,yes
2026-06-22T05:14:38.208328,qwen2.5-7b,q4,gpu,4,"Calculate the compound interest on $10,000 at an annual rate of 5% compounded annually over 3 years.",Zheng et al. 2023,10,29.774622917175293,256,8.59792584820035,0.06754011301406039,0.6714853816962512,2.6970868396353955,0.000558605943549181,0.005553673342889277,0.0223068732291722,0.028419152515610654,6.750969680083311e-07,0.6750969680083311,26,29.774622917175293,PRY,10,Apple M4,1,Apple M4,16.0,34,256,290,0.00011101231451410412,0.11101231451410412,2502.224901747149,116.30712077021599,-1,8,512,42,15.6.1,0.3.21,3.13.5,no_disponible_apple_silicon,2.4,9.3604736328125,66.7,Version: 0.3.21,yes,plain_text_no_template,yes
2026-06-22T05:14:59.737975,qwen2.5-7b,q4,gpu,5,Write a short paragraph explaining the main idea behind neural networks to someone with no technical,Zheng et al. 2023,1,16.82420587539673,143,8.499658234040004,0.41234779400216365,0.0,5.6759804418857005,0.0019270622718216895,0.0,0.026526073194169535,0.028453135465991222,6.759042329946214e-07,0.6759042329946214,26,16.82420587539673,PRY,10,Apple M4,1,Apple M4,16.0,18,143,161,0.0001989729752866519,0.19897297528665192,1396.057818292133,117.65178933843866,-1,8,512,42,15.6.1,0.3.21,3.13.5,no_disponible_apple_silicon,5.4,9.66943359375,68.7,Version: 0.3.21,yes,plain_text_no_template,yes
2026-06-22T05:15:26.161071,qwen2.5-7b,q4,gpu,5,Write a short paragraph explaining the main idea behind neural networks to someone with no technical,Zheng et al. 2023,2,19.819265127182007,164,8.274777038785103,0.153089162942486,0.9084601700730827,2.5447746953449073,0.0008428096412376381,0.005001392491156467,0.014009878993329039,0.019854081125723143,4.7163369714155325e-07,0.47163369714155323,26,19.819265127182007,PRY,10,Apple M4,1,Apple M4,16.0,18,164,182,0.00012106147027879965,0.12106147027879964,2294.5184552778587,120.84917760476833,-1,8,512,42,15.6.1,0.3.21,3.13.5,no_disponible_apple_silicon,13.5,9.985397338867188,70.6,Version: 0.3.21,yes,plain_text_no_template,yes
2026-06-22T05:15:51.159992,qwen2.5-7b,q4,gpu,5,Write a short paragraph explaining the main idea behind neural networks to someone with no technical,Zheng et al. 2023,3,20.342894077301025,164,8.061783115854405,0.2099901087123339,0.9070218690707575,2.5455572865996334,0.001186612927448871,0.005125402724528339,0.014384445069166153,0.02069646072114336,4.916444244307605e-07,0.4916444244307605,26,20.342894077301025,PRY,10,Apple M4,1,Apple M4,16.0,18,164,182,0.0001261979312264839,0.1261979312264839,2201.127824189588,124.04203705671357,-1,8,512,42,15.6.1,0.3.21,3.13.5,no_disponible_apple_silicon,15.3,9.887863159179688,70.1,Version: 0.3.21,yes,plain_text_no_template,yes
2026-06-22T05:16:17.676920,qwen2.5-7b,q4,gpu,5,Write a short paragraph explaining the main idea behind neural networks to someone with no technical,Zheng et al. 2023,4,19.88322925567627,164,8.248157172617281,0.1571781016943199,0.9600715680320375,2.530233217003599,0.0008681133972111559,0.0053025897469548885,0.013974779756669402,0.020145482900835447,4.78555946309346e-07,0.478555946309346,26,19.88322925567627,PRY,10,Apple M4,1,Apple M4,16.0,18,164,182,0.00012283831037094786,0.12283831037094785,2261.328545947456,121.23920277851384,-1,8,512,42,15.6.1,0.3.21,3.13.5,no_disponible_apple_silicon,12.7,9.87335205078125,69.9,Version: 0.3.21,yes,plain_text_no_template,yes
2026-06-22T05:16:42.526571,qwen2.5-7b,q4,gpu,5,Write a short paragraph explaining the main idea behind neural networks to someone with no technical,Zheng et al. 2023,5,20.218226194381714,164,8.111492987726722,0.16171533738681607,0.9647842236327896,2.535886785025599,0.0009082214639965003,0.005418396017271859,0.014241981284164165,0.020568598765432523,4.886070636728496e-07,0.48860706367284956,26,20.218226194381714,PRY,10,Apple M4,1,Apple M4,16.0,18,164,182,0.00012541828515507636,0.12541828515507636,2214.810842249302,123.28186703891289,-1,8,512,42,15.6.1,0.3.21,3.13.5,no_disponible_apple_silicon,12.9,9.710784912109375,68.9,Version: 0.3.21,yes,plain_text_no_template,yes
2026-06-22T05:17:09.166342,qwen2.5-7b,q4,gpu,5,Write a short paragraph explaining the main idea behind neural networks to someone with no technical,Zheng et al. 2023,6,19.953457832336426,164,8.219126798876074,0.15439357370040355,0.9940789386556063,2.527548191235344,0.0008557460173374246,0.005509808940132885,0.01400925729250351,0.020374812249973822,4.840036649981281e-07,0.4840036649981281,26,19.953457832336426,PRY,10,Apple M4,1,Apple M4,16.0,18,164,182,0.000124236660060816,0.12423666006081599,2235.876090373009,121.66742580692942,-1,8,512,42,15.6.1,0.3.21,3.13.5,no_disponible_apple_silicon,13.1,9.673797607421875,68.7,Version: 0.3.21,yes,plain_text_no_template,yes
2026-06-22T05:17:34.095785,qwen2.5-7b,q4,gpu,5,Write a short paragraph explaining the main idea behind neural networks to someone with no technical,Zheng et al. 2023,7,20.36928105354309,164,8.051339640751502,0.15702940509965824,0.8307686543578308,2.573306992928021,0.0008884933572626698,0.004700600058635681,0.014560114826666299,0.020149208242564647,4.786444418021232e-07,0.4786444418021232,26,20.36928105354309,PRY,10,Apple M4,1,Apple M4,16.0,18,164,182,0.00012286102586929663,0.12286102586929663,2260.910454005865,124.20293325331153,-1,8,512,42,15.6.1,0.3.21,3.13.5,no_disponible_apple_silicon,13.2,9.182083129882812,65.6,Version: 0.3.21,yes,plain_text_no_template,yes
2026-06-22T05:18:00.424020,qwen2.5-7b,q4,gpu,5,Write a short paragraph explaining the main idea behind neural networks to someone with no technical,Zheng et al. 2023,8,19.765252828598022,164,8.297389434994278,0.08510714546050807,0.8598690790739306,2.561017499344267,0.00046726784654089185,0.004720980485386107,0.014060877325834251,0.019249125657761247,4.572629800001184e-07,0.4572629800001184,26,19.765252828598022,PRY,10,Apple M4,1,Apple M4,16.0,18,164,182,0.00011737271742537346,0.11737271742537346,2366.629859740541,120.51983432071965,-1,8,512,42,15.6.1,0.3.21,3.13.5,no_disponible_apple_silicon,8.1,9.69488525390625,68.8,Version: 0.3.21,yes,plain_text_no_template,yes
2026-06-22T05:18:24.927184,qwen2.5-7b,q4,gpu,5,Write a short paragraph explaining the main idea behind neural networks to someone with no technical,Zheng et al. 2023,9,19.753214836120605,164,8.302446025145771,0.10914463216379444,1.1343156056402068,2.481005270868002,0.000598877046483553,0.006223994402826462,0.013613286145834234,0.020436157595144246,4.854609236726515e-07,0.4854609236726515,26,19.753214836120605,PRY,10,Apple M4,1,Apple M4,16.0,18,164,182,0.00012461071704356248,0.12461071704356247,2229.1644279734774,120.44643192756467,-1,8,512,42,15.6.1,0.3.21,3.13.5,no_disponible_apple_silicon,13.9,9.226882934570312,65.9,Version: 0.3.21,yes,plain_text_no_template,yes
2026-06-22T05:18:51.580331,qwen2.5-7b,q4,gpu,5,Write a short paragraph explaining the main idea behind neural networks to someone with no technical,Zheng et al. 2023,10,20.089727878570557,164,8.163375880015607,0.17018661902356577,0.832421555221987,2.5663890240145246,0.0009497230179881654,0.004645311812407281,0.014321682534167244,0.01991671736456269,4.731216209951867e-07,0.4731216209951867,26,20.089727878570557,PRY,10,Apple M4,1,Apple M4,16.0,18,164,182,0.00012144339856440664,0.12144339856440664,2287.302406400133,122.4983407229912,-1,8,512,42,15.6.1,0.3.21,3.13.5,no_disponible_apple_silicon,12.9,9.349166870117188,66.6,Version: 0.3.21,yes,plain_text_no_template,yes
2026-06-22T05:19:29.217154,qwen2.5-7b,q4,gpu,6,Summarize the key contributions of the Transformer architecture as described in the paper Attention ,Vaswani et al. 2017,1,33.06056094169617,256,7.743365288068399,0.12767499821142345,1.0353717959201922,2.4568005936516033,0.0011725019608610316,0.009508325654536923,0.0225620015966706,0.033242829212068545,7.896834079326883e-07,0.7896834079326883,26,33.06056094169617,PRY,10,Apple M4,1,Apple M4,16.0,33,256,289,0.00012985480160964275,0.12985480160964274,2139.1413666227536,129.14281617850065,-1,8,512,42,15.6.1,0.3.21,3.13.5,no_disponible_apple_silicon,11.7,8.948440551757812,64.1,Version: 0.3.21,yes,plain_text_no_template,yes
2026-06-22T05:20:06.573321,qwen2.5-7b,q4,gpu,6,Summarize the key contributions of the Transformer architecture as described in the paper Attention ,Vaswani et al. 2017,2,30.606117963790894,256,8.364340760329856,1.010954989080923,0.6042574216792646,3.8962157178875896,0.008594835458859352,0.005137214980114364,0.033124454965012165,0.04685650540398588,1.1130762858716846e-06,1.1130762858716845,26,30.606117963790894,PRY,10,Apple M4,1,Apple M4,16.0,33,256,289,0.00018303322423431984,0.18303322423431984,1517.6358223475625,119.55514829605818,-1,8,512,42,15.6.1,0.3.21,3.13.5,no_disponible_apple_silicon,7.2,9.45550537109375,67.3,Version: 0.3.21,yes,plain_text_no_template,yes
2026-06-22T05:20:40.592982,qwen2.5-7b,q4,gpu,6,Summarize the key contributions of the Transformer architecture as described in the paper Attention ,Vaswani et al. 2017,3,29.543670892715454,256,8.665138497163587,0.06703986214198566,0.6650198748578106,2.7060557544558073,0.0005501676732821774,0.005457535644420548,0.022207450174161442,0.02821515349186417,6.702509711992334e-07,0.6702509711992334,26,29.543670892715454,PRY,10,Apple M4,1,Apple M4,16.0,33,256,289,0.00011021544332759442,0.11021544332759442,2520.31629498723,115.40496442466974,-1,8,512,42,15.6.1,0.3.21,3.13.5,no_disponible_apple_silicon,2.7,9.0489501953125,64.8,Version: 0.3.21,yes,plain_text_no_template,yes
2026-06-22T05:21:16.533602,qwen2.5-7b,q4,gpu,6,Summarize the key contributions of the Transformer architecture as described in the paper Attention ,Vaswani et al. 2017,4,29.428592920303345,256,8.699022773303604,0.12114283585005092,0.7260719603770136,2.6780207886747185,0.0009902953337339662,0.00593535448688382,0.02189177322833833,0.028817423048956115,6.845578845279524e-07,0.6845578845279524,26,29.428592920303345,PRY,10,Apple M4,1,Apple M4,16.0,33,256,289,0.00011256805878498483,0.11256805878498483,2467.6429599657436,114.95544109493494,-1,8,512,42,15.6.1,0.3.21,3.13.5,no_disponible_apple_silicon,5.6,9.134689331054688,65.3,Version: 0.3.21,yes,plain_text_no_template,yes
2026-06-22T05:21:50.856113,qwen2.5-7b,q4,gpu,6,Summarize the key contributions of the Transformer architecture as described in the paper Attention ,Vaswani et al. 2017,5,29.74123215675354,256,8.60757882022949,0.0989158590059459,0.6811458036640144,2.6758846718430527,0.0008171887574112605,0.005627254299824978,0.02210669645832847,0.028551139515564705,6.782323191922395e-07,0.6782323191922395,26,29.74123215675354,PRY,10,Apple M4,1,Apple M4,16.0,33,256,289,0.00011152788873267463,0.11152788873267463,2490.6575470427288,116.17668811231852,-1,8,512,42,15.6.1,0.3.21,3.13.5,no_disponible_apple_silicon,10.2,9.120437622070312,65.2,Version: 0.3.21,yes,plain_text_no_template,yes
2026-06-22T05:22:26.015998,qwen2.5-7b,q4,gpu,6,Summarize the key contributions of the Transformer architecture as described in the paper Attention ,Vaswani et al. 2017,6,28.64199709892273,256,8.937924234676657,0.12615090566282766,0.6588367941012154,2.698351396659385,0.0010036705205614402,0.005241778207030712,0.0214683813541645,0.027713830081756652,6.583420335921292e-07,0.6583420335921292,26,28.64199709892273,PRY,10,Apple M4,1,Apple M4,16.0,33,256,289,0.00010825714875686192,0.10825714875686192,2565.90701831292,111.88280116766691,-1,8,512,42,15.6.1,0.3.21,3.13.5,no_disponible_apple_silicon,6.5,9.253707885742188,66.0,Version: 0.3.21,yes,plain_text_no_template,yes
2026-06-22T05:23:01.510588,qwen2.5-7b,q4,gpu,6,Summarize the key contributions of the Transformer architecture as described in the paper Attention ,Vaswani et al. 2017,7,30.745255947113037,256,8.3264878471125,1.2845909341968835,0.6673180221269914,3.8145925691356113,0.010970854738673395,0.005699128719004331,0.03257795135334163,0.04924793481101936,1.1698846914357648e-06,1.1698846914357648,26,30.745255947113037,PRY,10,Apple M4,1,Apple M4,16.0,33,256,289,0.0001923747453555444,0.19237474535554439,1443.940977098593,120.0986560434103,-1,8,512,42,15.6.1,0.3.21,3.13.5,no_disponible_apple_silicon,16.4,9.267730712890625,66.1,Version: 0.3.21,yes,plain_text_no_template,yes
2026-06-22T05:23:37.669204,qwen2.5-7b,q4,gpu,6,Summarize the key contributions of the Transformer architecture as described in the paper Attention ,Vaswani et al. 2017,8,29.664336919784546,256,8.629891195351869,0.2089535124157987,0.5967668580967352,2.7072777015438483,0.0017217964980207321,0.0049174147614285575,0.022308221631671284,0.02894743289112057,6.876462683285691e-07,0.687646268328569,26,29.664336919784546,PRY,10,Apple M4,1,Apple M4,16.0,33,256,289,0.00011307590973093972,0.11307590973093971,2456.56018544304,115.87631609290838,-1,8,512,42,15.6.1,0.3.21,3.13.5,no_disponible_apple_silicon,15.6,9.259841918945312,66.0,Version: 0.3.21,yes,plain_text_no_template,yes
2026-06-22T05:24:12.837371,qwen2.5-7b,q4,gpu,6,Summarize the key contributions of the Transformer architecture as described in the paper Attention ,Vaswani et al. 2017,9,30.515435934066772,256,8.389196882296776,1.2245191906218396,0.6928403209184674,3.8711364964350286,0.010379649142071123,0.005872867895979375,0.032813727152497446,0.04906624419054795,1.1655686307464662e-06,1.1655686307464663,26,30.515435934066772,PRY,10,Apple M4,1,Apple M4,16.0,33,256,289,0.00019166501636932792,0.19166501636932792,1449.287841045104,119.20092161744833,-1,8,512,42,15.6.1,0.3.21,3.13.5,no_disponible_apple_silicon,17.8,9.671981811523438,68.6,Version: 0.3.21,yes,plain_text_no_template,yes
2026-06-22T05:24:49.797019,qwen2.5-7b,q4,gpu,6,Summarize the key contributions of the Transformer architecture as described in the paper Attention ,Vaswani et al. 2017,10,30.39004111289978,256,8.423812230097138,1.3701479583445364,0.6227044775514765,3.8943877801734144,0.011566347995790599,0.0052566707427711525,0.032875167985845714,0.04969818672440746,1.1805804256382993e-06,1.1805804256382992,26,30.39004111289978,PRY,10,Apple M4,1,Apple M4,16.0,33,256,289,0.00019413354189221665,0.19413354189221665,1430.8592686780555,118.71109809726477,-1,8,512,42,15.6.1,0.3.21,3.13.5,no_disponible_apple_silicon,15.9,9.25732421875,66.0,Version: 0.3.21,yes,plain_text_no_template,yes
2026-06-22T05:25:27.104277,qwen2.5-7b,q4,gpu,7,"Extract the names, roles and organizations from the following text and present them in a table:

""Dr",Zheng et al. 2023,1,32.58901500701904,256,7.855407717749756,0.37987719687974897,0.6147087623734961,3.8207263006937895,0.003438839908316241,0.0055646536338711024,0.03458714076417285,0.04359063430636018,1.0354955179475862e-06,1.0354955179475862,26,32.58901500701904,PRY,10,Apple M4,1,Apple M4,16.0,71,256,327,0.00017027591525921947,0.17027591525921948,1631.3392140920394,127.30083987116814,-1,8,512,42,15.6.1,0.3.21,3.13.5,no_disponible_apple_silicon,16.2,9.25738525390625,66.0,Version: 0.3.21,yes,plain_text_no_template,yes
2026-06-22T05:26:06.442917,qwen2.5-7b,q4,gpu,7,"Extract the names, roles and organizations from the following text and present them in a table:

""Dr",Zheng et al. 2023,2,32.576632022857666,256,7.8583937044313075,0.33336049282471414,0.6776532817673953,3.801676698502287,0.0030166005849192206,0.006132128222005088,0.03440161746582817,0.04355034627275248,1.034538475709235e-06,1.034538475709235,26,32.576632022857666,PRY,10,Apple M4,1,Apple M4,16.0,71,256,327,0.00017011854012793936,0.17011854012793937,1632.84835132533,127.25246883928776,-1,8,512,42,15.6.1,0.3.21,3.13.5,no_disponible_apple_silicon,17.3,9.748275756835938,69.1,Version: 0.3.21,yes,plain_text_no_template,yes
2026-06-22T05:26:43.728152,qwen2.5-7b,q4,gpu,7,"Extract the names, roles and organizations from the following text and present them in a table:

""Dr",Zheng et al. 2023,3,32.49027395248413,256,7.879281054213052,0.30254547869780557,0.6571812666487447,3.784805325305363,0.002730495968326987,0.005931110941627287,0.03415815607666446,0.04281976298661873,1.0171834697471278e-06,1.0171834697471278,26,32.49027395248413,PRY,10,Apple M4,1,Apple M4,16.0,71,256,327,0.0001672646991664794,0.1672646991664794,1660.707723518542,126.91513262689114,-1,8,512,42,15.6.1,0.3.21,3.13.5,no_disponible_apple_silicon,16.2,9.312149047851562,66.4,Version: 0.3.21,yes,plain_text_no_template,yes
2026-06-22T05:27:23.915524,qwen2.5-7b,q4,gpu,7,"Extract the names, roles and organizations from the following text and present them in a table:

""Dr",Zheng et al. 2023,4,33.468202114105225,256,7.649051452695406,0.19874676457422352,0.9824123772750142,2.4551809346633036,0.0018476935795262782,0.009133215556121881,0.02282513659666923,0.03380604573231739,8.030626163711995e-07,0.8030626163711995,26,33.468202114105225,PRY,10,Apple M4,1,Apple M4,16.0,71,256,327,0.0001320548661418648,0.1320548661418648,2103.502777999599,130.73516450822353,-1,8,512,42,15.6.1,0.3.21,3.13.5,no_disponible_apple_silicon,15.8,9.266647338867188,66.1,Version: 0.3.21,yes,plain_text_no_template,yes
2026-06-22T05:28:02.489944,qwen2.5-7b,q4,gpu,7,"Extract the names, roles and organizations from the following text and present them in a table:

""Dr",Zheng et al. 2023,5,33.859363079071045,256,7.560685633754205,0.2351568451519581,1.0262324106942162,2.452988418743852,0.0022117391668136214,0.009652104388112728,0.02307128486083457,0.03493512841576092,8.298839755164005e-07,0.8298839755164005,26,33.859363079071045,PRY,10,Apple M4,1,Apple M4,16.0,71,256,327,0.0001364653453740661,0.1364653453740661,2035.5188126066676,132.26313702762127,-1,8,512,42,15.6.1,0.3.21,3.13.5,no_disponible_apple_silicon,16.5,9.27813720703125,66.2,Version: 0.3.21,yes,plain_text_no_template,yes
2026-06-22T05:28:42.174140,qwen2.5-7b,q4,gpu,7,"Extract the names, roles and organizations from the following text and present them in a table:

""Dr",Zheng et al. 2023,6,32.999483823776245,256,7.757697101175598,0.2841801413904905,1.008687958886215,3.815617319119316,0.0026049438830149825,0.009246161661806536,0.034975944999999536,0.04682705054482105,1.112376585692224e-06,1.1123765856922239,26,32.999483823776245,PRY,10,Apple M4,1,Apple M4,16.0,71,256,327,0.00018291816619070723,0.18291816619070722,1518.5904361635223,128.90423368662596,-1,8,512,42,15.6.1,0.3.21,3.13.5,no_disponible_apple_silicon,16.0,9.26611328125,66.1,Version: 0.3.21,yes,plain_text_no_template,yes
2026-06-22T05:29:20.226307,qwen2.5-7b,q4,gpu,7,"Extract the names, roles and organizations from the following text and present them in a table:

""Dr",Zheng et al. 2023,7,33.37132000923157,256,7.671257832449609,0.1981794219627498,1.0132398397549354,2.4467303054359806,0.0018370858082120715,0.009392541927379016,0.022680727777496943,0.03391035551308803,8.05540495213406e-07,0.805540495213406,26,33.37132000923157,PRY,10,Apple M4,1,Apple M4,16.0,71,256,327,0.0001324623262230001,0.1324623262230001,2097.0323087195325,130.3567187860608,-1,8,512,42,15.6.1,0.3.21,3.13.5,no_disponible_apple_silicon,16.6,9.295211791992188,66.2,Version: 0.3.21,yes,plain_text_no_template,yes
2026-06-22T05:29:59.883916,qwen2.5-7b,q4,gpu,7,"Extract the names, roles and organizations from the following text and present them in a table:

""Dr",Zheng et al. 2023,8,32.90075874328613,256,7.7809755695145,0.3783457837586144,0.5467139943119297,3.824700145363123,0.003457739820272688,0.004996473674565307,0.034954315763334305,0.043408529258172304,1.031169612527883e-06,1.031169612527883,26,32.90075874328613,PRY,10,Apple M4,1,Apple M4,16.0,71,256,327,0.00016956456741473556,0.16956456741473555,1638.1829176514516,128.51858884096146,-1,8,512,42,15.6.1,0.3.21,3.13.5,no_disponible_apple_silicon,17.0,9.6893310546875,68.8,Version: 0.3.21,yes,plain_text_no_template,yes
2026-06-22T05:30:37.441987,qwen2.5-7b,q4,gpu,7,"Extract the names, roles and organizations from the following text and present them in a table:

""Dr",Zheng et al. 2023,9,32.85444521903992,256,7.791944082246808,0.3829040396936503,0.5766644752250351,3.80693489621035,0.003494472165628922,0.005262775391957588,0.0347429816666651,0.043500229224251605,1.0333479452220968e-06,1.0333479452220968,26,32.85444521903992,PRY,10,Apple M4,1,Apple M4,16.0,71,256,327,0.00016992277040723283,0.16992277040723283,1634.7295722172032,128.33767663687468,-1,8,512,42,15.6.1,0.3.21,3.13.5,no_disponible_apple_silicon,15.9,9.274917602539062,66.1,Version: 0.3.21,yes,plain_text_no_template,yes
2026-06-22T05:31:16.726204,qwen2.5-7b,q4,gpu,7,"Extract the names, roles and organizations from the following text and present them in a table:

""Dr",Zheng et al. 2023,10,32.439159870147705,256,7.891696364047493,0.5767400473871862,0.42571054643037054,3.8248421197613,0.005196934055752638,0.0038360256872396466,0.03446518472250318,0.043498144465495464,1.0332984217778448e-06,1.0332984217778447,26,32.439159870147705,PRY,10,Apple M4,1,Apple M4,16.0,71,256,327,0.00016991462681834166,0.16991462681834166,1634.8079207727908,126.71546824276447,-1,8,512,42,15.6.1,0.3.21,3.13.5,no_disponible_apple_silicon,16.3,9.32818603515625,66.5,Version: 0.3.21,yes,plain_text_no_template,yes
2026-06-22T05:31:55.021034,qwen2.5-7b,q4,gpu,8,"Given the following data, identify the month with the highest average temperature and the month with",Zheng et al. 2023,1,33.5773868560791,256,7.624178769398544,0.21473610496779486,1.0846642088232605,2.4533916041796546,0.0020028547967975716,0.010116719374611552,0.022882910834165767,0.03500248500557489,8.314840313074314e-07,0.8314840313074314,26,33.5773868560791,PRY,10,Apple M4,1,Apple M4,16.0,109,256,365,0.0001367284570530269,0.13672845705302691,2031.6017876955068,131.161667406559,-1,8,512,42,15.6.1,0.3.21,3.13.5,no_disponible_apple_silicon,17.2,9.760696411132812,69.2,Version: 0.3.21,yes,plain_text_no_template,yes
2026-06-22T05:32:32.038337,qwen2.5-7b,q4,gpu,8,"Given the following data, identify the month with the highest average temperature and the month with",Zheng et al. 2023,2,30.37122130393982,256,8.429032123472464,1.3768439142798736,0.6943353186986125,3.8735291445033413,0.011615675339326885,0.005857725450926984,0.032678836354158795,0.05015223714441267,1.191366393365523e-06,1.191366393365523,26,30.37122130393982,PRY,10,Apple M4,1,Apple M4,16.0,109,256,365,0.000195907176345362,0.195907176345362,1417.9050658567364,118.63758321851492,-1,8,512,42,15.6.1,0.3.21,3.13.5,no_disponible_apple_silicon,15.9,9.297515869140625,66.3,Version: 0.3.21,yes,plain_text_no_template,yes
2026-06-22T05:33:07.242525,qwen2.5-7b,q4,gpu,8,"Given the following data, identify the month with the highest average temperature and the month with",Zheng et al. 2023,3,30.52167010307312,256,8.387483356430888,1.2115062414067324,0.7309750789947835,3.8428428712088287,0.01027144273000843,0.006197383392957388,0.03258055065916172,0.04904937678212754,1.1651679454594397e-06,1.1651679454594397,26,30.52167010307312,PRY,10,Apple M4,1,Apple M4,16.0,109,256,365,0.0001915991280551857,0.19159912805518572,1449.7862312701668,119.22527384012938,-1,8,512,42,15.6.1,0.3.21,3.13.5,no_disponible_apple_silicon,16.5,9.334442138671875,66.5,Version: 0.3.21,yes,plain_text_no_template,yes
2026-06-22T05:33:43.687393,qwen2.5-7b,q4,gpu,8,"Given the following data, identify the month with the highest average temperature and the month with",Zheng et al. 2023,4,29.882784128189087,256,8.566805519252457,0.23012980143216216,0.6881382461944725,2.693637686257913,0.0019102553271278671,0.005712079628161127,0.022359275971666648,0.029981610926955646,7.122131675698314e-07,0.7122131675698314,26,29.882784128189087,PRY,10,Apple M4,1,Apple M4,16.0,109,256,365,0.0001171156676834205,0.1171156676834205,2371.8242253346384,116.72962550073862,-1,8,512,42,15.6.1,0.3.21,3.13.5,no_disponible_apple_silicon,16.2,9.4503173828125,67.3,Version: 0.3.21,yes,plain_text_no_template,yes
2026-06-22T05:34:18.831521,qwen2.5-7b,q4,gpu,8,"Given the following data, identify the month with the highest average temperature and the month with",Zheng et al. 2023,5,30.51643204689026,256,8.388923043383356,1.3290753976281493,0.6623420432760608,3.891108897315612,0.011266288626920296,0.005614532209842322,0.03298410006999499,0.04986492090675761,1.1845411961400268e-06,1.1845411961400267,26,30.51643204689026,PRY,10,Apple M4,1,Apple M4,16.0,109,256,365,0.0001947848472920219,0.1947848472920219,1426.0748802566386,119.20481268316507,-1,8,512,42,15.6.1,0.3.21,3.13.5,no_disponible_apple_silicon,17.0,9.749099731445312,69.1,Version: 0.3.21,yes,plain_text_no_template,yes
2026-06-22T05:34:55.523322,qwen2.5-7b,q4,gpu,8,"Given the following data, identify the month with the highest average temperature and the month with",Zheng et al. 2023,6,30.063987255096436,256,8.515171252163267,0.3469994344699663,0.6849294018847765,3.884771508715639,0.002897829604286316,0.005719919113584652,0.03244214475749687,0.04105989347536783,9.753777695073627e-07,0.9753777695073628,26,30.063987255096436,PRY,10,Apple M4,1,Apple M4,16.0,109,256,365,0.00016039020888815558,0.16039020888815558,1731.8873745683547,117.43745021522045,-1,8,512,42,15.6.1,0.3.21,3.13.5,no_disponible_apple_silicon,16.0,9.304122924804688,66.3,Version: 0.3.21,yes,plain_text_no_template,yes
2026-06-22T05:35:30.968567,qwen2.5-7b,q4,gpu,8,"Given the following data, identify the month with the highest average temperature and the month with",Zheng et al. 2023,7,30.694297790527344,256,8.34031134209576,1.1126557462467246,0.7190526473497667,3.838301475603671,0.009486718559343998,0.00613078224578355,0.03272610236166656,0.048343603166794105,1.148402293227194e-06,1.148402293227194,26,30.694297790527344,PRY,10,Apple M4,1,Apple M4,16.0,109,256,365,0.00018884219987028947,0.18884219987028947,1470.9518209837404,119.89960074424744,-1,8,512,42,15.6.1,0.3.21,3.13.5,no_disponible_apple_silicon,16.6,9.350967407226562,66.6,Version: 0.3.21,yes,plain_text_no_template,yes
2026-06-22T05:36:12.186263,qwen2.5-7b,q4,gpu,8,"Given the following data, identify the month with the highest average temperature and the month with",Zheng et al. 2023,8,34.13038992881775,256,7.5006467999314665,0.5970866062524,0.7285129432738159,3.566484326780254,0.005660777414630245,0.0069067863394794505,0.0338126390966742,0.0463802028507839,1.1017617187203715e-06,1.1017617187203714,26,34.13038992881775,PRY,10,Apple M4,1,Apple M4,16.0,109,256,365,0.0001811726673858746,0.1811726673858746,1533.221218110934,133.32183565944433,-1,8,512,42,15.6.1,0.3.21,3.13.5,no_disponible_apple_silicon,17.4,9.832977294921875,69.7,Version: 0.3.21,yes,plain_text_no_template,yes
2026-06-22T05:36:51.082230,qwen2.5-7b,q4,gpu,8,"Given the following data, identify the month with the highest average temperature and the month with",Zheng et al. 2023,9,34.084598779678345,256,7.510723586766417,0.2587992319774,1.2335532675860363,2.3292388744602204,0.002450296662899606,0.011679213388619792,0.02205310347166839,0.03618261352318779,8.595179842433258e-07,0.8595179842433258,26,34.084598779678345,PRY,10,Apple M4,1,Apple M4,16.0,109,256,365,0.0001413383340749523,0.1413383340749523,1965.3392662069382,133.14296398311853,-1,8,512,42,15.6.1,0.3.21,3.13.5,no_disponible_apple_silicon,16.5,9.371017456054688,66.7,Version: 0.3.21,yes,plain_text_no_template,yes
2026-06-22T05:37:29.678507,qwen2.5-7b,q4,gpu,8,"Given the following data, identify the month with the highest average temperature and the month with",Zheng et al. 2023,10,31.78973412513733,256,8.05291415751638,0.35020265369822634,0.6689080425301234,3.8069182223927833,0.0030924581252733765,0.0059067802294996315,0.03361692170166861,0.042616160056441615,1.0123468821407706e-06,1.0123468821407706,26,31.78973412513733,PRY,10,Apple M4,1,Apple M4,16.0,109,256,365,0.00016646937522047506,0.16646937522047506,1668.6419193313116,124.17864892631769,-1,8,512,42,15.6.1,0.3.21,3.13.5,no_disponible_apple_silicon,16.2,9.316177368164062,66.4,Version: 0.3.21,yes,plain_text_no_template,yes
2026-06-22T05:38:07.855347,qwen2.5-7b,q4,gpu,9,Write a Python function that takes a list of integers and returns a dictionary with three keys: mean,Chen et al. 2021,1,33.40293598175049,256,7.663996965412387,0.2061880651073368,1.180765088269157,2.3834155863876,0.0019131352052726037,0.010955839070261283,0.022114743958336475,0.034983718233870365,8.310382266455903e-07,0.8310382266455903,26,33.40293598175049,PRY,10,Apple M4,1,Apple M4,16.0,33,256,289,0.0001366551493510561,0.1366551493510561,2032.691626308124,130.48021867871284,-1,8,512,42,15.6.1,0.3.21,3.13.5,no_disponible_apple_silicon,17.3,9.77008056640625,69.2,Version: 0.3.21,yes,plain_text_no_template,yes
2026-06-22T05:38:47.273386,qwen2.5-7b,q4,gpu,9,Write a Python function that takes a list of integers and returns a dictionary with three keys: mean,Chen et al. 2021,2,32.54986214637756,256,7.864856657418746,0.29838376697164626,0.69850868220431,3.7410494190533536,0.002697875133789981,0.006315655920499485,0.033825178575825704,0.04283870963011516,1.0176335472633856e-06,1.0176335472633855,26,32.54986214637756,PRY,10,Apple M4,1,Apple M4,16.0,33,256,289,0.00016733870949263733,0.16733870949263732,1659.9732280712944,127.14789900928736,-1,8,512,42,15.6.1,0.3.21,3.13.5,no_disponible_apple_silicon,18.6,9.399688720703125,66.9,Version: 0.3.21,yes,plain_text_no_template,yes
2026-06-22T05:39:27.193005,qwen2.5-7b,q4,gpu,9,Write a Python function that takes a list of integers and returns a dictionary with three keys: mean,Chen et al. 2021,3,34.807679176330566,256,7.354698907190617,0.26746161307342087,1.0715556651422327,2.3585054775457555,0.0025860327832898595,0.010360657169958428,0.02280391722167527,0.03575060717492356,8.492556734403091e-07,0.8492556734403091,26,34.807679176330566,PRY,10,Apple M4,1,Apple M4,16.0,33,256,289,0.00013965080927704515,0.13965080927704515,1989.0882066190575,135.96749678254128,-1,8,512,42,15.6.1,0.3.21,3.13.5,no_disponible_apple_silicon,18.1,9.48199462890625,67.4,Version: 0.3.21,yes,plain_text_no_template,yes
2026-06-22T05:40:09.328345,qwen2.5-7b,q4,gpu,9,Write a Python function that takes a list of integers and returns a dictionary with three keys: mean,Chen et al. 2021,4,35.08294606208801,256,7.296992662672748,0.2712115876348142,1.2208243957123632,2.21763350815212,0.0026430281945570675,0.011897254562793898,0.021611421319994405,0.03615170407734536,8.587837303573391e-07,0.858783730357339,26,35.08294606208801,PRY,10,Apple M4,1,Apple M4,16.0,33,256,289,0.0001412175940521303,0.1412175940521303,1967.0196170828149,137.0427580550313,-1,8,512,42,15.6.1,0.3.21,3.13.5,no_disponible_apple_silicon,17.1,9.910476684570312,70.1,Version: 0.3.21,yes,plain_text_no_template,yes
2026-06-22T05:40:48.603559,qwen2.5-7b,q4,gpu,9,Write a Python function that takes a list of integers and returns a dictionary with three keys: mean,Chen et al. 2021,5,34.44282388687134,256,7.432607757158384,0.21003890691969643,1.1615467853933685,2.368506684932909,0.002009536966785018,0.011113042046018146,0.02266057184000601,0.03578315085280917,8.500287485084818e-07,0.8500287485084819,26,34.44282388687134,PRY,10,Apple M4,1,Apple M4,16.0,33,256,289,0.00013977793301878582,0.13977793301878583,1987.2791919196936,134.54228080809116,-1,8,512,42,15.6.1,0.3.21,3.13.5,no_disponible_apple_silicon,16.5,9.43963623046875,67.1,Version: 0.3.21,yes,plain_text_no_template,yes
2026-06-22T05:41:28.694939,qwen2.5-7b,q4,gpu,9,Write a Python function that takes a list of integers and returns a dictionary with three keys: mean,Chen et al. 2021,6,33.133951902389526,256,7.726213907539897,0.39366156171847616,0.5955048466272336,3.7904114748211106,0.00362321201438876,0.005480952484940725,0.03488647541583001,0.043990639915159495,1.0449976511846138e-06,1.0449976511846137,26,33.133951902389526,PRY,10,Apple M4,1,Apple M4,16.0,33,256,289,0.00017183843716859178,0.1718384371685918,1616.5054940836562,129.4294996187091,-1,8,512,42,15.6.1,0.3.21,3.13.5,no_disponible_apple_silicon,16.5,9.46258544921875,67.3,Version: 0.3.21,yes,plain_text_no_template,yes
2026-06-22T05:42:06.215817,qwen2.5-7b,q4,gpu,9,Write a Python function that takes a list of integers and returns a dictionary with three keys: mean,Chen et al. 2021,7,32.64840221405029,256,7.841118788037657,0.40822255530039897,0.6767799964315625,3.7397437883631066,0.003702170605081893,0.006137718203866993,0.03391573871665969,0.043755627525608576,1.0394149318708316e-06,1.0394149318708317,26,32.64840221405029,PRY,10,Apple M4,1,Apple M4,16.0,33,256,289,0.0001709204200219085,0.1709204200219085,1625.1877788632416,127.53282114863396,-1,8,512,42,15.6.1,0.3.21,3.13.5,no_disponible_apple_silicon,17.7,9.908950805664062,70.1,Version: 0.3.21,yes,plain_text_no_template,yes
2026-06-22T05:42:44.483123,qwen2.5-7b,q4,gpu,9,Write a Python function that takes a list of integers and returns a dictionary with three keys: mean,Chen et al. 2021,8,31.394853115081787,256,8.154202826227591,0.8896939283633805,0.7704773032751008,3.727044778617372,0.007758836166207896,0.006719172712451697,0.032502784271673586,0.046980793150333176,1.1160287412861645e-06,1.1160287412861645,26,31.394853115081787,PRY,10,Apple M4,1,Apple M4,16.0,33,256,289,0.00018351872324348897,0.18351872324348897,1513.6209149037493,122.63614498078823,-1,8,512,42,15.6.1,0.3.21,3.13.5,no_disponible_apple_silicon,16.3,9.416061401367188,67.0,Version: 0.3.21,yes,plain_text_no_template,yes
2026-06-22T05:43:20.131994,qwen2.5-7b,q4,gpu,9,Write a Python function that takes a list of integers and returns a dictionary with three keys: mean,Chen et al. 2021,9,30.896394968032837,256,8.28575632415601,1.073539858280362,0.7066261870183479,3.8553739359641135,0.009213475409821127,0.006064500491353864,0.033088098854168496,0.048366074755343484,1.1489361058131844e-06,1.1489361058131844,26,30.896394968032837,PRY,10,Apple M4,1,Apple M4,16.0,33,256,289,0.00018892997951306048,0.18892997951306048,1470.2683951679323,120.68904284387827,-1,8,512,42,15.6.1,0.3.21,3.13.5,no_disponible_apple_silicon,16.3,9.436965942382812,67.1,Version: 0.3.21,yes,plain_text_no_template,yes
2026-06-22T05:43:57.358237,qwen2.5-7b,q4,gpu,9,Write a Python function that takes a list of integers and returns a dictionary with three keys: mean,Chen et al. 2021,10,30.53907299041748,256,8.382703695044293,1.1403062329383662,0.6314665148536242,3.8929195611561407,0.009673304244203545,0.005356778330033159,0.03302393183999205,0.04805401441422876,1.1415231124100042e-06,1.1415231124100043,26,30.53907299041748,PRY,10,Apple M4,1,Apple M4,16.0,33,256,289,0.0001877109938055811,0.1877109938055811,1479.8162438236411,119.29325386881828,-1,8,512,42,15.6.1,0.3.21,3.13.5,no_disponible_apple_silicon,17.2,9.881439208984375,69.9,Version: 0.3.21,yes,plain_text_no_template,yes
2026-06-22T05:44:32.553810,qwen2.5-7b,q4,gpu,10,"Write a Python function that reads a list of strings and returns the top 3 most frequent words, igno",Chen et al. 2021,1,30.49425196647644,256,8.395024750285106,1.318108068595078,0.6966879220877341,3.8661779727729875,0.011165199878551088,0.005901382510595631,0.0327489459024946,0.04981552829164132,1.1833678745679395e-06,1.1833678745679395,26,30.49425196647644,PRY,10,Apple M4,1,Apple M4,16.0,31,256,287,0.0001945919073892239,0.1945919073892239,1427.4888483525935,119.1181717440486,-1,8,512,42,15.6.1,0.3.21,3.13.5,no_disponible_apple_silicon,16.2,9.433486938476562,67.1,Version: 0.3.21,yes,plain_text_no_template,yes
2026-06-22T05:45:09.279696,qwen2.5-7b,q4,gpu,10,"Write a Python function that reads a list of strings and returns the top 3 most frequent words, igno",Chen et al. 2021,2,30.0625958442688,256,8.515565366548492,0.35600083022393014,0.6900400687621834,3.8775516459684076,0.002972863633123935,0.0057623321398747145,0.032380352221674305,0.04111554799467296,9.76699842613456e-07,0.976699842613456,26,30.0625958442688,PRY,10,Apple M4,1,Apple M4,16.0,31,256,287,0.00016060760935419124,0.16060760935419124,1729.5430701865985,117.432015016675,-1,8,512,42,15.6.1,0.3.21,3.13.5,no_disponible_apple_silicon,15.9,9.430221557617188,67.1,Version: 0.3.21,yes,plain_text_no_template,yes
2026-06-22T05:45:45.212702,qwen2.5-7b,q4,gpu,10,"Write a Python function that reads a list of strings and returns the top 3 most frequent words, igno",Chen et al. 2021,3,31.182521104812622,256,8.209727466856094,1.1262121283864521,0.6538864056583451,3.841898814797634,0.009755037072751802,0.005663840734608727,0.033277803020828285,0.04869668082818881,1.156789653073625e-06,1.156789653073625,26,31.182521104812622,PRY,10,Apple M4,1,Apple M4,16.0,31,256,287,0.00019022140948511253,0.19022140948511254,1460.2866130035575,121.8067230656743,-1,8,512,42,15.6.1,0.3.21,3.13.5,no_disponible_apple_silicon,16.3,9.444793701171875,67.2,Version: 0.3.21,yes,plain_text_no_template,yes
2026-06-22T05:46:23.301777,qwen2.5-7b,q4,gpu,10,"Write a Python function that reads a list of strings and returns the top 3 most frequent words, igno",Chen et al. 2021,4,31.329989194869995,256,8.171084848057264,1.107324464241309,0.7058194748145861,3.7859374891010615,0.009636795416637617,0.006142587922074944,0.032948161284997085,0.04872754462370965,1.1575228225362228e-06,1.1575228225362229,26,31.329989194869995,PRY,10,Apple M4,1,Apple M4,16.0,31,256,287,0.00019034197118636582,0.1903419711863658,1459.3616743928885,122.38277029246092,-1,8,512,42,15.6.1,0.3.21,3.13.5,no_disponible_apple_silicon,17.7,9.451080322265625,67.2,Version: 0.3.21,yes,plain_text_no_template,yes
2026-06-22T05:46:58.332364,qwen2.5-7b,q4,gpu,10,"Write a Python function that reads a list of strings and returns the top 3 most frequent words, igno",Chen et al. 2021,5,30.40139889717102,256,8.42066514326819,1.2277440714366032,0.7248117172808589,3.8488295643162145,0.010368093683161392,0.00612091392844415,0.03250272302000061,0.048991730631606153,1.163798561153804e-06,1.163798561153804,26,30.40139889717102,PRY,10,Apple M4,1,Apple M4,16.0,31,256,287,0.00019137394777971154,0.19137394777971153,1451.4921231469016,118.7554644420743,-1,8,512,42,15.6.1,0.3.21,3.13.5,no_disponible_apple_silicon,16.6,9.490753173828125,67.5,Version: 0.3.21,yes,plain_text_no_template,yes
2026-06-22T05:47:37.737255,qwen2.5-7b,q4,gpu,10,"Write a Python function that reads a list of strings and returns the top 3 most frequent words, igno",Chen et al. 2021,6,32.536121129989624,256,7.868178231117915,0.2635363653957686,0.5407529341432427,3.8404765853853506,0.002381791974076092,0.0048872230463005125,0.03470950316082964,0.04197851818120623,9.97199699394554e-07,0.9971996993945539,26,32.536121129989624,PRY,10,Apple M4,1,Apple M4,16.0,31,256,287,0.00016397858664533684,0.16397858664533685,1693.988120403629,127.09422316402197,-1,8,512,42,15.6.1,0.3.21,3.13.5,no_disponible_apple_silicon,16.0,9.449981689453125,67.2,Version: 0.3.21,yes,plain_text_no_template,yes
2026-06-22T05:48:14.505343,qwen2.5-7b,q4,gpu,10,"Write a Python function that reads a list of strings and returns the top 3 most frequent words, igno",Chen et al. 2021,7,31.993792057037354,256,8.00155228688155,0.3026775415468571,0.6779913673726432,3.786580726661502,0.00268994509016262,0.006025420784496325,0.033651965659998194,0.04236733153465714,1.0064359606057802e-06,1.0064359606057802,26,31.993792057037354,PRY,10,Apple M4,1,Apple M4,16.0,31,256,287,0.00016549738880725445,0.16549738880725445,1678.4420574833964,124.97575022280216,-1,8,512,42,15.6.1,0.3.21,3.13.5,no_disponible_apple_silicon,17.5,9.880645751953125,69.9,Version: 0.3.21,yes,plain_text_no_template,yes
2026-06-22T05:48:53.074288,qwen2.5-7b,q4,gpu,10,"Write a Python function that reads a list of strings and returns the top 3 most frequent words, igno",Chen et al. 2021,8,31.88533306121826,256,8.028769826819518,0.3198291055461564,0.5515044034120489,3.8648012674165457,0.002832738209169646,0.004884694885422682,0.03423068767416529,0.04194812076875761,9.96477608861837e-07,0.996477608861837,26,31.88533306121826,PRY,10,Apple M4,1,Apple M4,16.0,31,256,287,0.00016385984675295942,0.16385984675295942,1695.21565705212,124.55208227038383,-1,8,512,42,15.6.1,0.3.21,3.13.5,no_disponible_apple_silicon,16.0,9.497512817382812,67.5,Version: 0.3.21,yes,plain_text_no_template,yes
2026-06-22T05:49:30.637722,qwen2.5-7b,q4,gpu,10,"Write a Python function that reads a list of strings and returns the top 3 most frequent words, igno",Chen et al. 2021,9,32.84870719909668,256,7.793305180882122,0.37376744060707584,0.580353116828594,3.813539171076562,0.003410493671404887,0.005295513779662676,0.034797175450827736,0.0435031829018953,1.0334181098345228e-06,1.0334181098345228,26,32.84870719909668,PRY,10,Apple M4,1,Apple M4,16.0,31,256,287,0.00016993430821052853,0.16993430821052852,1634.618581161633,128.3152624964714,-1,8,512,42,15.6.1,0.3.21,3.13.5,no_disponible_apple_silicon,16.4,9.475021362304688,67.4,Version: 0.3.21,yes,plain_text_no_template,yes
2026-06-22T05:50:10.462457,qwen2.5-7b,q4,gpu,10,"Write a Python function that reads a list of strings and returns the top 3 most frequent words, igno",Chen et al. 2021,10,33.023273229599,256,7.752108587786669,0.3413718204807265,0.6767523216132557,3.7476479206213837,0.003131448583505736,0.006207938007055555,0.0343776670141718,0.04371705360473309,1.0384986083804344e-06,1.0384986083804344,26,33.023273229599,PRY,10,Apple M4,1,Apple M4,16.0,31,256,287,0.00017076974064348863,0.17076974064348863,1626.621769940419,128.9971610531211,-1,8,512,42,15.6.1,0.3.21,3.13.5,no_disponible_apple_silicon,18.2,9.898193359375,70.0,Version: 0.3.21,yes,plain_text_no_template,yes
2026-06-22T05:50:49.474010,qwen2.5-7b,q4,gpu,11,Explain how quantization reduces the memory footprint of a neural network model. What are the trade-,Dettmers et al. 2022,1,34.340516805648804,256,7.454750941834678,0.20809401233172095,0.9775055442693643,2.4660763545960966,0.0019850155354534313,0.009324457102943608,0.023523982360839,0.03483345499923604,8.274687235068521e-07,0.8274687235068521,26,34.340516805648804,PRY,10,Apple M4,1,Apple M4,16.0,35,256,291,0.00013606818359076578,0.13606818359076578,2041.460174210991,134.14264377206564,-1,8,512,42,15.6.1,0.3.21,3.13.5,no_disponible_apple_silicon,16.5,9.49981689453125,67.5,Version: 0.3.21,yes,plain_text_no_template,yes
2026-06-22T05:51:28.922327,qwen2.5-7b,q4,gpu,11,Explain how quantization reduces the memory footprint of a neural network model. What are the trade-,Dettmers et al. 2022,2,32.66255307197571,256,7.837721669701521,0.3501936229823457,0.6284066570245294,3.7857888122980685,0.003177282721146755,0.00570149049606848,0.03434820222249376,0.04322697543970899,1.0268568015702871e-06,1.026856801570287,26,32.66255307197571,PRY,10,Apple M4,1,Apple M4,16.0,35,256,291,0.00016885537281136325,0.16885537281136326,1645.063305673413,127.58809793740511,-1,8,512,42,15.6.1,0.3.21,3.13.5,no_disponible_apple_silicon,16.2,9.489364624023438,67.5,Version: 0.3.21,yes,plain_text_no_template,yes
2026-06-22T05:52:07.390941,qwen2.5-7b,q4,gpu,11,Explain how quantization reduces the memory footprint of a neural network model. What are the trade-,Dettmers et al. 2022,3,32.691776752471924,256,7.830715410126587,0.3652509858102173,0.6433448841038902,3.773641501074501,0.0033168621352021987,0.005842246479435918,0.03426862374916406,0.04342773236380217,1.0316257823021205e-06,1.0316257823021204,26,32.691776752471924,PRY,10,Apple M4,1,Apple M4,16.0,35,256,291,0.00016963957954610224,0.16963957954610223,1637.45853721765,127.70225293934345,-1,8,512,42,15.6.1,0.3.21,3.13.5,no_disponible_apple_silicon,17.5,9.987091064453125,70.5,Version: 0.3.21,yes,plain_text_no_template,yes
2026-06-22T05:52:45.812206,qwen2.5-7b,q4,gpu,11,Explain how quantization reduces the memory footprint of a neural network model. What are the trade-,Dettmers et al. 2022,4,31.661341905593872,256,8.08557011775835,0.32908403045262985,0.623083471068537,3.8374665108089707,0.002894233889953216,0.005479905225895877,0.03374981645833032,0.04212395557417941,1.000654564664632e-06,1.0006545646646319,26,31.661341905593872,PRY,10,Apple M4,1,Apple M4,16.0,35,256,291,0.00016454670146163832,0.16454670146163833,1688.139448012804,123.67711681872606,-1,8,512,42,15.6.1,0.3.21,3.13.5,no_disponible_apple_silicon,16.3,9.509933471679688,67.6,Version: 0.3.21,yes,plain_text_no_template,yes
2026-06-22T05:53:22.335362,qwen2.5-7b,q4,gpu,11,Explain how quantization reduces the memory footprint of a neural network model. What are the trade-,Dettmers et al. 2022,5,31.872884035110474,256,8.031905732722398,0.3386317743726786,0.5563971274657235,3.8651619621957005,0.002998103131995578,0.004926105866995441,0.034220516388328785,0.04214472538731981,1.0011479515757819e-06,1.001147951575782,26,31.872884035110474,PRY,10,Apple M4,1,Apple M4,16.0,35,256,291,0.000164627833544218,0.164627833544218,1687.307497144269,124.50345326215029,-1,8,512,42,15.6.1,0.3.21,3.13.5,no_disponible_apple_silicon,16.0,9.510162353515625,67.6,Version: 0.3.21,yes,plain_text_no_template,yes
2026-06-22T05:54:00.875223,qwen2.5-7b,q4,gpu,11,Explain how quantization reduces the memory footprint of a neural network model. What are the trade-,Dettmers et al. 2022,6,31.69358801841736,256,8.07734358922179,0.5765481531794707,0.46947678925226605,3.8060928698232526,0.005075799899902647,0.004133167761880742,0.03350798316000388,0.042716950821787274,1.0147411667715566e-06,1.0147411667715567,26,31.69358801841736,PRY,10,Apple M4,1,Apple M4,16.0,35,256,291,0.00016686308914760654,0.16686308914760653,1664.7047540397414,123.8030781969428,-1,8,512,42,15.6.1,0.3.21,3.13.5,no_disponible_apple_silicon,17.0,9.981201171875,70.5,Version: 0.3.21,yes,plain_text_no_template,yes
2026-06-22T05:54:36.774009,qwen2.5-7b,q4,gpu,11,Explain how quantization reduces the memory footprint of a neural network model. What are the trade-,Dettmers et al. 2022,7,31.216104984283447,256,8.200895022902115,1.3899721556781544,0.6335624290727302,3.8552880335522928,0.012052643538022233,0.005493708694453328,0.0334297433333389,0.05097609556581446,1.2109371501659223e-06,1.2109371501659223,26,31.216104984283447,PRY,10,Apple M4,1,Apple M4,16.0,35,256,291,0.00019912537330396272,0.1991253733039627,1394.9893635792612,121.93791009485722,-1,8,512,42,15.6.1,0.3.21,3.13.5,no_disponible_apple_silicon,16.2,9.55560302734375,67.9,Version: 0.3.21,yes,plain_text_no_template,yes
2026-06-22T05:55:13.334026,qwen2.5-7b,q4,gpu,11,Explain how quantization reduces the memory footprint of a neural network model. What are the trade-,Dettmers et al. 2022,8,30.00560188293457,256,8.531740206337865,0.2314024953256852,0.6578480405298406,2.7057276193208546,0.0019287142081833714,0.005483090667668612,0.022551940485833862,0.029963745361685844,7.117887710668472e-07,0.7117887710668472,26,30.00560188293457,PRY,10,Apple M4,1,Apple M4,16.0,35,256,291,0.00011704588031908533,0.11704588031908533,2373.238400364987,117.20938235521317,-1,8,512,42,15.6.1,0.3.21,3.13.5,no_disponible_apple_silicon,15.7,9.52496337890625,67.6,Version: 0.3.21,yes,plain_text_no_template,yes
2026-06-22T05:55:49.004756,qwen2.5-7b,q4,gpu,11,Explain how quantization reduces the memory footprint of a neural network model. What are the trade-,Dettmers et al. 2022,9,30.921782970428467,256,8.27895339168577,1.4030323825102196,0.623806366749115,3.8719404332687133,0.012051184120128941,0.005358112524496567,0.033257583819989424,0.050666880464614934,1.2035917454369276e-06,1.2035917454369276,26,30.921782970428467,PRY,10,Apple M4,1,Apple M4,16.0,35,256,291,0.0001979175018149021,0.19791750181490209,1403.5028495739766,120.7882147282362,-1,8,512,42,15.6.1,0.3.21,3.13.5,no_disponible_apple_silicon,17.8,9.977813720703125,70.5,Version: 0.3.21,yes,plain_text_no_template,yes
2026-06-22T05:56:26.080533,qwen2.5-7b,q4,gpu,11,Explain how quantization reduces the memory footprint of a neural network model. What are the trade-,Dettmers et al. 2022,10,30.337485790252686,256,8.438405270955307,1.2578389242297832,0.725712039757559,3.83513700434616,0.010599908469513268,0.00611563297054451,0.03231900399250663,0.04903454543256441,1.1648156267505675e-06,1.1648156267505676,26,30.337485790252686,PRY,10,Apple M4,1,Apple M4,16.0,35,256,291,0.00019154119309595471,0.19154119309595471,1450.224744285799,118.50580386817455,-1,8,512,42,15.6.1,0.3.21,3.13.5,no_disponible_apple_silicon,16.1,9.572113037109375,68.0,Version: 0.3.21,yes,plain_text_no_template,yes
2026-06-22T05:57:03.355231,qwen2.5-7b,q4,gpu,12,What is the difference between CPU and GPU architectures in the context of deep learning inference? ,Zheng et al. 2023,1,32.490888833999634,256,7.879131940893916,0.35913072452897793,0.6350060120540383,3.8091990229123773,0.0032412434576513244,0.005731086040713664,0.03437896166667391,0.04335129116503889,1.0298099216254986e-06,1.0298099216254986,26,32.490888833999634,PRY,10,Apple M4,1,Apple M4,16.0,31,256,287,0.00016934098111343317,0.16934098111343318,1640.3458628346327,126.91753450781107,-1,8,512,42,15.6.1,0.3.21,3.13.5,no_disponible_apple_silicon,17.1,9.603042602539062,68.2,Version: 0.3.21,yes,plain_text_no_template,yes
2026-06-22T05:57:42.113774,qwen2.5-7b,q4,gpu,12,What is the difference between CPU and GPU architectures in the context of deep learning inference? ,Zheng et al. 2023,2,32.02369713783264,256,7.994080099438701,0.3611614882186739,0.5574506944526426,3.8493282052171773,0.003212701699045479,0.004958786724562753,0.03424158906333105,0.04241307748693928,1.0075226557022424e-06,1.0075226557022423,26,32.02369713783264,PRY,10,Apple M4,1,Apple M4,16.0,31,256,287,0.00016567608393335657,0.16567608393335656,1676.6317212659028,125.09256694465876,-1,8,512,42,15.6.1,0.3.21,3.13.5,no_disponible_apple_silicon,16.1,9.617034912109375,68.3,Version: 0.3.21,yes,plain_text_no_template,yes
2026-06-22T05:58:20.303342,qwen2.5-7b,q4,gpu,12,What is the difference between CPU and GPU architectures in the context of deep learning inference? ,Zheng et al. 2023,3,33.45085167884827,256,7.653018896432901,0.2381533702237585,1.0712614125336695,2.440402124397913,0.002212898073381329,0.009954057394427018,0.022675980416661336,0.034842935884469683,8.276939419355773e-07,0.8276939419355773,26,33.45085167884827,PRY,10,Apple M4,1,Apple M4,16.0,31,256,287,0.0001361052182987097,0.1361052182987097,2040.9046857273302,130.66738937050104,-1,8,512,42,15.6.1,0.3.21,3.13.5,no_disponible_apple_silicon,17.4,9.99322509765625,70.6,Version: 0.3.21,yes,plain_text_no_template,yes
2026-06-22T05:58:59.160935,qwen2.5-7b,q4,gpu,12,What is the difference between CPU and GPU architectures in the context of deep learning inference? ,Zheng et al. 2023,4,32.07446098327637,256,7.981427969544943,0.33940240388915627,0.6257193906927037,3.817311020094158,0.003023930322548042,0.005574892273125718,0.03401060927084472,0.04260943186651849,1.0121870539891466e-06,1.0121870539891467,26,32.07446098327637,PRY,10,Apple M4,1,Apple M4,16.0,31,256,287,0.00016644309322858786,0.16644309322858786,1668.905404180913,125.29086321592331,-1,8,512,42,15.6.1,0.3.21,3.13.5,no_disponible_apple_silicon,16.2,9.59747314453125,68.1,Version: 0.3.21,yes,plain_text_no_template,yes
2026-06-22T05:59:36.933269,qwen2.5-7b,q4,gpu,12,What is the difference between CPU and GPU architectures in the context of deep learning inference? ,Zheng et al. 2023,5,33.01032209396362,256,7.755150018569889,0.3578449489633857,0.6255054176899175,3.7948282250145615,0.0032812713958275935,0.0057355931415176194,0.03479680611083193,0.043813670648177136,1.0407937462474478e-06,1.0407937462474477,26,33.01032209396362,PRY,10,Apple M4,1,Apple M4,16.0,31,256,287,0.00017114715096944194,0.17114715096944194,1623.0347756555677,128.9465706795454,-1,8,512,42,15.6.1,0.3.21,3.13.5,no_disponible_apple_silicon,16.0,9.611801147460938,68.2,Version: 0.3.21,yes,plain_text_no_template,yes
2026-06-22T06:00:15.632125,qwen2.5-7b,q4,gpu,12,What is the difference between CPU and GPU architectures in the context of deep learning inference? ,Zheng et al. 2023,6,31.8157639503479,256,8.046325727067781,0.3322739339419564,0.7041195754269154,3.76159526009684,0.002936541402541882,0.006222806167944979,0.03324389635333016,0.042403243923817016,1.0072890594102732e-06,1.0072890594102732,26,31.8157639503479,PRY,10,Apple M4,1,Apple M4,16.0,31,256,287,0.00016563767157741022,0.16563767157741022,1677.0205420809675,124.28032793104649,-1,8,512,42,15.6.1,0.3.21,3.13.5,no_disponible_apple_silicon,17.5,9.977813720703125,70.5,Version: 0.3.21,yes,plain_text_no_template,yes
2026-06-22T06:00:52.352015,qwen2.5-7b,q4,gpu,12,What is the difference between CPU and GPU architectures in the context of deep learning inference? ,Zheng et al. 2023,7,31.923110008239746,256,8.019268797241974,0.3374137086315773,0.6845435253562838,3.788812406396535,0.0029920263719261098,0.006070210629271361,0.03359740979166115,0.04265964679285861,1.0133799095643562e-06,1.0133799095643563,26,31.923110008239746,PRY,10,Apple M4,1,Apple M4,16.0,31,256,287,0.00016663924528460394,0.16663924528460394,1666.9409256106496,124.69964846968651,-1,8,512,42,15.6.1,0.3.21,3.13.5,no_disponible_apple_silicon,16.2,9.557418823242188,67.9,Version: 0.3.21,yes,plain_text_no_template,yes
2026-06-22T06:01:32.650571,qwen2.5-7b,q4,gpu,12,What is the difference between CPU and GPU architectures in the context of deep learning inference? ,Zheng et al. 2023,8,33.57688903808594,256,7.624291807070682,0.23542696538647578,1.0017978551703306,2.459267140005374,0.002195806970376388,0.009343682061568522,0.022937372187492054,0.03447686121943696,8.189978382677249e-07,0.8189978382677249,26,33.57688903808594,PRY,10,Apple M4,1,Apple M4,16.0,31,256,287,0.00013467523913842562,0.13467523913842563,2062.57497335694,131.1597228050232,-1,8,512,42,15.6.1,0.3.21,3.13.5,no_disponible_apple_silicon,15.9,9.565948486328125,67.9,Version: 0.3.21,yes,plain_text_no_template,yes
2026-06-22T06:02:10.729925,qwen2.5-7b,q4,gpu,12,What is the difference between CPU and GPU architectures in the context of deep learning inference? ,Zheng et al. 2023,9,33.08636403083801,256,7.737326463596792,0.613355830157904,0.7037567928859614,3.7283636170785788,0.005637142854733684,0.006467987066277775,0.03426610996499828,0.04637123988600973,1.1015488034921611e-06,1.1015488034921612,26,33.08636403083801,PRY,10,Apple M4,1,Apple M4,16.0,31,256,287,0.00018113765580472552,0.18113765580472552,1533.5175700696636,129.243609495461,-1,8,512,42,15.6.1,0.3.21,3.13.5,no_disponible_apple_silicon,18.0,9.985794067382812,70.6,Version: 0.3.21,yes,plain_text_no_template,yes
2026-06-22T06:02:50.300464,qwen2.5-7b,q4,gpu,12,What is the difference between CPU and GPU architectures in the context of deep learning inference? ,Zheng et al. 2023,10,32.86023998260498,256,7.790570006047342,0.33701004069234575,0.5047635559180425,3.840372904148461,0.003076175226027209,0.004607403217205534,0.03505432645917002,0.04273790490240276,1.0152389309565774e-06,1.0152389309565775,26,32.86023998260498,PRY,10,Apple M4,1,Apple M4,16.0,31,256,287,0.00016694494102501077,0.16694494102501076,1663.8885615357617,128.3603124320507,-1,8,512,42,15.6.1,0.3.21,3.13.5,no_disponible_apple_silicon,16.1,9.617919921875,68.3,Version: 0.3.21,yes,plain_text_no_template,yes
2026-06-22T06:03:27.548966,qwen2.5-7b,q4,gpu,13,Explain the ethical implications of deploying large language models in low-resource countries where ,Bender et al. 2021,1,32.37917613983154,256,7.9063160499960725,0.32186108438283806,0.6662560585470908,3.7686002679636728,0.0028948879843858602,0.005992450631646158,0.03389560329917003,0.04278294191520206,1.0163087851956247e-06,1.0163087851956247,26,32.37917613983154,PRY,10,Apple M4,1,Apple M4,16.0,32,256,288,0.00016712086685625804,0.16712086685625804,1662.1370089989816,126.48115679621696,-1,8,512,42,15.6.1,0.3.21,3.13.5,no_disponible_apple_silicon,16.4,9.603363037109375,68.2,Version: 0.3.21,yes,plain_text_no_template,yes
2026-06-22T06:04:06.318563,qwen2.5-7b,q4,gpu,13,Explain the ethical implications of deploying large language models in low-resource countries where ,Bender et al. 2021,2,31.944406032562256,256,8.013922679891078,0.34495491018766106,0.6849161804730367,3.7782893506280857,0.003060938809433525,0.006077566824250659,0.03352644697915821,0.042664952612842394,1.013505949318071e-06,1.0135059493180711,26,31.944406032562256,PRY,10,Apple M4,1,Apple M4,16.0,32,256,288,0.0001666599711439156,0.1666599711439156,1666.7336245840868,124.78283606469631,-1,8,512,42,15.6.1,0.3.21,3.13.5,no_disponible_apple_silicon,17.3,9.970443725585938,70.5,Version: 0.3.21,yes,plain_text_no_template,yes
2026-06-22T06:04:42.828855,qwen2.5-7b,q4,gpu,13,Explain the ethical implications of deploying large language models in low-resource countries where ,Bender et al. 2021,3,31.74490189552307,256,8.064287010321593,0.3609463912241224,0.6374003836402135,3.8247193091539033,0.003182835494153571,0.005620614624118708,0.03372648312416762,0.0425299332424399,1.0102985641741599e-06,1.01029856417416,26,31.74490189552307,PRY,10,Apple M4,1,Apple M4,16.0,32,256,288,0.00016613255172828086,0.16613255172828087,1672.0249878067182,124.003523029387,-1,8,512,42,15.6.1,0.3.21,3.13.5,no_disponible_apple_silicon,16.4,9.619918823242188,68.3,Version: 0.3.21,yes,plain_text_no_template,yes
2026-06-22T06:05:19.979054,qwen2.5-7b,q4,gpu,13,Explain the ethical implications of deploying large language models in low-resource countries where ,Bender et al. 2021,4,30.380831718444824,256,8.42636575497626,1.3085333054661321,0.7375134291846613,3.810578564731068,0.011042869486485255,0.006223964272820103,0.032157929479168776,0.049424763238474126,1.1740852507299526e-06,1.1740852507299526,26,30.380831718444824,PRY,10,Apple M4,1,Apple M4,16.0,32,256,288,0.00019306548140028955,0.19306548140028956,1438.7749470442684,118.6751239001751,-1,8,512,42,15.6.1,0.3.21,3.13.5,no_disponible_apple_silicon,16.2,9.613449096679688,68.3,Version: 0.3.21,yes,plain_text_no_template,yes
2026-06-22T06:05:56.595805,qwen2.5-7b,q4,gpu,13,Explain the ethical implications of deploying large language models in low-resource countries where ,Bender et al. 2021,5,31.814093112945557,256,8.046748310289894,0.40446690784614775,0.6469046780179867,3.8312229526795876,0.0035743744075895875,0.005716857128240081,0.033857467709167394,0.04314869924499706,1.0249973505649052e-06,1.0249973505649053,26,31.814093112945557,PRY,10,Apple M4,1,Apple M4,16.0,32,256,288,0.00016854960642576978,0.16854960642576977,1648.0476203313635,124.27380122244358,-1,8,512,42,15.6.1,0.3.21,3.13.5,no_disponible_apple_silicon,17.6,9.975128173828125,70.5,Version: 0.3.21,yes,plain_text_no_template,yes
2026-06-22T06:06:33.702219,qwen2.5-7b,q4,gpu,13,Explain the ethical implications of deploying large language models in low-resource countries where ,Bender et al. 2021,6,30.307034254074097,256,8.44688390998161,1.070500297695885,0.8461274669478974,3.732068966162186,0.009012135886462696,0.007123226145584131,0.031418872776678965,0.04755423480872578,1.1296508478812809e-06,1.1296508478812808,26,30.307034254074097,PRY,10,Apple M4,1,Apple M4,16.0,32,256,288,0.00018575872972158508,0.18575872972158508,1495.368633248681,118.38685255497694,-1,8,512,42,15.6.1,0.3.21,3.13.5,no_disponible_apple_silicon,16.3,9.628189086914062,68.3,Version: 0.3.21,yes,plain_text_no_template,yes
2026-06-22T06:07:09.079074,qwen2.5-7b,q4,gpu,13,Explain the ethical implications of deploying large language models in low-resource countries where ,Bender et al. 2021,7,30.63843274116516,256,8.355518774824397,1.243848711545799,0.6730664518743816,3.8679466898713235,0.010585993080244696,0.005728250337802199,0.03291884014000971,0.0492330835580566,1.1695318999216345e-06,1.1695318999216344,26,30.63843274116516,PRY,10,Apple M4,1,Apple M4,16.0,32,256,288,0.00019231673264865859,0.1923167326486586,1444.3765446309192,119.68137789517641,-1,8,512,42,15.6.1,0.3.21,3.13.5,no_disponible_apple_silicon,16.3,9.623870849609375,68.3,Version: 0.3.21,yes,plain_text_no_template,yes
2026-06-22T06:07:46.257320,qwen2.5-7b,q4,gpu,13,Explain the ethical implications of deploying large language models in low-resource countries where ,Bender et al. 2021,8,30.40220069885254,256,8.420443063835906,1.18264259915087,0.7163399959422236,3.8607002882009596,0.009987482681777045,0.006049531201458527,0.03260382916666762,0.04864084304990318,1.1554632266504502e-06,1.15546322665045,26,30.40220069885254,PRY,10,Apple M4,1,Apple M4,16.0,32,256,288,0.0001900032931636843,0.1900032931636843,1461.9629647075506,118.75859647989273,-1,8,512,42,15.6.1,0.3.21,3.13.5,no_disponible_apple_silicon,17.5,10.135025024414062,71.4,Version: 0.3.21,yes,plain_text_no_template,yes
2026-06-22T06:08:22.879546,qwen2.5-7b,q4,gpu,13,Explain the ethical implications of deploying large language models in low-resource countries where ,Bender et al. 2021,9,31.8246328830719,256,8.044083365881372,0.3683330353138543,0.6296612584731994,3.823876431477974,0.003256128785436381,0.005566316219889616,0.03380373989500488,0.042626184900330884,1.01258502230736e-06,1.01258502230736,26,31.8246328830719,PRY,10,Apple M4,1,Apple M4,16.0,32,256,288,0.00016650853476691751,0.16650853476691752,1668.2494874308848,124.3149721994996,-1,8,512,42,15.6.1,0.3.21,3.13.5,no_disponible_apple_silicon,16.4,9.597381591796875,68.1,Version: 0.3.21,yes,plain_text_no_template,yes
2026-06-22T06:09:01.129719,qwen2.5-7b,q4,gpu,13,Explain the ethical implications of deploying large language models in low-resource countries where ,Bender et al. 2021,10,31.41705083847046,256,8.148441472632616,0.8665107730612143,0.6541813470228117,3.826226453241703,0.007562003613707364,0.005709013510276323,0.03339131972249864,0.04666233684648232,1.1084638117881874e-06,1.1084638117881873,26,31.41705083847046,PRY,10,Apple M4,1,Apple M4,16.0,32,256,288,0.00018227475330657156,0.18227475330657156,1523.9509188119857,122.72285483777523,-1,8,512,42,15.6.1,0.3.21,3.13.5,no_disponible_apple_silicon,16.2,9.615646362304688,68.2,Version: 0.3.21,yes,plain_text_no_template,yes
2026-06-22T06:09:40.370723,qwen2.5-7b,q4,gpu,14,"Translate the following paragraph to Spanish, then explain any cultural or linguistic nuances you co",Papineni et al. 2002,1,34.14876914024353,256,7.496609876293022,0.329931317396644,1.2065544551733984,2.301098205041808,0.0031296523305317805,0.011445097095791303,0.021827686492500407,0.036402435918823486,8.647398652516518e-07,0.8647398652516518,26,34.14876914024353,PRY,10,Apple M4,1,Apple M4,16.0,71,256,327,0.00014219701530790424,0.14219701530790424,1953.4712256533353,133.3936294540763,-1,8,512,42,15.6.1,0.3.21,3.13.5,no_disponible_apple_silicon,16.8,9.633880615234375,68.4,Version: 0.3.21,yes,plain_text_no_template,yes
2026-06-22T06:10:22.189615,qwen2.5-7b,q4,gpu,14,"Translate the following paragraph to Spanish, then explain any cultural or linguistic nuances you co",Papineni et al. 2002,2,34.70824074745178,256,7.375769975284474,0.3018381213746605,1.2455375557409316,2.229470226914226,0.002910075050952858,0.012008449262402472,0.021494719270837476,0.0364132435841928,8.649966013425e-07,0.8649966013425,26,34.70824074745178,PRY,10,Apple M4,1,Apple M4,16.0,71,256,327,0.00014223923275075314,0.14223923275075315,1952.8914238769116,135.57906541973352,-1,8,512,42,15.6.1,0.3.21,3.13.5,no_disponible_apple_silicon,17.1,9.981231689453125,70.5,Version: 0.3.21,yes,plain_text_no_template,yes
2026-06-22T06:11:00.129746,qwen2.5-7b,q4,gpu,14,"Translate the following paragraph to Spanish, then explain any cultural or linguistic nuances you co",Papineni et al. 2002,3,33.1451530456543,256,7.7236028944378186,0.24256207332922894,1.0644782535837423,2.4446000034875763,0.002233265845435698,0.009800637396889984,0.02250740034750076,0.03454130358982643,8.205286667763269e-07,0.8205286667763269,26,33.1451530456543,PRY,10,Apple M4,1,Apple M4,16.0,71,256,327,0.0001349269671477595,0.1349269671477595,2058.726907228125,129.4732540845871,-1,8,512,42,15.6.1,0.3.21,3.13.5,no_disponible_apple_silicon,16.2,9.606887817382812,68.2,Version: 0.3.21,yes,plain_text_no_template,yes
2026-06-22T06:11:38.553999,qwen2.5-7b,q4,gpu,14,"Translate the following paragraph to Spanish, then explain any cultural or linguistic nuances you co",Papineni et al. 2002,4,31.63836693763733,256,8.091441650721224,0.3793824639546113,0.6538044999721889,3.8118466097418002,0.0033341782234169327,0.005745918520999613,0.033500167152499975,0.04258026389691652,1.011494168871252e-06,1.011494168871252,26,31.63836693763733,PRY,10,Apple M4,1,Apple M4,16.0,71,256,327,0.00016632915584733016,0.16632915584733016,1670.048623542248,123.58737085014582,-1,8,512,42,15.6.1,0.3.21,3.13.5,no_disponible_apple_silicon,16.3,9.612869262695312,68.2,Version: 0.3.21,yes,plain_text_no_template,yes
2026-06-22T06:12:15.928260,qwen2.5-7b,q4,gpu,14,"Translate the following paragraph to Spanish, then explain any cultural or linguistic nuances you co",Papineni et al. 2002,5,32.54950499534607,256,7.864942954942108,0.35714407165887213,0.6660306612698862,3.7841481656514384,0.0032291285401440818,0.006021935648904946,0.034214486005833655,0.04346555019488268,1.032524144879438e-06,1.032524144879438,26,32.54950499534607,PRY,10,Apple M4,1,Apple M4,16.0,71,256,327,0.00016978730544876046,0.16978730544876047,1636.0338427162765,127.14650388807058,-1,8,512,42,15.6.1,0.3.21,3.13.5,no_disponible_apple_silicon,17.5,9.9844970703125,70.5,Version: 0.3.21,yes,plain_text_no_template,yes
2026-06-22T06:12:54.373587,qwen2.5-7b,q4,gpu,14,"Translate the following paragraph to Spanish, then explain any cultural or linguistic nuances you co",Papineni et al. 2002,6,31.620285987854004,256,8.096068457392663,0.3922825594145788,0.6591724307279666,3.8151554960108185,0.0034455796435378648,0.005789783548590886,0.033510085519998636,0.04274544871212739,1.015418134156586e-06,1.015418134156586,26,31.620285987854004,PRY,10,Apple M4,1,Apple M4,16.0,71,256,327,0.00016697440903174762,0.16697440903174762,1663.5949148648438,123.5167421400547,-1,8,512,42,15.6.1,0.3.21,3.13.5,no_disponible_apple_silicon,16.2,9.654037475585938,68.5,Version: 0.3.21,yes,plain_text_no_template,yes
2026-06-22T06:13:31.318229,qwen2.5-7b,q4,gpu,14,"Translate the following paragraph to Spanish, then explain any cultural or linguistic nuances you co",Papineni et al. 2002,7,32.16617393493652,256,7.958671134397855,0.38377099575293655,0.5568056267859871,3.8515152751023507,0.003429012389047984,0.004975085177541503,0.034413475070001975,0.04281757263659146,1.01713143798223e-06,1.01713143798223,26,32.16617393493652,PRY,10,Apple M4,1,Apple M4,16.0,71,256,327,0.00016725614311168538,0.16725614311168538,1660.7926776853362,125.6491169333458,-1,8,512,42,15.6.1,0.3.21,3.13.5,no_disponible_apple_silicon,16.1,9.604293823242188,68.2,Version: 0.3.21,yes,plain_text_no_template,yes
2026-06-22T06:14:08.990538,qwen2.5-7b,q4,gpu,14,"Translate the following paragraph to Spanish, then explain any cultural or linguistic nuances you co",Papineni et al. 2002,8,30.86047387123108,256,8.295400811672232,1.0838482081692036,0.793901585811279,3.781831797656905,0.009291130363496203,0.006805605318127193,0.03241920038249494,0.04851593606411834,1.1524960612031312e-06,1.1524960612031312,26,30.86047387123108,PRY,10,Apple M4,1,Apple M4,16.0,71,256,327,0.00018951537525046226,0.18951537525046225,1465.72686997384,120.5487260594964,-1,8,512,42,15.6.1,0.3.21,3.13.5,no_disponible_apple_silicon,17.4,9.974319458007812,70.5,Version: 0.3.21,yes,plain_text_no_template,yes
2026-06-22T06:14:44.846560,qwen2.5-7b,q4,gpu,14,"Translate the following paragraph to Spanish, then explain any cultural or linguistic nuances you co",Papineni et al. 2002,9,31.14600706100464,256,8.219352146764155,1.2461459142070264,0.6480597908519974,3.8596234828281974,0.010781241511926146,0.005606798561619305,0.03339218340249621,0.049780223476041656,1.1825292086733694e-06,1.1825292086733694,26,31.14600706100464,PRY,10,Apple M4,1,Apple M4,16.0,71,256,327,0.00019445399795328772,0.19445399795328772,1428.5012429752478,121.66409008204937,-1,8,512,42,15.6.1,0.3.21,3.13.5,no_disponible_apple_silicon,16.5,9.66302490234375,68.5,Version: 0.3.21,yes,plain_text_no_template,yes
2026-06-22T06:15:22.527808,qwen2.5-7b,q4,gpu,14,"Translate the following paragraph to Spanish, then explain any cultural or linguistic nuances you co",Papineni et al. 2002,10,30.79896306991577,256,8.311968147072431,1.3915619393298966,0.6996465433604265,3.8438774783498304,0.011905184660811627,0.005985663347486667,0.03288540013916039,0.05077624814745868,1.2061897747428809e-06,1.206189774742881,26,30.79896306991577,PRY,10,Apple M4,1,Apple M4,16.0,71,256,327,0.00019834471932601047,0.19834471932601047,1400.479824830661,120.30844949185848,-1,8,512,42,15.6.1,0.3.21,3.13.5,no_disponible_apple_silicon,16.1,9.599639892578125,68.1,Version: 0.3.21,yes,plain_text_no_template,yes
2026-06-22T06:16:03.124970,qwen2.5-7b,q4,gpu,15,The following is a summary of key findings from a research experiment on energy consumption in large,Villamayor 2026,1,35.86905384063721,256,7.137071447085938,0.24605549403476717,0.996848793289269,2.4855222386432003,0.002451604934254903,0.009932228621518617,0.02476481416666502,0.03714864772243853,8.824661266465273e-07,0.8824661266465273,26,35.86905384063721,PRY,10,Apple M4,1,Apple M4,16.0,250,256,506,0.00014511190516577552,0.14511190516577552,1914.2314854211654,140.1134915649891,-1,8,512,42,15.6.1,0.3.21,3.13.5,no_disponible_apple_silicon,17.0,9.982421875,70.5,Version: 0.3.21,yes,plain_text_no_template,yes
2026-06-22T06:16:42.364782,qwen2.5-7b,q4,gpu,15,The following is a summary of key findings from a research experiment on energy consumption in large,Villamayor 2026,2,32.31993007659912,256,7.920809215653406,0.5416700692272375,0.5737240325411317,3.789566409510604,0.004862982989447478,0.005150755726387182,0.03402181149333653,0.04403555020917119,1.0460644952188615e-06,1.0460644952188616,26,32.31993007659912,PRY,10,Apple M4,1,Apple M4,16.0,250,256,506,0.00017201386800457495,0.17201386800457494,1614.856877530304,126.24972686171532,-1,8,512,42,15.6.1,0.3.21,3.13.5,no_disponible_apple_silicon,16.2,9.619583129882812,68.3,Version: 0.3.21,yes,plain_text_no_template,yes
2026-06-22T06:17:20.041432,qwen2.5-7b,q4,gpu,15,The following is a summary of key findings from a research experiment on energy consumption in large,Villamayor 2026,3,32.98281216621399,256,7.761618345637433,0.34782204454555177,1.0039786050125152,3.824936302830806,0.003186708100698458,0.009198343818895926,0.0350436543400004,0.047428706259594784,1.126668917196674e-06,1.126668917196674,26,32.98281216621399,PRY,10,Apple M4,1,Apple M4,16.0,250,256,506,0.00018526838382654213,0.18526838382654212,1499.326393637933,128.8391100242734,-1,8,512,42,15.6.1,0.3.21,3.13.5,no_disponible_apple_silicon,16.0,9.626358032226562,68.3,Version: 0.3.21,yes,plain_text_no_template,yes
2026-06-22T06:17:59.397791,qwen2.5-7b,q4,gpu,15,The following is a summary of key findings from a research experiment on energy consumption in large,Villamayor 2026,4,32.46434569358826,256,7.885573989885164,0.35144457256564493,0.6518084671632968,3.7933339866860782,0.003169282804418462,0.005877926501110316,0.034207807187503936,0.04325501649303271,1.0275229167919921e-06,1.0275229167919921,26,32.46434569358826,PRY,10,Apple M4,1,Apple M4,16.0,250,256,506,0.00016896490817590903,0.16896490817590903,1643.996855776608,126.81385036557913,-1,8,512,42,15.6.1,0.3.21,3.13.5,no_disponible_apple_silicon,17.5,9.987274169921875,70.6,Version: 0.3.21,yes,plain_text_no_template,yes
2026-06-22T06:18:37.364655,qwen2.5-7b,q4,gpu,15,The following is a summary of key findings from a research experiment on energy consumption in large,Villamayor 2026,5,33.015504121780396,256,7.7539327903557975,0.3796337991072003,0.6174794217075058,3.795221402975639,0.003481611460886367,0.005662887331249648,0.034805874409169824,0.043950373201305834,1.04404111539702e-06,1.0440411153970202,26,33.015504121780396,PRY,10,Apple M4,1,Apple M4,16.0,250,256,506,0.00017168114531760091,0.17168114531760093,1617.9865136844458,128.96681297570467,-1,8,512,42,15.6.1,0.3.21,3.13.5,no_disponible_apple_silicon,16.3,9.580657958984375,68.0,Version: 0.3.21,yes,plain_text_no_template,yes
2026-06-22T06:19:16.025300,qwen2.5-7b,q4,gpu,15,The following is a summary of key findings from a research experiment on energy consumption in large,Villamayor 2026,6,31.769834995269775,256,8.057958124054341,0.38777367952507336,0.7042121617262668,3.7754220046418165,0.0034220849483389453,0.006214640049918258,0.0333179261458281,0.0429546511440853,1.0203877379277462e-06,1.0203877379277462,26,31.769834995269775,PRY,10,Apple M4,1,Apple M4,16.0,250,256,506,0.0001677916060315832,0.16779160603158322,1655.4926932727017,124.10091795027256,-1,8,512,42,15.6.1,0.3.21,3.13.5,no_disponible_apple_silicon,16.7,9.593154907226562,68.1,Version: 0.3.21,yes,plain_text_no_template,yes
2026-06-22T06:19:53.531386,qwen2.5-7b,q4,gpu,15,The following is a summary of key findings from a research experiment on energy consumption in large,Villamayor 2026,7,32.613576889038086,256,7.849491666338673,0.3613518724194625,0.6736949240610481,3.7761834294661645,0.0032736047430972277,0.006103222557116574,0.034209680173335075,0.04358650747354888,1.0353974850341536e-06,1.0353974850341536,26,32.613576889038086,PRY,10,Apple M4,1,Apple M4,16.0,250,256,506,0.0001702597948185503,0.1702597948185503,1631.4936716199604,127.39678472280502,-1,8,512,42,15.6.1,0.3.21,3.13.5,no_disponible_apple_silicon,17.5,9.970443725585938,70.5,Version: 0.3.21,yes,plain_text_no_template,yes
2026-06-22T06:20:32.208995,qwen2.5-7b,q4,gpu,15,The following is a summary of key findings from a research experiment on energy consumption in large,Villamayor 2026,8,31.874836921691895,256,8.03141363919523,0.408679052815531,0.6759604753763364,3.81744289939245,0.003618493933835155,0.0059850360883694585,0.033800102743334726,0.04340363276553933,1.0310532963453867e-06,1.0310532963453867,26,31.874836921691895,PRY,10,Apple M4,1,Apple M4,16.0,250,256,506,0.000169545440490388,0.169545440490388,1638.3677259284702,124.51108172535896,-1,8,512,42,15.6.1,0.3.21,3.13.5,no_disponible_apple_silicon,16.0,9.5970458984375,68.1,Version: 0.3.21,yes,plain_text_no_template,yes
2026-06-22T06:21:09.228571,qwen2.5-7b,q4,gpu,15,The following is a summary of key findings from a research experiment on energy consumption in large,Villamayor 2026,9,32.20911383628845,256,7.948060952598365,0.37806575365520706,0.6766851487130654,3.807918156190999,0.003382545249189653,0.0060542858295069175,0.03406935260334042,0.04350618368203699,1.0334893933667887e-06,1.0334893933667886,26,32.20911383628845,PRY,10,Apple M4,1,Apple M4,16.0,250,256,506,0.000169946030007957,0.169946030007957,1634.505835557159,125.81685092300177,-1,8,512,42,15.6.1,0.3.21,3.13.5,no_disponible_apple_silicon,16.1,9.585983276367188,68.0,Version: 0.3.21,yes,plain_text_no_template,yes
2026-06-22T06:21:47.030180,qwen2.5-7b,q4,gpu,15,The following is a summary of key findings from a research experiment on energy consumption in large,Villamayor 2026,10,30.926839113235474,256,8.277599888649533,1.3164320010661326,0.8407682754215879,3.8652388646420968,0.011309189083468585,0.007222862551521083,0.03320545013916974,0.051737501774159415,1.2290243546451569e-06,1.229024354645157,26,30.926839113235474,PRY,10,Apple M4,1,Apple M4,16.0,250,256,506,0.00020209961630531022,0.2020996163053102,1374.4596989147233,120.80796528607607,-1,8,512,42,15.6.1,0.3.21,3.13.5,no_disponible_apple_silicon,17.2,10.090057373046875,71.2,Version: 0.3.21,yes,plain_text_no_template,yes
2026-06-22T06:25:10.218010,qwen2.5-7b,q8,cpu,1,"If all roses are flowers and some flowers fade quickly, can we conclude that some roses fade quickly",Zheng et al. 2023,1,174.93036603927612,256,1.4634394576326546,1.7467114127584185,0.0,2.1491149550824273,0.08487579633300313,0.0,0.1044292960425143,0.1893050923755174,4.496942469380416e-06,4.496942469380416,26,174.93036603927612,PRY,10,Apple M4,1,Apple M4,16.0,27,256,283,0.0007394730170918649,0.7394730170918649,375.6428853485392,683.3217423409224,0,8,512,42,15.6.1,0.3.21,3.13.5,no_disponible_apple_silicon,71.3,8.17291259765625,58.5,Version: 0.3.21,no,plain_text_no_template,yes
2026-06-22T06:26:41.789694,qwen2.5-7b,q8,cpu,1,"If all roses are flowers and some flowers fade quickly, can we conclude that some roses fade quickly",Zheng et al. 2023,2,84.87113499641418,256,3.016337651320629,1.7250535999041279,0.0001353799251156954,2.2151197137159615,0.040668682487087084,3.1916244167496188e-06,0.05222214562666826,0.09289401973817209,2.2066974388802775e-06,2.2066974388802776,26,84.87113499641418,PRY,10,Apple M4,1,Apple M4,16.0,27,256,283,0.0003628672646022347,0.36286726460223473,765.5079553187866,331.5278710797429,0,8,512,42,15.6.1,0.3.21,3.13.5,no_disponible_apple_silicon,72.5,8.066665649414062,58.0,Version: 0.3.21,no,plain_text_no_template,yes
2026-06-22T06:27:53.972672,qwen2.5-7b,q8,cpu,1,"If all roses are flowers and some flowers fade quickly, can we conclude that some roses fade quickly",Zheng et al. 2023,3,67.56178832054138,256,3.7891240946055027,1.8114267747963924,0.01191977407035307,2.2139968996132287,0.033995342310265235,0.00022370034793607556,0.04155044163166774,0.07576948428986904,1.799904099305839e-06,1.799904099305839,26,67.56178832054138,PRY,10,Apple M4,1,Apple M4,16.0,27,256,283,0.00029597454800730095,0.29597454800730094,938.519138378499,263.9132356271148,0,8,512,42,15.6.1,0.3.21,3.13.5,no_disponible_apple_silicon,73.6,8.165985107421875,59.0,Version: 0.3.21,no,plain_text_no_template,yes
2026-06-22T06:28:51.145139,qwen2.5-7b,q8,cpu,1,"If all roses are flowers and some flowers fade quickly, can we conclude that some roses fade quickly",Zheng et al. 2023,4,50.54550623893738,256,5.064743021661384,1.8561619682015789,0.0,2.226263299650906,0.026061290651169775,0.0,0.031257668195006166,0.057318958846175945,1.3616118673909095e-06,1.3616118673909094,26,50.54550623893738,PRY,10,Apple M4,1,Apple M4,16.0,27,256,283,0.00022390218299287479,0.2239021829928748,1240.6211233171293,197.44338374584913,0,8,512,42,15.6.1,0.3.21,3.13.5,no_disponible_apple_silicon,67.8,7.867401123046875,57.0,Version: 0.3.21,no,plain_text_no_template,yes
2026-06-22T06:29:42.250397,qwen2.5-7b,q8,cpu,1,"If all roses are flowers and some flowers fade quickly, can we conclude that some roses fade quickly",Zheng et al. 2023,5,46.56564712524414,256,5.49761499741335,1.7356468459482364,0.0,3.1242351707837366,0.02245042182290793,0.0,0.04041167569416454,0.06286209751707247,1.4932891265180565e-06,1.4932891265180566,26,46.56564712524414,PRY,10,Apple M4,1,Apple M4,16.0,27,256,283,0.00024555506842606435,0.24555506842606434,1131.2239635624364,181.89705908298492,0,8,512,42,15.6.1,0.3.21,3.13.5,no_disponible_apple_silicon,70.2,7.9127197265625,57.3,Version: 0.3.21,no,plain_text_no_template,yes
2026-06-22T06:30:33.411145,qwen2.5-7b,q8,cpu,1,"If all roses are flowers and some flowers fade quickly, can we conclude that some roses fade quickly",Zheng et al. 2023,6,44.53074097633362,256,5.748837643102642,1.5429687909275496,0.0,2.4132113714235652,0.019085984323155936,0.0,0.029850580695001554,0.04893656501815749,1.162488102006331e-06,1.1624881020063311,26,44.53074097633362,PRY,10,Apple M4,1,Apple M4,16.0,27,256,283,0.0001911584571021777,0.1911584571021777,1453.1283731239807,173.9482069388032,0,8,512,42,15.6.1,0.3.21,3.13.5,no_disponible_apple_silicon,67.9,7.8441619873046875,56.8,Version: 0.3.21,no,plain_text_no_template,yes
2026-06-22T06:31:24.574161,qwen2.5-7b,q8,cpu,1,"If all roses are flowers and some flowers fade quickly, can we conclude that some roses fade quickly",Zheng et al. 2023,7,46.578824043273926,256,5.496059749429567,1.7879923266772972,0.0,3.133213595418358,0.02313404999306272,0.0,0.04053927909749594,0.06367332909055866,1.512559932546221e-06,1.512559932546221,26,46.578824043273926,PRY,10,Apple M4,1,Apple M4,16.0,27,256,283,0.00024872394175999476,0.24872394175999477,1116.811577575505,181.94853141903877,0,8,512,42,15.6.1,0.3.21,3.13.5,no_disponible_apple_silicon,70.1,7.8890533447265625,57.1,Version: 0.3.21,no,plain_text_no_template,yes
2026-06-22T06:32:21.614227,qwen2.5-7b,q8,cpu,1,"If all roses are flowers and some flowers fade quickly, can we conclude that some roses fade quickly",Zheng et al. 2023,8,50.39206600189209,256,5.080164801942986,1.9012948944160966,0.0,2.2235998718486574,0.02661393828013233,0.0,0.031125497639998983,0.057739435920131324,1.3716003002827194e-06,1.3716003002827195,26,50.39206600189209,PRY,10,Apple M4,1,Apple M4,16.0,27,256,283,0.00022554467156301298,0.22554467156301297,1231.5865227619524,196.84400781989098,0,8,512,42,15.6.1,0.3.21,3.13.5,no_disponible_apple_silicon,67.9,8.062286376953125,58.1,Version: 0.3.21,no,plain_text_no_template,yes
2026-06-22T06:33:23.745107,qwen2.5-7b,q8,cpu,1,"If all roses are flowers and some flowers fade quickly, can we conclude that some roses fade quickly",Zheng et al. 2023,9,57.49140286445618,256,4.452839681152936,1.5993889550687903,0.0,2.304633254287091,0.025541976320228175,0.0,0.03680461079917829,0.062346587119406466,1.4810431770215006e-06,1.4810431770215007,26,57.49140286445618,PRY,10,Apple M4,1,Apple M4,16.0,27,256,283,0.0002435413559351815,0.2435413559351815,1140.5774461225726,224.57579243928194,0,8,512,42,15.6.1,0.3.21,3.13.5,no_disponible_apple_silicon,70.0,7.87615966796875,56.7,Version: 0.3.21,no,plain_text_no_template,yes
2026-06-22T06:34:36.558669,qwen2.5-7b,q8,cpu,1,"If all roses are flowers and some flowers fade quickly, can we conclude that some roses fade quickly",Zheng et al. 2023,10,66.16918206214905,256,3.868870553055248,1.7465358391605859,0.0,2.1951735361870086,0.032101902199856966,0.0,0.04034801038165825,0.07244991258151522,1.721047673373894e-06,1.721047673373894,26,66.16918206214905,PRY,10,Apple M4,1,Apple M4,16.0,27,256,283,0.0002830074710215438,0.28300747102154383,981.5210064070432,258.4733674302697,0,8,512,42,15.6.1,0.3.21,3.13.5,no_disponible_apple_silicon,68.2,7.88092041015625,56.8,Version: 0.3.21,no,plain_text_no_template,yes
2026-06-22T06:35:28.180610,qwen2.5-7b,q8,cpu,2,A farmer has 17 sheep. All but 9 die. How many sheep does the farmer have left? Explain your answer.,Zheng et al. 2023,1,46.94593524932861,151,3.2164659027036744,1.4649274786956192,0.0,3.098844430904958,0.019103441822168544,0.0,0.04041059722250187,0.05951403904467042,1.4137559975061457e-06,1.4137559975061456,26,46.94593524932861,PRY,10,Apple M4,1,Apple M4,16.0,27,151,178,0.0003941327089051021,0.3941327089051021,704.7823524960476,310.9002334392623,0,8,512,42,15.6.1,0.3.21,3.13.5,no_disponible_apple_silicon,68.0,7.9455108642578125,57.1,Version: 0.3.21,no,plain_text_no_template,yes
2026-06-22T06:36:23.480705,qwen2.5-7b,q8,cpu,2,A farmer has 17 sheep. All but 9 die. How many sheep does the farmer have left? Explain your answer.,Zheng et al. 2023,2,48.65011382102966,151,3.1037954105408123,1.6904884338676944,9.951967209773995e-05,3.0885311682465346,0.022845126311332644,1.3449009374962774e-06,0.04173816468749768,0.0645846358997678,1.5342080257989842e-06,1.5342080257989843,26,48.65011382102966,PRY,10,Apple M4,1,Apple M4,16.0,27,151,178,0.0004277128205282636,0.4277128205282636,649.4492669981165,322.1861842452295,0,8,512,42,15.6.1,0.3.21,3.13.5,no_disponible_apple_silicon,66.0,7.842315673828125,56.6,Version: 0.3.21,no,plain_text_no_template,yes
2026-06-22T06:37:14.833804,qwen2.5-7b,q8,cpu,2,A farmer has 17 sheep. All but 9 die. How many sheep does the farmer have left? Explain your answer.,Zheng et al. 2023,3,46.737836837768555,151,3.230787092781706,1.5341774650453104,0.0,3.0927236026927627,0.019917815567074747,0.0,0.04015200309082502,0.06006981865789977,1.4269585422184092e-06,1.4269585422184092,26,46.737836837768555,PRY,10,Apple M4,1,Apple M4,16.0,27,151,178,0.00039781336859536274,0.39781336859536276,698.2615460073199,309.5220982633679,0,8,512,42,15.6.1,0.3.21,3.13.5,no_disponible_apple_silicon,67.9,7.8914947509765625,56.9,Version: 0.3.21,no,plain_text_no_template,yes
2026-06-22T06:38:05.883518,qwen2.5-7b,q8,cpu,2,A farmer has 17 sheep. All but 9 die. How many sheep does the farmer have left? Explain your answer.,Zheng et al. 2023,4,44.38129997253418,151,3.402333867945461,1.3845780691210963,0.0,2.401537692969195,0.017069270728070983,0.0,0.029606490207503763,0.04667576093557475,1.1087827010245783e-06,1.1087827010245783,26,44.38129997253418,PRY,10,Apple M4,1,Apple M4,16.0,27,151,178,0.00030911099957334274,0.3091109995733427,898.6344004619268,293.9158938578422,0,8,512,42,15.6.1,0.3.21,3.13.5,no_disponible_apple_silicon,65.3,8.036972045898438,58.1,Version: 0.3.21,no,plain_text_no_template,yes
2026-06-22T06:38:51.803979,qwen2.5-7b,q8,cpu,2,A farmer has 17 sheep. All but 9 die. How many sheep does the farmer have left? Explain your answer.,Zheng et al. 2023,5,41.25344204902649,151,3.660300631897535,1.4986414122475125,0.0,2.3468363290261656,0.017173365736784435,0.0,0.026893076805008603,0.04406644254179304,1.0467983425802936e-06,1.0467983425802936,26,41.25344204902649,PRY,10,Apple M4,1,Apple M4,16.0,27,151,178,0.0002918307453098877,0.2918307453098877,951.8454866118119,273.20160297368534,0,8,512,42,15.6.1,0.3.21,3.13.5,no_disponible_apple_silicon,67.6,7.93115234375,57.1,Version: 0.3.21,no,plain_text_no_template,yes
2026-06-22T06:39:36.836474,qwen2.5-7b,q8,cpu,2,A farmer has 17 sheep. All but 9 die. How many sheep does the farmer have left? Explain your answer.,Zheng et al. 2023,6,38.34494614601135,151,3.9379374644318554,1.622464739325155,0.0,2.304143443299722,0.01728147862589595,0.0,0.024542293401670277,0.04182377202756622,9.935237045148354e-07,0.9935237045148354,26,38.34494614601135,PRY,10,Apple M4,1,Apple M4,16.0,27,151,178,0.00027697862269911405,0.27697862269911405,1002.8852590531216,253.94004070206194,0,8,512,42,15.6.1,0.3.21,3.13.5,no_disponible_apple_silicon,64.8,8.029159545898438,57.3,Version: 0.3.21,no,plain_text_no_template,yes
2026-06-22T06:40:19.685390,qwen2.5-7b,q8,cpu,2,A farmer has 17 sheep. All but 9 die. How many sheep does the farmer have left? Explain your answer.,Zheng et al. 2023,7,38.205774784088135,151,3.9522821053451893,1.6586863415114297,0.0,2.3051824298741908,0.017603165778119104,0.0,0.024464244653336215,0.04206741043145531,9.993113347992208e-07,0.9993113347992209,26,38.205774784088135,PRY,10,Apple M4,1,Apple M4,16.0,27,151,178,0.0002785921220626179,0.2785921220626179,997.0769299619423,253.0183760535638,0,8,512,42,15.6.1,0.3.21,3.13.5,no_disponible_apple_silicon,67.8,8.013168334960938,58.1,Version: 0.3.21,no,plain_text_no_template,yes
2026-06-22T06:40:59.776975,qwen2.5-7b,q8,cpu,2,A farmer has 17 sheep. All but 9 die. How many sheep does the farmer have left? Explain your answer.,Zheng et al. 2023,8,33.481070041656494,151,4.510011173840285,1.9504314469854849,0.0,3.557102587427623,0.0181395921911029,0.0,0.033082111354172716,0.05122170354527562,1.2167715677180222e-06,1.2167715677180222,26,33.481070041656494,PRY,10,Apple M4,1,Apple M4,16.0,27,151,178,0.0003392165797700372,0.3392165797700372,818.8803093471722,221.7289406732218,0,8,512,42,15.6.1,0.3.21,3.13.5,no_disponible_apple_silicon,63.4,7.8082427978515625,56.4,Version: 0.3.21,no,plain_text_no_template,yes
2026-06-22T06:41:36.942534,qwen2.5-7b,q8,cpu,2,A farmer has 17 sheep. All but 9 die. How many sheep does the farmer have left? Explain your answer.,Zheng et al. 2023,9,32.47695326805115,151,4.64945091227337,2.0265752421683216,0.0,3.554904982745528,0.018282497065025004,0.0,0.03207013416583019,0.0503526312308552,1.1961267548889652e-06,1.1961267548889651,26,32.47695326805115,PRY,10,Apple M4,1,Apple M4,16.0,27,151,178,0.00033346113397917347,0.3334611339791735,833.0139541693231,215.0791607155705,0,8,512,42,15.6.1,0.3.21,3.13.5,no_disponible_apple_silicon,66.4,7.8134002685546875,56.4,Version: 0.3.21,no,plain_text_no_template,yes
2026-06-22T06:42:15.631012,qwen2.5-7b,q8,cpu,2,A farmer has 17 sheep. All but 9 die. How many sheep does the farmer have left? Explain your answer.,Zheng et al. 2023,10,32.02831792831421,151,4.7145779037777835,1.6916636191809573,0.0,3.581538496018722,0.015050316728580653,0.0,0.031864070450828876,0.04691438717940953,1.1144512674468732e-06,1.1144512674468732,26,32.02831792831421,PRY,10,Apple M4,1,Apple M4,16.0,27,151,178,0.00031069130582390416,0.3106913058239042,894.063569114543,212.10806575042523,0,8,512,42,15.6.1,0.3.21,3.13.5,no_disponible_apple_silicon,63.6,8.026519775390625,57.9,Version: 0.3.21,no,plain_text_no_template,yes
2026-06-22T06:43:18.505070,qwen2.5-7b,q8,cpu,3,"Given that f(x) = 4x^3 - 9x - 14, find the value of f(2). Show all steps.",Zheng et al. 2023,1,58.24917197227478,256,4.3949122593854195,1.5851439112129129,0.0,2.3179545893504825,0.025648144523623673,0.0,0.03750525986083328,0.06315340438445695,1.5002091211527747e-06,1.5002091211527746,26,58.24917197227478,PRY,10,Apple M4,1,Apple M4,16.0,32,256,288,0.00024669298587678496,0.24669298587678495,1126.0059818503257,227.53582801669836,0,8,512,42,15.6.1,0.3.21,3.13.5,no_disponible_apple_silicon,70.2,7.86114501953125,56.6,Version: 0.3.21,no,plain_text_no_template,yes
2026-06-22T06:44:25.944279,qwen2.5-7b,q8,cpu,3,"Given that f(x) = 4x^3 - 9x - 14, find the value of f(2). Show all steps.",Zheng et al. 2023,2,60.85766077041626,256,4.206536971010971,2.0921887660486673,0.0,2.860232948448153,0.03536825394218489,0.0,0.048351968472507,0.08372022241469189,1.988773883461006e-06,1.9887738834610058,26,60.85766077041626,PRY,10,Apple M4,1,Apple M4,16.0,32,256,288,0.0003270321188073902,0.3270321188073902,849.3898972087771,237.72523738443851,0,8,512,42,15.6.1,0.3.21,3.13.5,no_disponible_apple_silicon,68.5,7.824981689453125,56.4,Version: 0.3.21,no,plain_text_no_template,yes
2026-06-22T06:45:32.700656,qwen2.5-7b,q8,cpu,3,"Given that f(x) = 4x^3 - 9x - 14, find the value of f(2). Show all steps.",Zheng et al. 2023,3,62.07207703590393,256,4.124237696314297,1.6728595149126206,0.0,2.862663122553697,0.028843851299972516,0.0,0.0493587349641651,0.0782025862641376,1.8577024367045886e-06,1.8577024367045887,26,62.07207703590393,PRY,10,Apple M4,1,Apple M4,16.0,32,256,288,0.0003054788525942875,0.30547885259428753,909.3191735491423,242.46905092149973,0,8,512,42,15.6.1,0.3.21,3.13.5,no_disponible_apple_silicon,70.1,7.8560028076171875,56.5,Version: 0.3.21,no,plain_text_no_template,yes
2026-06-22T06:46:52.620589,qwen2.5-7b,q8,cpu,3,"Given that f(x) = 4x^3 - 9x - 14, find the value of f(2). Show all steps.",Zheng et al. 2023,4,73.2633728981018,256,3.494242619105962,1.6406783436902257,0.0,2.2743091112078795,0.03338934147211584,0.0,0.0462843212499926,0.07967366272210843,1.8926478579636859e-06,1.8926478579636858,26,73.2633728981018,PRY,10,Apple M4,1,Apple M4,16.0,32,256,288,0.0003112252450082361,0.31122524500823606,892.5297103402612,286.1850503832102,0,8,512,42,15.6.1,0.3.21,3.13.5,no_disponible_apple_silicon,70.6,7.8213348388671875,56.5,Version: 0.3.21,no,plain_text_no_template,yes
2026-06-22T06:48:05.483957,qwen2.5-7b,q8,cpu,3,"Given that f(x) = 4x^3 - 9x - 14, find the value of f(2). Show all steps.",Zheng et al. 2023,5,68.2232780456543,256,3.7523849239358964,1.673497184372934,0.0,2.216419369028203,0.03171429547724841,0.0,0.04200316524416243,0.07371746072141085,1.7511582794371146e-06,1.7511582794371146,26,68.2232780456543,PRY,10,Apple M4,1,Apple M4,16.0,32,256,288,0.0002879588309430111,0.2879588309430111,964.6440668900749,266.4971798658371,0,8,512,42,15.6.1,0.3.21,3.13.5,no_disponible_apple_silicon,70.1,7.8639984130859375,56.7,Version: 0.3.21,no,plain_text_no_template,yes
2026-06-22T06:49:15.803201,qwen2.5-7b,q8,cpu,3,"Given that f(x) = 4x^3 - 9x - 14, find the value of f(2). Show all steps.",Zheng et al. 2023,6,63.701897859573364,256,4.018718572001342,1.8257404513735385,0.0,2.8726135134839947,0.03230642548652459,0.0,0.050830814618329896,0.08313724010485447,1.974925138690818e-06,1.974925138690818,26,63.701897859573364,PRY,10,Apple M4,1,Apple M4,16.0,32,256,288,0.0003247548441595878,0.3247548441595878,855.3460641876524,248.83553851395845,0,8,512,42,15.6.1,0.3.21,3.13.5,no_disponible_apple_silicon,68.2,7.88677978515625,56.8,Version: 0.3.21,no,plain_text_no_template,yes
2026-06-22T06:50:24.752221,qwen2.5-7b,q8,cpu,3,"Given that f(x) = 4x^3 - 9x - 14, find the value of f(2). Show all steps.",Zheng et al. 2023,7,64.29502201080322,256,3.9816457323396732,1.8139474348350686,0.0,2.8671895561991763,0.032396608402544665,0.0,0.05120722656249199,0.08360383496503665,1.9860090995944454e-06,1.9860090995944455,26,64.29502201080322,PRY,10,Apple M4,1,Apple M4,16.0,32,256,288,0.0003265774803321744,0.32657748033217443,850.5723588020808,251.1524297297001,0,8,512,42,15.6.1,0.3.21,3.13.5,no_disponible_apple_silicon,70.5,7.815765380859375,56.4,Version: 0.3.21,no,plain_text_no_template,yes
2026-06-22T06:51:32.062965,qwen2.5-7b,q8,cpu,3,"Given that f(x) = 4x^3 - 9x - 14, find the value of f(2). Show all steps.",Zheng et al. 2023,8,60.72749900817871,256,4.215553154354705,2.0918283348828135,0.0,2.8677058390066468,0.03528652864774338,0.0,0.04837461208167345,0.08366114072941683,1.9873703980272967e-06,1.9873703980272968,26,60.72749900817871,PRY,10,Apple M4,1,Apple M4,16.0,32,256,288,0.0003268013309742845,0.3268013309742845,849.9897382597737,237.2167930006981,0,8,512,42,15.6.1,0.3.21,3.13.5,no_disponible_apple_silicon,68.1,7.82147216796875,56.4,Version: 0.3.21,no,plain_text_no_template,yes
2026-06-22T06:52:40.762401,qwen2.5-7b,q8,cpu,3,"Given that f(x) = 4x^3 - 9x - 14, find the value of f(2). Show all steps.",Zheng et al. 2023,9,64.09029603004456,256,3.9943644491826205,1.8470004368037125,0.001115975144456946,2.875682291927804,0.03288189021176987,1.986754926956039e-05,0.051195369271669434,0.08409712703270887,1.997727252661999e-06,1.9977272526619991,26,64.09029603004456,PRY,10,Apple M4,1,Apple M4,16.0,32,256,288,0.00032850440247151903,0.328504402471519,845.5831206154407,250.35271886736155,0,8,512,42,15.6.1,0.3.21,3.13.5,no_disponible_apple_silicon,70.5,7.7989501953125,56.4,Version: 0.3.21,no,plain_text_no_template,yes
2026-06-22T06:53:48.973373,qwen2.5-7b,q8,cpu,3,"Given that f(x) = 4x^3 - 9x - 14, find the value of f(2). Show all steps.",Zheng et al. 2023,10,61.61629915237427,256,4.154744824367393,1.6935946448574988,0.0,2.8634651653885075,0.028986953966777418,0.0,0.04901003506749476,0.07799698903427218,1.8528184745091356e-06,1.8528184745091356,26,61.61629915237427,PRY,10,Apple M4,1,Apple M4,16.0,32,256,288,0.0003046757384151257,0.30467573841512574,911.7161058597352,240.68866856396198,0,8,512,42,15.6.1,0.3.21,3.13.5,no_disponible_apple_silicon,68.6,8.003158569335938,58.0,Version: 0.3.21,no,plain_text_no_template,yes
2026-06-22T06:54:57.528828,qwen2.5-7b,q8,cpu,4,"Calculate the compound interest on $10,000 at an annual rate of 5% compounded annually over 3 years.",Zheng et al. 2023,1,63.91531205177307,256,4.005300009998126,1.8470506355520016,0.0,2.8729459945095983,0.03279300492964777,0.0,0.0510070110408257,0.08380001597047347,1.9906693793785973e-06,1.9906693793785972,26,63.91531205177307,PRY,10,Apple M4,1,Apple M4,16.0,34,256,290,0.000327343812384662,0.327343812384662,848.5811164542829,249.66918770223856,0,8,512,42,15.6.1,0.3.21,3.13.5,no_disponible_apple_silicon,70.4,7.7899932861328125,56.4,Version: 0.3.21,no,plain_text_no_template,yes
2026-06-22T06:56:08.247616,qwen2.5-7b,q8,cpu,4,"Calculate the compound interest on $10,000 at an annual rate of 5% compounded annually over 3 years.",Zheng et al. 2023,2,64.08007717132568,256,3.9950014310306408,1.7983214755665315,0.0,2.873553659333107,0.032010160814765445,0.0,0.051149316735002996,0.08315947754976843,1.975453389194749e-06,1.9754533891947492,26,64.08007717132568,PRY,10,Apple M4,1,Apple M4,16.0,34,256,290,0.00032484170917878295,0.32484170917878297,855.1173384723738,250.31280145049095,0,8,512,42,15.6.1,0.3.21,3.13.5,no_disponible_apple_silicon,68.5,7.9853363037109375,58.0,Version: 0.3.21,no,plain_text_no_template,yes
2026-06-22T06:57:18.043387,qwen2.5-7b,q8,cpu,4,"Calculate the compound interest on $10,000 at an annual rate of 5% compounded annually over 3 years.",Zheng et al. 2023,3,65.13995099067688,256,3.929999886500373,1.7814176836241107,0.0,2.187821534029155,0.032233739056999916,0.0,0.03958738541750185,0.07182112447450177,1.7061108118917893e-06,1.7061108118917894,26,65.13995099067688,PRY,10,Apple M4,1,Apple M4,16.0,34,256,290,0.00028055126747852254,0.28055126747852255,990.1141430381986,254.45293355733156,0,8,512,42,15.6.1,0.3.21,3.13.5,no_disponible_apple_silicon,70.2,7.7941741943359375,56.6,Version: 0.3.21,no,plain_text_no_template,yes
2026-06-22T06:58:31.336417,qwen2.5-7b,q8,cpu,4,"Calculate the compound interest on $10,000 at an annual rate of 5% compounded annually over 3 years.",Zheng et al. 2023,4,66.62023496627808,256,3.842676329940632,1.7197256363975575,0.0,2.1974362812606056,0.03182459054842705,0.0,0.040664922605834965,0.07248951315426201,1.7219883849794939e-06,1.721988384979494,26,66.62023496627808,PRY,10,Apple M4,1,Apple M4,16.0,34,256,290,0.000283162160758836,0.283162160758836,980.9848075511616,260.23529283702374,0,8,512,42,15.6.1,0.3.21,3.13.5,no_disponible_apple_silicon,68.6,7.8119659423828125,56.6,Version: 0.3.21,no,plain_text_no_template,yes
2026-06-22T06:59:41.849645,qwen2.5-7b,q8,cpu,4,"Calculate the compound interest on $10,000 at an annual rate of 5% compounded annually over 3 years.",Zheng et al. 2023,5,65.85975575447083,256,3.887047515851464,1.7353385145969358,0.0,2.1873352166699638,0.03174693631185567,0.0,0.04001593420084343,0.0717628705126991,1.7047269890291669e-06,1.704726989029167,26,65.85975575447083,PRY,10,Apple M4,1,Apple M4,16.0,34,256,290,0.00028032371294023085,0.28032371294023084,990.9178744254293,257.26467091590166,0,8,512,42,15.6.1,0.3.21,3.13.5,no_disponible_apple_silicon,70.1,7.8009796142578125,56.5,Version: 0.3.21,no,plain_text_no_template,yes
2026-06-22T07:00:52.497166,qwen2.5-7b,q8,cpu,4,"Calculate the compound interest on $10,000 at an annual rate of 5% compounded annually over 3 years.",Zheng et al. 2023,6,64.01502704620361,256,3.999061030080155,1.8176277528103975,0.0,2.8699558385155,0.03232096937669108,0.0,0.051033416839994364,0.08335438621668544,1.9800834445773626e-06,1.9800834445773625,26,64.01502704620361,PRY,10,Apple M4,1,Apple M4,16.0,34,256,290,0.0003256030711589275,0.3256030711589275,853.1178062574044,250.05869939923286,0,8,512,42,15.6.1,0.3.21,3.13.5,no_disponible_apple_silicon,68.7,7.793060302734375,56.6,Version: 0.3.21,no,plain_text_no_template,yes
2026-06-22T07:02:01.111383,qwen2.5-7b,q8,cpu,4,"Calculate the compound interest on $10,000 at an annual rate of 5% compounded annually over 3 years.",Zheng et al. 2023,7,63.98758029937744,256,4.0007763819519,1.850296136462755,0.0,2.8822606220787317,0.03288777016931622,0.0,0.051230245277499004,0.08411801544681523,1.9982234569390954e-06,1.9982234569390955,26,63.98758029937744,PRY,10,Apple M4,1,Apple M4,16.0,34,256,290,0.000328585997839122,0.32858599783912196,845.3731431178628,249.95148554444313,0,8,512,42,15.6.1,0.3.21,3.13.5,no_disponible_apple_silicon,70.6,7.98797607421875,58.0,Version: 0.3.21,no,plain_text_no_template,yes
2026-06-22T07:03:06.161064,qwen2.5-7b,q8,cpu,4,"Calculate the compound interest on $10,000 at an annual rate of 5% compounded annually over 3 years.",Zheng et al. 2023,8,58.40921115875244,256,4.382870354201645,1.5635889433161447,0.0,2.3186560251070576,0.025368887987678692,0.0,0.037619685937497704,0.0629885739251764,1.4962935735925652e-06,1.4962935735925653,26,58.40921115875244,PRY,10,Apple M4,1,Apple M4,16.0,34,256,290,0.0002460491168952203,0.2460491168952203,1128.9525493239996,228.16098108887672,0,8,512,42,15.6.1,0.3.21,3.13.5,no_disponible_apple_silicon,67.7,7.7852783203125,56.5,Version: 0.3.21,no,plain_text_no_template,yes
2026-06-22T07:04:12.494678,qwen2.5-7b,q8,cpu,4,"Calculate the compound interest on $10,000 at an annual rate of 5% compounded annually over 3 years.",Zheng et al. 2023,9,61.73063087463379,256,4.147049793155361,1.6691035039444826,0.0,2.8711485771620295,0.02862078119265409,0.0,0.049232725834172014,0.07785350702682611,1.8494100594222542e-06,1.8494100594222542,26,61.73063087463379,PRY,10,Apple M4,1,Apple M4,16.0,34,256,290,0.0003041152618235395,0.3041152618235395,913.3963751511957,241.13527685403824,0,8,512,42,15.6.1,0.3.21,3.13.5,no_disponible_apple_silicon,70.6,8.0028076171875,58.0,Version: 0.3.21,no,plain_text_no_template,yes
2026-06-22T07:05:17.776130,qwen2.5-7b,q8,cpu,4,"Calculate the compound interest on $10,000 at an annual rate of 5% compounded annually over 3 years.",Zheng et al. 2023,10,58.60934400558472,256,4.367904202708812,1.55755829822736,0.0,2.3223642930220003,0.025357630585989017,0.0,0.0378089577100036,0.06316658829599262,1.5005223049713046e-06,1.5005223049713046,26,58.60934400558472,PRY,10,Apple M4,1,Apple M4,16.0,34,256,290,0.00024674448553122115,0.24674448553122116,1125.770965781644,228.9427500218153,0,8,512,42,15.6.1,0.3.21,3.13.5,no_disponible_apple_silicon,67.8,7.78619384765625,56.5,Version: 0.3.21,no,plain_text_no_template,yes
2026-06-22T07:06:26.858119,qwen2.5-7b,q8,cpu,5,Write a short paragraph explaining the main idea behind neural networks to someone with no technical,Zheng et al. 2023,1,64.44410681724548,256,3.972434604858135,1.8070985867976943,0.000555668380222221,2.871787047601156,0.03234912621024555,9.94709790277961e-06,0.051408264236664156,0.0837673375448125,1.9898931033770206e-06,1.9898931033770206,26,64.44410681724548,PRY,10,Apple M4,1,Apple M4,16.0,18,256,274,0.0003272161622844238,0.3272161622844238,848.9121559231752,251.73479225486517,0,8,512,42,15.6.1,0.3.21,3.13.5,no_disponible_apple_silicon,70.6,7.781219482421875,56.5,Version: 0.3.21,no,plain_text_no_template,yes
2026-06-22T07:07:37.393794,qwen2.5-7b,q8,cpu,5,Write a short paragraph explaining the main idea behind neural networks to someone with no technical,Zheng et al. 2023,2,63.910834074020386,256,4.005580645427117,1.8160505301622027,0.0,2.868369499194763,0.03224036225089814,0.0,0.05092219086833818,0.08316255311923632,1.9755264493474585e-06,1.9755264493474585,26,63.910834074020386,PRY,10,Apple M4,1,Apple M4,16.0,18,256,274,0.00032485372312201686,0.3248537231220169,855.0857139890095,249.65169560164213,0,8,512,42,15.6.1,0.3.21,3.13.5,no_disponible_apple_silicon,68.2,7.8065338134765625,56.6,Version: 0.3.21,no,plain_text_no_template,yes
2026-06-22T07:08:48.887701,qwen2.5-7b,q8,cpu,5,Write a short paragraph explaining the main idea behind neural networks to someone with no technical,Zheng et al. 2023,3,66.84433817863464,256,3.8297933224481366,1.7253628371307668,0.0,2.209630026633934,0.03203631582389375,0.0,0.041028126874995595,0.07306444269888936,1.7356458363121164e-06,1.7356458363121163,26,66.84433817863464,PRY,10,Apple M4,1,Apple M4,16.0,18,256,274,0.00028540797929253655,0.28540797929253653,973.2656335198744,261.1106960102916,0,8,512,42,15.6.1,0.3.21,3.13.5,no_disponible_apple_silicon,70.6,7.861328125,56.8,Version: 0.3.21,no,plain_text_no_template,yes
2026-06-22T07:10:00.713506,qwen2.5-7b,q8,cpu,5,Write a short paragraph explaining the main idea behind neural networks to someone with no technical,Zheng et al. 2023,4,65.17532801628113,256,3.927866691151135,1.7531172221039668,0.0,2.183157017828384,0.03173888611156045,0.0,0.03952443743000307,0.0712633235415635,1.692860250729841e-06,1.692860250729841,26,65.17532801628113,PRY,10,Apple M4,1,Apple M4,16.0,18,256,274,0.00027837235758423244,0.27837235758423245,997.8640845965651,254.59112506359816,0,8,512,42,15.6.1,0.3.21,3.13.5,no_disponible_apple_silicon,68.6,8.008804321289062,58.0,Version: 0.3.21,no,plain_text_no_template,yes
2026-06-22T07:11:11.078129,qwen2.5-7b,q8,cpu,5,Write a short paragraph explaining the main idea behind neural networks to someone with no technical,Zheng et al. 2023,5,65.70171189308167,256,3.896397713602902,1.747297827608808,0.0,2.186246927336168,0.03188901623915594,0.0,0.039900046040826656,0.07178906227998261,1.7053491744609865e-06,1.7053491744609865,26,65.70171189308167,PRY,10,Apple M4,1,Apple M4,16.0,18,256,274,0.00028042602453118206,0.28042602453118204,990.5563445552829,256.64731208235025,0,8,512,42,15.6.1,0.3.21,3.13.5,no_disponible_apple_silicon,70.2,7.82745361328125,56.6,Version: 0.3.21,no,plain_text_no_template,yes
2026-06-22T07:12:22.303950,qwen2.5-7b,q8,cpu,5,Write a short paragraph explaining the main idea behind neural networks to someone with no technical,Zheng et al. 2023,6,64.56698203086853,256,3.9648748005228143,1.8310447245794865,0.062273255590883675,2.876275973906029,0.03284028661934454,0.0011168878263167416,0.051586794200835964,0.08554396864649721,2.0320969751975413e-06,2.0320969751975415,26,64.56698203086853,PRY,10,Apple M4,1,Apple M4,16.0,18,256,274,0.00033415612752537975,0.33415612752537976,831.2814127781633,252.2147735580802,0,8,512,42,15.6.1,0.3.21,3.13.5,no_disponible_apple_silicon,68.3,8.00201416015625,58.0,Version: 0.3.21,no,plain_text_no_template,yes
2026-06-22T07:13:31.101610,qwen2.5-7b,q8,cpu,5,Write a short paragraph explaining the main idea behind neural networks to someone with no technical,Zheng et al. 2023,7,64.18918013572693,256,3.9882110888266893,1.8067075155937746,0.0,2.8714775310924465,0.032214187269727905,0.0,0.05119938569416263,0.08341357296389053,1.9814894257572196e-06,1.9814894257572195,26,64.18918013572693,PRY,10,Apple M4,1,Apple M4,16.0,18,256,274,0.0003258342693901974,0.3258342693901974,852.5124699057656,250.73898490518332,0,8,512,42,15.6.1,0.3.21,3.13.5,no_disponible_apple_silicon,70.2,7.7973175048828125,56.5,Version: 0.3.21,no,plain_text_no_template,yes
2026-06-22T07:14:40.953702,qwen2.5-7b,q8,cpu,5,Write a short paragraph explaining the main idea behind neural networks to someone with no technical,Zheng et al. 2023,8,63.2164580821991,256,4.049578349788726,1.8570927626264093,0.0,2.8812625327595947,0.03261078521759103,0.0,0.05059533670166881,0.08320612191925983,1.976561426192017e-06,1.9765614261920172,26,63.2164580821991,PRY,10,Apple M4,1,Apple M4,16.0,18,256,274,0.0003250239137471087,0.3250239137471087,854.6379697892269,246.93928938359022,0,8,512,42,15.6.1,0.3.21,3.13.5,no_disponible_apple_silicon,68.6,7.767181396484375,56.3,Version: 0.3.21,no,plain_text_no_template,yes
2026-06-22T07:15:47.463815,qwen2.5-7b,q8,cpu,5,Write a short paragraph explaining the main idea behind neural networks to someone with no technical,Zheng et al. 2023,9,61.88328766822815,256,4.13681964301057,1.616491908497298,0.0,2.8733162954473244,0.02778717605191706,0.0,0.04939173857582622,0.07717891462774328,1.8333851169820414e-06,1.8333851169820414,26,61.88328766822815,PRY,10,Apple M4,1,Apple M4,16.0,18,256,274,0.00030148013526462217,0.3014801352646222,921.3800356496463,241.7315924540162,0,8,512,42,15.6.1,0.3.21,3.13.5,no_disponible_apple_silicon,70.1,7.802703857421875,56.5,Version: 0.3.21,no,plain_text_no_template,yes
2026-06-22T07:16:56.202478,qwen2.5-7b,q8,cpu,5,Write a short paragraph explaining the main idea behind neural networks to someone with no technical,Zheng et al. 2023,10,61.9112651348114,256,4.134950229858194,1.596872330360246,0.0,2.8675372445134673,0.02746232950871592,0.0,0.04931468295250549,0.07677701246122141,1.8238379310163146e-06,1.8238379310163146,26,61.9112651348114,PRY,10,Apple M4,1,Apple M4,16.0,18,256,274,0.00029991020492664615,0.29991020492664616,926.2031541931638,241.84087943285704,0,8,512,42,15.6.1,0.3.21,3.13.5,no_disponible_apple_silicon,67.8,7.7924957275390625,56.5,Version: 0.3.21,no,plain_text_no_template,yes
2026-06-22T07:18:08.021290,qwen2.5-7b,q8,cpu,6,Summarize the key contributions of the Transformer architecture as described in the paper Attention ,Vaswani et al. 2017,1,67.15681290626526,256,3.8119736318832516,1.7311187920723825,0.0,2.202488554057068,0.03229345023270136,0.0,0.041086697709167,0.07338014794186837,1.743145414359083e-06,1.743145414359083,26,67.15681290626526,PRY,10,Apple M4,1,Apple M4,16.0,33,256,289,0.0002866412028979233,0.28664120289792333,969.0783284798664,262.33130041509867,0,8,512,42,15.6.1,0.3.21,3.13.5,no_disponible_apple_silicon,70.9,8.009963989257812,58.0,Version: 0.3.21,no,plain_text_no_template,yes
2026-06-22T07:19:18.147222,qwen2.5-7b,q8,cpu,6,Summarize the key contributions of the Transformer architecture as described in the paper Attention ,Vaswani et al. 2017,2,63.50994300842285,256,4.030864898840306,1.8243617139803137,0.0,2.8642781352026954,0.032184752356010655,0.0,0.050530594757498576,0.08271534711350924,1.9649030706814117e-06,1.9649030706814117,26,63.50994300842285,PRY,10,Apple M4,1,Apple M4,16.0,33,256,289,0.00032310682466214546,0.32310682466214546,859.7087915683436,248.08571487665176,0,8,512,42,15.6.1,0.3.21,3.13.5,no_disponible_apple_silicon,68.2,7.8270263671875,56.7,Version: 0.3.21,no,plain_text_no_template,yes
2026-06-22T07:20:27.027452,qwen2.5-7b,q8,cpu,6,Summarize the key contributions of the Transformer architecture as described in the paper Attention ,Vaswani et al. 2017,3,64.23759603500366,256,3.985205172692067,1.8349220871252436,0.0,2.8699142987157065,0.032741939941238106,0.0,0.051210109826661215,0.08395204976789931,1.994280942236448e-06,1.9942809422364483,26,64.23759603500366,PRY,10,Apple M4,1,Apple M4,16.0,33,256,289,0.0003279376944058567,0.3279376944058567,847.0443700625618,250.92810951173306,0,8,512,42,15.6.1,0.3.21,3.13.5,no_disponible_apple_silicon,70.5,7.7964324951171875,56.5,Version: 0.3.21,no,plain_text_no_template,yes
2026-06-22T07:21:33.858291,qwen2.5-7b,q8,cpu,6,Summarize the key contributions of the Transformer architecture as described in the paper Attention ,Vaswani et al. 2017,4,60.093242168426514,256,4.260046400600174,1.5161021378510462,0.0,2.8649849307256265,0.025307636922764463,0.0,0.04782395368082992,0.07313159060359438,1.7372409347883843e-06,1.7372409347883844,26,60.093242168426514,PRY,10,Apple M4,1,Apple M4,16.0,33,256,289,0.00028567027579529054,0.28567027579529053,972.3720012677536,234.73922722041607,0,8,512,42,15.6.1,0.3.21,3.13.5,no_disponible_apple_silicon,67.9,7.8220367431640625,56.6,Version: 0.3.21,no,plain_text_no_template,yes
2026-06-22T07:22:42.367716,qwen2.5-7b,q8,cpu,6,Summarize the key contributions of the Transformer architecture as described in the paper Attention ,Vaswani et al. 2017,5,63.887271881103516,256,4.007057939121663,1.8562627030708312,0.0,2.868380717320859,0.03294209999828842,0.0,0.050903616318331235,0.08384571631661966,1.9917549911013e-06,1.9917549911013002,26,63.887271881103516,PRY,10,Apple M4,1,Apple M4,16.0,33,256,289,0.00032752232936179555,0.32752232936179554,848.1185949032874,249.5596557855606,0,8,512,42,15.6.1,0.3.21,3.13.5,no_disponible_apple_silicon,70.5,7.815826416015625,56.5,Version: 0.3.21,no,plain_text_no_template,yes
2026-06-22T07:23:52.264986,qwen2.5-7b,q8,cpu,6,Summarize the key contributions of the Transformer architecture as described in the paper Attention ,Vaswani et al. 2017,6,63.27346730232239,256,4.045929690826407,1.8341678012157066,0.0,2.8738847400467487,0.032237265665887374,0.0,0.05051129225833089,0.08274855792421827,1.965691993489805e-06,1.965691993489805,26,63.27346730232239,PRY,10,Apple M4,1,Apple M4,16.0,33,256,289,0.0003232365543914776,0.32323655439147764,859.3637508007713,247.16198164969683,0,8,512,42,15.6.1,0.3.21,3.13.5,no_disponible_apple_silicon,68.8,7.9023590087890625,58.6,Version: 0.3.21,no,plain_text_no_template,yes
2026-06-22T07:25:00.780530,qwen2.5-7b,q8,cpu,6,Summarize the key contributions of the Transformer architecture as described in the paper Attention ,Vaswani et al. 2017,7,63.90740203857422,256,4.005795758142062,1.8476395193601691,0.0,2.867724866805657,0.03279940044058566,0.0,0.05090801277749051,0.08370741321807616,1.988469600995399e-06,1.9884696009953993,26,63.90740203857422,PRY,10,Apple M4,1,Apple M4,16.0,33,256,289,0.00032698208288311,0.32698208288311004,849.5198737757083,249.63828921318054,0,8,512,42,15.6.1,0.3.21,3.13.5,no_disponible_apple_silicon,70.2,7.795196533203125,56.5,Version: 0.3.21,no,plain_text_no_template,yes
2026-06-22T07:26:12.956215,qwen2.5-7b,q8,cpu,6,Summarize the key contributions of the Transformer architecture as described in the paper Attention ,Vaswani et al. 2017,8,65.51101517677307,256,3.907739779473984,1.746442693746015,0.0,2.1817527496757196,0.03178089828204434,0.0,0.039702454859992346,0.07148335314203667,1.698087053889081e-06,1.6980870538890809,26,65.51101517677307,PRY,10,Apple M4,1,Apple M4,16.0,33,256,289,0.00027923184821108076,0.27923184821108077,994.792605347067,255.9024030342698,0,8,512,42,15.6.1,0.3.21,3.13.5,no_disponible_apple_silicon,68.6,7.9979248046875,58.1,Version: 0.3.21,no,plain_text_no_template,yes
2026-06-22T07:27:24.167544,qwen2.5-7b,q8,cpu,6,Summarize the key contributions of the Transformer architecture as described in the paper Attention ,Vaswani et al. 2017,9,66.54322099685669,256,3.847123661358273,1.7267567786481146,0.0,2.1977872191354106,0.03191776609150051,0.0,0.0406244001741652,0.07254216626566572,1.723239159640889e-06,1.723239159640889,26,66.54322099685669,PRY,10,Apple M4,1,Apple M4,16.0,33,256,289,0.0002833678369752567,0.2833678369752567,980.2727816355282,259.93445701897144,0,8,512,42,15.6.1,0.3.21,3.13.5,no_disponible_apple_silicon,70.2,7.807891845703125,56.6,Version: 0.3.21,no,plain_text_no_template,yes
2026-06-22T07:28:37.111433,qwen2.5-7b,q8,cpu,6,Summarize the key contributions of the Transformer architecture as described in the paper Attention ,Vaswani et al. 2017,10,66.27455520629883,256,3.862719247275603,1.777853063013161,0.044969917178216676,2.19894255491197,0.032729561381487006,0.0008278781274028909,0.040481649930831434,0.07403908943972132,1.7587985696405799e-06,1.75879856964058,26,66.27455520629883,PRY,10,Apple M4,1,Apple M4,16.0,33,256,289,0.0002892151931239114,0.2892151931239114,960.4536151002503,258.8849812746048,0,8,512,42,15.6.1,0.3.21,3.13.5,no_disponible_apple_silicon,68.6,7.796966552734375,56.5,Version: 0.3.21,no,plain_text_no_template,yes
2026-06-22T07:29:31.272419,qwen2.5-7b,q8,cpu,7,"Extract the names, roles and organizations from the following text and present them in a table:

""Dr",Zheng et al. 2023,1,49.51171398162842,181,3.6557005493116437,1.8290193637300882,0.0,3.1092952756623,0.025154967667740034,0.0,0.042762927325838966,0.06791789499357902,1.6133895955724693e-06,1.6133895955724693,26,49.51171398162842,PRY,10,Apple M4,1,Apple M4,16.0,71,181,252,0.0003752369889148012,0.3752369889148012,740.2729101443892,273.54538111396914,0,8,512,42,15.6.1,0.3.21,3.13.5,no_disponible_apple_silicon,69.6,7.989990234375,57.5,Version: 0.3.21,no,plain_text_no_template,yes
2026-06-22T07:30:29.964747,qwen2.5-7b,q8,cpu,7,"Extract the names, roles and organizations from the following text and present them in a table:

""Dr",Zheng et al. 2023,2,52.021733045578,181,3.479315074748082,1.801483327230417,0.0,2.234442896647887,0.026032301315344553,0.0,0.03228877552083456,0.05832107683617911,1.3854171802434347e-06,1.3854171802434347,26,52.021733045578,PRY,10,Apple M4,1,Apple M4,16.0,71,181,252,0.0003222158941225365,0.32221589412253654,862.0858959618571,287.41288975457456,0,8,512,42,15.6.1,0.3.21,3.13.5,no_disponible_apple_silicon,69.4,7.79620361328125,56.5,Version: 0.3.21,no,plain_text_no_template,yes
2026-06-22T07:31:19.362006,qwen2.5-7b,q8,cpu,7,"Extract the names, roles and organizations from the following text and present them in a table:

""Dr",Zheng et al. 2023,3,44.738977909088135,181,4.045689205681032,1.4052389803376042,0.0,2.407486833290391,0.017463598805087115,0.0,0.02991902784749982,0.04738262665258693,1.1255742961322026e-06,1.1255742961322026,26,44.738977909088135,PRY,10,Apple M4,1,Apple M4,16.0,71,181,252,0.00026178246769385045,0.2617824676938505,1061.1015329820848,247.17667353087367,0,8,512,42,15.6.1,0.3.21,3.13.5,no_disponible_apple_silicon,68.7,8.039031982421875,57.9,Version: 0.3.21,no,plain_text_no_template,yes
2026-06-22T07:32:09.697065,qwen2.5-7b,q8,cpu,7,"Extract the names, roles and organizations from the following text and present them in a table:

""Dr",Zheng et al. 2023,4,43.69318914413452,181,4.1425220622582515,1.4731576861936917,0.0,2.3932703510843614,0.017879710394999037,0.0,0.029047115034160617,0.04692682542915966,1.1147467380696875e-06,1.1147467380696876,26,43.69318914413452,PRY,10,Apple M4,1,Apple M4,16.0,71,181,252,0.0002592642288903848,0.25926422889038486,1071.4080340609592,241.39883505046697,0,8,512,42,15.6.1,0.3.21,3.13.5,no_disponible_apple_silicon,65.9,8.030624389648438,58.5,Version: 0.3.21,no,plain_text_no_template,yes
2026-06-22T07:33:02.669625,qwen2.5-7b,q8,cpu,7,"Extract the names, roles and organizations from the following text and present them in a table:

""Dr",Zheng et al. 2023,5,48.35320806503296,181,3.7432883410044453,1.9823948410468752,0.0,3.1006403375014067,0.026626430615607637,0.0,0.04164608538167765,0.06827251599728529,1.621813617515512e-06,1.621813617515512,26,48.35320806503296,PRY,10,Apple M4,1,Apple M4,16.0,71,181,252,0.00037719622097947674,0.3771962209794767,736.4277856667384,267.1447959394086,0,8,512,42,15.6.1,0.3.21,3.13.5,no_disponible_apple_silicon,71.0,8.041213989257812,58.1,Version: 0.3.21,no,plain_text_no_template,yes
2026-06-22T07:33:57.833853,qwen2.5-7b,q8,cpu,7,"Extract the names, roles and organizations from the following text and present them in a table:

""Dr",Zheng et al. 2023,6,48.53708100318909,181,3.729107648399943,2.0225448421261043,0.0005020172415332033,3.10984829295928,0.027269006343015836,6.768458754804063e-06,0.04192859958416496,0.06920437438593559,1.6439499135379e-06,1.6439499135378999,26,48.53708100318909,PRY,10,Apple M4,1,Apple M4,16.0,71,181,252,0.00038234460986704744,0.3823446098670475,726.5115568763198,268.16066852590654,0,8,512,42,15.6.1,0.3.21,3.13.5,no_disponible_apple_silicon,70.2,7.9639739990234375,58.0,Version: 0.3.21,no,plain_text_no_template,yes
2026-06-22T07:34:55.038330,qwen2.5-7b,q8,cpu,7,"Extract the names, roles and organizations from the following text and present them in a table:

""Dr",Zheng et al. 2023,7,52.56112599372864,181,3.4436096369319813,1.8251080580984795,0.00030428537413194586,2.248895452983945,0.026647148498300997,4.442661635499462e-06,0.03283457701417016,0.05948616817410665,1.4130939249759033e-06,1.4130939249759034,26,52.56112599372864,PRY,10,Apple M4,1,Apple M4,16.0,71,181,252,0.00032865286284036824,0.32865286284036827,845.2011504695114,290.39296129131844,0,8,512,42,15.6.1,0.3.21,3.13.5,no_disponible_apple_silicon,75.3,8.077423095703125,58.5,Version: 0.3.21,no,plain_text_no_template,yes
2026-06-22T07:35:55.366953,qwen2.5-7b,q8,cpu,7,"Extract the names, roles and organizations from the following text and present them in a table:

""Dr",Zheng et al. 2023,8,53.697470903396606,181,3.3707360319748494,1.823545831890252,0.00021694555542397555,2.255037748404767,0.027199944235815825,3.2359521250000397e-06,0.03363606218917388,0.060839242377114695,1.4452362026683594e-06,1.4452362026683594,26,53.697470903396606,PRY,10,Apple M4,1,Apple M4,16.0,71,181,252,0.0003361284109232856,0.3361284109232856,826.4037455648902,296.67110996351715,0,8,512,42,15.6.1,0.3.21,3.13.5,no_disponible_apple_silicon,73.6,8.031524658203125,59.2,Version: 0.3.21,no,plain_text_no_template,yes
2026-06-22T07:36:54.999805,qwen2.5-7b,q8,cpu,7,"Extract the names, roles and organizations from the following text and present them in a table:

""Dr",Zheng et al. 2023,9,54.99418091773987,181,3.2912573108551113,1.7513495856414318,0.0,2.281327120075295,0.026753898878603792,0.0,0.0348499212149909,0.06160382009359469,1.4633987463233418e-06,1.4633987463233418,26,54.99418091773987,PRY,10,Apple M4,1,Apple M4,16.0,71,181,252,0.0003403525972021806,0.34035259720218064,816.1470782394784,303.83525368917054,0,8,512,42,15.6.1,0.3.21,3.13.5,no_disponible_apple_silicon,75.5,7.9190826416015625,57.9,Version: 0.3.21,no,plain_text_no_template,yes
2026-06-22T07:37:55.050896,qwen2.5-7b,q8,cpu,7,"Extract the names, roles and organizations from the following text and present them in a table:

""Dr",Zheng et al. 2023,10,53.39263081550598,181,3.389980924997519,1.8426976860088755,0.0,2.2581464970999807,0.027329577014905293,0.0,0.03349121729082981,0.06082079430573511,1.4447979687327375e-06,1.4447979687327375,26,53.39263081550598,PRY,10,Apple M4,1,Apple M4,16.0,71,181,252,0.0003360264878769895,0.3360264878769895,826.654409099633,294.986910582906,0,8,512,42,15.6.1,0.3.21,3.13.5,no_disponible_apple_silicon,73.6,8.056854248046875,59.1,Version: 0.3.21,no,plain_text_no_template,yes
2026-06-22T07:39:24.158061,qwen2.5-7b,q8,cpu,8,"Given the following data, identify the month with the highest average temperature and the month with",Zheng et al. 2023,1,84.47722601890564,256,3.030402536450573,1.8410645726798769,0.0,2.220168295157396,0.043202230006021636,0.0,0.052098238575005486,0.0953004685810271,2.2638626311422987e-06,2.263862631142299,26,84.47722601890564,PRY,10,Apple M4,1,Apple M4,16.0,109,256,365,0.0003722674553946371,0.3722674553946371,746.1779797089924,329.98916413635015,0,8,512,42,15.6.1,0.3.21,3.13.5,no_disponible_apple_silicon,77.5,8.058868408203125,58.4,Version: 0.3.21,no,plain_text_no_template,yes
2026-06-22T07:40:54.574659,qwen2.5-7b,q8,cpu,8,"Given the following data, identify the month with the highest average temperature and the month with",Zheng et al. 2023,2,83.7620301246643,256,3.056277404200821,1.8556905717589827,0.00013755125645890175,2.2102026177906384,0.04317678043714762,3.200436801998876e-06,0.051425293959164266,0.09460527483311389,2.24734830366062e-06,2.2473483036606203,26,83.7620301246643,PRY,10,Apple M4,1,Apple M4,16.0,109,256,365,0.0003695518548168511,0.3695518548168511,751.6611651575763,327.19543017446995,0,8,512,42,15.6.1,0.3.21,3.13.5,no_disponible_apple_silicon,75.9,7.9457855224609375,57.5,Version: 0.3.21,no,plain_text_no_template,yes
2026-06-22T07:42:19.507487,qwen2.5-7b,q8,cpu,8,"Given the following data, identify the month with the highest average temperature and the month with",Zheng et al. 2023,3,80.27083396911621,256,3.189203193011483,1.8874284975528077,0.00028764636429697753,2.1841992752366415,0.04208484987656664,6.413781541750722e-06,0.04870208260499567,0.09079334626310405,2.156795940480037e-06,2.1567959404800368,26,80.27083396911621,PRY,10,Apple M4,1,Apple M4,16.0,109,256,365,0.0003546615088402502,0.3546615088402502,783.219410209234,313.5579451918602,0,8,512,42,15.6.1,0.3.21,3.13.5,no_disponible_apple_silicon,77.3,8.091964721679688,58.5,Version: 0.3.21,no,plain_text_no_template,yes
2026-06-22T07:43:41.312804,qwen2.5-7b,q8,cpu,8,"Given the following data, identify the month with the highest average temperature and the month with",Zheng et al. 2023,4,75.09821105003357,256,3.408869484646473,1.6914308103943623,0.0,2.719118035900136,0.03528428554875698,0.0,0.05672247225832811,0.09200675780708509,2.185620531707306e-06,2.185620531707306,26,75.09821105003357,PRY,10,Apple M4,1,Apple M4,16.0,109,256,365,0.0003594013976839261,0.35940139768392615,772.8900877065263,293.35238691419363,0,8,512,42,15.6.1,0.3.21,3.13.5,no_disponible_apple_silicon,75.3,7.9407196044921875,57.4,Version: 0.3.21,no,plain_text_no_template,yes
2026-06-22T07:45:06.866589,qwen2.5-7b,q8,cpu,8,"Given the following data, identify the month with the highest average temperature and the month with",Zheng et al. 2023,5,80.90966773033142,256,3.1640223867095516,1.8560846334655465,0.0002852470464620389,2.191577766280725,0.04171533082585315,6.410901041750549e-06,0.049255508020820946,0.09097724974771587,2.1611645677569904e-06,2.1611645677569906,26,80.90966773033142,PRY,10,Apple M4,1,Apple M4,16.0,109,256,365,0.0003553798818270151,0.35537988182701513,781.6361926559168,316.0533895716071,0,8,512,42,15.6.1,0.3.21,3.13.5,no_disponible_apple_silicon,77.1,7.927398681640625,57.3,Version: 0.3.21,no,plain_text_no_template,yes
2026-06-22T07:46:25.306781,qwen2.5-7b,q8,cpu,8,"Given the following data, identify the month with the highest average temperature and the month with",Zheng et al. 2023,6,71.79015517234802,256,3.5659485536062125,1.731407531764691,0.0,2.2640836126732435,0.034527226492210905,0.0,0.04514969829916179,0.07967692479137267,1.8927253484190576e-06,1.8927253484190576,26,71.79015517234802,PRY,10,Apple M4,1,Apple M4,16.0,109,256,365,0.0003112379874662995,0.3112379874662995,892.4931690989528,280.43029364198446,0,8,512,42,15.6.1,0.3.21,3.13.5,no_disponible_apple_silicon,73.4,7.8568267822265625,57.1,Version: 0.3.21,no,plain_text_no_template,yes
2026-06-22T07:47:26.564554,qwen2.5-7b,q8,cpu,8,"Given the following data, identify the month with the highest average temperature and the month with",Zheng et al. 2023,7,56.62392497062683,256,4.521057134997226,1.6456831641609249,0.0,2.294001693018875,0.025884733336908876,0.0,0.03608204992999769,0.06196678326690656,1.4720209365053652e-06,1.4720209365053651,26,56.62392497062683,PRY,10,Apple M4,1,Apple M4,16.0,109,256,365,0.00024205774713635374,0.24205774713635375,1147.5682190056184,221.18720691651106,0,8,512,42,15.6.1,0.3.21,3.13.5,no_disponible_apple_silicon,70.1,7.869415283203125,57.1,Version: 0.3.21,no,plain_text_no_template,yes
2026-06-22T07:48:30.615411,qwen2.5-7b,q8,cpu,8,"Given the following data, identify the month with the highest average temperature and the month with",Zheng et al. 2023,8,57.388519048690796,256,4.460822552029946,1.6669063941903721,0.0,2.317673679907583,0.026572580376494074,0.0,0.03694662781334046,0.06351920818983453,1.5088987905495191e-06,1.508898790549519,26,57.388519048690796,PRY,10,Apple M4,1,Apple M4,16.0,109,256,365,0.00024812190699154114,0.24812190699154113,1119.5213721585965,224.17390253394842,0,8,512,42,15.6.1,0.3.21,3.13.5,no_disponible_apple_silicon,68.1,7.8529052734375,57.1,Version: 0.3.21,no,plain_text_no_template,yes
2026-06-22T07:49:35.069991,qwen2.5-7b,q8,cpu,8,"Given the following data, identify the month with the highest average temperature and the month with",Zheng et al. 2023,9,59.7997670173645,256,4.2809531335743065,1.528508814857984,0.0,2.3339993713768568,0.025390130836804272,0.0,0.038770171840836455,0.06416030267764074,1.5241279901073555e-06,1.5241279901073554,26,59.7997670173645,PRY,10,Apple M4,1,Apple M4,16.0,109,256,365,0.00025062618233453413,0.25062618233453415,1108.3350318403761,233.59283991158009,0,8,512,42,15.6.1,0.3.21,3.13.5,no_disponible_apple_silicon,70.2,7.9027252197265625,57.4,Version: 0.3.21,no,plain_text_no_template,yes
2026-06-22T07:50:45.186883,qwen2.5-7b,q8,cpu,8,"Given the following data, identify the month with the highest average temperature and the month with",Zheng et al. 2023,10,63.51040720939636,256,4.030835437032512,1.8315393427867943,0.0,2.8589710919398796,0.03231161374456097,0.0,0.05043733840249842,0.08274895214705939,1.965701358253396e-06,1.965701358253396,26,63.51040720939636,PRY,10,Apple M4,1,Apple M4,16.0,109,256,365,0.00032323809432445075,0.3232380943244508,859.3596567208996,248.08752816170454,0,8,512,42,15.6.1,0.3.21,3.13.5,no_disponible_apple_silicon,68.5,7.8610687255859375,57.2,Version: 0.3.21,no,plain_text_no_template,yes
2026-06-22T07:51:58.068049,qwen2.5-7b,q8,cpu,9,Write a Python function that takes a list of integers and returns a dictionary with three keys: mean,Chen et al. 2021,1,68.25191712379456,256,3.7508103916798423,1.6747281691608151,0.0,2.212138002704302,0.03175094672401337,0.0,0.04193962767415845,0.07369057439817181,1.7505195948285714e-06,1.7505195948285714,26,68.25191712379456,PRY,10,Apple M4,1,Apple M4,16.0,33,256,289,0.00028785380624285863,0.2878538062428586,964.9960214297815,266.6090512648225,0,8,512,42,15.6.1,0.3.21,3.13.5,no_disponible_apple_silicon,70.8,8.054443359375,58.4,Version: 0.3.21,no,plain_text_no_template,yes
2026-06-22T07:53:09.653939,qwen2.5-7b,q8,cpu,9,Write a Python function that takes a list of integers and returns a dictionary with three keys: mean,Chen et al. 2021,2,64.93136596679688,256,3.942624588105962,1.7677512544954619,0.0,2.1811419625826525,0.031884028789974754,0.0,0.03934014638833105,0.07122417517830582,1.6919302813606545e-06,1.6919302813606545,26,64.93136596679688,PRY,10,Apple M4,1,Apple M4,16.0,33,256,289,0.0002782194342902571,0.2782194342902571,998.4125605258093,253.6381483078003,0,8,512,42,15.6.1,0.3.21,3.13.5,no_disponible_apple_silicon,68.1,7.8383026123046875,57.0,Version: 0.3.21,no,plain_text_no_template,yes
2026-06-22T07:54:22.167632,qwen2.5-7b,q8,cpu,9,Write a Python function that takes a list of integers and returns a dictionary with three keys: mean,Chen et al. 2021,3,67.86626601219177,256,3.7721244300373193,1.7052907977245482,0.0,2.2133067622877385,0.032147699696254695,0.0,0.04172468486000071,0.0738723845562554,1.7548384951338468e-06,1.7548384951338467,26,67.86626601219177,PRY,10,Apple M4,1,Apple M4,16.0,33,256,289,0.00028856400217287266,0.28856400217287265,962.621032721077,265.1026016101241,0,8,512,42,15.6.1,0.3.21,3.13.5,no_disponible_apple_silicon,70.5,8.068359375,58.4,Version: 0.3.21,no,plain_text_no_template,yes
2026-06-22T07:55:32.581038,qwen2.5-7b,q8,cpu,9,Write a Python function that takes a list of integers and returns a dictionary with three keys: mean,Chen et al. 2021,4,63.76856088638306,256,4.014517443103619,1.7919132033071017,0.0,2.864428802563921,0.03174103505783406,0.0,0.05073902847250186,0.0824800635303359,1.959313909163129e-06,1.9593139091631293,26,63.76856088638306,PRY,10,Apple M4,1,Apple M4,16.0,33,256,289,0.00032218774816537463,0.32218774816537465,862.1612068103788,249.09594096243382,0,8,512,42,15.6.1,0.3.21,3.13.5,no_disponible_apple_silicon,68.1,7.8661041259765625,57.1,Version: 0.3.21,no,plain_text_no_template,yes
2026-06-22T07:56:42.439360,qwen2.5-7b,q8,cpu,9,Write a Python function that takes a list of integers and returns a dictionary with three keys: mean,Chen et al. 2021,5,65.22586703300476,256,3.9248232586998366,1.7866797816680606,0.00037039625667635264,2.179018435708495,0.032371593852677474,6.710949163192911e-06,0.03948010187499676,0.07185840667683743,1.706996450608273e-06,1.7069964506082729,26,65.22586703300476,PRY,10,Apple M4,1,Apple M4,16.0,33,256,289,0.0002806969010813962,0.2806969010813962,989.6004434235917,254.78854309767485,0,8,512,42,15.6.1,0.3.21,3.13.5,no_disponible_apple_silicon,70.6,7.848907470703125,57.1,Version: 0.3.21,no,plain_text_no_template,yes
2026-06-22T07:57:50.968964,qwen2.5-7b,q8,cpu,9,Write a Python function that takes a list of integers and returns a dictionary with three keys: mean,Chen et al. 2021,6,61.894490003585815,256,4.136070916573815,1.655217753005603,0.0,2.870392279598755,0.028458016296434182,0.0,0.049350407293331955,0.07780842358976613,1.8483391023748942e-06,1.848339102374894,26,61.894490003585815,PRY,10,Apple M4,1,Apple M4,16.0,33,256,289,0.00030393915464752393,0.3039391546475239,913.9256115254866,241.7753515765071,0,8,512,42,15.6.1,0.3.21,3.13.5,no_disponible_apple_silicon,68.5,8.037307739257812,58.3,Version: 0.3.21,no,plain_text_no_template,yes
2026-06-22T07:58:59.497576,qwen2.5-7b,q8,cpu,9,Write a Python function that takes a list of integers and returns a dictionary with three keys: mean,Chen et al. 2021,7,63.87984013557434,256,4.00752411804229,1.8442050910347105,0.0,2.865886428088622,0.03272431288680823,0.0,0.05085343524250371,0.08357774812931193,1.985389406811805e-06,1.9853894068118048,26,63.87984013557434,PRY,10,Apple M4,1,Apple M4,16.0,33,256,289,0.0003264755786301247,0.3264755786301247,850.837845033676,249.53062552958727,0,8,512,42,15.6.1,0.3.21,3.13.5,no_disponible_apple_silicon,70.1,7.8459014892578125,57.0,Version: 0.3.21,no,plain_text_no_template,yes
2026-06-22T08:00:10.192409,qwen2.5-7b,q8,cpu,9,Write a Python function that takes a list of integers and returns a dictionary with three keys: mean,Chen et al. 2021,8,64.04692792892456,256,3.9970691534821694,1.865283168651943,0.0,2.872158740824214,0.03318490463046862,0.0,0.05109803996499977,0.08428294459546841,2.0021413488653516e-06,2.0021413488653517,26,64.04692792892456,PRY,10,Apple M4,1,Apple M4,16.0,33,256,289,0.0003292302523260485,0.32923025232604847,843.7188739954692,250.18331222236156,0,8,512,42,15.6.1,0.3.21,3.13.5,no_disponible_apple_silicon,68.6,8.082565307617188,58.3,Version: 0.3.21,no,plain_text_no_template,yes
2026-06-22T08:01:17.123740,qwen2.5-7b,q8,cpu,9,Write a Python function that takes a list of integers and returns a dictionary with three keys: mean,Chen et al. 2021,9,62.23518109321594,256,4.113429020421148,1.8972928288179451,0.0,2.871675011427122,0.032799545218984656,0.0,0.049644226215841636,0.08244377143482627,1.9584517904342977e-06,1.9584517904342977,26,62.23518109321594,PRY,10,Apple M4,1,Apple M4,16.0,33,256,289,0.0003220459821672901,0.32204598216729013,862.5407338057806,243.10617614537477,0,8,512,42,15.6.1,0.3.21,3.13.5,no_disponible_apple_silicon,70.1,7.8623046875,56.9,Version: 0.3.21,no,plain_text_no_template,yes
2026-06-22T08:02:27.201490,qwen2.5-7b,q8,cpu,9,Write a Python function that takes a list of integers and returns a dictionary with three keys: mean,Chen et al. 2021,10,63.46892595291138,256,4.033469861927875,1.8285965173211296,0.0,2.864405093003991,0.03223862693211289,0.0,0.050500198540836816,0.08273882547294971,1.96546079910992e-06,1.9654607991099202,26,63.46892595291138,PRY,10,Apple M4,1,Apple M4,16.0,33,256,289,0.0003231985370037098,0.3231985370037098,859.4648365459319,247.92549200356007,0,8,512,42,15.6.1,0.3.21,3.13.5,no_disponible_apple_silicon,68.5,7.86944580078125,56.9,Version: 0.3.21,no,plain_text_no_template,yes
2026-06-22T08:03:35.614604,qwen2.5-7b,q8,cpu,10,"Write a Python function that reads a list of strings and returns the top 3 most frequent words, igno",Chen et al. 2021,1,63.82515096664429,256,4.010958002023189,1.852572358733946,0.0,2.870913313150227,0.032844641798007335,0.0,0.05089902100665616,0.0837436628046635,1.9893307099247813e-06,1.9893307099247812,26,63.82515096664429,PRY,10,Apple M4,1,Apple M4,16.0,31,256,287,0.0003271236828307168,0.3271236828307168,849.152147512123,249.31699596345425,0,8,512,42,15.6.1,0.3.21,3.13.5,no_disponible_apple_silicon,70.3,7.85687255859375,56.8,Version: 0.3.21,no,plain_text_no_template,yes
2026-06-22T08:04:44.568606,qwen2.5-7b,q8,cpu,10,"Write a Python function that reads a list of strings and returns the top 3 most frequent words, igno",Chen et al. 2021,2,62.20230722427368,256,4.115602964323792,1.8705000560509066,0.0,2.858818256674064,0.032319283097083235,0.0,0.04939585875000073,0.08171514184708396,1.9411431945774792e-06,1.9411431945774793,26,62.20230722427368,PRY,10,Apple M4,1,Apple M4,16.0,31,256,287,0.00031919977284017173,0.31919977284017176,870.2317526925854,242.97776259481907,0,8,512,42,15.6.1,0.3.21,3.13.5,no_disponible_apple_silicon,68.5,7.8691558837890625,56.9,Version: 0.3.21,no,plain_text_no_template,yes
2026-06-22T08:05:51.432624,qwen2.5-7b,q8,cpu,10,"Write a Python function that reads a list of strings and returns the top 3 most frequent words, igno",Chen et al. 2021,3,62.16340208053589,256,4.118178726259847,1.629676159179627,0.0,2.873538710422692,0.028140615095596264,0.0,0.049619150624997325,0.07775976572059358,1.8471832346927004e-06,1.8471832346927004,26,62.16340208053589,PRY,10,Apple M4,1,Apple M4,16.0,31,256,287,0.00030374908484606867,0.30374908484606866,914.4974969012585,242.82578937709332,0,8,512,42,15.6.1,0.3.21,3.13.5,no_disponible_apple_silicon,70.5,8.0633544921875,58.1,Version: 0.3.21,no,plain_text_no_template,yes
2026-06-22T08:06:59.266685,qwen2.5-7b,q8,cpu,10,"Write a Python function that reads a list of strings and returns the top 3 most frequent words, igno",Chen et al. 2021,4,61.242685079574585,256,4.18009105360699,1.791846192957359,0.0,2.8615535556982437,0.03048263114064505,0.0,0.048680339791656785,0.07916297093230183,1.8805163744968299e-06,1.8805163744968298,26,61.242685079574585,PRY,10,Apple M4,1,Apple M4,16.0,31,256,287,0.00030923035520430403,0.30923035520430403,898.2875487571524,239.22923859208822,0,8,512,42,15.6.1,0.3.21,3.13.5,no_disponible_apple_silicon,68.0,7.8550567626953125,56.9,Version: 0.3.21,no,plain_text_no_template,yes
2026-06-22T08:08:08.492330,qwen2.5-7b,q8,cpu,10,"Write a Python function that reads a list of strings and returns the top 3 most frequent words, igno",Chen et al. 2021,5,64.58916211128235,256,3.9635132525628824,1.786831618343713,0.0,2.1713038947519685,0.03205832140632418,0.0,0.038956305347498235,0.0710146267538224,1.686952458537051e-06,1.686952458537051,26,64.58916211128235,PRY,10,Apple M4,1,Apple M4,16.0,31,256,287,0.00027740088575711877,0.27740088575711874,1001.3586547124041,252.30141449719667,0,8,512,42,15.6.1,0.3.21,3.13.5,no_disponible_apple_silicon,70.8,8.086471557617188,58.2,Version: 0.3.21,no,plain_text_no_template,yes
2026-06-22T08:09:16.758219,qwen2.5-7b,q8,cpu,10,"Write a Python function that reads a list of strings and returns the top 3 most frequent words, igno",Chen et al. 2021,6,61.6730260848999,256,4.150923284477512,1.6614941891762145,0.0,2.8632493322104176,0.02846371513027064,0.0,0.04905145854249592,0.07751517367276654,1.8413729505965693e-06,1.8413729505965692,26,61.6730260848999,PRY,10,Apple M4,1,Apple M4,16.0,31,256,287,0.0003027936471592443,0.3027936471592443,917.3831101934901,240.91025814414024,0,8,512,42,15.6.1,0.3.21,3.13.5,no_disponible_apple_silicon,68.8,7.9806976318359375,57.2,Version: 0.3.21,no,plain_text_no_template,yes
2026-06-22T08:10:24.356198,qwen2.5-7b,q8,cpu,10,"Write a Python function that reads a list of strings and returns the top 3 most frequent words, igno",Chen et al. 2021,7,62.94294500350952,256,4.067175439371739,1.8624617809855333,0.0,2.873366302083789,0.03256356373658634,0.0,0.050238371424165956,0.08280193516075231,1.966959969743671e-06,1.966959969743671,26,62.94294500350952,PRY,10,Apple M4,1,Apple M4,16.0,31,256,287,0.0003234450592216887,0.3234450592216887,858.8097726587604,245.87087891995907,0,8,512,42,15.6.1,0.3.21,3.13.5,no_disponible_apple_silicon,70.6,7.8687286376953125,56.7,Version: 0.3.21,no,plain_text_no_template,yes
2026-06-22T08:11:30.813398,qwen2.5-7b,q8,cpu,10,"Write a Python function that reads a list of strings and returns the top 3 most frequent words, igno",Chen et al. 2021,8,59.7767071723938,256,4.282604581441824,1.5084746950665435,0.0,2.333511008739891,0.025047680589988557,0.0,0.03874711229250048,0.06379479288248904,1.5154453049235272e-06,1.5154453049235272,26,59.7767071723938,PRY,10,Apple M4,1,Apple M4,16.0,31,256,287,0.0002491984096972228,0.24919840969722282,1114.6851944812931,233.50276239216328,0,8,512,42,15.6.1,0.3.21,3.13.5,no_disponible_apple_silicon,67.7,7.8925323486328125,56.8,Version: 0.3.21,no,plain_text_no_template,yes
2026-06-22T08:12:40.080596,qwen2.5-7b,q8,cpu,10,"Write a Python function that reads a list of strings and returns the top 3 most frequent words, igno",Chen et al. 2021,9,64.64390897750854,256,3.9601565568856563,1.7966201855408899,0.0,2.172857607123979,0.032261264372572165,0.0,0.03901722482666931,0.07127848919924146,1.693220510927981e-06,1.693220510927981,26,64.64390897750854,PRY,10,Apple M4,1,Apple M4,16.0,31,256,287,0.00027843159843453694,0.27843159843453696,997.651772785721,252.51526944339275,0,8,512,42,15.6.1,0.3.21,3.13.5,no_disponible_apple_silicon,70.5,7.882110595703125,56.8,Version: 0.3.21,no,plain_text_no_template,yes
2026-06-22T08:13:47.218953,qwen2.5-7b,q8,cpu,10,"Write a Python function that reads a list of strings and returns the top 3 most frequent words, igno",Chen et al. 2021,10,60.52075004577637,256,4.229954186066235,2.2256454031347013,0.15503949514973525,2.8636931051738768,0.037416035870457345,0.0026064184814390237,0.048142459618344825,0.08816491397024119,2.0943575313630794e-06,2.0943575313630793,26,60.52075004577637,PRY,10,Apple M4,1,Apple M4,16.0,31,256,287,0.00034439419519625465,0.34439419519625464,806.5692791932361,236.40917986631393,0,8,512,42,15.6.1,0.3.21,3.13.5,no_disponible_apple_silicon,68.6,8.150894165039062,59.0,Version: 0.3.21,no,plain_text_no_template,yes
2026-06-22T08:14:56.617861,qwen2.5-7b,q8,cpu,11,Explain how quantization reduces the memory footprint of a neural network model. What are the trade-,Dettmers et al. 2022,1,64.73186206817627,256,3.9547757753419504,1.7914295197531522,0.0,2.174620812741641,0.032211824604866754,0.0,0.03910201513916036,0.07131383974402712,1.694060263119364e-06,1.694060263119364,26,64.73186206817627,PRY,10,Apple M4,1,Apple M4,16.0,35,256,291,0.00027856968650010594,0.27856968650010594,997.1572329628627,252.85883620381355,0,8,512,42,15.6.1,0.3.21,3.13.5,no_disponible_apple_silicon,70.6,7.8883209228515625,56.8,Version: 0.3.21,no,plain_text_no_template,yes
2026-06-22T08:16:07.349330,qwen2.5-7b,q8,cpu,11,Explain how quantization reduces the memory footprint of a neural network model. What are the trade-,Dettmers et al. 2022,2,64.09576511383057,256,3.9940236230171844,1.810439855111893,0.0,2.879348261921256,0.032233757696102594,0.0,0.051265008299172535,0.08349876599527511,1.9835131862177602e-06,1.9835131862177602,26,64.09576511383057,PRY,10,Apple M4,1,Apple M4,16.0,35,256,291,0.0003261670546690434,0.32616705466904344,851.6426591877421,250.37408247590065,0,8,512,42,15.6.1,0.3.21,3.13.5,no_disponible_apple_silicon,68.5,8.077285766601562,58.2,Version: 0.3.21,no,plain_text_no_template,yes
2026-06-22T08:17:15.947806,qwen2.5-7b,q8,cpu,11,Explain how quantization reduces the memory footprint of a neural network model. What are the trade-,Dettmers et al. 2022,3,63.97395896911621,256,4.001628226941301,1.843248183299846,0.0,2.8698212809155095,0.032755523235645095,0.0,0.05099828579832926,0.08375380903397438,1.989571733602061e-06,1.989571733602061,26,63.97395896911621,PRY,10,Apple M4,1,Apple M4,16.0,35,256,291,0.0003271633165389624,0.3271633165389624,849.0492782515145,249.8982772231102,0,8,512,42,15.6.1,0.3.21,3.13.5,no_disponible_apple_silicon,70.2,7.873260498046875,56.9,Version: 0.3.21,no,plain_text_no_template,yes
2026-06-22T08:18:27.115744,qwen2.5-7b,q8,cpu,11,Explain how quantization reduces the memory footprint of a neural network model. What are the trade-,Dettmers et al. 2022,4,64.45366406440735,256,3.9718455686892207,1.779206841613267,0.0,2.1722974603137253,0.03185455557512131,0.0,0.03889236965417392,0.07074692522929522,1.680593208821908e-06,1.680593208821908,26,64.45366406440735,PRY,10,Apple M4,1,Apple M4,16.0,35,256,291,0.00027635517667693447,0.2763551766769345,1005.1477273483692,251.7721252515912,0,8,512,42,15.6.1,0.3.21,3.13.5,no_disponible_apple_silicon,68.6,7.87890625,56.8,Version: 0.3.21,no,plain_text_no_template,yes
2026-06-22T08:19:36.271323,qwen2.5-7b,q8,cpu,11,Explain how quantization reduces the memory footprint of a neural network model. What are the trade-,Dettmers et al. 2022,5,64.50402498245239,256,3.968744587173312,1.7731104059113822,0.0,2.1747406543103995,0.03177021053320948,0.0,0.03896653485999802,0.0707367453932075,1.680351386815644e-06,1.6803513868156439,26,64.50402498245239,PRY,10,Apple M4,1,Apple M4,16.0,35,256,291,0.0002763154116922168,0.2763154116922168,1005.2923797359155,251.96884758770466,0,8,512,42,15.6.1,0.3.21,3.13.5,no_disponible_apple_silicon,70.2,7.8844757080078125,56.8,Version: 0.3.21,no,plain_text_no_template,yes
2026-06-22T08:20:45.331441,qwen2.5-7b,q8,cpu,11,Explain how quantization reduces the memory footprint of a neural network model. What are the trade-,Dettmers et al. 2022,6,61.653427839279175,256,4.152242770140078,1.6392714667262838,0.0,2.8702562769146676,0.028074084745221745,0.0,0.049155871735832385,0.07722995648105413,1.8345976162074405e-06,1.8345976162074404,26,61.653427839279175,PRY,10,Apple M4,1,Apple M4,16.0,35,256,291,0.0003016795175041177,0.3016795175041177,920.7710887232718,240.83370249718428,0,8,512,42,15.6.1,0.3.21,3.13.5,no_disponible_apple_silicon,67.7,7.8805999755859375,56.9,Version: 0.3.21,no,plain_text_no_template,yes
2026-06-22T08:21:53.628676,qwen2.5-7b,q8,cpu,11,Explain how quantization reduces the memory footprint of a neural network model. What are the trade-,Dettmers et al. 2022,7,63.38818407058716,256,4.038607569431649,1.8475220804664132,0.0,2.8702877403840747,0.032530852697521984,0.0,0.05053953545083762,0.08307038814835961,1.9733370704642823e-06,1.9733370704642823,26,63.38818407058716,PRY,10,Apple M4,1,Apple M4,16.0,35,256,291,0.00032449370370452973,0.32449370370452973,856.034414864057,247.6100940257311,0,8,512,42,15.6.1,0.3.21,3.13.5,no_disponible_apple_silicon,70.3,8.071990966796875,58.2,Version: 0.3.21,no,plain_text_no_template,yes
2026-06-22T08:23:00.413758,qwen2.5-7b,q8,cpu,11,Explain how quantization reduces the memory footprint of a neural network model. What are the trade-,Dettmers et al. 2022,8,60.067758083343506,256,4.26185374930761,1.5385463613785226,0.0,2.858256319318243,0.025671397398692633,0.0,0.04769140253583223,0.07336279993452487,1.742733312444638e-06,1.742733312444638,26,60.067758083343506,PRY,10,Apple M4,1,Apple M4,16.0,35,256,291,0.00028657343724423776,0.2865734372442378,969.3074851910866,234.63968001306057,0,8,512,42,15.6.1,0.3.21,3.13.5,no_disponible_apple_silicon,68.0,7.871429443359375,56.9,Version: 0.3.21,no,plain_text_no_template,yes
2026-06-22T08:24:08.581849,qwen2.5-7b,q8,cpu,11,Explain how quantization reduces the memory footprint of a neural network model. What are the trade-,Dettmers et al. 2022,9,63.5561957359314,256,4.027931455552347,1.8243824222579055,0.0,2.8640661034891535,0.0322085573128378,0.0,0.0505636516316675,0.08277220894450531,1.9662538234767233e-06,1.9662538234767233,26,63.5561957359314,PRY,10,Apple M4,1,Apple M4,16.0,35,256,291,0.00032332894118947386,0.32332894118947386,859.1181994283565,248.26638959348202,0,8,512,42,15.6.1,0.3.21,3.13.5,no_disponible_apple_silicon,70.5,8.074325561523438,58.3,Version: 0.3.21,no,plain_text_no_template,yes
2026-06-22T08:25:15.212613,qwen2.5-7b,q8,cpu,11,Explain how quantization reduces the memory footprint of a neural network model. What are the trade-,Dettmers et al. 2022,10,59.96780586242676,256,4.268957256620232,1.5020470019549386,0.0,2.332437603217925,0.025020684169298306,0.0,0.03885310149333236,0.06387378566263067,1.5173217784157916e-06,1.5173217784157915,26,59.96780586242676,PRY,10,Apple M4,1,Apple M4,16.0,35,256,291,0.0002495069752446511,0.24950697524465107,1113.306662089932,234.24924165010452,0,8,512,42,15.6.1,0.3.21,3.13.5,no_disponible_apple_silicon,67.8,7.8589324951171875,56.8,Version: 0.3.21,no,plain_text_no_template,yes
2026-06-22T08:26:25.507796,qwen2.5-7b,q8,cpu,12,What is the difference between CPU and GPU architectures in the context of deep learning inference? ,Zheng et al. 2023,1,65.63182091712952,256,3.9005469667410297,1.7630315970649,0.0,2.1899427821982904,0.03214193723605677,0.0,0.0399249812499996,0.07206691848605636,1.7119496486362687e-06,1.7119496486362686,26,65.63182091712952,PRY,10,Apple M4,1,Apple M4,16.0,31,256,287,0.00028151140033615764,0.2815114003361576,986.7372243045166,256.3743004575372,0,8,512,42,15.6.1,0.3.21,3.13.5,no_disponible_apple_silicon,70.7,7.8607177734375,56.9,Version: 0.3.21,no,plain_text_no_template,yes
2026-06-22T08:27:33.811996,qwen2.5-7b,q8,cpu,12,What is the difference between CPU and GPU architectures in the context of deep learning inference? ,Zheng et al. 2023,2,61.68749117851257,256,4.1499499348933115,1.6477556755433618,0.0,2.8694648480315625,0.028234976027618097,0.0,0.0491694687499997,0.0774044447776178,1.8387425856923108e-06,1.8387425856923107,26,61.68749117851257,PRY,10,Apple M4,1,Apple M4,16.0,31,256,287,0.00030236111241256956,0.3023611124125696,918.6954485031529,240.96676241606474,0,8,512,42,15.6.1,0.3.21,3.13.5,no_disponible_apple_silicon,68.0,7.8687591552734375,57.0,Version: 0.3.21,no,plain_text_no_template,yes
2026-06-22T08:28:42.732969,qwen2.5-7b,q8,cpu,12,What is the difference between CPU and GPU architectures in the context of deep learning inference? ,Zheng et al. 2023,3,64.2819299697876,256,3.9824566580424636,1.8288587326439463,0.0,2.8737634486053922,0.032656269160125734,0.0,0.05131418354249642,0.08397045270262217,1.9947181039507897e-06,1.9947181039507897,26,64.2819299697876,PRY,10,Apple M4,1,Apple M4,16.0,31,256,287,0.00032800958086961785,0.32800958086961784,846.8587321179288,251.1012889444828,0,8,512,42,15.6.1,0.3.21,3.13.5,no_disponible_apple_silicon,70.6,7.852569580078125,56.8,Version: 0.3.21,no,plain_text_no_template,yes
2026-06-22T08:29:53.378828,qwen2.5-7b,q8,cpu,12,What is the difference between CPU and GPU architectures in the context of deep learning inference? ,Zheng et al. 2023,4,64.00550293922424,256,3.99965609586854,1.8250179918723697,0.0,2.867819920942057,0.032447554011923355,0.0,0.05098784899417296,0.08343540300609632,1.982007998409818e-06,1.982007998409818,26,64.00550293922424,PRY,10,Apple M4,1,Apple M4,16.0,31,256,287,0.00032591954299256376,0.32591954299256376,852.2894185087747,250.0214958563447,0,8,512,42,15.6.1,0.3.21,3.13.5,no_disponible_apple_silicon,68.7,8.052993774414062,58.2,Version: 0.3.21,no,plain_text_no_template,yes
2026-06-22T08:31:01.447581,qwen2.5-7b,q8,cpu,12,What is the difference between CPU and GPU architectures in the context of deep learning inference? ,Zheng et al. 2023,5,63.44040083885193,256,4.035283456834993,1.8273703910888708,0.0,2.870292571424723,0.032202530581035435,0.0,0.05058125312665652,0.08278378370769195,1.9665287819762222e-06,1.9665287819762223,26,63.44040083885193,PRY,10,Apple M4,1,Apple M4,16.0,31,256,287,0.00032337415510817167,0.3233741551081717,858.9980782009575,247.81406577676535,0,8,512,42,15.6.1,0.3.21,3.13.5,no_disponible_apple_silicon,70.2,7.8479461669921875,56.8,Version: 0.3.21,no,plain_text_no_template,yes
2026-06-22T08:32:09.179840,qwen2.5-7b,q8,cpu,12,What is the difference between CPU and GPU architectures in the context of deep learning inference? ,Zheng et al. 2023,6,61.1609251499176,256,4.1856789996634785,1.8500750082726984,0.0,2.8702748744020226,0.03143119419519436,0.0,0.04876351854249757,0.08019471273769194,1.905025401083872e-06,1.905025401083872,26,61.1609251499176,PRY,10,Apple M4,1,Apple M4,16.0,31,256,287,0.00031326059663160913,0.3132605966316091,886.730666941943,238.90986386686563,0,8,512,42,15.6.1,0.3.21,3.13.5,no_disponible_apple_silicon,68.5,8.05657958984375,58.2,Version: 0.3.21,no,plain_text_no_template,yes
2026-06-22T08:33:15.030870,qwen2.5-7b,q8,cpu,12,What is the difference between CPU and GPU architectures in the context of deep learning inference? ,Zheng et al. 2023,7,61.25412583351135,256,4.1793103161052,1.8212973883649097,0.0,2.870867841212482,0.030989438724208274,0.0,0.04884791666583624,0.07983735539004451,1.8965363772905074e-06,1.8965363772905075,26,61.25412583351135,PRY,10,Apple M4,1,Apple M4,16.0,31,256,287,0.00031186466949236136,0.31186466949236136,890.6997327716902,239.27392903715372,0,8,512,42,15.6.1,0.3.21,3.13.5,no_disponible_apple_silicon,70.2,7.85308837890625,56.9,Version: 0.3.21,no,plain_text_no_template,yes
2026-06-22T08:34:23.031451,qwen2.5-7b,q8,cpu,12,What is the difference between CPU and GPU architectures in the context of deep learning inference? ,Zheng et al. 2023,8,61.42671823501587,256,4.167567588757639,1.7324629818885227,0.0005452142542738145,2.861334744460224,0.029560976511406024,9.30297843749775e-06,0.04882288975667203,0.07839316924651556,1.862229735450977e-06,1.862229735450977,26,61.42671823501587,PRY,10,Apple M4,1,Apple M4,16.0,31,256,287,0.0003062233173692014,0.3062233173692014,907.1085120630185,239.94811810553074,0,8,512,42,15.6.1,0.3.21,3.13.5,no_disponible_apple_silicon,68.4,7.86077880859375,57.0,Version: 0.3.21,no,plain_text_no_template,yes
2026-06-22T08:35:28.762586,qwen2.5-7b,q8,cpu,12,What is the difference between CPU and GPU architectures in the context of deep learning inference? ,Zheng et al. 2023,9,61.17748308181763,256,4.184546128804128,1.824769428155749,0.0,2.860932677941691,0.031009666894226767,0.0,0.048617961250832495,0.07962762814505926,1.8915543065858826e-06,1.8915543065858826,26,61.17748308181763,PRY,10,Apple M4,1,Apple M4,16.0,31,256,287,0.00031104542244163774,0.31104542244163774,893.0457024484839,238.9745432883501,0,8,512,42,15.6.1,0.3.21,3.13.5,no_disponible_apple_silicon,70.3,7.8840179443359375,57.0,Version: 0.3.21,no,plain_text_no_template,yes
2026-06-22T08:36:37.259763,qwen2.5-7b,q8,cpu,12,What is the difference between CPU and GPU architectures in the context of deep learning inference? ,Zheng et al. 2023,10,61.8803448677063,256,4.137016374865092,1.6476412345771583,0.0,2.871012677867062,0.028321279948302205,0.0,0.049349792951658554,0.07767107289996077,1.8450763367385677e-06,1.8450763367385676,26,61.8803448677063,PRY,10,Apple M4,1,Apple M4,16.0,31,256,287,0.00030340262851547174,0.30340262851547173,915.541764212543,241.72009713947773,0,8,512,42,15.6.1,0.3.21,3.13.5,no_disponible_apple_silicon,68.5,7.850189208984375,56.8,Version: 0.3.21,no,plain_text_no_template,yes
2026-06-22T08:37:45.395926,qwen2.5-7b,q8,cpu,13,Explain the ethical implications of deploying large language models in low-resource countries where ,Bender et al. 2021,1,63.528656005859375,256,4.02967756749629,1.839884606597158,0.0,2.8707714314966655,0.03246816562860743,0.0,0.050660069650833375,0.0831282352794408,1.974711229063116e-06,1.9747112290631161,26,63.528656005859375,PRY,10,Apple M4,1,Apple M4,16.0,32,256,288,0.0003247196690603156,0.32471966906031563,855.4387191315519,248.15881252288818,0,8,512,42,15.6.1,0.3.21,3.13.5,no_disponible_apple_silicon,70.5,7.894683837890625,57.1,Version: 0.3.21,no,plain_text_no_template,yes
2026-06-22T08:38:53.147155,qwen2.5-7b,q8,cpu,13,Explain the ethical implications of deploying large language models in low-resource countries where ,Bender et al. 2021,2,61.189302921295166,256,4.183737806741815,1.8355894825339307,0.0,2.86504017252023,0.03119956691275337,0.0,0.048697169721672255,0.07989673663442563,1.8979469787507806e-06,1.8979469787507806,26,61.189302921295166,PRY,10,Apple M4,1,Apple M4,16.0,32,256,288,0.00031209662747822513,0.31209662747822514,890.0377425486863,239.02071453630924,0,8,512,42,15.6.1,0.3.21,3.13.5,no_disponible_apple_silicon,68.1,7.8919830322265625,57.0,Version: 0.3.21,no,plain_text_no_template,yes
2026-06-22T08:40:04.525676,qwen2.5-7b,q8,cpu,13,Explain the ethical implications of deploying large language models in low-resource countries where ,Bender et al. 2021,3,66.72837781906128,256,3.836448724921234,1.7468244967450202,0.0,2.1961331151850403,0.032378545833998136,0.0,0.04070677784750539,0.07308532368150353,1.7361418640541161e-06,1.7361418640541162,26,66.72837781906128,PRY,10,Apple M4,1,Apple M4,16.0,32,256,288,0.00028548954563087316,0.28548954563087314,972.987564794872,260.6577258557081,0,8,512,42,15.6.1,0.3.21,3.13.5,no_disponible_apple_silicon,71.2,8.089752197265625,58.2,Version: 0.3.21,no,plain_text_no_template,yes
2026-06-22T08:41:13.239057,qwen2.5-7b,q8,cpu,13,Explain the ethical implications of deploying large language models in low-resource countries where ,Bender et al. 2021,4,62.02890110015869,256,4.1271084197773265,1.5861234933519661,0.0,2.8575345360193523,0.027329304806046475,0.0,0.049236035312508954,0.07656534011855541,1.8188096545162837e-06,1.8188096545162837,26,62.02890110015869,PRY,10,Apple M4,1,Apple M4,16.0,32,256,288,0.0002990833598381071,0.2990833598381071,928.7637330546843,242.3003949224949,0,8,512,42,15.6.1,0.3.21,3.13.5,no_disponible_apple_silicon,68.0,7.87750244140625,56.7,Version: 0.3.21,no,plain_text_no_template,yes
2026-06-22T08:42:22.073791,qwen2.5-7b,q8,cpu,13,Explain the ethical implications of deploying large language models in low-resource countries where ,Bender et al. 2021,5,64.2096540927887,256,3.9869394036924275,1.8703299063590706,0.0,2.874722792575868,0.03335923231297606,0.0,0.05127359892332001,0.08463283123629604,2.0104529060182126e-06,2.010452906018213,26,64.2096540927887,PRY,10,Apple M4,1,Apple M4,16.0,32,256,288,0.0003305969970167814,0.3305969970167814,840.2307954529831,250.81896129995584,0,8,512,42,15.6.1,0.3.21,3.13.5,no_disponible_apple_silicon,70.4,8.0648193359375,58.2,Version: 0.3.21,no,plain_text_no_template,yes
2026-06-22T08:43:29.241577,qwen2.5-7b,q8,cpu,13,Explain the ethical implications of deploying large language models in low-resource countries where ,Bender et al. 2021,6,60.53228712081909,256,4.229147983274417,2.0839002143000025,0.0,2.860707778617013,0.03503979058420672,0.0,0.0481014401733349,0.08314123075754161,1.9750199366454006e-06,1.9750199366454007,26,60.53228712081909,PRY,10,Apple M4,1,Apple M4,16.0,32,256,288,0.0003247704326466469,0.3247704326466469,855.305008876847,236.45424656569958,0,8,512,42,15.6.1,0.3.21,3.13.5,no_disponible_apple_silicon,68.0,7.864776611328125,56.8,Version: 0.3.21,no,plain_text_no_template,yes
2026-06-22T08:44:39.070410,qwen2.5-7b,q8,cpu,13,Explain the ethical implications of deploying large language models in low-resource countries where ,Bender et al. 2021,7,65.1861047744751,256,3.9272173246995705,1.7444896536355803,0.0,2.1839054042959534,0.0315879125944102,0.0,0.03954452402832734,0.07113243662273754,1.6897510319731301e-06,1.6897510319731301,26,65.1861047744751,PRY,10,Apple M4,1,Apple M4,16.0,32,256,288,0.0002778610805575685,0.2778610805575685,999.7001998998077,254.63322177529335,0,8,512,42,15.6.1,0.3.21,3.13.5,no_disponible_apple_silicon,70.5,7.8737335205078125,56.8,Version: 0.3.21,no,plain_text_no_template,yes
2026-06-22T08:45:47.482471,qwen2.5-7b,q8,cpu,13,Explain the ethical implications of deploying large language models in low-resource countries where ,Bender et al. 2021,8,61.81610918045044,256,4.141315320456321,1.6738918901017577,0.10987403102702888,2.8688174021486708,0.028742634398555775,0.0018866625272397266,0.04926086937499956,0.07989016630079505,1.8977909004753865e-06,1.8977909004753866,26,61.81610918045044,PRY,10,Apple M4,1,Apple M4,16.0,32,256,288,0.0003120709621124807,0.3120709621124807,890.1109411059447,241.46917648613453,0,8,512,42,15.6.1,0.3.21,3.13.5,no_disponible_apple_silicon,68.7,8.17724609375,58.8,Version: 0.3.21,no,plain_text_no_template,yes
2026-06-22T08:46:58.677188,qwen2.5-7b,q8,cpu,13,Explain the ethical implications of deploying large language models in low-resource countries where ,Bender et al. 2021,9,66.52917194366455,256,3.8479360635478104,1.7443647976735595,0.0,2.2039194719743516,0.032236429321361074,0.0,0.04072914930582556,0.07296557862718663,1.7332973202888181e-06,1.7332973202888182,26,66.52917194366455,PRY,10,Apple M4,1,Apple M4,16.0,32,256,288,0.00028502179151244775,0.2850217915124478,974.5843512658097,259.87957790493965,0,8,512,42,15.6.1,0.3.21,3.13.5,no_disponible_apple_silicon,71.1,7.9462127685546875,57.1,Version: 0.3.21,no,plain_text_no_template,yes
2026-06-22T08:48:17.517963,qwen2.5-7b,q8,cpu,13,Explain the ethical implications of deploying large language models in low-resource countries where ,Bender et al. 2021,10,72.17971014976501,256,3.546703075820448,1.6275325524240238,0.0,2.2617683856067,0.032631896637020354,0.0,0.04534827402749821,0.07798017066451857,1.8524189541356383e-06,1.8524189541356384,26,72.17971014976501,PRY,10,Apple M4,1,Apple M4,16.0,32,256,288,0.00030461004165827565,0.30461004165827565,911.9127401893093,281.9519927725196,0,8,512,42,15.6.1,0.3.21,3.13.5,no_disponible_apple_silicon,71.0,7.95379638671875,57.8,Version: 0.3.21,no,plain_text_no_template,yes
2026-06-22T08:49:50.565371,qwen2.5-7b,q8,cpu,14,"Translate the following paragraph to Spanish, then explain any cultural or linguistic nuances you co",Papineni et al. 2002,1,88.37662172317505,256,2.896693661836012,1.7175386380375928,0.0,2.2539947752242435,0.042163961807996,0.0,0.05533345656000165,0.09749741836799763,2.3160511733317836e-06,2.3160511733317835,26,88.37662172317505,PRY,10,Apple M4,1,Apple M4,16.0,71,256,327,0.00038084929049999076,0.3808492904999908,729.3640416478195,345.22117860615253,0,8,512,42,15.6.1,0.3.21,3.13.5,no_disponible_apple_silicon,77.1,8.06292724609375,58.4,Version: 0.3.21,no,plain_text_no_template,yes
2026-06-22T08:51:16.131074,qwen2.5-7b,q8,cpu,14,"Translate the following paragraph to Spanish, then explain any cultural or linguistic nuances you co",Papineni et al. 2002,2,78.92362904548645,256,3.243642025792532,1.9690892942092202,0.0,2.740439030918533,0.043168798059335343,0.0,0.06007927597166297,0.10324807403099831,2.4526579986063648e-06,2.4526579986063646,26,78.92362904548645,PRY,10,Apple M4,1,Apple M4,16.0,71,256,327,0.00040331278918358715,0.40331278918358715,688.7403157734576,308.29542595893145,0,8,512,42,15.6.1,0.3.21,3.13.5,no_disponible_apple_silicon,75.2,7.8911590576171875,57.3,Version: 0.3.21,no,plain_text_no_template,yes
2026-06-22T08:52:34.988071,qwen2.5-7b,q8,cpu,14,"Translate the following paragraph to Spanish, then explain any cultural or linguistic nuances you co",Papineni et al. 2002,3,73.99906992912292,256,3.459502940309918,1.7091183707251747,0.0,2.2951274747326273,0.0351314360645669,0.0,0.047177027360830834,0.08230846342539773,1.955237548670323e-06,1.955237548670323,26,73.99906992912292,PRY,10,Apple M4,1,Apple M4,16.0,71,256,327,0.0003215174352554599,0.3215174352554599,863.9586763220819,289.0588669106364,0,8,512,42,15.6.1,0.3.21,3.13.5,no_disponible_apple_silicon,77.0,7.85870361328125,57.2,Version: 0.3.21,no,plain_text_no_template,yes
2026-06-22T08:53:30.382627,qwen2.5-7b,q8,cpu,14,"Translate the following paragraph to Spanish, then explain any cultural or linguistic nuances you co",Papineni et al. 2002,4,49.12065291404724,256,5.211657109850643,4.249344698395988,0.07314278578035914,2.2789824465261415,0.05798071834501558,0.0009980059426343143,0.031095862709171338,0.09007458699682123,2.139721814109488e-06,2.139721814109488,26,49.12065291404724,PRY,10,Apple M4,1,Apple M4,16.0,71,256,327,0.00035185385545633295,0.35185385545633296,789.4691886138834,191.87755044549704,0,8,512,42,15.6.1,0.3.21,3.13.5,no_disponible_apple_silicon,73.7,8.24041748046875,59.1,Version: 0.3.21,no,plain_text_no_template,yes
2026-06-22T08:53:55.627734,qwen2.5-7b,q8,cpu,14,"Translate the following paragraph to Spanish, then explain any cultural or linguistic nuances you co",Papineni et al. 2002,5,20.98822808265686,256,12.197313607981025,9.658488689001873,0.0,2.5350389948821554,0.05630960098292576,0.0,0.014779437950837745,0.0710890389337635,1.6887201198715519e-06,1.6887201198715518,26,20.98822808265686,PRY,10,Apple M4,1,Apple M4,16.0,71,256,327,0.0002776915583350137,0.2776915583350137,1000.3104863658118,81.98526594787836,0,8,512,42,15.6.1,0.3.21,3.13.5,no_disponible_apple_silicon,73.2,7.93017578125,60.6,Version: 0.3.21,no,plain_text_no_template,yes
2026-06-22T08:54:20.038884,qwen2.5-7b,q8,cpu,14,"Translate the following paragraph to Spanish, then explain any cultural or linguistic nuances you co",Papineni et al. 2002,6,18.136073112487793,256,14.115514335003887,12.286999811206105,0.0,5.482299655514521,0.06189942414143268,0.0,0.027618718715827224,0.08951814285725991,2.126503483574209e-06,2.126503483574209,26,18.136073112487793,PRY,10,Apple M4,1,Apple M4,16.0,71,256,327,0.0003496802455361715,0.34968024553617155,794.3765234774863,70.84403559565544,0,8,512,42,15.6.1,0.3.21,3.13.5,no_disponible_apple_silicon,61.4,7.928802490234375,60.3,Version: 0.3.21,no,plain_text_no_template,yes
2026-06-22T08:54:42.316266,qwen2.5-7b,q8,cpu,14,"Translate the following paragraph to Spanish, then explain any cultural or linguistic nuances you co",Papineni et al. 2002,7,18.0537269115448,256,14.179897660703837,11.493283182698917,0.0,5.493519716728987,0.0576379433048602,0.0,0.027549584652503355,0.08518752795736355,2.0236297266271708e-06,2.0236297266271706,26,18.0537269115448,PRY,10,Apple M4,1,Apple M4,16.0,71,256,327,0.00033276378108345136,0.33276378108345134,834.7596510454242,70.52237074822187,0,8,512,42,15.6.1,0.3.21,3.13.5,no_disponible_apple_silicon,66.8,7.880889892578125,57.6,Version: 0.3.21,no,plain_text_no_template,yes
2026-06-22T08:55:06.581645,qwen2.5-7b,q8,cpu,14,"Translate the following paragraph to Spanish, then explain any cultural or linguistic nuances you co",Papineni et al. 2002,8,17.995344877243042,256,14.22590129538102,11.977619498092468,0.0,5.501566532752354,0.05987260935460129,0.0,0.027500718644993562,0.08737332799959485,2.0755534066303757e-06,2.075553406630376,26,17.995344877243042,PRY,10,Apple M4,1,Apple M4,16.0,71,256,327,0.0003413020624984174,0.3413020624984174,813.8766456445479,70.29431592673063,0,8,512,42,15.6.1,0.3.21,3.13.5,no_disponible_apple_silicon,61.3,7.89959716796875,57.8,Version: 0.3.21,no,plain_text_no_template,yes
2026-06-22T08:55:28.847930,qwen2.5-7b,q8,cpu,14,"Translate the following paragraph to Spanish, then explain any cultural or linguistic nuances you co",Papineni et al. 2002,9,17.99758267402649,256,14.224132464714312,12.036393412540363,0.0,5.501276312451046,0.06017388487202862,0.0,0.02750268756833369,0.08767657244036231,2.0827569783208067e-06,2.082756978320807,26,17.99758267402649,PRY,10,Apple M4,1,Apple M4,16.0,71,256,327,0.0003424866110951653,0.34248661109516526,811.0617138857812,70.30305732041597,0,8,512,42,15.6.1,0.3.21,3.13.5,no_disponible_apple_silicon,66.5,7.913970947265625,57.8,Version: 0.3.21,no,plain_text_no_template,yes
2026-06-22T08:55:53.340115,qwen2.5-7b,q8,cpu,14,"Translate the following paragraph to Spanish, then explain any cultural or linguistic nuances you co",Papineni et al. 2002,10,18.254154920578003,256,14.024204413396857,11.439212290967829,0.0,2.4927315972711033,0.05800365370241855,0.0,0.012639641320001827,0.07064329502242038,1.6781314732575959e-06,1.6781314732575958,26,18.254154920578003,PRY,10,Apple M4,1,Apple M4,16.0,71,256,327,0.0002759503711813296,0.2759503711813296,1006.6222291661547,71.30529265850782,0,8,512,42,15.6.1,0.3.21,3.13.5,no_disponible_apple_silicon,62.6,8.123977661132812,59.5,Version: 0.3.21,no,plain_text_no_template,yes
2026-06-22T08:56:18.425960,qwen2.5-7b,q8,cpu,15,The following is a summary of key findings from a research experiment on energy consumption in large,Villamayor 2026,1,20.846858024597168,256,12.280027987812172,10.050674408995619,0.0,2.5295644941682562,0.05820138401549547,0.0,0.014648186631663217,0.07284957064715869,1.7305415507232545e-06,1.7305415507232544,26,20.846858024597168,PRY,10,Apple M4,1,Apple M4,16.0,250,256,506,0.00028456863534046363,0.2845686353404636,976.1363104737067,81.43303915858269,0,8,512,42,15.6.1,0.3.21,3.13.5,no_disponible_apple_silicon,70.5,8.111892700195312,59.2,Version: 0.3.21,no,plain_text_no_template,yes
2026-06-22T08:56:42.860294,qwen2.5-7b,q8,cpu,15,The following is a summary of key findings from a research experiment on energy consumption in large,Villamayor 2026,2,18.18451189994812,256,14.077914293686947,11.506740672720227,,5.4755503295256975,0.05812346185908278,,0.027658391701673585,,0.0,0.0,26,18.18451189994812,PRY,10,Apple M4,1,Apple M4,16.0,250,256,506,,,0.0,71.03324960917234,0,8,512,42,15.6.1,0.3.21,3.13.5,no_disponible_apple_silicon,61.3,7.9092559814453125,57.9,Version: 0.3.21,no,plain_text_no_template,yes
2026-06-22T08:57:05.265189,qwen2.5-7b,q8,cpu,15,The following is a summary of key findings from a research experiment on energy consumption in large,Villamayor 2026,3,18.157065868377686,256,14.099194322241743,11.556761335029059,0.0,2.4829961694709515,0.058288021329234184,0.0,0.012523312500003764,0.07081133382923795,1.6821232351135472e-06,1.682123235113547,26,18.157065868377686,PRY,10,Apple M4,1,Apple M4,16.0,250,256,506,0.00027660677277046073,0.27660677277046075,1004.2334646964295,70.92603854835033,0,8,512,42,15.6.1,0.3.21,3.13.5,no_disponible_apple_silicon,66.7,7.8962249755859375,57.8,Version: 0.3.21,no,plain_text_no_template,yes
2026-06-22T08:57:30.443569,qwen2.5-7b,q8,cpu,15,The following is a summary of key findings from a research experiment on energy consumption in large,Villamayor 2026,4,18.115766048431396,256,14.131337273599119,11.961609273437924,0.0,5.484952684769431,0.060192698655652466,0.0,0.027601144339999637,0.08779384299565211,2.085542740361716e-06,2.0855427403617157,26,18.115766048431396,PRY,10,Apple M4,1,Apple M4,16.0,250,256,506,0.00034294469920176607,0.34294469920176607,809.9783388526779,70.76471112668514,0,8,512,42,15.6.1,0.3.21,3.13.5,no_disponible_apple_silicon,59.3,7.899078369140625,57.8,Version: 0.3.21,no,plain_text_no_template,yes
2026-06-22T08:57:53.031597,qwen2.5-7b,q8,cpu,15,The following is a summary of key findings from a research experiment on energy consumption in large,Villamayor 2026,5,18.354072093963623,256,13.947858474643049,11.41906729278065,0.0,2.470632021976151,0.058218440093755014,0.0,0.012596155069168164,0.07081459516292318,1.68220070809524e-06,1.68220070809524,26,18.354072093963623,PRY,10,Apple M4,1,Apple M4,16.0,250,256,506,0.0002766195123551687,0.2766195123551687,1004.1872151850299,71.6955941170454,0,8,512,42,15.6.1,0.3.21,3.13.5,no_disponible_apple_silicon,68.2,8.1197509765625,59.3,Version: 0.3.21,no,plain_text_no_template,yes
2026-06-22T08:58:17.548002,qwen2.5-7b,q8,cpu,15,The following is a summary of key findings from a research experiment on energy consumption in large,Villamayor 2026,6,18.163099765777588,256,14.094510480108035,12.588064122359931,0.0,5.478502693989427,0.06351062903123025,0.0,0.027640719721669788,0.09115134875290005,2.1653002896251403e-06,2.16530028962514,26,18.163099765777588,PRY,10,Apple M4,1,Apple M4,16.0,250,256,506,0.00035605995606601584,0.3560599560660158,780.1432681362124,70.9496084600687,0,8,512,42,15.6.1,0.3.21,3.13.5,no_disponible_apple_silicon,61.2,8.097793579101562,59.1,Version: 0.3.21,no,plain_text_no_template,yes
2026-06-22T08:58:40.003918,qwen2.5-7b,q8,cpu,15,The following is a summary of key findings from a research experiment on energy consumption in large,Villamayor 2026,7,18.20683717727661,256,14.060651913749505,12.456224272085796,0.0,5.47253557302886,0.0629967908793075,0.0,0.027677101145830725,0.09067389202513823,2.1539583050571585e-06,2.1539583050571585,26,18.20683717727661,PRY,10,Apple M4,1,Apple M4,16.0,250,256,506,0.0003541948907231962,0.3541948907231962,784.251227369797,71.12045772373676,0,8,512,42,15.6.1,0.3.21,3.13.5,no_disponible_apple_silicon,66.7,7.8914794921875,57.8,Version: 0.3.21,no,plain_text_no_template,yes
2026-06-22T08:59:05.666949,qwen2.5-7b,q8,cpu,15,The following is a summary of key findings from a research experiment on energy consumption in large,Villamayor 2026,8,19.376694917678833,256,13.211747467130307,11.14574762234474,0.0007671204635283823,2.5158230328799815,0.05999104202989396,4.128960885249399e-06,0.013541204270829135,0.07353637526160833,1.7468565943395059e-06,1.7468565943395058,26,19.376694917678833,PRY,10,Apple M4,1,Apple M4,16.0,250,256,506,0.00028725146586565755,0.28725146586565753,967.0195309209998,75.69021452218294,0,8,512,42,15.6.1,0.3.21,3.13.5,no_disponible_apple_silicon,74.1,8.078887939453125,58.7,Version: 0.3.21,no,plain_text_no_template,yes
2026-06-22T08:59:30.369481,qwen2.5-7b,q8,cpu,15,The following is a summary of key findings from a research experiment on energy consumption in large,Villamayor 2026,9,19.404635190963745,256,13.192724185776644,11.154555241316155,0.0016571198380464214,2.492703561546787,0.060125020881997934,8.932168312499926e-06,0.013436112014175402,0.07357006506448582,1.7476568956068606e-06,1.7476568956068605,26,19.404635190963745,PRY,10,Apple M4,1,Apple M4,16.0,250,256,506,0.00028738306665814775,0.2873830666581477,966.5767054681902,75.79935621470213,0,8,512,42,15.6.1,0.3.21,3.13.5,no_disponible_apple_silicon,77.3,8.070297241210938,58.6,Version: 0.3.21,no,plain_text_no_template,yes
2026-06-22T08:59:56.424703,qwen2.5-7b,q8,cpu,15,The following is a summary of key findings from a research experiment on energy consumption in large,Villamayor 2026,10,19.753638744354248,256,12.959637629961563,10.834046209824367,0.0,2.5130470209290743,0.05944773193569748,0.0,0.013789395277502385,0.07323712721319989,1.739747956949563e-06,1.739747956949563,26,19.753638744354248,PRY,10,Apple M4,1,Apple M4,16.0,250,256,506,0.00028608252817656206,0.28608252817656205,970.9707878641968,77.16265134513378,0,8,512,42,15.6.1,0.3.21,3.13.5,no_disponible_apple_silicon,75.7,8.101470947265625,59.7,Version: 0.3.21,no,plain_text_no_template,yes
2026-06-22T09:00:28.253523,qwen2.5-7b,q8,gpu,1,"If all roses are flowers and some flowers fade quickly, can we conclude that some roses fade quickly",Zheng et al. 2023,1,19.11360001564026,256,13.393604542865843,0.2832330678792442,9.323597241837655,2.5528882291705197,0.0015037787696240443,0.04950208566316991,0.01355413458250041,0.06455999901529436,1.5336227766083175e-06,1.5336227766083175,26,19.11360001564026,PRY,10,Apple M4,1,Apple M4,16.0,27,256,283,0.0002521874961534936,0.25218749615349356,1101.4732372326212,74.66250006109476,-1,8,512,42,15.6.1,0.3.21,3.13.5,no_disponible_apple_silicon,16.6,10.335922241210938,72.8,Version: 0.3.21,yes,plain_text_no_template,yes
2026-06-22T09:00:53.782346,qwen2.5-7b,q8,gpu,1,"If all roses are flowers and some flowers fade quickly, can we conclude that some roses fade quickly",Zheng et al. 2023,2,19.037811040878296,256,13.446924094913678,0.2587069938813635,9.153968533659286,2.550667919369959,0.0013681152401297375,0.048408756449430906,0.01348864829916541,0.06326551998872605,1.5028724273321873e-06,1.5028724273321874,26,19.037811040878296,PRY,10,Apple M4,1,Apple M4,16.0,27,256,283,0.00024713093745596114,0.24713093745596115,1124.0105372370786,74.36644937843084,-1,8,512,42,15.6.1,0.3.21,3.13.5,no_disponible_apple_silicon,16.1,10.354110717773438,72.9,Version: 0.3.21,yes,plain_text_no_template,yes
2026-06-22T09:01:17.322287,qwen2.5-7b,q8,gpu,1,"If all roses are flowers and some flowers fade quickly, can we conclude that some roses fade quickly",Zheng et al. 2023,3,19.039870977401733,256,13.44546926309765,0.2684539006347601,9.214849903979871,2.5515554863079575,0.0014198132309627938,0.048735987013305414,0.013494802014162512,0.06365060225843071,1.5120200566490214e-06,1.5120200566490214,26,19.039870977401733,PRY,10,Apple M4,1,Apple M4,16.0,27,256,283,0.00024863516507199495,0.24863516507199496,1117.2103418973109,74.37449600547552,-1,8,512,42,15.6.1,0.3.21,3.13.5,no_disponible_apple_silicon,16.0,10.39117431640625,73.0,Version: 0.3.21,yes,plain_text_no_template,yes
2026-06-22T09:01:42.853312,qwen2.5-7b,q8,gpu,1,"If all roses are flowers and some flowers fade quickly, can we conclude that some roses fade quickly",Zheng et al. 2023,4,19.037596225738525,256,13.447075826405651,0.2459340399959651,9.234311906253218,2.550515545778766,0.001300553597668837,0.04883308374827184,0.0134876903133348,0.06362132765927547,1.511324638546089e-06,1.511324638546089,26,19.037596225738525,PRY,10,Apple M4,1,Apple M4,16.0,27,256,283,0.0002485208111690448,0.24852081116904481,1117.7244129821877,74.36561025679111,-1,8,512,42,15.6.1,0.3.21,3.13.5,no_disponible_apple_silicon,16.3,10.42706298828125,73.3,Version: 0.3.21,yes,plain_text_no_template,yes
2026-06-22T09:02:06.572356,qwen2.5-7b,q8,gpu,1,"If all roses are flowers and some flowers fade quickly, can we conclude that some roses fade quickly",Zheng et al. 2023,5,19.172196865081787,256,13.35266906560152,0.2600644782729704,9.183984665816295,2.5548795135323386,0.001385002048628937,0.04891032278303399,0.013606292500001773,0.0639016173316647,1.517982919713695e-06,1.517982919713695,26,19.172196865081787,PRY,10,Apple M4,1,Apple M4,16.0,27,256,283,0.00024961569270181525,0.24961569270181524,1112.8217732272317,74.89139400422573,-1,8,512,42,15.6.1,0.3.21,3.13.5,no_disponible_apple_silicon,17.9,10.93756103515625,76.4,Version: 0.3.21,yes,plain_text_no_template,yes
2026-06-22T09:02:32.094836,qwen2.5-7b,q8,gpu,1,"If all roses are flowers and some flowers fade quickly, can we conclude that some roses fade quickly",Zheng et al. 2023,6,19.039396047592163,256,13.44580465473196,0.25936354669063477,9.35569494844294,2.549676300375609,0.0013717014682642103,0.04947966150662846,0.013484526910002993,0.06433588988489566,1.5282990642156966e-06,1.5282990642156966,26,19.039396047592163,PRY,10,Apple M4,1,Apple M4,16.0,27,256,283,0.0002513120698628737,0.2513120698628737,1105.3101346439303,74.37264081090689,-1,8,512,42,15.6.1,0.3.21,3.13.5,no_disponible_apple_silicon,16.1,10.539321899414062,74.0,Version: 0.3.21,yes,plain_text_no_template,yes
2026-06-22T09:02:55.698025,qwen2.5-7b,q8,gpu,1,"If all roses are flowers and some flowers fade quickly, can we conclude that some roses fade quickly",Zheng et al. 2023,7,19.11302876472473,256,13.394004851417224,0.2699731790697116,9.202568023626268,2.5538118448336906,0.001433334760350994,0.04885804092914024,0.013558633125000294,0.06385000881449154,1.5167569593882465e-06,1.5167569593882466,26,19.11302876472473,PRY,10,Apple M4,1,Apple M4,16.0,27,256,283,0.0002494140969316076,0.2494140969316076,1113.721241882923,74.66026861220598,-1,8,512,42,15.6.1,0.3.21,3.13.5,no_disponible_apple_silicon,18.3,10.594223022460938,74.3,Version: 0.3.21,yes,plain_text_no_template,yes
2026-06-22T09:03:21.251284,qwen2.5-7b,q8,gpu,1,"If all roses are flowers and some flowers fade quickly, can we conclude that some roses fade quickly",Zheng et al. 2023,8,19.047932863235474,256,13.439778575349091,0.28834971001580195,9.36056782990583,2.5503440504428956,0.0015256849770873368,0.049527629884946675,0.013494106180830084,0.0645474210428641,1.5333239868732365e-06,1.5333239868732365,26,19.047932863235474,PRY,10,Apple M4,1,Apple M4,16.0,27,256,283,0.00025213836344868787,0.2521383634486879,1101.68787477796,74.40598774701357,-1,8,512,42,15.6.1,0.3.21,3.13.5,no_disponible_apple_silicon,16.3,10.6253662109375,74.4,Version: 0.3.21,yes,plain_text_no_template,yes
2026-06-22T09:03:44.782881,qwen2.5-7b,q8,gpu,1,"If all roses are flowers and some flowers fade quickly, can we conclude that some roses fade quickly",Zheng et al. 2023,9,19.029531955718994,256,13.452774382244524,0.2658825964885197,9.097521168431292,2.5512024408676606,0.0014054503795410624,0.04808932494235924,0.01348560788166651,0.06298038320356682,1.4960990030007296e-06,1.4960990030007295,26,19.029531955718994,PRY,10,Apple M4,1,Apple M4,16.0,27,256,283,0.0002460171218889329,0.24601712188893288,1129.0993718038194,74.33410920202732,-1,8,512,42,15.6.1,0.3.21,3.13.5,no_disponible_apple_silicon,17.4,10.956832885742188,76.5,Version: 0.3.21,yes,plain_text_no_template,yes
2026-06-22T09:19:20.604643,qwen2.5-7b,q8,gpu,1,"If all roses are flowers and some flowers fade quickly, can we conclude that some roses fade quickly",Zheng et al. 2023,10,929.3582262992859,256,0.27545890567880876,0.027859831911537517,0.17206955844757615,0.05264390346532115,0.00719215665841743,0.04442062767748352,0.013590290208333801,0.06520307454423475,1.5488990357982965e-06,1.5488990357982966,26,929.3582262992859,PRY,10,Apple M4,1,Apple M4,16.0,27,256,283,0.000254699509938417,0.254699509938417,1090.6097850166293,3630.3055714815855,-1,8,512,42,15.6.1,0.3.21,3.13.5,no_disponible_apple_silicon,18.3,11.304153442382812,78.1,Version: 0.3.21,yes,plain_text_no_template,yes
2026-06-22T09:19:35.538180,qwen2.5-7b,q8,gpu,2,A farmer has 17 sheep. All but 9 die. How many sheep does the farmer have left? Explain your answer.,Zheng et al. 2023,1,11.489629745483398,151,13.142285987010023,1.2435177429928344,0.0,3.001480499278977,0.0039687662358130135,0.0,0.009579416562501138,0.013548182798314152,3.2183708237395264e-07,0.32183708237395264,26,11.489629745483398,PRY,10,Apple M4,1,Apple M4,16.0,27,151,178,8.972306488949769e-05,0.08972306488949769,3095.9461552042053,76.09026321512184,-1,8,512,42,15.6.1,0.3.21,3.13.5,no_disponible_apple_silicon,22.7,11.031723022460938,76.4,Version: 0.3.21,yes,plain_text_no_template,yes
2026-06-22T09:19:49.368451,qwen2.5-7b,q8,gpu,2,A farmer has 17 sheep. All but 9 die. How many sheep does the farmer have left? Explain your answer.,Zheng et al. 2023,2,10.178277015686035,135,13.263541539687672,0.6898510347216876,0.0,3.0006475633276906,0.0019504152585986063,0.0,0.00848372836833126,0.010434143626929867,2.4786308185771896e-07,0.24786308185771896,26,10.178277015686035,PRY,10,Apple M4,1,Apple M4,16.0,27,135,162,7.728995279207309e-05,0.07728995279207308,3593.9700794624737,75.3946445606373,-1,8,512,42,15.6.1,0.3.21,3.13.5,no_disponible_apple_silicon,16.5,10.972930908203125,76.0,Version: 0.3.21,yes,plain_text_no_template,yes
2026-06-22T09:34:38.268790,qwen2.5-7b,q8,gpu,2,A farmer has 17 sheep. All but 9 die. How many sheep does the farmer have left? Explain your answer.,Zheng et al. 2023,3,882.5083689689636,135,0.15297305356743618,0.02423596147681844,0.0,0.035767202028758764,0.005941233009250466,0.0,0.008768015312495362,0.014709248321745827,3.494181938830721e-07,0.3494181938830721,26,882.5083689689636,PRY,10,Apple M4,1,Apple M4,16.0,27,135,162,0.00010895739497589502,0.10895739497589502,2549.4164745700045,6537.09902939973,-1,8,512,42,15.6.1,0.3.21,3.13.5,no_disponible_apple_silicon,19.7,11.388336181640625,78.2,Version: 0.3.21,yes,plain_text_no_template,yes
2026-06-22T09:34:53.023933,qwen2.5-7b,q8,gpu,2,A farmer has 17 sheep. All but 9 die. How many sheep does the farmer have left? Explain your answer.,Zheng et al. 2023,4,10.3314847946167,135,13.066853669507678,0.8133349680849727,0.0,3.0001195124583893,0.002334154959916654,0.0,0.00860991364583242,0.010944068605749075,2.5997634972956924e-07,0.25997634972956923,26,10.3314847946167,PRY,10,Apple M4,1,Apple M4,16.0,27,135,162,8.106717485740056e-05,0.08106717485740056,3426.513607590208,76.52951699716074,-1,8,512,42,15.6.1,0.3.21,3.13.5,no_disponible_apple_silicon,21.5,11.45068359375,78.5,Version: 0.3.21,yes,plain_text_no_template,yes
2026-06-22T09:35:06.619730,qwen2.5-7b,q8,gpu,2,A farmer has 17 sheep. All but 9 die. How many sheep does the farmer have left? Explain your answer.,Zheng et al. 2023,5,10.174049139022827,135,13.269053270266214,0.7738187340974148,0.0,3.0000622866993027,0.002186908284834316,0.0,0.008478550312502194,0.010665458597336511,2.533579689797288e-07,0.2533579689797288,26,10.174049139022827,PRY,10,Apple M4,1,Apple M4,16.0,27,135,162,7.900339701730749e-05,0.07900339701730749,3516.0232124819167,75.36332695572465,-1,8,512,42,15.6.1,0.3.21,3.13.5,no_disponible_apple_silicon,16.9,11.43817138671875,78.4,Version: 0.3.21,yes,plain_text_no_template,yes
2026-06-22T09:35:23.218798,qwen2.5-7b,q8,gpu,2,A farmer has 17 sheep. All but 9 die. How many sheep does the farmer have left? Explain your answer.,Zheng et al. 2023,6,10.147727966308594,135,13.303470535297421,0.6912280084291169,0.0,3.000111796067307,0.001948442720064428,0.0,0.00845675510416792,0.010405197824232349,2.471754743146394e-07,0.2471754743146394,26,10.147727966308594,PRY,10,Apple M4,1,Apple M4,16.0,27,135,162,7.707553943875814e-05,0.07707553943875814,3603.9680007493366,75.16835530598959,-1,8,512,42,15.6.1,0.3.21,3.13.5,no_disponible_apple_silicon,15.6,11.434677124023438,78.5,Version: 0.3.21,yes,plain_text_no_template,yes
2026-06-22T09:49:08.596648,qwen2.5-7b,q8,gpu,2,A farmer has 17 sheep. All but 9 die. How many sheep does the farmer have left? Explain your answer.,Zheng et al. 2023,7,10.295151710510254,135,13.112968491972719,0.8355386192915368,0.0,3.000129623293287,0.0023894435682212892,0.0,0.00857966378416677,0.010969107352388058,2.605711451559783e-07,0.2605711451559783,26,10.295151710510254,PRY,10,Apple M4,1,Apple M4,16.0,27,135,162,8.125264705472636e-05,0.08125264705472636,3418.6920407735793,76.26038304081669,-1,8,512,42,15.6.1,0.3.21,3.13.5,no_disponible_apple_silicon,19.6,11.547027587890625,79.1,Version: 0.3.21,yes,plain_text_no_template,yes
2026-06-22T09:49:22.140863,qwen2.5-7b,q8,gpu,2,A farmer has 17 sheep. All but 9 die. How many sheep does the farmer have left? Explain your answer.,Zheng et al. 2023,8,10.134478092193604,135,13.320863568099076,0.7015165398342916,0.0,3.0000621367383986,0.001974862223406136,0.0,0.008445573333331898,0.010420435556738035,2.47537446650312e-07,0.247537446650312,26,10.134478092193604,PRY,10,Apple M4,1,Apple M4,16.0,27,135,162,7.718841153139285e-05,0.07718841153139284,3598.6979426931775,75.07020809032298,-1,8,512,42,15.6.1,0.3.21,3.13.5,no_disponible_apple_silicon,16.3,11.222702026367188,77.1,Version: 0.3.21,yes,plain_text_no_template,yes
2026-06-22T09:49:38.717847,qwen2.5-7b,q8,gpu,2,A farmer has 17 sheep. All but 9 die. How many sheep does the farmer have left? Explain your answer.,Zheng et al. 2023,9,10.138530731201172,135,13.315538866449316,0.7181399547260741,0.0,3.000157030386628,0.0020224677778593668,0.0,0.008449217847501132,0.010471685625360497,2.487548920304386e-07,0.24875489203043863,26,10.138530731201172,PRY,10,Apple M4,1,Apple M4,16.0,27,135,162,7.756804166933702e-05,0.077568041669337,3581.085351644046,75.1002276385272,-1,8,512,42,15.6.1,0.3.21,3.13.5,no_disponible_apple_silicon,16.1,11.237869262695312,77.1,Version: 0.3.21,yes,plain_text_no_template,yes
2026-06-22T09:49:53.330912,qwen2.5-7b,q8,gpu,2,A farmer has 17 sheep. All but 9 die. How many sheep does the farmer have left? Explain your answer.,Zheng et al. 2023,10,10.148842811584473,135,13.302009155753526,0.6632308698546937,0.0,3.000130550769955,0.0018697294016515906,0.0,0.008457737048332395,0.010327466449983986,2.4532896551936957e-07,0.24532896551936959,26,10.148842811584473,PRY,10,Apple M4,1,Apple M4,16.0,27,135,162,7.649975148136286e-05,0.07649975148136286,3631.093858461109,75.17661341914423,-1,8,512,42,15.6.1,0.3.21,3.13.5,no_disponible_apple_silicon,16.0,11.233489990234375,77.2,Version: 0.3.21,yes,plain_text_no_template,yes
2026-06-22T09:50:16.098132,qwen2.5-7b,q8,gpu,3,"Given that f(x) = 4x^3 - 9x - 14, find the value of f(2). Show all steps.",Zheng et al. 2023,1,19.30456280708313,256,13.2611135801568,0.7173000927029838,8.355883427958357,2.556891587925407,0.0038464346364198063,0.04480741012324645,0.013711020625002372,0.062364865384668615,1.481477377212803e-06,1.481477377212803,26,19.30456280708313,PRY,10,Apple M4,1,Apple M4,16.0,32,256,288,0.00024361275540886178,0.24361275540886176,1140.243158908391,75.40844846516848,-1,8,512,42,15.6.1,0.3.21,3.13.5,no_disponible_apple_silicon,15.8,11.201583862304688,76.9,Version: 0.3.21,yes,plain_text_no_template,yes
2026-06-22T09:50:41.827231,qwen2.5-7b,q8,gpu,3,"Given that f(x) = 4x^3 - 9x - 14, find the value of f(2). Show all steps.",Zheng et al. 2023,2,19.23918914794922,256,13.306174082044828,0.7233412375371718,8.563747258349652,2.5558298998393107,0.0038656941354136983,0.04576654258850569,0.013658915242497944,0.06329115196641734,1.503481314962244e-06,1.503481314962244,26,19.23918914794922,PRY,10,Apple M4,1,Apple M4,16.0,32,256,288,0.00024723106236881773,0.24723106236881773,1123.5553296429664,75.15308260917664,-1,8,512,42,15.6.1,0.3.21,3.13.5,no_disponible_apple_silicon,15.5,11.206283569335938,77.0,Version: 0.3.21,yes,plain_text_no_template,yes
2026-06-22T09:51:05.623534,qwen2.5-7b,q8,gpu,3,"Given that f(x) = 4x^3 - 9x - 14, find the value of f(2). Show all steps.",Zheng et al. 2023,3,19.287585020065308,256,13.27278659996456,0.3281325510748983,8.44027541777768,2.556036821080524,0.0017580234657522285,0.04522014714254285,0.013694382639168909,0.060672553247463984,1.441276502393507e-06,1.4412765023935068,26,19.287585020065308,PRY,10,Apple M4,1,Apple M4,16.0,32,256,288,0.0002370021611229062,0.23700216112290617,1172.0474465788768,75.34212898463011,-1,8,512,42,15.6.1,0.3.21,3.13.5,no_disponible_apple_silicon,18.0,11.433242797851562,78.3,Version: 0.3.21,yes,plain_text_no_template,yes
2026-06-22T09:51:31.377738,qwen2.5-7b,q8,gpu,3,"Given that f(x) = 4x^3 - 9x - 14, find the value of f(2). Show all steps.",Zheng et al. 2023,4,19.21493411064148,256,13.32297048357943,0.28596544195514173,4.644156315678454,2.5538332760582683,0.0015263353125245884,0.024788099334800272,0.013631038369173136,0.039945473016498,9.489047115069099e-07,0.9489047115069099,26,19.21493411064148,PRY,10,Apple M4,1,Apple M4,16.0,32,256,288,0.0001560370039706953,0.1560370039706953,1780.2045073228023,75.05833636969328,-1,8,512,42,15.6.1,0.3.21,3.13.5,no_disponible_apple_silicon,15.9,11.454788208007812,78.5,Version: 0.3.21,yes,plain_text_no_template,yes
2026-06-22T09:51:55.839597,qwen2.5-7b,q8,gpu,3,"Given that f(x) = 4x^3 - 9x - 14, find the value of f(2). Show all steps.",Zheng et al. 2023,5,19.910183906555176,256,12.85774160607905,0.21882363608599067,2.3820774546511814,2.556043008635684,0.0012102274548814384,0.013174333389378852,0.014136468437500297,0.02852102928176059,6.775170505882228e-07,0.6775170505882228,26,19.910183906555176,PRY,10,Apple M4,1,Apple M4,16.0,32,256,288,0.0001114102706318773,0.1114102706318773,2493.2869851435266,77.77415588498116,-1,8,512,42,15.6.1,0.3.21,3.13.5,no_disponible_apple_silicon,16.2,11.216583251953125,77.0,Version: 0.3.21,yes,plain_text_no_template,yes
2026-06-22T09:55:33.282486,qwen2.5-7b,q8,gpu,3,"Given that f(x) = 4x^3 - 9x - 14, find the value of f(2). Show all steps.",Zheng et al. 2023,6,210.948166847229,256,1.213568260990853,0.03109334259233514,0.7586800515256193,0.25336458500118475,0.0018219676725016569,0.04445615724802518,0.01484633187500246,0.06112445679552929,1.4520114711777982e-06,1.4520114711777983,26,210.948166847229,PRY,10,Apple M4,1,Apple M4,16.0,32,256,288,0.00023876740935753628,0.2387674093575363,1163.3822996413485,824.0162767469883,-1,8,512,42,15.6.1,0.3.21,3.13.5,no_disponible_apple_silicon,16.8,11.296127319335938,77.5,Version: 0.3.21,yes,plain_text_no_template,yes
2026-06-22T09:55:56.789470,qwen2.5-7b,q8,gpu,3,"Given that f(x) = 4x^3 - 9x - 14, find the value of f(2). Show all steps.",Zheng et al. 2023,7,19.032806158065796,256,13.450460109452191,0.29189486521482744,8.664199141951093,2.5510096474362185,0.0015432162189357092,0.04580667299545421,0.013486908924169256,0.06083679813855918,1.4451781397814732e-06,1.4451781397814731,26,19.032806158065796,PRY,10,Apple M4,1,Apple M4,16.0,32,256,288,0.0002376437427287468,0.2376437427287468,1168.8831971260488,74.34689905494452,-1,8,512,42,15.6.1,0.3.21,3.13.5,no_disponible_apple_silicon,16.1,11.288650512695312,77.4,Version: 0.3.21,yes,plain_text_no_template,yes
2026-06-22T09:56:38.232373,qwen2.5-7b,q8,gpu,3,"Given that f(x) = 4x^3 - 9x - 14, find the value of f(2). Show all steps.",Zheng et al. 2023,8,34.954511880874634,256,7.3238041736200135,0.221830669898099,4.817304882386473,1.435022817568316,0.002153884107359856,0.046774039095881494,0.013933478368338303,0.06286140157157967,1.493272594332875e-06,1.4932725943328748,26,34.954511880874634,PRY,10,Apple M4,1,Apple M4,16.0,32,256,288,0.0002455523498889831,0.24555234988898308,1131.2364874673942,136.54106203466654,-1,8,512,42,15.6.1,0.3.21,3.13.5,no_disponible_apple_silicon,18.1,11.428634643554688,78.3,Version: 0.3.21,yes,plain_text_no_template,yes
2026-06-22T09:57:01.930097,qwen2.5-7b,q8,gpu,3,"Given that f(x) = 4x^3 - 9x - 14, find the value of f(2). Show all steps.",Zheng et al. 2023,9,19.176006078720093,256,13.350016627502383,0.2846784833592543,4.990203998311058,2.5544028263715433,0.001516387868716077,0.026581161723796157,0.013606456701666806,0.04170400629417904,9.90678669518223e-07,0.9906786695182229,26,19.176006078720093,PRY,10,Apple M4,1,Apple M4,16.0,32,256,288,0.00016290627458663686,0.16290627458663687,1705.1386048979343,74.90627374500036,-1,8,512,42,15.6.1,0.3.21,3.13.5,no_disponible_apple_silicon,16.4,11.202896118164062,76.9,Version: 0.3.21,yes,plain_text_no_template,yes
2026-06-22T09:58:41.483708,qwen2.5-7b,q8,gpu,3,"Given that f(x) = 4x^3 - 9x - 14, find the value of f(2). Show all steps.",Zheng et al. 2023,10,93.11679291725159,256,2.749235578028282,0.0595845381866675,2.000800757090312,0.5627599059553999,0.001541200306499441,0.051752263824071894,0.01455622156249471,0.06784968569306604,1.6117692836387838e-06,1.6117692836387838,26,93.11679291725159,PRY,10,Apple M4,1,Apple M4,16.0,32,256,288,0.0002650378347385392,0.2650378347385392,1048.068393902352,363.737472333014,-1,8,512,42,15.6.1,0.3.21,3.13.5,no_disponible_apple_silicon,13.3,11.815216064453125,80.1,Version: 0.3.21,yes,plain_text_no_template,yes
2026-06-22T09:59:06.305351,qwen2.5-7b,q8,gpu,4,"Calculate the compound interest on $10,000 at an annual rate of 5% compounded annually over 3 years.",Zheng et al. 2023,1,20.344157934188843,256,12.583465033457388,0.14262914670888138,8.138357370378799,2.5827769411233676,0.0008060194129622427,0.045991118796626686,0.014595672777498597,0.06139281098708753,1.4583862249982642e-06,1.4583862249982642,26,20.344157934188843,PRY,10,Apple M4,1,Apple M4,16.0,34,256,290,0.00023981566791831066,0.23981566791831066,1158.297037841574,79.46936693042517,-1,8,512,42,15.6.1,0.3.21,3.13.5,no_disponible_apple_silicon,5.6,11.507186889648438,78.1,Version: 0.3.21,yes,plain_text_no_template,yes
2026-06-22T09:59:31.743880,qwen2.5-7b,q8,gpu,4,"Calculate the compound interest on $10,000 at an annual rate of 5% compounded annually over 3 years.",Zheng et al. 2023,2,18.980212926864624,256,13.487730669114738,0.12603240423963133,8.837789417661687,2.5515115431856086,0.000664478296709133,0.04659531248611382,0.01345228677083772,0.06071207755366068,1.4422154022872095e-06,1.4422154022872096,26,18.980212926864624,PRY,10,Apple M4,1,Apple M4,16.0,34,256,290,0.00023715655294398704,0.23715655294398705,1171.2844293338371,74.14145674556494,-1,8,512,42,15.6.1,0.3.21,3.13.5,no_disponible_apple_silicon,2.4,11.437149047851562,77.6,Version: 0.3.21,yes,plain_text_no_template,yes
2026-06-22T09:59:55.360356,qwen2.5-7b,q8,gpu,4,"Calculate the compound interest on $10,000 at an annual rate of 5% compounded annually over 3 years.",Zheng et al. 2023,3,19.161456823349,256,13.36015326809879,0.12413526530572076,8.92391892046918,2.54745300438268,0.000660725701780706,0.04749869085823261,0.013559141875830391,0.0617185584358437,1.4661243556434672e-06,1.466124355643467,26,19.161456823349,PRY,10,Apple M4,1,Apple M4,16.0,34,256,290,0.00024108811889001446,0.24108811889001447,1152.1836043048695,74.84944071620703,-1,8,512,42,15.6.1,0.3.21,3.13.5,no_disponible_apple_silicon,5.4,11.443527221679688,78.1,Version: 0.3.21,yes,plain_text_no_template,yes
2026-06-22T10:00:20.873432,qwen2.5-7b,q8,gpu,4,"Calculate the compound interest on $10,000 at an annual rate of 5% compounded annually over 3 years.",Zheng et al. 2023,4,19.025498867034912,256,13.455626146211909,0.12293266279818078,8.818349219455992,2.5538586315962717,0.0006496820102189926,0.04660374807885505,0.013496787361667277,0.06075021745074132,1.44312141554236e-06,1.44312141554236,26,19.025498867034912,PRY,10,Apple M4,1,Apple M4,16.0,34,256,290,0.0002373055369169583,0.2373055369169583,1170.5490794131035,74.31835494935513,-1,8,512,42,15.6.1,0.3.21,3.13.5,no_disponible_apple_silicon,2.6,11.27215576171875,76.9,Version: 0.3.21,yes,plain_text_no_template,yes
2026-06-22T10:00:44.456626,qwen2.5-7b,q8,gpu,4,"Calculate the compound interest on $10,000 at an annual rate of 5% compounded annually over 3 years.",Zheng et al. 2023,5,19.123963832855225,256,13.386346169521017,0.16379495924350285,8.92285399610107,2.5551762530026174,0.0008701135768268734,0.04740009364091238,0.01357363840249794,0.0618438456202372,1.4691005527087346e-06,1.4691005527087346,26,19.123963832855225,PRY,10,Apple M4,1,Apple M4,16.0,34,256,290,0.00024157752195405158,0.24157752195405158,1149.849437691523,74.70298372209072,-1,8,512,42,15.6.1,0.3.21,3.13.5,no_disponible_apple_silicon,5.0,11.377532958984375,77.4,Version: 0.3.21,yes,plain_text_no_template,yes
2026-06-22T10:01:09.942759,qwen2.5-7b,q8,gpu,4,"Calculate the compound interest on $10,000 at an annual rate of 5% compounded annually over 3 years.",Zheng et al. 2023,6,19.039082050323486,256,13.446026406280989,0.13561063763790054,8.979710645122852,2.5538077346107366,0.0007171950158012985,0.04749040215573812,0.013506154166667934,0.061713751338207355,1.4660101630391157e-06,1.4660101630391158,26,19.039082050323486,PRY,10,Apple M4,1,Apple M4,16.0,34,256,290,0.00024106934116487248,0.24106934116487247,1152.2733518726448,74.37141425907612,-1,8,512,42,15.6.1,0.3.21,3.13.5,no_disponible_apple_silicon,3.0,11.3890380859375,77.4,Version: 0.3.21,yes,plain_text_no_template,yes
2026-06-22T10:01:33.450103,qwen2.5-7b,q8,gpu,4,"Calculate the compound interest on $10,000 at an annual rate of 5% compounded annually over 3 years.",Zheng et al. 2023,7,19.033873796463013,256,13.449705653064246,0.1190444366902181,9.012390687001462,2.5537068160043037,0.0006294102178146228,0.04765019637244567,0.01350192590249814,0.06178153249275843,1.4676203043654764e-06,1.4676203043654763,26,19.033873796463013,PRY,10,Apple M4,1,Apple M4,16.0,34,256,290,0.00024133411129983762,0.24133411129983762,1151.0091809303406,74.35106951743364,-1,8,512,42,15.6.1,0.3.21,3.13.5,no_disponible_apple_silicon,2.8,11.465301513671875,77.9,Version: 0.3.21,yes,plain_text_no_template,yes
2026-06-22T10:01:59.059056,qwen2.5-7b,q8,gpu,4,"Calculate the compound interest on $10,000 at an annual rate of 5% compounded annually over 3 years.",Zheng et al. 2023,8,19.124496936798096,256,13.385973019108372,0.12700245210966324,8.959013743247288,2.552932877572364,0.0006746827795380838,0.047593508580406896,0.01356209916582884,0.06183029052577383,1.4687785514397573e-06,1.4687785514397573,26,19.124496936798096,PRY,10,Apple M4,1,Apple M4,16.0,34,256,290,0.00024152457236630402,0.24152457236630404,1150.1015199252313,74.70506615936756,-1,8,512,42,15.6.1,0.3.21,3.13.5,no_disponible_apple_silicon,4.6,11.56488037109375,78.4,Version: 0.3.21,yes,plain_text_no_template,yes
2026-06-22T10:02:22.576843,qwen2.5-7b,q8,gpu,4,"Calculate the compound interest on $10,000 at an annual rate of 5% compounded annually over 3 years.",Zheng et al. 2023,9,19.04008388519287,256,13.445318914749455,0.12446590145797075,8.999226249717205,2.5530695816840256,0.0006582892235016424,0.04759611741567923,0.013502960833332812,0.06175736747251368,1.4670462643095624e-06,1.4670462643095623,26,19.04008388519287,PRY,10,Apple M4,1,Apple M4,16.0,34,256,290,0.00024123971668950657,0.24123971668950656,1151.4595589386238,74.37532767653465,-1,8,512,42,15.6.1,0.3.21,3.13.5,no_disponible_apple_silicon,2.8,11.386886596679688,77.3,Version: 0.3.21,yes,plain_text_no_template,yes
2026-06-22T10:02:48.094460,qwen2.5-7b,q8,gpu,4,"Calculate the compound interest on $10,000 at an annual rate of 5% compounded annually over 3 years.",Zheng et al. 2023,10,19.03325915336609,256,13.450139985863936,0.12296919533710861,9.012398091267304,2.553675344581052,0.0006501401563144681,0.04764869679566458,0.013501323507492391,0.06180016045947143,1.4680628117147438e-06,1.4680628117147438,26,19.03325915336609,PRY,10,Apple M4,1,Apple M4,16.0,34,256,290,0.00024140687679481028,0.2414068767948103,1150.6622407193554,74.34866856783628,-1,8,512,42,15.6.1,0.3.21,3.13.5,no_disponible_apple_silicon,2.5,11.4012451171875,77.4,Version: 0.3.21,yes,plain_text_no_template,yes
2026-06-22T10:03:11.718104,qwen2.5-7b,q8,gpu,5,Write a short paragraph explaining the main idea behind neural networks to someone with no technical,Zheng et al. 2023,1,19.118887901306152,256,13.38990015117515,0.11795010683836697,8.923031698869119,2.5549653046342633,0.0006264096862749507,0.04738845633068891,0.013568915347508058,0.061583781364471915,1.4629227263130302e-06,1.4629227263130302,26,19.118887901306152,PRY,10,Apple M4,1,Apple M4,16.0,18,256,274,0.00024056164595496842,0.24056164595496843,1154.705176193282,74.68315586447716,-1,8,512,42,15.6.1,0.3.21,3.13.5,no_disponible_apple_silicon,2.9,11.304855346679688,76.8,Version: 0.3.21,yes,plain_text_no_template,yes
2026-06-22T10:03:37.230661,qwen2.5-7b,q8,gpu,5,Write a short paragraph explaining the main idea behind neural networks to someone with no technical,Zheng et al. 2023,2,19.037158727645874,256,13.447384857291508,0.12435162800256977,8.791997718088723,2.553391833384029,0.0006575838000905817,0.046492960025654256,0.013502590451668461,0.060653134277413305,1.4408152047599528e-06,1.4408152047599527,26,19.037158727645874,PRY,10,Apple M4,1,Apple M4,16.0,18,256,274,0.00023692630577114572,0.23692630577114573,1172.4226943634183,74.3639012798667,-1,8,512,42,15.6.1,0.3.21,3.13.5,no_disponible_apple_silicon,4.1,11.600143432617188,78.7,Version: 0.3.21,yes,plain_text_no_template,yes
2026-06-22T10:04:00.713280,qwen2.5-7b,q8,gpu,5,Write a short paragraph explaining the main idea behind neural networks to someone with no technical,Zheng et al. 2023,3,19.020240783691406,256,13.459345910042474,0.12453889517888053,9.01108206386037,2.5523389754154713,0.0006579888258992257,0.047609152937840876,0.013485028298334025,0.06175217006207414,1.466922799824571e-06,1.466922799824571,26,19.020240783691406,PRY,10,Apple M4,1,Apple M4,16.0,18,256,274,0.0002412194143049771,0.24121941430497712,1151.5564722604765,74.29781556129456,-1,8,512,42,15.6.1,0.3.21,3.13.5,no_disponible_apple_silicon,2.9,11.52117919921875,78.2,Version: 0.3.21,yes,plain_text_no_template,yes
2026-06-22T10:04:26.174361,qwen2.5-7b,q8,gpu,5,Write a short paragraph explaining the main idea behind neural networks to someone with no technical,Zheng et al. 2023,4,19.01630997657776,256,13.462128052987842,0.12300108658656159,8.982210220142798,2.553784129720056,0.0006497296638849822,0.047446803839172276,0.013489875173339291,0.06158640867639656,1.4629851381078e-06,1.4629851381078,26,19.01630997657776,PRY,10,Apple M4,1,Apple M4,16.0,18,256,274,0.00024057190889217406,0.24057190889217406,1154.6559158005418,74.28246084600687,-1,8,512,42,15.6.1,0.3.21,3.13.5,no_disponible_apple_silicon,2.4,11.282989501953125,76.7,Version: 0.3.21,yes,plain_text_no_template,yes
2026-06-22T10:04:49.656732,qwen2.5-7b,q8,gpu,5,Write a short paragraph explaining the main idea behind neural networks to someone with no technical,Zheng et al. 2023,5,19.025678157806396,256,13.455499345496971,0.11595222182500191,9.003578473944259,2.5528028275881796,0.0006127971261458503,0.04758310730939365,0.013491334721675232,0.06168723915721474,1.465380366179636e-06,1.4653803661796359,26,19.025678157806396,PRY,10,Apple M4,1,Apple M4,16.0,18,256,274,0.00024096577795787007,0.24096577795787008,1152.7685803846548,74.31905530393124,-1,8,512,42,15.6.1,0.3.21,3.13.5,no_disponible_apple_silicon,2.7,11.277786254882812,76.7,Version: 0.3.21,yes,plain_text_no_template,yes
2026-06-22T10:05:15.158201,qwen2.5-7b,q8,gpu,5,Write a short paragraph explaining the main idea behind neural networks to someone with no technical,Zheng et al. 2023,6,19.030309915542603,256,13.45222443229458,0.11995523217396137,8.972029540916344,2.5532278227017784,0.00063410701229482,0.0474279174264004,0.013496865764166917,0.06155889020286214,1.4623314367689902e-06,1.4623314367689901,26,19.030309915542603,PRY,10,Apple M4,1,Apple M4,16.0,18,256,274,0.00024046441485493024,0.24046441485493025,1155.1720779365974,74.33714810758829,-1,8,512,42,15.6.1,0.3.21,3.13.5,no_disponible_apple_silicon,3.0,11.366241455078125,77.1,Version: 0.3.21,yes,plain_text_no_template,yes
2026-06-22T10:05:38.794957,qwen2.5-7b,q8,gpu,5,Write a short paragraph explaining the main idea behind neural networks to someone with no technical,Zheng et al. 2023,7,19.091526985168457,256,13.409089812400941,0.17065091453944972,8.792573917127207,2.5510370014317063,0.0009049962611037723,0.04662879505775622,0.013528664375832401,0.061062455694692395,1.4505386350274178e-06,1.4505386350274179,26,19.091526985168457,PRY,10,Apple M4,1,Apple M4,16.0,18,256,274,0.00023852521755739217,0.23852521755739217,1164.5635653217294,74.57627728581429,-1,8,512,42,15.6.1,0.3.21,3.13.5,no_disponible_apple_silicon,6.1,11.799362182617188,80.0,Version: 0.3.21,yes,plain_text_no_template,yes
2026-06-22T10:06:04.420190,qwen2.5-7b,q8,gpu,5,Write a short paragraph explaining the main idea behind neural networks to someone with no technical,Zheng et al. 2023,8,19.117164850234985,256,13.39110699758669,0.1083872450714985,9.021901952581613,2.551054425751248,0.0005755713421374045,0.04790921858059989,0.013546924444168933,0.062031714366906236,1.4735633747858576e-06,1.4735633747858576,26,19.117164850234985,PRY,10,Apple M4,1,Apple M4,16.0,18,256,274,0.00024231138424572749,0.24231138424572748,1146.367013016953,74.67642519623041,-1,8,512,42,15.6.1,0.3.21,3.13.5,no_disponible_apple_silicon,4.5,11.328567504882812,77.1,Version: 0.3.21,yes,plain_text_no_template,yes
2026-06-22T10:06:28.090404,qwen2.5-7b,q8,gpu,5,Write a short paragraph explaining the main idea behind neural networks to someone with no technical,Zheng et al. 2023,9,19.18512511253357,256,13.343671125332207,0.9923000220935991,8.850308490096545,2.5540663971476008,0.005288166686954312,0.0471650765741723,0.013611134270831826,0.06606437753195844,1.5693592882716726e-06,1.5693592882716725,26,19.18512511253357,PRY,10,Apple M4,1,Apple M4,16.0,18,256,274,0.00025806397473421267,0.25806397473421266,1076.3911470551786,74.94189497083426,-1,8,512,42,15.6.1,0.3.21,3.13.5,no_disponible_apple_silicon,11.3,11.299728393554688,76.9,Version: 0.3.21,yes,plain_text_no_template,yes
2026-06-22T10:06:53.620753,qwen2.5-7b,q8,gpu,5,Write a short paragraph explaining the main idea behind neural networks to someone with no technical,Zheng et al. 2023,10,19.03449010848999,256,13.449270169092463,0.1376711709595427,9.06461104260536,2.5497281368917037,0.0007279168171815695,0.04792784700771691,0.013481326389167709,0.06213709021406619,1.4760665780351422e-06,1.476066578035142,26,19.03449010848999,PRY,10,Apple M4,1,Apple M4,16.0,18,256,274,0.00024272300864869604,0.24272300864869603,1144.4229342914007,74.35347698628902,-1,8,512,42,15.6.1,0.3.21,3.13.5,no_disponible_apple_silicon,3.1,11.297393798828125,76.9,Version: 0.3.21,yes,plain_text_no_template,yes
2026-06-22T10:07:17.598885,qwen2.5-7b,q8,gpu,6,Summarize the key contributions of the Transformer architecture as described in the paper Attention ,Vaswani et al. 2017,1,19.446732997894287,256,13.164164902542753,0.27538244556957475,8.866494402653082,2.5600178127291,0.0014875802475829657,0.047895652576588524,0.013828884131665596,0.06321211695583709,1.5016038382859101e-06,1.50160383828591,26,19.446732997894287,PRY,10,Apple M4,1,Apple M4,16.0,33,256,289,0.00024692233185873863,0.24692233185873863,1124.9601268818858,75.96380077302456,-1,8,512,42,15.6.1,0.3.21,3.13.5,no_disponible_apple_silicon,15.0,11.572738647460938,78.5,Version: 0.3.21,yes,plain_text_no_template,yes
2026-06-22T10:07:43.573263,qwen2.5-7b,q8,gpu,6,Summarize the key contributions of the Transformer architecture as described in the paper Attention ,Vaswani et al. 2017,2,19.44298791885376,256,13.166700564153423,0.39300348722377204,8.732113199633101,2.549930324747126,0.0021225450150442215,0.04716065873514717,0.013771740138327004,0.0630549438885184,1.4978701920717545e-06,1.4978701920717545,26,19.44298791885376,PRY,10,Apple M4,1,Apple M4,16.0,33,256,289,0.000246308374564525,0.246308374564525,1127.7642437813613,75.9491715580225,-1,8,512,42,15.6.1,0.3.21,3.13.5,no_disponible_apple_silicon,17.7,11.632553100585938,79.2,Version: 0.3.21,yes,plain_text_no_template,yes
2026-06-22T10:08:07.365843,qwen2.5-7b,q8,gpu,6,Summarize the key contributions of the Transformer architecture as described in the paper Attention ,Vaswani et al. 2017,3,19.236902713775635,256,13.307755609569996,0.27852455278618415,8.975984887751954,2.553993727785584,0.001488319368151581,0.04796393001277907,0.013647480242501236,0.0630997296234319,1.4989340772046245e-06,1.4989340772046245,26,19.236902713775635,PRY,10,Apple M4,1,Apple M4,16.0,33,256,289,0.00024648331884153085,0.24648331884153085,1126.9638005660204,75.14415122568607,-1,8,512,42,15.6.1,0.3.21,3.13.5,no_disponible_apple_silicon,16.3,11.640151977539062,79.2,Version: 0.3.21,yes,plain_text_no_template,yes
2026-06-22T10:08:33.182148,qwen2.5-7b,q8,gpu,6,Summarize the key contributions of the Transformer architecture as described in the paper Attention ,Vaswani et al. 2017,4,19.226596117019653,256,13.314889356488079,0.2915953377984607,8.867580814174504,2.554090260133103,0.0015573293859602552,0.04735927634699042,0.01364068385499801,0.06255728958794868,1.4860484141617207e-06,1.4860484141617207,26,19.226596117019653,PRY,10,Apple M4,1,Apple M4,16.0,33,256,289,0.0002443644124529245,0.24436441245292453,1136.7358077612473,75.10389108210802,-1,8,512,42,15.6.1,0.3.21,3.13.5,no_disponible_apple_silicon,15.9,11.408416748046875,77.6,Version: 0.3.21,yes,plain_text_no_template,yes
2026-06-22T10:08:56.918462,qwen2.5-7b,q8,gpu,6,Summarize the key contributions of the Transformer architecture as described in the paper Attention ,Vaswani et al. 2017,5,19.220068216323853,256,13.319411623241582,0.28244658056624994,8.78681339579574,2.5542566535386,0.0015079562627640928,0.046911986908695094,0.013636940867503047,0.062056884038962236,1.4741612803455479e-06,1.474161280345548,26,19.220068216323853,PRY,10,Apple M4,1,Apple M4,16.0,33,256,289,0.00024240970327719623,0.24240970327719624,1145.9020576422142,75.07839147001505,-1,8,512,42,15.6.1,0.3.21,3.13.5,no_disponible_apple_silicon,16.4,11.307037353515625,77.0,Version: 0.3.21,yes,plain_text_no_template,yes
2026-06-22T10:09:22.738127,qwen2.5-7b,q8,gpu,6,Summarize the key contributions of the Transformer architecture as described in the paper Attention ,Vaswani et al. 2017,6,19.312494039535522,256,13.255667521550052,0.8092313005515933,8.773827024695116,2.5577249705233496,0.004341187407918951,0.04706791169953892,0.013721124513334265,0.06513022362079213,1.547168462111917e-06,1.5471684621119168,26,19.312494039535522,PRY,10,Apple M4,1,Apple M4,16.0,33,256,289,0.00025441493601871925,0.25441493601871923,1091.829678416913,75.43942984193563,-1,8,512,42,15.6.1,0.3.21,3.13.5,no_disponible_apple_silicon,16.0,11.36370849609375,77.3,Version: 0.3.21,yes,plain_text_no_template,yes
2026-06-22T10:09:46.619111,qwen2.5-7b,q8,gpu,6,Summarize the key contributions of the Transformer architecture as described in the paper Attention ,Vaswani et al. 2017,7,19.38413119316101,256,13.206679084503945,0.2701803397046438,8.743789691680584,2.5542765951501503,0.0014547808751798955,0.047080768474707026,0.013753453506669757,0.062289002856556676,1.4796752628575038e-06,1.4796752628575038,26,19.38413119316101,PRY,10,Apple M4,1,Apple M4,16.0,33,256,289,0.00024331641740842452,0.24331641740842452,1141.6318748089543,75.7192624732852,-1,8,512,42,15.6.1,0.3.21,3.13.5,no_disponible_apple_silicon,18.0,11.514144897460938,78.3,Version: 0.3.21,yes,plain_text_no_template,yes
2026-06-22T10:10:12.369557,qwen2.5-7b,q8,gpu,6,Summarize the key contributions of the Transformer architecture as described in the paper Attention ,Vaswani et al. 2017,8,19.219278812408447,256,13.319958698695812,0.29888313089666413,8.892526388374273,2.553392499895729,0.0015956439513968215,0.047474428890240186,0.013631767325835728,0.06270184016747274,1.4894822131783149e-06,1.489482213178315,26,19.219278812408447,PRY,10,Apple M4,1,Apple M4,16.0,33,256,289,0.0002449290631541904,0.24492906315419039,1134.1152176902262,75.0753078609705,-1,8,512,42,15.6.1,0.3.21,3.13.5,no_disponible_apple_silicon,15.9,11.503952026367188,78.2,Version: 0.3.21,yes,plain_text_no_template,yes
2026-06-22T10:11:25.919995,qwen2.5-7b,q8,gpu,6,Summarize the key contributions of the Transformer architecture as described in the paper Attention ,Vaswani et al. 2017,9,69.0771861076355,256,3.7059992513462103,0.0800750427457324,1.8581045788501835,0.7165163227246191,0.001536488508423285,0.03565350994463439,0.013748592048335315,0.05093859050139299,1.2100462173605903e-06,1.2100462173605904,26,69.0771861076355,PRY,10,Apple M4,1,Apple M4,16.0,33,256,289,0.00019897886914606636,0.19897886914606636,1396.0164663206863,269.83275823295116,-1,8,512,42,15.6.1,0.3.21,3.13.5,no_disponible_apple_silicon,17.5,11.3734130859375,77.3,Version: 0.3.21,yes,plain_text_no_template,yes
2026-06-22T10:11:51.602846,qwen2.5-7b,q8,gpu,6,Summarize the key contributions of the Transformer architecture as described in the paper Attention ,Vaswani et al. 2017,10,19.156548261642456,256,13.36357659550776,0.28755168425963423,8.738695312267396,2.553264356759745,0.0015301382547878491,0.0465008995814553,0.013586592187499871,0.06161763002374302,1.4637268012140153e-06,1.4637268012140154,26,19.156548261642456,PRY,10,Apple M4,1,Apple M4,16.0,33,256,289,0.00024069386728024618,0.24069386728024617,1154.070857378156,74.83026664704084,-1,8,512,42,15.6.1,0.3.21,3.13.5,no_disponible_apple_silicon,16.0,11.3919677734375,77.4,Version: 0.3.21,yes,plain_text_no_template,yes
2026-06-22T10:12:23.325913,qwen2.5-7b,q8,gpu,7,"Extract the names, roles and organizations from the following text and present them in a table:

""Dr",Zheng et al. 2023,1,27.21072268486023,256,9.408055896377784,0.2337422073549228,1.8127328146916422,1.9197981520744982,0.0017667484400227505,0.013701602756200111,0.01451085975750175,0.029979210953724612,7.121561562057281e-07,0.7121561562057281,26,27.21072268486023,PRY,10,Apple M4,1,Apple M4,16.0,71,256,327,0.00011710629278798677,0.11710629278798677,2372.014100733905,106.29188548773527,-1,8,512,42,15.6.1,0.3.21,3.13.5,no_disponible_apple_silicon,13.6,11.343109130859375,77.2,Version: 0.3.21,yes,plain_text_no_template,yes
2026-06-22T10:12:52.900256,qwen2.5-7b,q8,gpu,7,"Extract the names, roles and organizations from the following text and present them in a table:

""Dr",Zheng et al. 2023,2,23.059234142303467,256,11.10184312367745,1.153263723694708,1.9871550255319936,2.518160713519608,0.0073870495090280685,0.012728409169665908,0.01612968263916628,0.03624514131786025,8.610033320057701e-07,0.8610033320057701,26,23.059234142303467,PRY,10,Apple M4,1,Apple M4,16.0,71,256,327,0.0001415825832728916,0.14158258327289158,1961.9487888731232,90.07513336837292,-1,8,512,42,15.6.1,0.3.21,3.13.5,no_disponible_apple_silicon,13.5,10.968215942382812,81.0,Version: 0.3.21,yes,plain_text_no_template,yes
2026-06-22T10:24:48.680176,qwen2.5-7b,q8,gpu,7,"Extract the names, roles and organizations from the following text and present them in a table:

""Dr",Zheng et al. 2023,3,711.3309540748596,256,0.3598887388964362,0.003583804005570592,0.22187089481306863,0.08000758936181732,0.0007081307562499536,0.0438398986913397,0.01580885413165864,0.060356883579248295,1.4337777694250431e-06,1.433777769425043,26,711.3309540748596,PRY,10,Apple M4,1,Apple M4,16.0,71,256,327,0.00023576907648143865,0.23576907648143866,1178.1773162251257,2778.6365393549204,-1,8,512,42,15.6.1,0.3.21,3.13.5,no_disponible_apple_silicon,4.1,11.141311645507812,78.7,Version: 0.3.21,yes,plain_text_no_template,yes
2026-06-22T10:25:14.105237,qwen2.5-7b,q8,gpu,7,"Extract the names, roles and organizations from the following text and present them in a table:

""Dr",Zheng et al. 2023,4,18.961647748947144,256,13.500936384297855,0.22084646169770356,8.68699459559434,2.549217986695198,0.0011632257814758896,0.04575548097740762,0.013427048194165158,0.06034575495304866,1.4335134089096709e-06,1.4335134089096708,26,18.961647748947144,PRY,10,Apple M4,1,Apple M4,16.0,71,256,327,0.00023572560528534634,0.23572560528534633,1178.3945890881357,74.06893651932478,-1,8,512,42,15.6.1,0.3.21,3.13.5,no_disponible_apple_silicon,4.9,11.1715087890625,78.9,Version: 0.3.21,yes,plain_text_no_template,yes
2026-06-22T10:27:56.334915,qwen2.5-7b,q8,gpu,7,"Extract the names, roles and organizations from the following text and present them in a table:

""Dr",Zheng et al. 2023,5,157.77261900901794,256,1.622588264097762,0.02528500025746499,1.0430206706153184,0.31224769661199575,0.001108133531184429,0.04571113968986695,0.013684482465002173,0.06050375568605355,1.437266716322202e-06,1.437266716322202,26,157.77261900901794,PRY,10,Apple M4,1,Apple M4,16.0,71,256,327,0.00023634279564864667,0.23634279564864666,1175.3173055917025,616.2992930039763,-1,8,512,42,15.6.1,0.3.21,3.13.5,no_disponible_apple_silicon,5.6,11.19232177734375,79.0,Version: 0.3.21,yes,plain_text_no_template,yes
2026-06-22T10:28:21.872037,qwen2.5-7b,q8,gpu,7,"Extract the names, roles and organizations from the following text and present them in a table:

""Dr",Zheng et al. 2023,6,19.027119159698486,256,13.454480305260079,0.37075792929041607,8.617779133143163,2.550070873512517,0.0019595709166699477,0.045547641793966136,0.013477917326666406,0.060985130037302486,1.4487017640361205e-06,1.4487017640361204,26,19.027119159698486,PRY,10,Apple M4,1,Apple M4,16.0,71,256,327,0.00023822316420821284,0.23822316420821282,1166.0401653257918,74.32468421757221,-1,8,512,42,15.6.1,0.3.21,3.13.5,no_disponible_apple_silicon,6.2,11.41729736328125,80.2,Version: 0.3.21,yes,plain_text_no_template,yes
2026-06-22T10:28:45.475627,qwen2.5-7b,q8,gpu,7,"Extract the names, roles and organizations from the following text and present them in a table:

""Dr",Zheng et al. 2023,7,19.11121392250061,256,13.395276775097896,0.21647886654856466,8.764422753526171,2.5508022906178756,0.0011492149800861335,0.04652743281940847,0.01354136895833411,0.06121801675782871,1.4542339880822209e-06,1.4542339880822208,26,19.11121392250061,PRY,10,Apple M4,1,Apple M4,16.0,71,256,327,0.0002391328779602684,0.2391328779602684,1161.6042935924945,74.65317938476801,-1,8,512,42,15.6.1,0.3.21,3.13.5,no_disponible_apple_silicon,6.5,11.283462524414062,79.3,Version: 0.3.21,yes,plain_text_no_template,yes
2026-06-22T10:29:11.218421,qwen2.5-7b,q8,gpu,7,"Extract the names, roles and organizations from the following text and present them in a table:

""Dr",Zheng et al. 2023,8,19.231417179107666,256,13.311551489721172,0.13717801821690112,4.435713834184311,2.5557784064079994,0.0007328132489256823,0.02369585089787158,0.01365312243082978,0.03808178657762704,9.046328401515304e-07,0.9046328401515303,26,19.231417179107666,PRY,10,Apple M4,1,Apple M4,16.0,71,256,327,0.00014875697881885564,0.14875697881885563,1867.3260238501707,75.12272335588932,-1,8,512,42,15.6.1,0.3.21,3.13.5,no_disponible_apple_silicon,5.2,11.01812744140625,77.7,Version: 0.3.21,yes,plain_text_no_template,yes
2026-06-22T10:29:35.933889,qwen2.5-7b,q8,gpu,7,"Extract the names, roles and organizations from the following text and present them in a table:

""Dr",Zheng et al. 2023,9,20.197202920913696,256,12.67502242773025,0.17984530071433807,2.201232345140218,2.5642915360505745,0.0010089922313611752,0.012349648986354364,0.014386532361665257,0.027745173579380795,6.590865983781907e-07,0.6590865983781907,26,20.197202920913696,PRY,10,Apple M4,1,Apple M4,16.0,71,256,327,0.00010837958429445623,0.10837958429445622,2563.0083339596877,78.89532390981913,-1,8,512,42,15.6.1,0.3.21,3.13.5,no_disponible_apple_silicon,4.6,11.024200439453125,77.7,Version: 0.3.21,yes,plain_text_no_template,yes
2026-06-22T10:30:06.713806,qwen2.5-7b,q8,gpu,7,"Extract the names, roles and organizations from the following text and present them in a table:

""Dr",Zheng et al. 2023,10,24.252186059951782,256,10.555749463869525,0.12461847386164893,1.3373913770039474,2.6437345417644944,0.0008395195596110967,0.009009629030576349,0.0178100949999983,0.027659243590185744,6.570453314848622e-07,0.6570453314848622,26,24.252186059951782,PRY,10,Apple M4,1,Apple M4,16.0,71,256,327,0.00010804392027416306,0.10804392027416307,2570.9709262021643,94.73510179668665,-1,8,512,42,15.6.1,0.3.21,3.13.5,no_disponible_apple_silicon,5.4,11.056915283203125,77.9,Version: 0.3.21,yes,plain_text_no_template,yes
2026-06-22T10:30:41.473595,qwen2.5-7b,q8,gpu,8,"Given the following data, identify the month with the highest average temperature and the month with",Zheng et al. 2023,1,30.172438144683838,256,8.484564580840987,1.581276307569322,0.8528451967497879,3.906595667203198,0.013253044883274839,0.00714789415164547,0.03274208781249399,0.05314302684741431,1.2624126027603268e-06,1.2624126027603269,26,30.172438144683838,PRY,10,Apple M4,1,Apple M4,16.0,109,256,365,0.00020758994862271214,0.20758994862271213,1338.108032786451,117.86108650267124,-1,8,512,42,15.6.1,0.3.21,3.13.5,no_disponible_apple_silicon,6.8,11.28057861328125,79.2,Version: 0.3.21,yes,plain_text_no_template,yes
2026-06-22T10:31:19.710872,qwen2.5-7b,q8,gpu,8,"Given the following data, identify the month with the highest average temperature and the month with",Zheng et al. 2023,2,31.576097011566162,256,8.107398450993754,0.19808043156919006,0.7382371504079863,3.8610432190312514,0.0017373908120337884,0.006475179966340205,0.03386574312499458,0.04207831390336857,9.995703467745203e-07,0.9995703467745203,26,31.576097011566162,PRY,10,Apple M4,1,Apple M4,16.0,109,256,365,0.00016436841368503346,0.16436841368503347,1689.9705457403875,123.34412895143032,-1,8,512,42,15.6.1,0.3.21,3.13.5,no_disponible_apple_silicon,4.4,10.98358154296875,77.4,Version: 0.3.21,yes,plain_text_no_template,yes
2026-06-22T10:31:58.928222,qwen2.5-7b,q8,gpu,8,"Given the following data, identify the month with the highest average temperature and the month with",Zheng et al. 2023,3,34.67115521430969,256,7.383659368071535,0.15575509916141284,1.0012233796792356,2.4957098874014125,0.0015000581162348727,0.009642658666959583,0.024035873576661593,0.03517859035985604,8.356674139983802e-07,0.8356674139983802,26,34.67115521430969,PRY,10,Apple M4,1,Apple M4,16.0,109,256,365,0.00013741636859318767,0.13741636859318768,2021.4315122830897,135.43420005589724,-1,8,512,42,15.6.1,0.3.21,3.13.5,no_disponible_apple_silicon,5.2,10.995574951171875,77.5,Version: 0.3.21,yes,plain_text_no_template,yes
2026-06-22T10:32:39.583605,qwen2.5-7b,q8,gpu,8,"Given the following data, identify the month with the highest average temperature and the month with",Zheng et al. 2023,4,34.11258602142334,256,7.504561508155002,0.2701928683880743,1.0022352070216811,2.4855839043910724,0.0025602715181286947,0.009496898531451702,0.023552692986668265,0.03560986303624865,8.459122964260866e-07,0.8459122964260867,26,34.11258602142334,PRY,10,Apple M4,1,Apple M4,16.0,109,256,365,0.00013910102748534628,0.13910102748534628,1996.9498629838697,133.25228914618492,-1,8,512,42,15.6.1,0.3.21,3.13.5,no_disponible_apple_silicon,6.0,11.2791748046875,79.3,Version: 0.3.21,yes,plain_text_no_template,yes
2026-06-22T10:33:18.283739,qwen2.5-7b,q8,gpu,8,"Given the following data, identify the month with the highest average temperature and the month with",Zheng et al. 2023,5,34.146584033966064,256,7.49708959892894,0.1414600697774512,1.11538373848527,2.4825073436526783,0.001341771711140678,0.01057959571008514,0.023546984895826125,0.03546835231705194,8.425507092915689e-07,0.8425507092915688,26,34.146584033966064,PRY,10,Apple M4,1,Apple M4,16.0,109,256,365,0.00013854825123848415,0.13854825123848416,2004.9172421500782,133.38509388267994,-1,8,512,42,15.6.1,0.3.21,3.13.5,no_disponible_apple_silicon,5.1,10.985702514648438,77.4,Version: 0.3.21,yes,plain_text_no_template,yes
2026-06-22T10:33:57.651918,qwen2.5-7b,q8,gpu,8,"Given the following data, identify the month with the highest average temperature and the month with",Zheng et al. 2023,6,32.67562007904053,256,7.83458735842656,0.3404666645691132,0.7791461966470887,3.824748017656045,0.0030902664947329087,0.007071968085463798,0.0347155592008312,0.04487779378102791,1.0660719912683178e-06,1.0660719912683179,26,32.67562007904053,PRY,10,Apple M4,1,Apple M4,16.0,109,256,365,0.00017530388195714027,0.17530388195714028,1584.5500662996797,127.63914093375206,-1,8,512,42,15.6.1,0.3.21,3.13.5,no_disponible_apple_silicon,5.2,11.00537109375,77.5,Version: 0.3.21,yes,plain_text_no_template,yes
2026-06-22T10:34:37.254837,qwen2.5-7b,q8,gpu,8,"Given the following data, identify the month with the highest average temperature and the month with",Zheng et al. 2023,7,35.03042197227478,256,7.307933664133823,0.22533103885657382,1.1095095407878743,2.4840678322369687,0.002192622604054674,0.01079627427668446,0.024171651214170805,0.03716054809490993,8.827488199945853e-07,0.8827488199945853,26,35.03042197227478,PRY,10,Apple M4,1,Apple M4,16.0,109,256,365,0.0001451583909957419,0.1451583909957419,1913.6184678839966,136.83758582919836,-1,8,512,42,15.6.1,0.3.21,3.13.5,no_disponible_apple_silicon,8.2,11.276504516601562,79.2,Version: 0.3.21,yes,plain_text_no_template,yes
2026-06-22T10:35:17.679347,qwen2.5-7b,q8,gpu,8,"Given the following data, identify the month with the highest average temperature and the month with",Zheng et al. 2023,8,33.7124547958374,256,7.593632725659872,0.24577331564477636,1.2078446718750715,2.4642768305103386,0.0023015616093604446,0.01131094691693928,0.02307689479250257,0.0366894033188023,8.715567758381486e-07,0.8715567758381486,26,33.7124547958374,PRY,10,Apple M4,1,Apple M4,16.0,109,256,365,0.00014331798171407148,0.14331798171407148,1938.1920848701466,131.68927654623985,-1,8,512,42,15.6.1,0.3.21,3.13.5,no_disponible_apple_silicon,5.5,11.006378173828125,77.5,Version: 0.3.21,yes,plain_text_no_template,yes
2026-06-22T10:35:57.208374,qwen2.5-7b,q8,gpu,8,"Given the following data, identify the month with the highest average temperature and the month with",Zheng et al. 2023,9,35.00550174713135,256,7.313136142120255,0.33736217695068943,1.0098087969001275,2.4931176536031106,0.0032804256318509422,0.009819128778932226,0.024242453994168803,0.03734200840495197,8.87059409659634e-07,0.8870594096596339,26,35.00550174713135,PRY,10,Apple M4,1,Apple M4,16.0,109,256,365,0.00014586722033184364,0.14586722033184363,1904.3194018905792,136.74024119973183,-1,8,512,42,15.6.1,0.3.21,3.13.5,no_disponible_apple_silicon,5.1,10.936874389648438,77.1,Version: 0.3.21,yes,plain_text_no_template,yes
2026-06-22T10:36:38.815562,qwen2.5-7b,q8,gpu,8,"Given the following data, identify the month with the highest average temperature and the month with",Zheng et al. 2023,10,35.06350016593933,256,7.301039507991797,0.14879847012516584,1.1157874272674126,2.4896598374904646,0.0014492764394236862,0.010867614622539984,0.024248941145827606,0.03656583220779127,8.686213440960817e-07,0.8686213440960816,26,35.06350016593933,PRY,10,Apple M4,1,Apple M4,16.0,109,256,365,0.00014283528206168465,0.14283528206168464,1944.7420397000863,136.9667975232005,-1,8,512,42,15.6.1,0.3.21,3.13.5,no_disponible_apple_silicon,6.6,11.281112670898438,79.2,Version: 0.3.21,yes,plain_text_no_template,yes
2026-06-22T10:37:19.333628,qwen2.5-7b,q8,gpu,9,Write a Python function that takes a list of integers and returns a dictionary with three keys: mean,Chen et al. 2021,1,35.89426803588867,256,7.132057958224414,0.2089142837267326,0.9912920009856271,2.4899098070371553,0.002083007026836954,0.009883805773669587,0.024825969444160968,0.03679278224466751,8.740125422220766e-07,0.8740125422220766,26,35.89426803588867,PRY,10,Apple M4,1,Apple M4,16.0,33,256,289,0.00014372180564323247,0.14372180564323248,1932.7462282746355,140.21198451519012,-1,8,512,42,15.6.1,0.3.21,3.13.5,no_disponible_apple_silicon,5.8,10.970458984375,77.3,Version: 0.3.21,yes,plain_text_no_template,yes
2026-06-22T10:38:00.875665,qwen2.5-7b,q8,gpu,9,Write a Python function that takes a list of integers and returns a dictionary with three keys: mean,Chen et al. 2021,2,34.98195505142212,256,7.318058685504853,0.1454545128813617,1.1903465671312112,2.4420050779445943,0.0014134120087895264,0.01156684725194407,0.023729475520000657,0.036709734780734256,8.720397497163422e-07,0.8720397497163421,26,34.98195505142212,PRY,10,Apple M4,1,Apple M4,16.0,33,256,289,0.0001433974014872432,0.1433974014872432,1937.1186290463518,136.64826191961765,-1,8,512,42,15.6.1,0.3.21,3.13.5,no_disponible_apple_silicon,6.7,11.02642822265625,77.5,Version: 0.3.21,yes,plain_text_no_template,yes
2026-06-22T10:38:42.834916,qwen2.5-7b,q8,gpu,9,Write a Python function that takes a list of integers and returns a dictionary with three keys: mean,Chen et al. 2021,3,37.35833430290222,256,6.8525539153953225,0.37192564130759925,0.8746092662213538,2.5306429780148814,0.003859589567719609,0.00907609593108704,0.02626127954832555,0.039196965047132194,9.311239046946252e-07,0.9311239046946252,26,37.35833430290222,PRY,10,Apple M4,1,Apple M4,16.0,33,256,289,0.00015311314471536013,0.15311314471536014,1814.1994163477684,145.9309933707118,-1,8,512,42,15.6.1,0.3.21,3.13.5,no_disponible_apple_silicon,8.2,11.295120239257812,79.2,Version: 0.3.21,yes,plain_text_no_template,yes
2026-06-22T10:39:26.099105,qwen2.5-7b,q8,gpu,9,Write a Python function that takes a list of integers and returns a dictionary with three keys: mean,Chen et al. 2021,4,36.66824817657471,256,6.981517054407417,0.28453404980451946,0.9554425774119868,2.5161598818874404,0.002898156986921663,0.00973177931861359,0.025628659722497102,0.03825859602803236,9.088329486459086e-07,0.9088329486459087,26,36.66824817657471,PRY,10,Apple M4,1,Apple M4,16.0,33,256,289,0.0001494476407345014,0.1494476407345014,1858.6963060277344,143.23534443974495,-1,8,512,42,15.6.1,0.3.21,3.13.5,no_disponible_apple_silicon,7.4,11.18316650390625,78.3,Version: 0.3.21,yes,plain_text_no_template,yes
2026-06-22T10:40:08.695662,qwen2.5-7b,q8,gpu,9,Write a Python function that takes a list of integers and returns a dictionary with three keys: mean,Chen et al. 2021,5,38.04505968093872,256,6.728863146671859,0.17782132901428874,0.960765564038868,2.5249490421255874,0.0018792286319145707,0.010153439784235968,0.026683843610832505,0.03871651202698305,9.197107432009822e-07,0.9197107432009822,26,38.04505968093872,PRY,10,Apple M4,1,Apple M4,16.0,33,256,289,0.00015123637510540254,0.15123637510540253,1836.7127457543438,148.61351437866688,-1,8,512,42,15.6.1,0.3.21,3.13.5,no_disponible_apple_silicon,7.5,11.21319580078125,78.5,Version: 0.3.21,yes,plain_text_no_template,yes
2026-06-22T10:40:55.462119,qwen2.5-7b,q8,gpu,9,Write a Python function that takes a list of integers and returns a dictionary with three keys: mean,Chen et al. 2021,6,39.52460694313049,256,6.476977756371936,0.1908265919601411,0.9782744523741096,2.246801306076723,0.0020950961226449227,0.010740531447942476,0.02466776069499853,0.037503388265585934,8.908929882489938e-07,0.8908929882489938,26,39.52460694313049,PRY,10,Apple M4,1,Apple M4,16.0,33,256,289,0.00014649761041244505,0.14649761041244505,1896.1249742963755,154.3929958716035,-1,8,512,42,15.6.1,0.3.21,3.13.5,no_disponible_apple_silicon,21.8,11.296676635742188,79.0,Version: 0.3.21,yes,plain_text_no_template,yes
2026-06-22T10:41:38.989002,qwen2.5-7b,q8,gpu,9,Write a Python function that takes a list of integers and returns a dictionary with three keys: mean,Chen et al. 2021,7,38.76730394363403,256,6.6035027963825605,0.25440194931022997,1.0922336974773443,2.405064610182425,0.0027395771368785176,0.011761932146550955,0.025899408540838824,0.040400917824268294,9.597238029154932e-07,0.9597238029154932,26,38.76730394363403,PRY,10,Apple M4,1,Apple M4,16.0,33,256,289,0.00015781608525104802,0.157816085251048,1760.1360300878018,151.43478102982044,-1,8,512,42,15.6.1,0.3.21,3.13.5,no_disponible_apple_silicon,14.8,11.160430908203125,78.1,Version: 0.3.21,yes,plain_text_no_template,yes
2026-06-22T10:42:23.324184,qwen2.5-7b,q8,gpu,9,Write a Python function that takes a list of integers and returns a dictionary with three keys: mean,Chen et al. 2021,8,37.70109510421753,256,6.790253686062342,0.15058421618681106,0.9765165803393366,2.501148295303215,0.001576997182125838,0.010226595685060725,0.026193341597493904,0.03799693446468047,9.026171782084845e-07,0.9026171782084844,26,37.70109510421753,PRY,10,Apple M4,1,Apple M4,16.0,33,256,289,0.0001484255252526581,0.1484255252526581,1871.496006532092,147.26990275084972,-1,8,512,42,15.6.1,0.3.21,3.13.5,no_disponible_apple_silicon,6.1,11.428375244140625,79.8,Version: 0.3.21,yes,plain_text_no_template,yes
2026-06-22T10:43:06.792441,qwen2.5-7b,q8,gpu,9,Write a Python function that takes a list of integers and returns a dictionary with three keys: mean,Chen et al. 2021,9,38.92247414588928,256,6.577176955412967,0.14202106465547915,0.8320733727730714,2.5481122296411387,0.0015355031158957105,0.008996209538678546,0.02754967566084209,0.03808138831541635,9.046233794327152e-07,0.9046233794327152,26,38.92247414588928,PRY,10,Apple M4,1,Apple M4,16.0,33,256,289,0.0001487554231070951,0.1487554231070951,1867.345552691509,152.04091463238,-1,8,512,42,15.6.1,0.3.21,3.13.5,no_disponible_apple_silicon,5.5,11.103240966796875,77.8,Version: 0.3.21,yes,plain_text_no_template,yes
2026-06-22T10:43:53.362280,qwen2.5-7b,q8,gpu,9,Write a Python function that takes a list of integers and returns a dictionary with three keys: mean,Chen et al. 2021,10,39.80858111381531,256,6.4307742913036625,0.31357407574981727,0.9554489091072704,2.4747907264594327,0.0034674830637989634,0.010565295943973091,0.02736608538166062,0.041398864389432674,9.834300235709732e-07,0.9834300235709732,26,39.80858111381531,PRY,10,Apple M4,1,Apple M4,16.0,33,256,289,0.00016171431402122138,0.16171431402122138,1717.7068057273252,155.50226997584105,-1,8,512,42,15.6.1,0.3.21,3.13.5,no_disponible_apple_silicon,11.8,11.181686401367188,78.2,Version: 0.3.21,yes,plain_text_no_template,yes
2026-06-22T10:44:39.247277,qwen2.5-7b,q8,gpu,10,"Write a Python function that reads a list of strings and returns the top 3 most frequent words, igno",Chen et al. 2021,1,40.98026967048645,256,6.246908623550822,0.2992485873549534,0.9321968649231401,2.4965417796812592,0.00340646883564392,0.010611577475147864,0.02841915427082616,0.042437200581617936,1.008095699816334e-06,1.008095699816334,26,40.98026967048645,PRY,10,Apple M4,1,Apple M4,16.0,31,256,287,0.00016577031477194506,0.16577031477194507,1675.6786530804657,160.0791784003377,-1,8,512,42,15.6.1,0.3.21,3.13.5,no_disponible_apple_silicon,12.9,11.321807861328125,79.1,Version: 0.3.21,yes,plain_text_no_template,yes
2026-06-22T10:45:27.955993,qwen2.5-7b,q8,gpu,10,"Write a Python function that reads a list of strings and returns the top 3 most frequent words, igno",Chen et al. 2021,2,41.974900007247925,256,6.098882902777511,0.3550308251686128,0.8478269928287828,2.5134490816124484,0.004139550940539789,0.009885403679842739,0.02930604829833101,0.04333100291871353,1.0293279743340398e-06,1.0293279743340398,26,41.974900007247925,PRY,10,Apple M4,1,Apple M4,16.0,31,256,287,0.00016926173015122472,0.16926173015122473,1641.1138981599727,163.9644531533122,-1,8,512,42,15.6.1,0.3.21,3.13.5,no_disponible_apple_silicon,12.4,11.201766967773438,78.3,Version: 0.3.21,yes,plain_text_no_template,yes
2026-06-22T10:46:14.049228,qwen2.5-7b,q8,gpu,10,"Write a Python function that reads a list of strings and returns the top 3 most frequent words, igno",Chen et al. 2021,3,41.363460063934326,256,6.189037367867873,0.17964427571446442,0.9146188594202965,2.4940393427572656,0.0020640857845082377,0.0105088335181535,0.028656137986672547,0.041229057289334285,9.79396255908136e-07,0.979396255908136,26,41.363460063934326,PRY,10,Apple M4,1,Apple M4,16.0,31,256,287,0.00016105100503646205,0.16105100503646205,1724.7813990039285,161.57601587474346,-1,8,512,42,15.6.1,0.3.21,3.13.5,no_disponible_apple_silicon,12.4,11.192916870117188,78.3,Version: 0.3.21,yes,plain_text_no_template,yes
2026-06-22T10:47:02.918073,qwen2.5-7b,q8,gpu,10,"Write a Python function that reads a list of strings and returns the top 3 most frequent words, igno",Chen et al. 2021,4,41.97217679023743,256,6.09927860733553,0.32558639761149216,0.8736185307276151,2.462672707340873,0.003795991622512801,0.010185464283035257,0.028712148402501043,0.0426936043080491,1.0141865703377063e-06,1.0141865703377062,26,41.97217679023743,PRY,10,Apple M4,1,Apple M4,16.0,31,256,287,0.0001667718918283168,0.1667718918283168,1665.6150789710769,163.95381558686495,-1,8,512,42,15.6.1,0.3.21,3.13.5,no_disponible_apple_silicon,15.1,11.136489868164062,77.9,Version: 0.3.21,yes,plain_text_no_template,yes
2026-06-22T10:47:49.772712,qwen2.5-7b,q8,gpu,10,"Write a Python function that reads a list of strings and returns the top 3 most frequent words, igno",Chen et al. 2021,5,42.00622582435608,256,6.094334708155711,0.2361466889920283,0.9343359330911586,2.4436673668374618,0.0027554530959647563,0.010902201722566018,0.02851367868082889,0.04217133349935966,1.0017800272772887e-06,1.0017800272772888,26,42.00622582435608,PRY,10,Apple M4,1,Apple M4,16.0,31,256,287,0.00016473177148187368,0.16473177148187368,1686.2428861110327,164.08681962639093,-1,8,512,42,15.6.1,0.3.21,3.13.5,no_disponible_apple_silicon,14.7,11.323226928710938,79.1,Version: 0.3.21,yes,plain_text_no_template,yes
2026-06-22T10:48:39.766816,qwen2.5-7b,q8,gpu,10,"Write a Python function that reads a list of strings and returns the top 3 most frequent words, igno",Chen et al. 2021,6,42.897334814071655,256,5.967736716268537,0.3436897929969616,0.8353674108455059,2.405017201398437,0.00409538225621379,0.009954176532167729,0.02865800781166399,0.042707566600045516,1.0145182445840812e-06,1.0145182445840812,26,42.897334814071655,PRY,10,Apple M4,1,Apple M4,16.0,31,256,287,0.0001668264320314278,0.1668264320314278,1665.0705430506857,167.5677141174674,-1,8,512,42,15.6.1,0.3.21,3.13.5,no_disponible_apple_silicon,19.6,11.331085205078125,79.2,Version: 0.3.21,yes,plain_text_no_template,yes
2026-06-22T10:49:10.109509,qwen2.5-7b,q8,gpu,10,"Write a Python function that reads a list of strings and returns the top 3 most frequent words, igno",Chen et al. 2021,7,25.885405778884888,256,9.889742590352709,0.1748686845751827,7.272758655025745,2.669942122614058,0.0012573741272912315,0.05229397469923292,0.01919792645833392,0.07274927528485808,1.7281590343918034e-06,1.7281590343918034,26,25.885405778884888,PRY,10,Apple M4,1,Apple M4,16.0,31,256,287,0.0002841768565814769,0.2841768565814769,977.4820550812011,101.11486632376909,-1,8,512,42,15.6.1,0.3.21,3.13.5,no_disponible_apple_silicon,14.9,11.504470825195312,79.3,Version: 0.3.21,yes,plain_text_no_template,yes
2026-06-22T10:49:36.429039,qwen2.5-7b,q8,gpu,10,"Write a Python function that reads a list of strings and returns the top 3 most frequent words, igno",Chen et al. 2021,8,19.649327039718628,256,13.028436011194094,0.12397406873165422,8.968730517481637,2.568511024524335,0.0006766686169313414,0.048952644185861545,0.014019309201667059,0.06364862200445995,1.511973015715946e-06,1.5119730157159461,26,19.649327039718628,PRY,10,Apple M4,1,Apple M4,16.0,31,256,287,0.00024862742970492167,0.24862742970492166,1117.245100862172,76.75518374890089,-1,8,512,42,15.6.1,0.3.21,3.13.5,no_disponible_apple_silicon,4.5,11.257080078125,77.5,Version: 0.3.21,yes,plain_text_no_template,yes
2026-06-22T10:49:59.761356,qwen2.5-7b,q8,gpu,10,"Write a Python function that reads a list of strings and returns the top 3 most frequent words, igno",Chen et al. 2021,9,18.861064910888672,256,13.572934572332063,0.10666410763878739,9.431402293769178,2.548611039573249,0.0005588329605103293,0.04941285857319022,0.013352643958332917,0.06332433549203345,1.5042695896132544e-06,1.5042695896132545,26,18.861064910888672,PRY,10,Apple M4,1,Apple M4,16.0,31,256,287,0.00024736068551575567,0.24736068551575566,1122.9665587261832,73.67603480815887,-1,8,512,42,15.6.1,0.3.21,3.13.5,no_disponible_apple_silicon,2.5,11.161529541015625,76.9,Version: 0.3.21,yes,plain_text_no_template,yes
2026-06-22T10:50:25.226349,qwen2.5-7b,q8,gpu,10,"Write a Python function that reads a list of strings and returns the top 3 most frequent words, igno",Chen et al. 2021,10,18.97545099258423,256,13.491115447008191,0.21071618101216202,9.310626242856555,2.5508245112010837,0.0011106762683724411,0.04907592555044255,0.013445290417494107,0.06363189223630912,1.511575600073523e-06,1.511575600073523,26,18.97545099258423,PRY,10,Apple M4,1,Apple M4,16.0,31,256,287,0.0002485620790480825,0.2485620790480825,1117.5388411683011,74.12285543978214,-1,8,512,42,15.6.1,0.3.21,3.13.5,no_disponible_apple_silicon,4.3,11.444900512695312,78.7,Version: 0.3.21,yes,plain_text_no_template,yes
2026-06-22T10:50:48.806601,qwen2.5-7b,q8,gpu,11,Explain how quantization reduces the memory footprint of a neural network model. What are the trade-,Dettmers et al. 2022,1,19.077919006347656,256,13.418654304739578,0.10600874115887278,9.347717570947294,2.553970671999305,0.00056178504938718,0.049537499642429254,0.0135345682291639,0.06363385292098034,1.5116221761378877e-06,1.5116221761378876,26,19.077919006347656,PRY,10,Apple M4,1,Apple M4,16.0,35,256,291,0.00024856973797257945,0.24856973797257945,1117.504407589714,74.52312111854553,-1,8,512,42,15.6.1,0.3.21,3.13.5,no_disponible_apple_silicon,3.5,11.461624145507812,78.6,Version: 0.3.21,yes,plain_text_no_template,yes
2026-06-22T10:51:14.162201,qwen2.5-7b,q8,gpu,11,Explain how quantization reduces the memory footprint of a neural network model. What are the trade-,Dettmers et al. 2022,2,18.855058908462524,256,13.577258031535617,0.10989932897763711,9.431911642401818,2.5490789956864854,0.0005755995338538473,0.0493997915658055,0.01335084295166477,0.06332623405132412,1.5043146898892044e-06,1.5043146898892044,26,18.855058908462524,PRY,10,Apple M4,1,Apple M4,16.0,35,256,291,0.00024736810176298485,0.24736810176298485,1122.9328915008205,73.65257386118174,-1,8,512,42,15.6.1,0.3.21,3.13.5,no_disponible_apple_silicon,2.4,11.243698120117188,77.3,Version: 0.3.21,yes,plain_text_no_template,yes
2026-06-22T10:51:37.455374,qwen2.5-7b,q8,gpu,11,Explain how quantization reduces the memory footprint of a neural network model. What are the trade-,Dettmers et al. 2022,3,18.84990382194519,256,13.580971150736747,0.10866760057631443,9.456443668955329,2.5493544995730026,0.0005689927276180786,0.049514737127069566,0.01334863531249842,0.06343236516718606,1.506835834546505e-06,1.506835834546505,26,18.84990382194519,PRY,10,Apple M4,1,Apple M4,16.0,35,256,291,0.00024778267643432055,0.24778267643432056,1121.054069538263,73.6324368044734,-1,8,512,42,15.6.1,0.3.21,3.13.5,no_disponible_apple_silicon,2.4,11.238174438476562,77.2,Version: 0.3.21,yes,plain_text_no_template,yes
2026-06-22T10:52:02.800813,qwen2.5-7b,q8,gpu,11,Explain how quantization reduces the memory footprint of a neural network model. What are the trade-,Dettmers et al. 2022,4,18.852612018585205,256,13.579020230598875,0.1140186720757447,9.273086354446823,2.549270842768291,0.0005970971631995305,0.04856163868200629,0.013350115035833976,0.0625088508810398,1.4848977526791003e-06,1.4848977526791003,26,18.852612018585205,PRY,10,Apple M4,1,Apple M4,16.0,35,256,291,0.0002441751987540617,0.2441751987540617,1137.6166752199974,73.64301569759846,-1,8,512,42,15.6.1,0.3.21,3.13.5,no_disponible_apple_silicon,3.1,11.2529296875,77.3,Version: 0.3.21,yes,plain_text_no_template,yes
2026-06-22T10:52:26.266766,qwen2.5-7b,q8,gpu,11,Explain how quantization reduces the memory footprint of a neural network model. What are the trade-,Dettmers et al. 2022,5,19.00573420524597,256,13.469619075770236,0.1926876150435947,9.674879561745971,2.5538592249489707,0.0010172693322670321,0.051077274838419603,0.013482769340832116,0.06557731351151876,1.557789082466128e-06,1.557789082466128,26,19.00573420524597,PRY,10,Apple M4,1,Apple M4,16.0,35,256,291,0.00025616138090437014,0.25616138090437013,1084.3858539374341,74.24114923924208,-1,8,512,42,15.6.1,0.3.21,3.13.5,no_disponible_apple_silicon,4.8,11.453933715820312,78.5,Version: 0.3.21,yes,plain_text_no_template,yes
2026-06-22T10:52:51.619718,qwen2.5-7b,q8,gpu,11,Explain how quantization reduces the memory footprint of a neural network model. What are the trade-,Dettmers et al. 2022,6,18.858620166778564,256,13.574694104660468,0.1076394121365114,9.236025309318983,2.549399549215809,0.0005638696634605009,0.04838297032200005,0.013355043820004842,0.06230188380546539,1.4799812497988303e-06,1.4799812497988303,26,18.858620166778564,PRY,10,Apple M4,1,Apple M4,16.0,35,256,291,0.00024336673361509918,0.2433667336150992,1141.3958417879003,73.66648502647877,-1,8,512,42,15.6.1,0.3.21,3.13.5,no_disponible_apple_silicon,2.7,11.447845458984375,78.5,Version: 0.3.21,yes,plain_text_no_template,yes
2026-06-22T10:53:14.915776,qwen2.5-7b,q8,gpu,11,Explain how quantization reduces the memory footprint of a neural network model. What are the trade-,Dettmers et al. 2022,7,18.85026979446411,256,13.580707480122182,0.11045317952442797,9.27090373761379,2.5492564574917678,0.0005783533982477351,0.0485441768590349,0.013348381110833238,0.06247091136811587,1.4839964995495923e-06,1.4839964995495922,26,18.85026979446411,PRY,10,Apple M4,1,Apple M4,16.0,35,256,291,0.0002440269975317026,0.24402699753170262,1138.3075667342523,73.63386638462543,-1,8,512,42,15.6.1,0.3.21,3.13.5,no_disponible_apple_silicon,2.5,11.23419189453125,77.2,Version: 0.3.21,yes,plain_text_no_template,yes
2026-06-22T10:53:40.252248,qwen2.5-7b,q8,gpu,11,Explain how quantization reduces the memory footprint of a neural network model. What are the trade-,Dettmers et al. 2022,8,18.857721090316772,256,13.575341303114994,0.10911179318641663,9.385711182721304,2.5491604349624213,0.000571555489881603,0.04916475658834042,0.013353154582497759,0.06308946666071978,1.4986902805253983e-06,1.4986902805253983,26,18.857721090316772,PRY,10,Apple M4,1,Apple M4,16.0,35,256,291,0.00024644322914343665,0.24644322914343664,1127.1471273252291,73.66297300904989,-1,8,512,42,15.6.1,0.3.21,3.13.5,no_disponible_apple_silicon,2.4,11.249969482421875,77.2,Version: 0.3.21,yes,plain_text_no_template,yes
2026-06-22T10:54:03.594474,qwen2.5-7b,q8,gpu,11,Explain how quantization reduces the memory footprint of a neural network model. What are the trade-,Dettmers et al. 2022,9,18.870999813079834,256,13.565788910800674,0.10850174852789149,9.39346616933035,2.5495965822470232,0.0005687601322746321,0.049240027312668,0.013364843507503488,0.06317363095244612,1.5006896032753575e-06,1.5006896032753574,26,18.870999813079834,PRY,10,Apple M4,1,Apple M4,16.0,35,256,291,0.00024677199590799264,0.24677199590799265,1125.6454637638276,73.7148430198431,-1,8,512,42,15.6.1,0.3.21,3.13.5,no_disponible_apple_silicon,3.1,11.284271240234375,77.4,Version: 0.3.21,yes,plain_text_no_template,yes
2026-06-22T10:54:29.076539,qwen2.5-7b,q8,gpu,11,Explain how quantization reduces the memory footprint of a neural network model. What are the trade-,Dettmers et al. 2022,10,19.010339736938477,256,13.466355864360137,0.11371088658711286,9.316147740916401,2.551154623909765,0.0006004673849470822,0.04919531488731463,0.013471754478329483,0.0632675367505912,1.502920335510294e-06,1.502920335510294,26,19.010339736938477,PRY,10,Apple M4,1,Apple M4,16.0,35,256,291,0.0002471388154319969,0.24713881543199687,1123.97470746238,74.25913959741592,-1,8,512,42,15.6.1,0.3.21,3.13.5,no_disponible_apple_silicon,4.5,11.466629028320312,78.6,Version: 0.3.21,yes,plain_text_no_template,yes
2026-06-22T10:54:52.784491,qwen2.5-7b,q8,gpu,12,What is the difference between CPU and GPU architectures in the context of deep learning inference? ,Zheng et al. 2023,1,19.197084188461304,256,13.335358510011257,0.24177188856146842,8.963798603660992,2.5534644034354175,0.0012892542497549427,0.0477996656785811,0.013616408645830231,0.06270532857416626,1.4895650802793196e-06,1.4895650802793197,26,19.197084188461304,PRY,10,Apple M4,1,Apple M4,16.0,31,256,287,0.00024494268974283696,0.24494268974283695,1134.0521248844539,74.98861011117697,-1,8,512,42,15.6.1,0.3.21,3.13.5,no_disponible_apple_silicon,15.8,11.479019165039062,78.5,Version: 0.3.21,yes,plain_text_no_template,yes
2026-06-22T10:55:18.370551,qwen2.5-7b,q8,gpu,12,What is the difference between CPU and GPU architectures in the context of deep learning inference? ,Zheng et al. 2023,2,19.074474811553955,256,13.421077252671381,0.23997994205413567,9.173731790659302,2.5499234635564982,0.0012715253777749412,0.048606698880245165,0.013510680799166345,0.06338890505718645,1.5058034396334639e-06,1.5058034396334639,26,19.074474811553955,PRY,10,Apple M4,1,Apple M4,16.0,31,256,287,0.00024761291037963455,0.24761291037963457,1121.8226761758713,74.50966723263264,-1,8,512,42,15.6.1,0.3.21,3.13.5,no_disponible_apple_silicon,16.4,11.479446411132812,78.5,Version: 0.3.21,yes,plain_text_no_template,yes
2026-06-22T10:55:41.926351,qwen2.5-7b,q8,gpu,12,What is the difference between CPU and GPU architectures in the context of deep learning inference? ,Zheng et al. 2023,3,19.042093992233276,256,13.44389961022223,0.2418938145401052,9.202196167895085,2.549577886329114,0.0012794902090590354,0.048674745656674186,0.013485917153332897,0.06344015301906612,1.5070208349679155e-06,1.5070208349679155,26,19.042093992233276,PRY,10,Apple M4,1,Apple M4,16.0,31,256,287,0.00024781309773072704,0.24781309773072704,1120.9164500240029,74.38317965716124,-1,8,512,42,15.6.1,0.3.21,3.13.5,no_disponible_apple_silicon,16.2,11.356781005859375,77.7,Version: 0.3.21,yes,plain_text_no_template,yes
2026-06-22T10:56:07.489864,qwen2.5-7b,q8,gpu,12,What is the difference between CPU and GPU architectures in the context of deep learning inference? ,Zheng et al. 2023,4,19.063945055007935,256,13.428490234383622,0.23209129754571056,9.144179332475998,2.550355165717137,0.0012290488178213679,0.04842337010207266,0.013505508541663101,0.06315792746155711,1.5003165668492892e-06,1.5003165668492893,26,19.063945055007935,PRY,10,Apple M4,1,Apple M4,16.0,31,256,287,0.0002467106541467075,0.24671065414670748,1125.9253425374816,74.46853537112474,-1,8,512,42,15.6.1,0.3.21,3.13.5,no_disponible_apple_silicon,16.0,11.351669311523438,77.7,Version: 0.3.21,yes,plain_text_no_template,yes
2026-06-22T10:56:31.253018,qwen2.5-7b,q8,gpu,12,What is the difference between CPU and GPU architectures in the context of deep learning inference? ,Zheng et al. 2023,5,19.22836709022522,256,13.313663027066823,0.34110274404199376,9.087281677261355,2.5508743744523583,0.0018219024383118304,0.048537107761849684,0.013624763575838491,0.06398377377600002,1.5199345460488804e-06,1.5199345460488805,26,19.22836709022522,PRY,10,Apple M4,1,Apple M4,16.0,31,256,287,0.0002499366163125001,0.24993661631250008,1111.3928878290783,75.11080894619226,-1,8,512,42,15.6.1,0.3.21,3.13.5,no_disponible_apple_silicon,18.3,11.5008544921875,78.7,Version: 0.3.21,yes,plain_text_no_template,yes
2026-06-22T10:56:56.884842,qwen2.5-7b,q8,gpu,12,What is the difference between CPU and GPU architectures in the context of deep learning inference? ,Zheng et al. 2023,6,19.060767889022827,256,13.430728577699718,0.24741226487538306,9.162704697863852,2.550198706946763,0.0013099632649130866,0.048513385411567196,0.013502429339999554,0.06332577801647983,1.5043038567814785e-06,1.5043038567814784,26,19.060767889022827,PRY,10,Apple M4,1,Apple M4,16.0,31,256,287,0.00024736632037687434,0.24736632037687434,1122.940978200145,74.45612456649542,-1,8,512,42,15.6.1,0.3.21,3.13.5,no_disponible_apple_silicon,16.2,11.484344482421875,78.5,Version: 0.3.21,yes,plain_text_no_template,yes
2026-06-22T10:57:20.420868,qwen2.5-7b,q8,gpu,12,What is the difference between CPU and GPU architectures in the context of deep learning inference? ,Zheng et al. 2023,7,19.051520109176636,256,13.437247974595543,0.2630179137690734,9.158375363165973,2.549420937103701,0.0013919141870125523,0.048466936777429005,0.013491762291663083,0.06335061325610464,1.5048938178987656e-06,1.5048938178987656,26,19.051520109176636,PRY,10,Apple M4,1,Apple M4,16.0,31,256,287,0.00024746333303165874,0.24746333303165874,1122.5007534439085,74.42000042647123,-1,8,512,42,15.6.1,0.3.21,3.13.5,no_disponible_apple_silicon,16.2,11.279495239257812,77.3,Version: 0.3.21,yes,plain_text_no_template,yes
2026-06-22T10:57:45.993228,qwen2.5-7b,q8,gpu,12,What is the difference between CPU and GPU architectures in the context of deep learning inference? ,Zheng et al. 2023,8,19.06535291671753,256,13.427498621099502,0.24035097344370074,9.220072103313303,2.5500137323643837,0.0012728822590502105,0.04882886904645839,0.013504697708334183,0.0636064490138428,1.5109711963238354e-06,1.5109711963238355,26,19.06535291671753,PRY,10,Apple M4,1,Apple M4,16.0,31,256,287,0.00024846269146032343,0.24846269146032343,1117.985867999565,74.47403483092785,-1,8,512,42,15.6.1,0.3.21,3.13.5,no_disponible_apple_silicon,16.1,11.268234252929688,77.2,Version: 0.3.21,yes,plain_text_no_template,yes
2026-06-22T10:58:09.570623,qwen2.5-7b,q8,gpu,12,What is the difference between CPU and GPU architectures in the context of deep learning inference? ,Zheng et al. 2023,9,19.056287050247192,256,13.433886639353455,0.2486720707112279,9.26217938338314,2.5499192862107267,0.0013163239891257018,0.04902854140017518,0.0134977760758314,0.06384264146513227,1.5165819480042171e-06,1.516581948004217,26,19.056287050247192,PRY,10,Apple M4,1,Apple M4,16.0,31,256,287,0.00024938531822317294,0.24938531822317295,1113.849763718635,74.4386212900281,-1,8,512,42,15.6.1,0.3.21,3.13.5,no_disponible_apple_silicon,16.2,11.310577392578125,77.4,Version: 0.3.21,yes,plain_text_no_template,yes
2026-06-22T10:58:35.338908,qwen2.5-7b,q8,gpu,12,What is the difference between CPU and GPU architectures in the context of deep learning inference? ,Zheng et al. 2023,10,19.271333932876587,256,13.28397924563323,0.2666025915750265,8.958470473591024,2.554659419138293,0.0014271632137812906,0.047956021117885474,0.013675470764161826,0.0630586550958286,1.4979583518014083e-06,1.4979583518014083,26,19.271333932876587,PRY,10,Apple M4,1,Apple M4,16.0,31,256,287,0.00024632287146808047,0.24632287146808046,1127.6978711811314,75.27864817529917,-1,8,512,42,15.6.1,0.3.21,3.13.5,no_disponible_apple_silicon,17.9,11.46697998046875,78.3,Version: 0.3.21,yes,plain_text_no_template,yes
2026-06-22T10:58:58.994735,qwen2.5-7b,q8,gpu,13,Explain the ethical implications of deploying large language models in low-resource countries where ,Bender et al. 2021,1,19.148579120635986,256,13.369138168800976,0.2398259101146889,8.973418983334332,2.5508518904852,0.001275645948613793,0.04773006205138733,0.013568108124994371,0.0625738161249955,1.486441002049268e-06,1.486441002049268,26,19.148579120635986,PRY,10,Apple M4,1,Apple M4,16.0,32,256,288,0.0002444289692382637,0.24442896923826368,1136.4355814429118,74.79913718998432,-1,8,512,42,15.6.1,0.3.21,3.13.5,no_disponible_apple_silicon,16.3,11.405197143554688,78.0,Version: 0.3.21,yes,plain_text_no_template,yes
2026-06-22T10:59:24.649899,qwen2.5-7b,q8,gpu,13,Explain the ethical implications of deploying large language models in low-resource countries where ,Bender et al. 2021,2,19.104244232177734,256,13.400163696023792,0.2544847180352401,9.091712888913982,2.5535620269560346,0.0013504828351950313,0.048247306532958584,0.01355107572916192,0.06314886509731553,1.5001012903867303e-06,1.5001012903867303,26,19.104244232177734,PRY,10,Apple M4,1,Apple M4,16.0,32,256,288,0.0002466752542863888,0.24667525428638878,1126.0869217764302,74.62595403194427,-1,8,512,42,15.6.1,0.3.21,3.13.5,no_disponible_apple_silicon,16.2,11.28875732421875,77.2,Version: 0.3.21,yes,plain_text_no_template,yes
2026-06-22T11:09:10.753237,qwen2.5-7b,q8,gpu,13,Explain the ethical implications of deploying large language models in low-resource countries where ,Bender et al. 2021,3,19.15919804573059,256,13.361728366133084,0.770195894198659,9.062254065407796,2.552012557378969,0.004098982130822409,0.04822931121663198,0.013581809445004185,0.06591010279245858,1.5656944918348536e-06,1.5656944918348537,26,19.15919804573059,PRY,10,Apple M4,1,Apple M4,16.0,32,256,288,0.00025746133903304134,0.25746133903304136,1078.9106388595653,74.84061736613512,-1,8,512,42,15.6.1,0.3.21,3.13.5,no_disponible_apple_silicon,17.6,11.392364501953125,77.8,Version: 0.3.21,yes,plain_text_no_template,yes
2026-06-22T11:09:36.469862,qwen2.5-7b,q8,gpu,13,Explain the ethical implications of deploying large language models in low-resource countries where ,Bender et al. 2021,4,19.23976492881775,256,13.305775873412959,0.7254097807724527,8.415343893025742,2.55677473493145,0.0038768649053131125,0.04497478841582703,0.013664373576672613,0.06251602689781274,1.4850682189575418e-06,1.485068218957542,26,19.23976492881775,PRY,10,Apple M4,1,Apple M4,16.0,32,256,288,0.00024420323006958103,0.24420323006958103,1137.4860918040695,75.15533175319433,-1,8,512,42,15.6.1,0.3.21,3.13.5,no_disponible_apple_silicon,16.2,11.426773071289062,78.0,Version: 0.3.21,yes,plain_text_no_template,yes
2026-06-22T11:10:47.126148,qwen2.5-7b,q8,gpu,13,Explain the ethical implications of deploying large language models in low-resource countries where ,Bender et al. 2021,5,66.15363502502441,256,3.869779792193748,0.23619738275608212,2.171987219718056,0.7680858293697205,0.00434036540353107,0.03991245828117938,0.014114352673338241,0.058367176358048695,1.3865122743854466e-06,1.3865122743854466,26,66.15363502502441,PRY,10,Apple M4,1,Apple M4,16.0,32,256,288,0.0002279967826486277,0.22799678264862772,1218.3407789831358,258.4126368165016,-1,8,512,42,15.6.1,0.3.21,3.13.5,no_disponible_apple_silicon,16.2,11.430908203125,78.1,Version: 0.3.21,yes,plain_text_no_template,yes
2026-06-22T11:11:12.514052,qwen2.5-7b,q8,gpu,13,Explain the ethical implications of deploying large language models in low-resource countries where ,Bender et al. 2021,6,18.87280797958374,256,13.56448919932509,0.16625430408702607,9.065878905451369,2.546905847450337,0.0008715793213371576,0.04752738659687292,0.013352018055835893,0.06175098397404597,1.466894624303462e-06,1.466894624303462,26,18.87280797958374,PRY,10,Apple M4,1,Apple M4,16.0,32,256,288,0.00024121478114861708,0.24121478114861708,1151.5785908933728,73.72190617024899,-1,8,512,42,15.6.1,0.3.21,3.13.5,no_disponible_apple_silicon,2.8,11.213760375976562,76.7,Version: 0.3.21,yes,plain_text_no_template,yes
2026-06-22T11:12:25.748664,qwen2.5-7b,q8,gpu,13,Explain the ethical implications of deploying large language models in low-resource countries where ,Bender et al. 2021,7,68.71418118476868,256,3.7255773929930127,0.04070843090913423,1.5936822171059641,0.7133922980203328,0.0007770129158994131,0.030419046838100854,0.013616713228329901,0.04481277298233017,1.064527422195253e-06,1.064527422195253,26,68.71418118476868,PRY,10,Apple M4,1,Apple M4,16.0,32,256,288,0.00017504989446222722,0.1750498944622272,1586.8491588135032,268.41477025300264,-1,8,512,42,15.6.1,0.3.21,3.13.5,no_disponible_apple_silicon,5.3,11.28741455078125,77.2,Version: 0.3.21,yes,plain_text_no_template,yes
2026-06-22T11:12:51.169383,qwen2.5-7b,q8,gpu,13,Explain the ethical implications of deploying large language models in low-resource countries where ,Bender et al. 2021,8,18.91261386871338,256,13.535939652608983,0.11579954679602138,8.351361764112104,2.5474137439412274,0.0006083533652014327,0.04387391120071923,0.01338284791750387,0.05786511248342453,1.3745857470437497e-06,1.3745857470437497,26,18.91261386871338,PRY,10,Apple M4,1,Apple M4,16.0,32,256,288,0.00022603559563837708,0.22603559563837708,1228.9116543492573,73.87739792466164,-1,8,512,42,15.6.1,0.3.21,3.13.5,no_disponible_apple_silicon,2.7,11.267578125,77.0,Version: 0.3.21,yes,plain_text_no_template,yes
2026-06-22T11:16:47.161405,qwen2.5-7b,q8,gpu,13,Explain the ethical implications of deploying large language models in low-resource countries where ,Bender et al. 2021,9,231.5088198184967,256,1.105789404484479,0.014117475153441817,0.38305428148744713,0.21436018684687685,0.000907866669886185,0.02463345684266142,0.013785076075831362,0.03932639958837896,9.341986222219422e-07,0.9341986222219422,26,231.5088198184967,PRY,10,Apple M4,1,Apple M4,16.0,32,256,288,0.00015361874839210532,0.15361874839210532,1808.228362001504,904.3313274160028,-1,8,512,42,15.6.1,0.3.21,3.13.5,no_disponible_apple_silicon,4.8,11.341400146484375,77.4,Version: 0.3.21,yes,plain_text_no_template,yes
2026-06-22T11:17:12.840815,qwen2.5-7b,q8,gpu,13,Explain the ethical implications of deploying large language models in low-resource countries where ,Bender et al. 2021,10,19.164714097976685,256,13.35788254869021,0.24162562589203443,8.674648924628656,2.546147616736463,0.0012863016774904202,0.04617976848356364,0.013554497534999732,0.06102056769605379,1.4495435856197576e-06,1.4495435856197576,26,19.164714097976685,PRY,10,Apple M4,1,Apple M4,16.0,32,256,288,0.0002383615925627101,0.2383615925627101,1165.3629881865206,74.86216444522142,-1,8,512,42,15.6.1,0.3.21,3.13.5,no_disponible_apple_silicon,16.8,11.43560791015625,78.5,Version: 0.3.21,yes,plain_text_no_template,yes
2026-06-22T11:17:42.524804,qwen2.5-7b,q8,gpu,14,"Translate the following paragraph to Spanish, then explain any cultural or linguistic nuances you co",Papineni et al. 2002,1,25.202754020690918,256,10.157620067625526,0.13017018543716616,6.74232481378762,2.015180571469809,0.0009112908790001726,0.04720143161374725,0.01410780562500804,0.06222052811775547,1.478048645437281e-06,1.478048645437281,26,25.202754020690918,PRY,10,Apple M4,1,Apple M4,16.0,71,256,327,0.0002430489379599823,0.2430489379599823,1142.8882599088483,98.4482578933239,-1,8,512,42,15.6.1,0.3.21,3.13.5,no_disponible_apple_silicon,10.8,11.359756469726562,77.6,Version: 0.3.21,yes,plain_text_no_template,yes
2026-06-22T11:18:08.067029,qwen2.5-7b,q8,gpu,14,"Translate the following paragraph to Spanish, then explain any cultural or linguistic nuances you co",Papineni et al. 2002,2,19.01707911491394,256,13.461583582477434,0.09776893700777063,7.752140112819806,2.5517450764006706,0.0005164665583493922,0.040950850509831146,0.013479649444167687,0.054946966512348226,1.305265189500832e-06,1.305265189500832,26,19.01707911491394,PRY,10,Apple M4,1,Apple M4,16.0,71,256,327,0.00021463658793886026,0.21463658793886026,1294.177197118431,74.28546529263258,-1,8,512,42,15.6.1,0.3.21,3.13.5,no_disponible_apple_silicon,3.0,11.341354370117188,77.5,Version: 0.3.21,yes,plain_text_no_template,yes
2026-06-22T11:19:23.382017,qwen2.5-7b,q8,gpu,14,"Translate the following paragraph to Spanish, then explain any cultural or linguistic nuances you co",Papineni et al. 2002,3,70.8364040851593,256,3.6139609753798005,0.2273188609385745,0.7691601275316561,0.766352704899388,0.004472902969339722,0.015134593777784738,0.015079352743335524,0.034686849490459984,8.239861096458769e-07,0.8239861096458769,26,70.8364040851593,PRY,10,Apple M4,1,Apple M4,16.0,71,256,327,0.0001354955058221093,0.1354955058221093,2050.088496237428,276.7047034576535,-1,8,512,42,15.6.1,0.3.21,3.13.5,no_disponible_apple_silicon,7.5,11.706878662109375,79.7,Version: 0.3.21,yes,plain_text_no_template,yes
2026-06-22T11:19:50.565130,qwen2.5-7b,q8,gpu,14,"Translate the following paragraph to Spanish, then explain any cultural or linguistic nuances you co",Papineni et al. 2002,4,20.589521884918213,256,12.43350872501413,0.20819876563296366,8.985170201996603,2.5892768926343366,0.0011907536226146841,0.05138898847603446,0.014808881457502138,0.06738862355615127,1.6008167525763735e-06,1.6008167525763735,26,20.589521884918213,PRY,10,Apple M4,1,Apple M4,16.0,71,256,327,0.0002632368107662159,0.2632368107662159,1055.2391094894242,80.42781986296177,-1,8,512,42,15.6.1,0.3.21,3.13.5,no_disponible_apple_silicon,6.5,11.463287353515625,78.4,Version: 0.3.21,yes,plain_text_no_template,yes
2026-06-22T11:20:14.099909,qwen2.5-7b,q8,gpu,14,"Translate the following paragraph to Spanish, then explain any cultural or linguistic nuances you co",Papineni et al. 2002,5,19.03552794456482,256,13.448536901394176,0.1069258882139336,8.983195978226934,2.553032092912519,0.0005653863147482631,0.04749996613195587,0.013499531596668628,0.061564884043372764,1.4624738204503199e-06,1.4624738204503198,26,19.03552794456482,PRY,10,Apple M4,1,Apple M4,16.0,71,256,327,0.00024048782829442486,0.24048782829442486,1155.0596125709096,74.35753103345633,-1,8,512,42,15.6.1,0.3.21,3.13.5,no_disponible_apple_silicon,2.6,11.3848876953125,78.0,Version: 0.3.21,yes,plain_text_no_template,yes
2026-06-22T11:20:39.601437,qwen2.5-7b,q8,gpu,14,"Translate the following paragraph to Spanish, then explain any cultural or linguistic nuances you co",Papineni et al. 2002,6,19.026644945144653,256,13.45481564080628,0.10474110914260809,9.141586756246205,2.5537372267722636,0.0005535755263380691,0.04831492373509255,0.013496958749165061,0.0623654580105957,1.4814914550417006e-06,1.4814914550417007,26,19.026644945144653,PRY,10,Apple M4,1,Apple M4,16.0,71,256,327,0.00024361507035388944,0.24361507035388943,1140.2323237813719,74.3228318169713,-1,8,512,42,15.6.1,0.3.21,3.13.5,no_disponible_apple_silicon,2.6,11.163223266601562,76.6,Version: 0.3.21,yes,plain_text_no_template,yes
2026-06-22T11:21:03.091171,qwen2.5-7b,q8,gpu,14,"Translate the following paragraph to Spanish, then explain any cultural or linguistic nuances you co",Papineni et al. 2002,7,19.00067663192749,256,13.473204399986177,0.09114541481064706,9.210776168914617,2.553099242819047,0.0004810623759166665,0.04861416097628071,0.013475170311673234,0.0625703936638706,1.486359701485246e-06,1.486359701485246,26,19.00067663192749,PRY,10,Apple M4,1,Apple M4,16.0,71,256,327,0.00024441560024949453,0.24441560024949452,1136.4977419372078,74.22139309346676,-1,8,512,42,15.6.1,0.3.21,3.13.5,no_disponible_apple_silicon,3.1,11.21685791015625,76.9,Version: 0.3.21,yes,plain_text_no_template,yes
2026-06-22T11:21:28.600408,qwen2.5-7b,q8,gpu,14,"Translate the following paragraph to Spanish, then explain any cultural or linguistic nuances you co",Papineni et al. 2002,8,19.014004945755005,256,13.463760040577542,0.10320969316651388,9.162389272862413,2.5545403710350185,0.0005451193378660976,0.04839269859698292,0.013492234235830741,0.06243005217067976,1.4830258893144976e-06,1.4830258893144976,26,19.014004945755005,PRY,10,Apple M4,1,Apple M4,16.0,71,256,327,0.00024386739129171782,0.2438673912917178,1139.0525658491827,74.27345681935549,-1,8,512,42,15.6.1,0.3.21,3.13.5,no_disponible_apple_silicon,2.5,11.17840576171875,76.6,Version: 0.3.21,yes,plain_text_no_template,yes
2026-06-22T11:21:52.216179,qwen2.5-7b,q8,gpu,14,"Translate the following paragraph to Spanish, then explain any cultural or linguistic nuances you co",Papineni et al. 2002,9,19.139456033706665,256,13.375510753762079,0.19349924580683484,9.532078902174746,2.557833790406489,0.0010287417521320317,0.05067744584944346,0.013598763159170631,0.06530495076074613,1.5513191053215242e-06,1.5513191053215243,26,19.139456033706665,PRY,10,Apple M4,1,Apple M4,16.0,71,256,327,0.0002550974639091646,0.2550974639091646,1088.908425513353,74.76350013166666,-1,8,512,42,15.6.1,0.3.21,3.13.5,no_disponible_apple_silicon,5.1,11.415847778320312,78.1,Version: 0.3.21,yes,plain_text_no_template,yes
2026-06-22T11:22:17.730709,qwen2.5-7b,q8,gpu,14,"Translate the following paragraph to Spanish, then explain any cultural or linguistic nuances you co",Papineni et al. 2002,10,19.014524936676025,256,13.463391846630694,0.10773872863102743,9.064295486991083,2.554537454223348,0.0005690557617223451,0.0478759090474422,0.013492587812500761,0.06193755262166532,1.4713265625276596e-06,1.4713265625276597,26,19.014524936676025,PRY,10,Apple M4,1,Apple M4,16.0,71,256,327,0.00024194356492838017,0.24194356492838018,1148.1097993245046,74.27548803389072,-1,8,512,42,15.6.1,0.3.21,3.13.5,no_disponible_apple_silicon,2.3,11.411941528320312,78.1,Version: 0.3.21,yes,plain_text_no_template,yes
2026-06-22T11:22:42.265525,qwen2.5-7b,q8,gpu,15,The following is a summary of key findings from a research experiment on energy consumption in large,Villamayor 2026,1,20.072593927383423,256,12.753707912695818,0.1099091280774238,8.727874011741871,2.5757835565269644,0.0006128225824474732,0.048664186357515966,0.014361849270832562,0.063638858210796,1.5117410767974589e-06,1.5117410767974588,26,20.072593927383423,PRY,10,Apple M4,1,Apple M4,16.0,250,256,506,0.00024858928988592187,0.24858928988592185,1117.4165142241268,78.4085700288415,-1,8,512,42,15.6.1,0.3.21,3.13.5,no_disponible_apple_silicon,2.5,11.204681396484375,76.7,Version: 0.3.21,yes,plain_text_no_template,yes
2026-06-22T11:23:07.906241,qwen2.5-7b,q8,gpu,15,The following is a summary of key findings from a research experiment on energy consumption in large,Villamayor 2026,2,19.153724908828735,256,13.365546452115908,0.10496367658546597,8.98416515143944,2.557006221199141,0.0005584570518714676,0.04780006329059908,0.013604498264170008,0.06196301860664055,1.4719315070007461e-06,1.4719315070007462,26,19.153724908828735,PRY,10,Apple M4,1,Apple M4,16.0,250,256,506,0.00024204304143218966,0.24204304143218966,1147.6379413105312,74.81923792511225,-1,8,512,42,15.6.1,0.3.21,3.13.5,no_disponible_apple_silicon,2.6,11.20635986328125,76.7,Version: 0.3.21,yes,plain_text_no_template,yes
2026-06-22T11:23:31.543953,qwen2.5-7b,q8,gpu,15,The following is a summary of key findings from a research experiment on energy consumption in large,Villamayor 2026,3,19.141721963882446,256,13.373927407525485,0.1071584711806433,9.00973988963132,2.5575417650191126,0.0005697771281707178,0.04790609331506212,0.013598820382503618,0.06207469082573646,1.4745842805653695e-06,1.4745842805653695,26,19.141721963882446,PRY,10,Apple M4,1,Apple M4,16.0,250,256,506,0.00024247926103803305,0.24247926103803305,1145.5733434217623,74.7723514214158,-1,8,512,42,15.6.1,0.3.21,3.13.5,no_disponible_apple_silicon,2.7,11.214736938476562,76.9,Version: 0.3.21,yes,plain_text_no_template,yes
2026-06-22T11:23:57.353763,qwen2.5-7b,q8,gpu,15,The following is a summary of key findings from a research experiment on energy consumption in large,Villamayor 2026,4,19.30195713043213,256,13.262903770332263,0.10430521634538836,9.057308608759135,2.560604154905635,0.0005592485595497596,0.04856216180093408,0.013729075451665266,0.06285048581214911,1.4930132904676019e-06,1.493013290467602,26,19.30195713043213,PRY,10,Apple M4,1,Apple M4,16.0,250,256,506,0.00024550971020370746,0.24550971020370746,1131.4329585876521,75.3982700407505,-1,8,512,42,15.6.1,0.3.21,3.13.5,no_disponible_apple_silicon,4.5,11.426895141601562,78.1,Version: 0.3.21,yes,plain_text_no_template,yes
2026-06-22T11:24:20.951519,qwen2.5-7b,q8,gpu,15,The following is a summary of key findings from a research experiment on energy consumption in large,Villamayor 2026,5,19.141573190689087,256,13.374031353103435,0.11006804581684254,8.997189620737112,2.55735951733572,0.000585243209710892,0.04783898989884656,0.013597745659996389,0.062021978768553844,1.4733321056469964e-06,1.4733321056469963,26,19.141573190689087,PRY,10,Apple M4,1,Apple M4,16.0,250,256,506,0.00024227335456466345,0.24227335456466345,1146.5469584012305,74.77177027612925,-1,8,512,42,15.6.1,0.3.21,3.13.5,no_disponible_apple_silicon,2.5,11.42999267578125,78.2,Version: 0.3.21,yes,plain_text_no_template,yes
2026-06-22T11:24:46.761123,qwen2.5-7b,q8,gpu,15,The following is a summary of key findings from a research experiment on energy consumption in large,Villamayor 2026,6,19.256918907165527,256,13.293923147006764,0.2038360822557923,9.124432340934577,2.557104441806694,0.0010903485850983653,0.04880790379535991,0.013678320242506745,0.06357657262296502,1.510261482658534e-06,1.510261482658534,26,19.256918907165527,PRY,10,Apple M4,1,Apple M4,16.0,250,256,506,0.00024834598680845713,0.24834598680845713,1118.5112404978004,75.22233948111534,-1,8,512,42,15.6.1,0.3.21,3.13.5,no_disponible_apple_silicon,8.9,11.455917358398438,78.3,Version: 0.3.21,yes,plain_text_no_template,yes
2026-06-22T11:25:10.507968,qwen2.5-7b,q8,gpu,15,The following is a summary of key findings from a research experiment on energy consumption in large,Villamayor 2026,7,19.23910880088806,256,13.306229651769694,0.31245429450378626,8.980324062012713,2.5552171105627854,0.0016698172686841844,0.04799261991563767,0.013655583333335624,0.06331802051765749,1.5041195773969534e-06,1.5041195773969533,26,19.23910880088806,PRY,10,Apple M4,1,Apple M4,16.0,250,256,506,0.00024733601764709957,0.24733601764709956,1123.078556937521,75.15276875346899,-1,8,512,42,15.6.1,0.3.21,3.13.5,no_disponible_apple_silicon,10.7,11.383499145507812,77.9,Version: 0.3.21,yes,plain_text_no_template,yes
2026-06-22T11:25:36.164304,qwen2.5-7b,q8,gpu,15,The following is a summary of key findings from a research experiment on energy consumption in large,Villamayor 2026,8,19.156055212020874,256,13.363920554966557,0.10313721634054772,9.047088524317079,2.5537020649370006,0.0005488061696204649,0.048140702022182895,0.013588571597495807,0.06227807978929917,1.4794157853948016e-06,1.4794157853948016,26,19.156055212020874,PRY,10,Apple M4,1,Apple M4,16.0,250,256,506,0.00024327374917694987,0.24327374917694988,1141.8321077286919,74.82834067195654,-1,8,512,42,15.6.1,0.3.21,3.13.5,no_disponible_apple_silicon,2.6,11.373687744140625,77.8,Version: 0.3.21,yes,plain_text_no_template,yes
2026-06-22T11:25:59.900762,qwen2.5-7b,q8,gpu,15,The following is a summary of key findings from a research experiment on energy consumption in large,Villamayor 2026,9,19.25491690635681,256,13.295305362521935,0.107681756281595,8.922663122190931,2.5521347801701006,0.000575945352647966,0.04772364916700018,0.013650317534999583,0.06194991205464772,1.4716201608581565e-06,1.4716201608581565,26,19.25491690635681,PRY,10,Apple M4,1,Apple M4,16.0,250,256,506,0.00024199184396346766,0.24199184396346765,1147.8807435332926,75.2145191654563,-1,8,512,42,15.6.1,0.3.21,3.13.5,no_disponible_apple_silicon,4.8,11.473419189453125,78.3,Version: 0.3.21,yes,plain_text_no_template,yes
2026-06-22T11:26:25.611370,qwen2.5-7b,q8,gpu,15,The following is a summary of key findings from a research experiment on energy consumption in large,Villamayor 2026,10,19.16972303390503,256,13.354392212512353,0.10421131828319742,8.948829751849148,2.5521759907787387,0.0005549172523575049,0.04765182995014368,0.013590140799169604,0.061796888001670804,1.4679850744796898e-06,1.4679850744796898,26,19.16972303390503,PRY,10,Apple M4,1,Apple M4,16.0,250,256,506,0.00024139409375652658,0.24139409375652657,1150.72317410528,74.88173060119152,-1,8,512,42,15.6.1,0.3.21,3.13.5,no_disponible_apple_silicon,2.9,11.267837524414062,77.0,Version: 0.3.21,yes,plain_text_no_template,yes
