timestamp,model,quantization,device,prompt_id,prompt_text,paper_reference,repetition,inference_time_s,tokens_generated,tokens_per_second,cpu_power_w,gpu_power_w,ram_power_w,cpu_energy_wh,gpu_energy_wh,ram_energy_wh,total_energy_wh,emissions_kg_co2,emissions_mg_co2,carbon_intensity,duration_s,country_iso_code,cpu_count,cpu_model,gpu_count,gpu_model,ram_total_gb,tokens_input,tokens_output,tokens_total,energy_per_token,n_gpu_layers,n_threads,n_batch,seed,macos_version,llama_cpp_version,python_version
2026-06-20T13:39:53.789655,llama-2-7b,q4,cpu,1,"If all roses are flowers and some flowers fade quickly, can we conclude that some roses fade quickly",Zheng et al. 2023,1,6.070091009140015,131,21.581225026568347,0.23281487542316334,0.0,3.000159033625366,0.00039255763391672123,0.0,0.005058677326666536,0.005451234960583257,1.2949408648865527e-07,0.12949408648865526,26,6.070091009140015,PRY,10,Apple M4,1,Apple M4,16.0,28,131,159,4.161248061513937e-05,0,8,512,42,15.6.1,0.3.21,3.13.5
2026-06-20T13:39:58.966144,llama-2-7b,q4,cpu,1,"If all roses are flowers and some flowers fade quickly, can we conclude that some roses fade quickly",Zheng et al. 2023,2,0.9740228652954102,19,19.506728924928794,0.060030644170167194,0.0,3.001301078409477,1.624200556670985e-05,0.0,0.0008120377433351677,0.0008282797489018776,1.96757854351641e-08,0.0196757854351641,26,0.9740228652954102,PRY,10,Apple M4,1,Apple M4,16.0,28,19,47,4.3593670994835664e-05,0,8,512,42,15.6.1,0.3.21,3.13.5
2026-06-20T13:40:03.022064,llama-2-7b,q4,cpu,1,"If all roses are flowers and some flowers fade quickly, can we conclude that some roses fade quickly",Zheng et al. 2023,3,0.9066519737243652,19,20.95622195797068,0.016602902476651835,0.002285572438882392,3.000312501197664,4.181403972224871e-06,5.756163230007587e-07,0.0007556220141668747,0.0007603790344621002,1.806280396364719e-08,0.01806280396364719,26,0.9066519737243652,PRY,10,Apple M4,1,Apple M4,16.0,28,19,47,4.00199491822158e-05,0,8,512,42,15.6.1,0.3.21,3.13.5
2026-06-20T13:40:07.080717,llama-2-7b,q4,cpu,1,"If all roses are flowers and some flowers fade quickly, can we conclude that some roses fade quickly",Zheng et al. 2023,4,0.88885498046875,19,21.375815422646433,0.06521285959143222,0.0,3.0003547345774195,1.6101326399570506e-05,0.0,0.0007408000691672594,0.0007569013955668299,1.798019265169004e-08,0.01798019265169004,26,0.88885498046875,PRY,10,Apple M4,1,Apple M4,16.0,28,19,47,3.9836915556148944e-05,0,8,512,42,15.6.1,0.3.21,3.13.5
2026-06-20T13:40:11.235295,llama-2-7b,q4,cpu,1,"If all roses are flowers and some flowers fade quickly, can we conclude that some roses fade quickly",Zheng et al. 2023,5,0.8888850212097168,19,21.375093006002274,0.030408620550695386,0.0,3.0005878829711103,7.508268700878639e-06,0.0,0.000740882673332332,0.0007483909420332106,1.7778026827998916e-08,0.017778026827998915,26,0.8888850212097168,PRY,10,Apple M4,1,Apple M4,16.0,28,19,47,3.938899694911635e-05,0,8,512,42,15.6.1,0.3.21,3.13.5
2026-06-20T13:40:15.284672,llama-2-7b,q4,cpu,1,"If all roses are flowers and some flowers fade quickly, can we conclude that some roses fade quickly",Zheng et al. 2023,6,0.8973078727722168,19,21.174449234798125,0.02850451553267184,0.0,3.000295056685822,7.104812832506772e-06,0.0,0.0007478301041677091,0.0007549349170002157,1.7933478953340124e-08,0.017933478953340125,26,0.8973078727722168,PRY,10,Apple M4,1,Apple M4,16.0,28,19,47,3.973341668422188e-05,0,8,512,42,15.6.1,0.3.21,3.13.5
2026-06-20T13:40:22.366051,llama-2-7b,q4,cpu,1,"If all roses are flowers and some flowers fade quickly, can we conclude that some roses fade quickly",Zheng et al. 2023,7,0.8846161365509033,19,21.47824261275691,0.028510078314678448,0.0,3.0008118960532695,7.005687592081815e-06,0.0,0.000737379618334065,0.0007443853059261469,1.7682872942275617e-08,0.017682872942275617,26,0.8846161365509033,PRY,10,Apple M4,1,Apple M4,16.0,28,19,47,3.917817399611299e-05,0,8,512,42,15.6.1,0.3.21,3.13.5
2026-06-20T13:40:27.453769,llama-2-7b,q4,cpu,1,"If all roses are flowers and some flowers fade quickly, can we conclude that some roses fade quickly",Zheng et al. 2023,8,0.8949720859527588,19,21.229712410273898,0.02981085340018748,0.0,3.000881303622732,7.411078236554911e-06,0.0,0.0007460291666666307,0.0007534402449031857,1.7897973017675173e-08,0.01789797301767517,26,0.8949720859527588,PRY,10,Apple M4,1,Apple M4,16.0,28,19,47,3.965474973174662e-05,0,8,512,42,15.6.1,0.3.21,3.13.5
2026-06-20T13:40:31.502120,llama-2-7b,q4,cpu,1,"If all roses are flowers and some flowers fade quickly, can we conclude that some roses fade quickly",Zheng et al. 2023,9,0.8979048728942871,19,21.16037074033891,0.051511079357451826,0.0,3.0003969043118226,1.2847791434194533e-05,0.0,0.000748353055832922,0.0007612008472671167,1.8082326126830353e-08,0.018082326126830355,26,0.8979048728942871,PRY,10,Apple M4,1,Apple M4,16.0,28,19,47,4.006320248774298e-05,0,8,512,42,15.6.1,0.3.21,3.13.5
2026-06-20T13:40:35.603417,llama-2-7b,q4,cpu,1,"If all roses are flowers and some flowers fade quickly, can we conclude that some roses fade quickly",Zheng et al. 2023,10,0.8992230892181396,19,21.129350689293577,0.01760314372280441,0.0,3.000329016621922,4.396987021769746e-06,0.0,0.0007494347574993299,0.0007538317445210997,1.790727309109872e-08,0.01790727309109872,26,0.8992230892181396,PRY,10,Apple M4,1,Apple M4,16.0,28,19,47,3.967535497479472e-05,0,8,512,42,15.6.1,0.3.21,3.13.5
2026-06-20T13:40:50.423417,llama-2-7b,q4,cpu,2,A farmer has 17 sheep. All but 9 die. How many sheep does the farmer have left? Explain.,Zheng et al. 2023,1,11.613651275634766,256,22.04302453416037,0.043999973223237204,0.0,2.9999826001406777,0.00014194454031998452,0.0,0.009677986597501635,0.00981993113782162,2.3327246417895253e-07,0.23327246417895253,26,11.613651275634766,PRY,10,Apple M4,1,Apple M4,16.0,29,256,285,3.83591060071157e-05,0,8,512,42,15.6.1,0.3.21,3.13.5
2026-06-20T13:41:07.933443,llama-2-7b,q4,cpu,2,A farmer has 17 sheep. All but 9 die. How many sheep does the farmer have left? Explain.,Zheng et al. 2023,2,11.280670881271362,256,22.693685747451582,0.04910168677949074,0.0,3.000086440531657,0.00015386110229853006,0.0,0.00940082993083403,0.009554691033132562,2.26971685492064e-07,0.22697168549206398,26,11.280670881271362,PRY,10,Apple M4,1,Apple M4,16.0,29,256,285,3.732301184817407e-05,0,8,512,42,15.6.1,0.3.21,3.13.5
2026-06-20T13:41:23.379303,llama-2-7b,q4,cpu,2,A farmer has 17 sheep. All but 9 die. How many sheep does the farmer have left? Explain.,Zheng et al. 2023,3,11.189673900604248,256,22.878235976669156,0.05810075296156717,0.0,3.000021329681698,0.0001805912441720842,0.0,0.009324794548332042,0.009505385792504125,2.2580043950093547e-07,0.22580043950093548,26,11.189673900604248,PRY,10,Apple M4,1,Apple M4,16.0,29,256,285,3.713041325196924e-05,0,8,512,42,15.6.1,0.3.21,3.13.5
2026-06-20T13:41:37.827945,llama-2-7b,q4,cpu,2,A farmer has 17 sheep. All but 9 die. How many sheep does the farmer have left? Explain.,Zheng et al. 2023,4,11.189028024673462,256,22.87955660093818,0.05360001485182177,0.0,2.9999859841246335,0.00016659224119442987,0.0,0.009324146458332811,0.00949073869952724,2.254524978072696e-07,0.2254524978072696,26,11.189028024673462,PRY,10,Apple M4,1,Apple M4,16.0,29,256,285,3.707319804502828e-05,0,8,512,42,15.6.1,0.3.21,3.13.5
2026-06-20T13:41:55.316521,llama-2-7b,q4,cpu,2,A farmer has 17 sheep. All but 9 die. How many sheep does the farmer have left? Explain.,Zheng et al. 2023,5,11.238159894943237,256,22.779529958030825,0.16150120925043682,0.128823077686559,3.0000069019458926,0.0005041601146619708,0.00040214842922229016,0.00936515479166701,0.01027146333555127,2.439986115360204e-07,0.2439986115360204,26,11.238159894943237,PRY,10,Apple M4,1,Apple M4,16.0,29,256,285,4.012290365449715e-05,0,8,512,42,15.6.1,0.3.21,3.13.5
2026-06-20T13:42:10.804956,llama-2-7b,q4,cpu,2,A farmer has 17 sheep. All but 9 die. How many sheep does the farmer have left? Explain.,Zheng et al. 2023,6,11.217207670211792,256,22.82207903485899,0.04910135326841802,0.0,3.000066136189185,0.0001529944656945215,0.0,0.009347879131667774,0.009500873597362295,2.2569325230534132e-07,0.22569325230534132,26,11.217207670211792,PRY,10,Apple M4,1,Apple M4,16.0,29,256,285,3.7112787489696465e-05,0,8,512,42,15.6.1,0.3.21,3.13.5
2026-06-20T13:42:25.240477,llama-2-7b,q4,cpu,2,A farmer has 17 sheep. All but 9 die. How many sheep does the farmer have left? Explain.,Zheng et al. 2023,7,11.213378190994263,256,22.829872999877935,0.048499972500464256,0.0,2.9999830605924656,0.00015106903719459093,0.0,0.009344429062499937,0.009495498099694527,2.2556555735824346e-07,0.22556555735824346,26,11.213378190994263,PRY,10,Apple M4,1,Apple M4,16.0,29,256,285,3.7091789451931745e-05,0,8,512,42,15.6.1,0.3.21,3.13.5
2026-06-20T13:42:42.726911,llama-2-7b,q4,cpu,2,A farmer has 17 sheep. All but 9 die. How many sheep does the farmer have left? Explain.,Zheng et al. 2023,8,11.232680797576904,256,22.79064139837606,0.053400439517473086,0.0,3.0000094685563288,0.00016661946987502413,0.0,0.009360596875000435,0.00952721634487546,2.2631902427251653e-07,0.22631902427251652,26,11.232680797576904,PRY,10,Apple M4,1,Apple M4,16.0,29,256,285,3.7215688847169764e-05,0,8,512,42,15.6.1,0.3.21,3.13.5
2026-06-20T13:42:58.240633,llama-2-7b,q4,cpu,2,A farmer has 17 sheep. All but 9 die. How many sheep does the farmer have left? Explain.,Zheng et al. 2023,9,11.246239185333252,256,22.76316515959056,0.06700227293926704,0.0,3.0000847343709247,0.00020931210762110522,0.0,0.00937213069416733,0.009581442801788437,2.2760717375648428e-07,0.2276071737564843,26,11.246239185333252,PRY,10,Apple M4,1,Apple M4,16.0,29,256,285,3.742751094448608e-05,0,8,512,42,15.6.1,0.3.21,3.13.5
2026-06-20T13:43:12.759676,llama-2-7b,q4,cpu,2,A farmer has 17 sheep. All but 9 die. How many sheep does the farmer have left? Explain.,Zheng et al. 2023,10,11.287516117095947,256,22.67992331920264,0.04850003261646539,0.0,2.9999850075708765,0.0001520680277327867,0.0,0.00940621642333402,0.009558284451066807,2.27057047135092e-07,0.227057047135092,26,11.287516117095947,PRY,10,Apple M4,1,Apple M4,16.0,29,256,285,3.7337048636979716e-05,0,8,512,42,15.6.1,0.3.21,3.13.5
2026-06-20T13:43:27.643240,llama-2-7b,q4,cpu,3,"If it takes 5 machines 5 minutes to make 5 widgets, how long does it take 100 machines to make 100 w",Zheng et al. 2023,1,8.635184049606323,183,21.19236821690476,0.05070063479270974,0.0,3.000017744402061,0.0001216136980185896,0.0,0.0071960292708323935,0.007317642968850984,1.738306087250551e-07,0.1738306087250551,26,8.635184049606323,PRY,10,Apple M4,1,Apple M4,16.0,36,183,219,3.998712004836603e-05,0,8,512,42,15.6.1,0.3.21,3.13.5
2026-06-20T13:43:39.940815,llama-2-7b,q4,cpu,3,"If it takes 5 machines 5 minutes to make 5 widgets, how long does it take 100 machines to make 100 w",Zheng et al. 2023,2,8.050494909286499,183,22.731521734012123,0.04410188787184446,0.0,3.0001063938494954,9.862278438950217e-05,0.0,0.006708983680834233,0.0068076064652237344,1.617146915813898e-07,0.1617146915813898,26,8.050494909286499,PRY,10,Apple M4,1,Apple M4,16.0,36,183,219,3.720003532909145e-05,0,8,512,42,15.6.1,0.3.21,3.13.5
2026-06-20T13:43:51.216763,llama-2-7b,q4,cpu,3,"If it takes 5 machines 5 minutes to make 5 widgets, how long does it take 100 machines to make 100 w",Zheng et al. 2023,3,8.038903713226318,183,22.764298034682533,0.05930030671112707,0.0,2.999995644471268,0.00013241929328209416,0.0,0.006699076701667461,0.006831495994949556,1.6228218736002668e-07,0.16228218736002667,26,8.038903713226318,PRY,10,Apple M4,1,Apple M4,16.0,36,183,219,3.7330579207374625e-05,0,8,512,42,15.6.1,0.3.21,3.13.5
2026-06-20T13:44:05.637311,llama-2-7b,q4,cpu,3,"If it takes 5 machines 5 minutes to make 5 widgets, how long does it take 100 machines to make 100 w",Zheng et al. 2023,4,8.049429655075073,183,22.734530002957488,0.0522018971856886,0.0,3.000086625240533,0.00011672097201601719,0.0,0.006708051735834791,0.006824772707850808,1.6212247567499593e-07,0.16212247567499594,26,8.049429655075073,PRY,10,Apple M4,1,Apple M4,16.0,36,183,219,3.7293839933610975e-05,0,8,512,42,15.6.1,0.3.21,3.13.5
2026-06-20T13:44:17.963731,llama-2-7b,q4,cpu,3,"If it takes 5 machines 5 minutes to make 5 widgets, how long does it take 100 machines to make 100 w",Zheng et al. 2023,5,8.057750940322876,183,22.71105192445513,0.04970260531331029,0.0,3.0001367386566886,0.00011124755963883967,0.0,0.006715098507502261,0.006826346067141101,1.6215985082493685e-07,0.16215985082493686,26,8.057750940322876,PRY,10,Apple M4,1,Apple M4,16.0,36,183,219,3.7302437525361206e-05,0,8,512,42,15.6.1,0.3.21,3.13.5
2026-06-20T13:44:29.237481,llama-2-7b,q4,cpu,3,"If it takes 5 machines 5 minutes to make 5 widgets, how long does it take 100 machines to make 100 w",Zheng et al. 2023,6,8.028388977050781,183,22.79411230859729,0.04470025346004486,0.0,2.9999957113244324,9.968639504166672e-05,0.0,0.006690314583332414,0.0067900009783740806,1.6129647324127626e-07,0.16129647324127627,26,8.028388977050781,PRY,10,Apple M4,1,Apple M4,16.0,36,183,219,3.710383048291847e-05,0,8,512,42,15.6.1,0.3.21,3.13.5
2026-06-20T13:44:43.539988,llama-2-7b,q4,cpu,3,"If it takes 5 machines 5 minutes to make 5 widgets, how long does it take 100 machines to make 100 w",Zheng et al. 2023,7,8.034111976623535,183,22.777875206677002,0.03260051204244316,0.0,3.0000322151506644,7.275449006784788e-05,0.0,0.006695165208332886,0.006767919698400734,1.6077193243550942e-07,0.1607719324355094,26,8.034111976623535,PRY,10,Apple M4,1,Apple M4,16.0,36,183,219,3.6983167750823684e-05,0,8,512,42,15.6.1,0.3.21,3.13.5
2026-06-20T13:44:55.838728,llama-2-7b,q4,cpu,3,"If it takes 5 machines 5 minutes to make 5 widgets, how long does it take 100 machines to make 100 w",Zheng et al. 2023,8,8.039206743240356,183,22.76343995679334,0.05040106999451203,0.0,3.0000431970816566,0.00011255128382400286,0.0,0.006699435416664225,0.006811986700488228,1.6181874407009785e-07,0.16181874407009786,26,8.039206743240356,PRY,10,Apple M4,1,Apple M4,16.0,36,183,219,3.7223971040919276e-05,0,8,512,42,15.6.1,0.3.21,3.13.5
2026-06-20T13:45:07.119610,llama-2-7b,q4,cpu,3,"If it takes 5 machines 5 minutes to make 5 widgets, how long does it take 100 machines to make 100 w",Zheng et al. 2023,9,8.023809909820557,183,22.807120564511553,0.05920036126710969,0.0,2.9999964660845917,0.00013194790149999771,0.0,0.00668650038166561,0.0068184482831656085,1.61972238966599e-07,0.161972238966599,26,8.023809909820557,PRY,10,Apple M4,1,Apple M4,16.0,36,183,219,3.7259280235877645e-05,0,8,512,42,15.6.1,0.3.21,3.13.5
2026-06-20T13:45:21.507765,llama-2-7b,q4,cpu,3,"If it takes 5 machines 5 minutes to make 5 widgets, how long does it take 100 machines to make 100 w",Zheng et al. 2023,10,8.034230947494507,183,22.777537911960195,0.04950133420973213,0.0,3.0000603554375167,0.00011047365312502734,0.0,0.006695327153335408,0.006805800806460435,1.6167179815746764e-07,0.16167179815746763,26,8.034230947494507,PRY,10,Apple M4,1,Apple M4,16.0,36,183,219,3.719016834131385e-05,0,8,512,42,15.6.1,0.3.21,3.13.5
2026-06-20T13:45:38.313483,llama-2-7b,q4,cpu,4,A bat and ball cost $1.10. The bat costs $1 more than the ball. How much does the ball cost?,Zheng et al. 2023,1,12.559588193893433,256,20.382833899320772,0.04950130558207605,0.0,3.0000646153602077,0.00017269889254748706,0.0,0.010466548923332085,0.010639247815879571,2.527353318662192e-07,0.2527353318662192,26,12.559588193893433,PRY,10,Apple M4,1,Apple M4,16.0,29,256,285,4.1559561780779576e-05,0,8,512,42,15.6.1,0.3.21,3.13.5
2026-06-20T13:45:53.205323,llama-2-7b,q4,cpu,4,A bat and ball cost $1.10. The bat costs $1 more than the ball. How much does the ball cost?,Zheng et al. 2023,2,11.63727879524231,256,21.998269913810173,0.05109993796202229,0.0,2.999981620640796,0.00016518450680101098,0.0,0.00969767291666661,0.009862857423467621,2.3429217809447332e-07,0.2342921780944733,26,11.63727879524231,PRY,10,Apple M4,1,Apple M4,16.0,29,256,285,3.8526786810420396e-05,0,8,512,42,15.6.1,0.3.21,3.13.5
2026-06-20T13:46:10.731257,llama-2-7b,q4,cpu,4,A bat and ball cost $1.10. The bat costs $1 more than the ball. How much does the ball cost?,Zheng et al. 2023,3,11.257147073745728,256,22.741108233102086,0.052000999351715364,0.0,3.0000420536184977,0.00016260636046778223,0.0,0.009381087395834887,0.009543693756302669,2.2671044518096986e-07,0.22671044518096986,26,11.257147073745728,PRY,10,Apple M4,1,Apple M4,16.0,29,256,285,3.72800537355573e-05,0,8,512,42,15.6.1,0.3.21,3.13.5
2026-06-20T13:46:26.643708,llama-2-7b,q4,cpu,4,A bat and ball cost $1.10. The bat costs $1 more than the ball. How much does the ball cost?,Zheng et al. 2023,4,11.43273401260376,256,22.39184430581334,0.047501080008852295,0.0,3.000051482802873,0.00015085200362572725,0.0,0.009527441840834096,0.009678293844459823,2.299078702751431e-07,0.2299078702751431,26,11.43273401260376,PRY,10,Apple M4,1,Apple M4,16.0,29,256,285,3.780583532992118e-05,0,8,512,42,15.6.1,0.3.21,3.13.5
2026-06-20T13:46:41.220684,llama-2-7b,q4,cpu,4,A bat and ball cost $1.10. The bat costs $1 more than the ball. How much does the ball cost?,Zheng et al. 2023,5,11.274204969406128,256,22.70670088885965,0.9503042029901259,0.0,2.9999978682112505,0.002976090102166335,0.0,0.009395164131665298,0.012371254233831633,2.9387914432467043e-07,0.29387914432467044,26,11.274204969406128,PRY,10,Apple M4,1,Apple M4,16.0,29,256,285,4.8325211850904816e-05,0,8,512,42,15.6.1,0.3.21,3.13.5
2026-06-20T13:46:58.723942,llama-2-7b,q4,cpu,4,A bat and ball cost $1.10. The bat costs $1 more than the ball. How much does the ball cost?,Zheng et al. 2023,6,11.237966775894165,256,22.779921413287056,1.0995106781453732,0.0,3.00001397470856,0.0034322956863162687,0.0,0.009365015937498054,0.012797311623814322,3.0400013762370915e-07,0.30400013762370914,26,11.237966775894165,PRY,10,Apple M4,1,Apple M4,16.0,29,256,285,4.9989498530524695e-05,0,8,512,42,15.6.1,0.3.21,3.13.5
2026-06-20T13:47:14.739364,llama-2-7b,q4,cpu,4,A bat and ball cost $1.10. The bat costs $1 more than the ball. How much does the ball cost?,Zheng et al. 2023,7,11.71077585220337,256,21.86020834408114,0.09360096163268307,0.0,3.000015931428525,0.0003044833003419553,0.0,0.00975903170166627,0.010063515002008225,2.390587988727054e-07,0.2390587988727054,26,11.71077585220337,PRY,10,Apple M4,1,Apple M4,16.0,29,256,285,3.931060547659463e-05,0,8,512,42,15.6.1,0.3.21,3.13.5
2026-06-20T13:47:29.823744,llama-2-7b,q4,cpu,4,A bat and ball cost $1.10. The bat costs $1 more than the ball. How much does the ball cost?,Zheng et al. 2023,8,11.83490514755249,256,21.630929594137214,0.2706999318257714,0.0,2.999983950554844,0.000889918893501925,0.0,0.00986236819416566,0.010752287087667584,2.5542057976754343e-07,0.25542057976754345,26,11.83490514755249,PRY,10,Apple M4,1,Apple M4,16.0,29,256,285,4.20011214362015e-05,0,8,512,42,15.6.1,0.3.21,3.13.5
2026-06-20T13:47:47.386064,llama-2-7b,q4,cpu,4,A bat and ball cost $1.10. The bat costs $1 more than the ball. How much does the ball cost?,Zheng et al. 2023,9,11.311802864074707,256,22.631228909852517,0.9583100857008587,0.0,3.0000188547992113,0.0030111707700285146,0.0,0.009426561631665512,0.012437732401694027,2.9545833320224157e-07,0.2954583332022416,26,11.311802864074707,PRY,10,Apple M4,1,Apple M4,16.0,29,256,285,4.858489219411729e-05,0,8,512,42,15.6.1,0.3.21,3.13.5
2026-06-20T13:48:03.018709,llama-2-7b,q4,cpu,4,A bat and ball cost $1.10. The bat costs $1 more than the ball. How much does the ball cost?,Zheng et al. 2023,10,11.290611982345581,256,22.67370452552006,0.058200726690735526,0.0,3.0000219919848377,0.00018253383948767745,0.0,0.009408912291667852,0.00959144613115553,2.2784480284559957e-07,0.22784480284559958,26,11.290611982345581,PRY,10,Apple M4,1,Apple M4,16.0,29,256,285,3.7466586449826286e-05,0,8,512,42,15.6.1,0.3.21,3.13.5
2026-06-20T13:48:17.911783,llama-2-7b,q4,cpu,5,Three switches control three light bulbs in another room. You can only enter the room once. How do y,Zheng et al. 2023,1,11.633891820907593,256,22.004674269012476,0.05350000733983435,0.0,2.9999850148402083,0.00017289258272483194,0.0,0.009694861424165233,0.009867754006890066,2.344084964336735e-07,0.2344084964336735,26,11.633891820907593,PRY,10,Apple M4,1,Apple M4,16.0,32,256,288,3.854591408941432e-05,0,8,512,42,15.6.1,0.3.21,3.13.5
2026-06-20T13:48:35.485487,llama-2-7b,q4,cpu,5,Three switches control three light bulbs in another room. You can only enter the room once. How do y,Zheng et al. 2023,2,11.283880949020386,256,22.687229788809915,0.05550104768902879,0.0,3.0000410786804474,0.00017396311518580663,0.0,0.009403362881666908,0.009577325996852716,2.2750937905523624e-07,0.22750937905523624,26,11.283880949020386,PRY,10,Apple M4,1,Apple M4,16.0,32,256,288,3.741142967520592e-05,0,8,512,42,15.6.1,0.3.21,3.13.5
2026-06-20T13:48:51.000842,llama-2-7b,q4,cpu,5,Three switches control three light bulbs in another room. You can only enter the room once. How do y,Zheng et al. 2023,3,11.255216121673584,256,22.74500971216662,0.05320051719677681,0.0,3.000012595047807,0.00016632869967625976,0.0,0.009379386145834967,0.009545714845511227,2.267584561551192e-07,0.2267584561551192,26,11.255216121673584,PRY,10,Apple M4,1,Apple M4,16.0,32,256,288,3.728794861527823e-05,0,8,512,42,15.6.1,0.3.21,3.13.5
2026-06-20T13:49:05.494923,llama-2-7b,q4,cpu,5,Three switches control three light bulbs in another room. You can only enter the room once. How do y,Zheng et al. 2023,4,11.222730159759521,256,22.81084872894115,0.05080005660984173,0.0,2.999987148378676,0.00015836536873132273,0.0,0.009352235069166758,0.00951060043789808,2.2592431340226887e-07,0.22592431340226887,26,11.222730159759521,PRY,10,Apple M4,1,Apple M4,16.0,32,256,288,3.7150782960539375e-05,0,8,512,42,15.6.1,0.3.21,3.13.5
2026-06-20T13:49:23.035448,llama-2-7b,q4,cpu,5,Three switches control three light bulbs in another room. You can only enter the room once. How do y,Zheng et al. 2023,5,11.259719848632812,256,22.73591203346718,0.05370109466009818,0.0,3.000044046842278,0.0001679609115104492,0.0,0.009383237639167418,0.009551198550677866,2.268887215713527e-07,0.22688872157135268,26,11.259719848632812,PRY,10,Apple M4,1,Apple M4,16.0,32,256,288,3.7309369338585416e-05,0,8,512,42,15.6.1,0.3.21,3.13.5
2026-06-20T13:49:38.560329,llama-2-7b,q4,cpu,5,Three switches control three light bulbs in another room. You can only enter the room once. How do y,Zheng et al. 2023,6,11.245813131332397,256,22.764027554997195,0.05070113964487565,0.0,3.0000507950814885,0.00015838209499773894,0.0,0.009371669618331,0.00953005171332874,2.2638637845012418e-07,0.2263863784501242,26,11.245813131332397,PRY,10,Apple M4,1,Apple M4,16.0,32,256,288,3.722676450519039e-05,0,8,512,42,15.6.1,0.3.21,3.13.5
2026-06-20T13:49:53.029089,llama-2-7b,q4,cpu,5,Three switches control three light bulbs in another room. You can only enter the room once. How do y,Zheng et al. 2023,7,11.215083122253418,256,22.826402373428202,0.05260001740850629,0.0,2.9999847646459643,0.00016386487985232636,0.0,0.009345855139166208,0.009509720019018536,2.259033990517853e-07,0.2259033990517853,26,11.215083122253418,PRY,10,Apple M4,1,Apple M4,16.0,32,256,288,3.7147343824291156e-05,0,8,512,42,15.6.1,0.3.21,3.13.5
2026-06-20T13:50:10.652641,llama-2-7b,q4,cpu,5,Three switches control three light bulbs in another room. You can only enter the room once. How do y,Zheng et al. 2023,8,11.320892810821533,256,22.61305749271754,0.05480124374175229,0.0,3.000051614263049,0.00017233305730557835,0.0,0.009434239653334469,0.009606572710640048,2.282041347412543e-07,0.22820413474125428,26,11.320892810821533,PRY,10,Apple M4,1,Apple M4,16.0,32,256,288,3.7525674650937686e-05,0,8,512,42,15.6.1,0.3.21,3.13.5
2026-06-20T13:50:26.167307,llama-2-7b,q4,cpu,5,Three switches control three light bulbs in another room. You can only enter the room once. How do y,Zheng et al. 2023,9,11.23452615737915,256,22.78689785522036,0.05290046188860228,0.0,3.0000094598442693,0.00016508656189581698,0.0,0.009362134652501483,0.009527221214397301,2.2631913994800786e-07,0.22631913994800784,26,11.23452615737915,PRY,10,Apple M4,1,Apple M4,16.0,32,256,288,3.721570786873946e-05,0,8,512,42,15.6.1,0.3.21,3.13.5
2026-06-20T13:50:40.614554,llama-2-7b,q4,cpu,5,Three switches control three light bulbs in another room. You can only enter the room once. How do y,Zheng et al. 2023,10,11.192951679229736,256,22.8715362432099,0.07570002386572561,0.0,2.999986059379566,0.0002353629747904457,0.0,0.009327416389166197,0.009562779363956645,2.2716382379079007e-07,0.22716382379079006,26,11.192951679229736,PRY,10,Apple M4,1,Apple M4,16.0,32,256,288,3.7354606890455644e-05,0,8,512,42,15.6.1,0.3.21,3.13.5
2026-06-20T13:50:48.639961,llama-2-7b,q4,cpu,6,"Given that f(x) = 4x³ - 9x - 14, find the value of f(2).",Zheng et al. 2023,1,1.7435369491577148,30,17.206403348373374,0.10061464400547031,0.0,3.0003303076081216,4.8729263736079796e-05,0.0,0.0014531074308312478,0.0015018366945673276,3.567613067944686e-08,0.03567613067944686,26,1.7435369491577148,PRY,10,Apple M4,1,Apple M4,16.0,29,30,59,5.0061223152244256e-05,0,8,512,42,15.6.1,0.3.21,3.13.5
2026-06-20T13:51:04.395353,llama-2-7b,q4,cpu,6,"Given that f(x) = 4x³ - 9x - 14, find the value of f(2).",Zheng et al. 2023,2,11.461992025375366,256,22.334686626307988,0.13420344290359312,0.0,3.0000581201654613,0.0004272885534274729,0.0,0.009551845069166424,0.009979133622593896,2.3705431920471798e-07,0.23705431920471798,26,11.461992025375366,PRY,10,Apple M4,1,Apple M4,16.0,29,256,285,3.8980990713257406e-05,0,8,512,42,15.6.1,0.3.21,3.13.5
2026-06-20T14:06:20.358975,llama-2-7b,q4,cpu,6,"Given that f(x) = 4x³ - 9x - 14, find the value of f(2).",Zheng et al. 2023,3,11.353797197341919,256,22.547522696629912,0.024005266983618264,0.0,3.0006403831993556,7.570859250001376e-05,0.0,0.009463517325833285,0.009539225918333298,2.2660431169000752e-07,0.22660431169000753,26,11.353797197341919,PRY,10,Apple M4,1,Apple M4,16.0,29,256,285,3.726260124348945e-05,0,8,512,42,15.6.1,0.3.21,3.13.5
2026-06-20T14:06:37.937466,llama-2-7b,q4,cpu,6,"Given that f(x) = 4x³ - 9x - 14, find the value of f(2).",Zheng et al. 2023,4,11.278381824493408,256,22.698291650672925,0.05570602170056272,0.0,3.0003084244327898,0.00017452049518401722,0.0,0.009399617778332564,0.00957413827351658,2.2743365468738636e-07,0.22743365468738636,26,11.278381824493408,PRY,10,Apple M4,1,Apple M4,16.0,29,256,285,3.739897763092414e-05,0,8,512,42,15.6.1,0.3.21,3.13.5
2026-06-20T14:06:54.133521,llama-2-7b,q4,cpu,6,"Given that f(x) = 4x³ - 9x - 14, find the value of f(2).",Zheng et al. 2023,5,11.893815040588379,256,21.523791914233083,0.04660161960991899,0.0,3.0000853178085323,0.000153964178953398,0.0,0.009911794409999857,0.010065758588953255,2.3911209528058454e-07,0.23911209528058455,26,11.893815040588379,PRY,10,Apple M4,1,Apple M4,16.0,29,256,285,3.931936948809865e-05,0,8,512,42,15.6.1,0.3.21,3.13.5
2026-06-20T14:07:10.555176,llama-2-7b,q4,cpu,6,"Given that f(x) = 4x³ - 9x - 14, find the value of f(2).",Zheng et al. 2023,6,13.12780213356018,256,19.50059860710091,0.1573014702096796,0.0,3.0000108718362135,0.0005736173822863292,0.0,0.010939874756665328,0.011513492138951658,2.7350300576079663e-07,0.2735030057607966,26,13.12780213356018,PRY,10,Apple M4,1,Apple M4,16.0,29,256,285,4.497457866777991e-05,0,8,512,42,15.6.1,0.3.21,3.13.5
2026-06-20T14:07:30.405296,llama-2-7b,q4,cpu,6,"Given that f(x) = 4x³ - 9x - 14, find the value of f(2).",Zheng et al. 2023,7,13.527838945388794,256,18.9239390735992,0.05010112976182502,0.0,3.0000522100269733,0.00018826667066666503,0.0,0.011273395312500725,0.011461661983167391,2.7227178041014133e-07,0.27227178041014133,26,13.527838945388794,PRY,10,Apple M4,1,Apple M4,16.0,29,256,285,4.477211712174762e-05,0,8,512,42,15.6.1,0.3.21,3.13.5
2026-06-20T14:07:48.970731,llama-2-7b,q4,cpu,6,"Given that f(x) = 4x³ - 9x - 14, find the value of f(2).",Zheng et al. 2023,8,14.221777200698853,256,18.00056324798987,0.023100307406502072,0.0,3.0000227221187195,9.125761811192389e-05,0.0,0.011851570764168476,0.011942828382280399,2.837018882210709e-07,0.2837018882210709,26,14.221777200698853,PRY,10,Apple M4,1,Apple M4,16.0,29,256,285,4.665167336828281e-05,0,8,512,42,15.6.1,0.3.21,3.13.5
2026-06-20T14:08:07.772965,llama-2-7b,q4,cpu,6,"Given that f(x) = 4x³ - 9x - 14, find the value of f(2).",Zheng et al. 2023,9,15.434530019760132,256,16.58618692452927,3.511467317491941,0.0,5.917556633215386,0.01505495770145443,0.0,0.025370751527498216,0.040425709228952646,9.6031272273377e-07,0.96031272273377,26,15.434530019760132,PRY,10,Apple M4,1,Apple M4,16.0,29,256,285,0.00015791292667559627,0,8,512,42,15.6.1,0.3.21,3.13.5
2026-06-20T14:08:30.439684,llama-2-7b,q4,cpu,6,"Given that f(x) = 4x³ - 9x - 14, find the value of f(2).",Zheng et al. 2023,10,16.247135877609253,256,15.756623316778102,1.824526225878635,0.0,5.771720748716042,0.008234257084475493,0.0,0.026048314236668375,0.03428257132114387,8.143824817337726e-07,0.8143824817337726,26,16.247135877609253,PRY,10,Apple M4,1,Apple M4,16.0,29,256,285,0.00013391629422321825,0,8,512,42,15.6.1,0.3.21,3.13.5
2026-06-20T14:08:53.304281,llama-2-7b,q4,cpu,7,"Calculate the compound interest on $10,000 at 5% annual rate over 3 years.",Zheng et al. 2023,1,18.374314069747925,240,13.061712077467092,3.6366508000330446,0.0,5.450816632708997,0.018561378878279782,0.0,0.027820837985000256,0.046382216863280035,1.1018095615872173e-06,1.1018095615872172,26,18.374314069747925,PRY,10,Apple M4,1,Apple M4,16.0,26,240,266,0.00019325923693033347,0,8,512,42,15.6.1,0.3.21,3.13.5
2026-06-20T14:24:37.766847,llama-2-7b,q4,cpu,7,"Calculate the compound interest on $10,000 at 5% annual rate over 3 years.",Zheng et al. 2023,2,938.218230009079,240,0.25580402546396647,0.27653351883777316,0.0,0.10590399368177437,0.07206910793948829,0.0,0.027600293750835288,0.09966940169032357,2.367646637153636e-06,2.367646637153636,26,938.218230009079,PRY,10,Apple M4,1,Apple M4,16.0,26,240,266,0.0004152891737096815,0,8,512,42,15.6.1,0.3.21,3.13.5
2026-06-20T14:24:52.429390,llama-2-7b,q4,cpu,7,"Calculate the compound interest on $10,000 at 5% annual rate over 3 years.",Zheng et al. 2023,3,10.41257119178772,240,23.049062098061366,0.05630255125369036,0.0,3.0001185393704874,0.0001628484231134244,0.0,0.008677485520832608,0.008840333943946033,2.10002132838438e-07,0.210002132838438,26,10.41257119178772,PRY,10,Apple M4,1,Apple M4,16.0,26,240,266,3.68347247664418e-05,0,8,512,42,15.6.1,0.3.21,3.13.5
2026-06-20T14:25:06.149703,llama-2-7b,q4,cpu,7,"Calculate the compound interest on $10,000 at 5% annual rate over 3 years.",Zheng et al. 2023,4,10.429017066955566,240,23.012715240484372,0.06010138940347409,0.0,3.00005213100438,0.00017411067106571493,0.0,0.008690998576666971,0.008865109247732686,2.1059067017988992e-07,0.21059067017988992,26,10.429017066955566,PRY,10,Apple M4,1,Apple M4,16.0,26,240,266,3.693795519888619e-05,0,8,512,42,15.6.1,0.3.21,3.13.5
2026-06-20T14:25:23.467455,llama-2-7b,q4,cpu,7,"Calculate the compound interest on $10,000 at 5% annual rate over 3 years.",Zheng et al. 2023,5,10.987785339355469,240,21.84243617686821,0.0484013082247135,0.0,3.0000624766421335,0.0001477286624769812,0.0,0.009156678471666358,0.009304407134143338,2.21026191471575e-07,0.22102619147157498,26,10.987785339355469,PRY,10,Apple M4,1,Apple M4,16.0,26,240,266,3.8768363058930574e-05,0,8,512,42,15.6.1,0.3.21,3.13.5
2026-06-20T14:25:39.716681,llama-2-7b,q4,cpu,7,"Calculate the compound interest on $10,000 at 5% annual rate over 3 years.",Zheng et al. 2023,6,11.96269702911377,240,20.062365486303708,0.052001941826829726,0.0,3.000093554543149,0.00017280096527776752,0.0,0.009969225069999083,0.010142026035276851,2.4092382846800156e-07,0.24092382846800156,26,11.96269702911377,PRY,10,Apple M4,1,Apple M4,16.0,26,240,266,4.225844181365355e-05,0,8,512,42,15.6.1,0.3.21,3.13.5
2026-06-20T14:25:55.484491,llama-2-7b,q4,cpu,7,"Calculate the compound interest on $10,000 at 5% annual rate over 3 years.",Zheng et al. 2023,7,12.466124773025513,240,19.252173740416712,0.04620087283984723,0.0,3.0000366939145238,0.0001599849570678392,0.0,0.010388564374998167,0.010548549332066007,2.50580789383228e-07,0.250580789383228,26,12.466124773025513,PRY,10,Apple M4,1,Apple M4,16.0,26,240,266,4.395228888360836e-05,0,8,512,42,15.6.1,0.3.21,3.13.5
2026-06-20T14:26:14.901316,llama-2-7b,q4,cpu,7,"Calculate the compound interest on $10,000 at 5% annual rate over 3 years.",Zheng et al. 2023,8,13.06480884552002,240,18.369958783001792,0.052801299765798414,0.0,3.0000534424533534,0.0001916219133986548,0.0,0.010887534653332599,0.011079156566731254,2.631853642427009e-07,0.2631853642427009,26,13.06480884552002,PRY,10,Apple M4,1,Apple M4,16.0,26,240,266,4.6163152361380225e-05,0,8,512,42,15.6.1,0.3.21,3.13.5
2026-06-20T14:26:33.363691,llama-2-7b,q4,cpu,7,"Calculate the compound interest on $10,000 at 5% annual rate over 3 years.",Zheng et al. 2023,9,14.060998916625977,240,17.068488620408022,0.04340150302219764,0.0,3.000085084575214,0.0001695190241597389,0.0,0.011717831423332731,0.01188735044749247,2.823840098801836e-07,0.2823840098801836,26,14.060998916625977,PRY,10,Apple M4,1,Apple M4,16.0,26,240,266,4.9530626864551954e-05,0,8,512,42,15.6.1,0.3.21,3.13.5
2026-06-20T14:26:52.162278,llama-2-7b,q4,cpu,7,"Calculate the compound interest on $10,000 at 5% annual rate over 3 years.",Zheng et al. 2023,10,15.402629852294922,240,15.581754693938912,3.156970246460312,0.0,5.923646261966415,0.013507123378037904,0.0,0.025344369652499758,0.03885149303053766,9.22917216940422e-07,0.9229172169404221,26,15.402629852294922,PRY,10,Apple M4,1,Apple M4,16.0,26,240,266,0.00016188122096057357,0,8,512,42,15.6.1,0.3.21,3.13.5
2026-06-20T14:27:17.605372,llama-2-7b,q4,cpu,8,What is the area of a circle with radius 7 cm?,Zheng et al. 2023,1,18.956796884536743,256,13.504391145785915,3.642408352763684,0.0,5.375526163290158,0.01918010980941145,0.0,0.02830632156250128,0.047486431371912725,1.1280401772397868e-06,1.1280401772397868,26,18.956796884536743,PRY,10,Apple M4,1,Apple M4,16.0,14,256,270,0.00018549387254653408,0,8,512,42,15.6.1,0.3.21,3.13.5
2026-06-20T14:27:42.401605,llama-2-7b,q4,cpu,8,What is the area of a circle with radius 7 cm?,Zheng et al. 2023,2,20.295686960220337,256,12.61351736956534,3.019982768455827,0.0,2.379248117920036,0.017025729137177512,0.0,0.013413465278332903,0.030439194415510414,7.230830633404498e-07,0.7230830633404498,26,20.295686960220337,PRY,10,Apple M4,1,Apple M4,16.0,14,256,270,0.00011890310318558755,0,8,512,42,15.6.1,0.3.21,3.13.5
2026-06-20T14:28:11.448114,llama-2-7b,q4,cpu,8,What is the area of a circle with radius 7 cm?,Zheng et al. 2023,3,22.506119966506958,256,11.374683880694352,2.552458797328583,0.0,2.430914778265774,0.015957206639511987,0.0,0.015197349896667826,0.031154556536179812,7.400764905169514e-07,0.7400764905169513,26,22.506119966506958,PRY,10,Apple M4,1,Apple M4,16.0,14,256,270,0.00012169748646945239,0,8,512,42,15.6.1,0.3.21,3.13.5
2026-06-20T14:28:39.398187,llama-2-7b,q4,cpu,8,What is the area of a circle with radius 7 cm?,Zheng et al. 2023,4,23.406694889068604,256,10.937041782842957,2.332131831515104,0.0,2.452479307739147,0.015163193950377438,0.0,0.015945676355001222,0.03110887030537866,7.3899121410427e-07,0.73899121410427,26,23.406694889068604,PRY,10,Apple M4,1,Apple M4,16.0,14,256,270,0.00012151902463038539,0,8,512,42,15.6.1,0.3.21,3.13.5
2026-06-20T14:29:10.013109,llama-2-7b,q4,cpu,8,What is the area of a circle with radius 7 cm?,Zheng et al. 2023,5,24.054388999938965,256,10.642548434743015,2.2384140228646614,0.0,2.461624586480156,0.0149565782358069,0.0,0.016448020937502104,0.031404599173309004,7.460162533619553e-07,0.7460162533619553,26,24.054388999938965,PRY,10,Apple M4,1,Apple M4,16.0,14,256,270,0.0001226742155207383,0,8,512,42,15.6.1,0.3.21,3.13.5
2026-06-20T14:29:40.015019,llama-2-7b,q4,cpu,8,What is the area of a circle with radius 7 cm?,Zheng et al. 2023,6,24.467405796051025,256,10.46289917835579,2.1881159993697197,0.0,2.475712964869321,0.014871533912614072,0.0,0.016826187151667303,0.03169772106428137,7.529793638820039e-07,0.7529793638820039,26,24.467405796051025,PRY,10,Apple M4,1,Apple M4,16.0,14,256,270,0.0001238192229073491,0,8,512,42,15.6.1,0.3.21,3.13.5
2026-06-20T14:30:11.464790,llama-2-7b,q4,cpu,8,What is the area of a circle with radius 7 cm?,Zheng et al. 2023,7,24.867549896240234,256,10.29454051839281,2.117070063941355,0.0,2.4862095485467663,0.014623984846916153,0.0,0.017173872222498783,0.03179785706941493,7.553580946839516e-07,0.7553580946839517,26,24.867549896240234,PRY,10,Apple M4,1,Apple M4,16.0,14,256,270,0.00012421037917740207,0,8,512,42,15.6.1,0.3.21,3.13.5
2026-06-20T14:30:40.853229,llama-2-7b,q4,cpu,8,What is the area of a circle with radius 7 cm?,Zheng et al. 2023,8,24.832407236099243,256,10.30910928473535,2.133722312568694,0.0,2.475956656816996,0.01471818372068257,0.0,0.017078878889169574,0.031797062609852135,7.553392222970375e-07,0.7553392222970375,26,24.832407236099243,PRY,10,Apple M4,1,Apple M4,16.0,14,256,270,0.0001242072758197349,0,8,512,42,15.6.1,0.3.21,3.13.5
2026-06-20T14:31:12.766879,llama-2-7b,q4,cpu,8,What is the area of a circle with radius 7 cm?,Zheng et al. 2023,9,25.33122992515564,256,10.106102260189685,2.043462010080617,0.0,2.500876085139961,0.01437872389463134,0.0,0.01759729642416763,0.031976020318798974,7.595903626730695e-07,0.7595903626730696,26,25.33122992515564,PRY,10,Apple M4,1,Apple M4,16.0,14,256,270,0.0001249063293703085,0,8,512,42,15.6.1,0.3.21,3.13.5
2026-06-20T14:31:42.611783,llama-2-7b,q4,cpu,8,What is the area of a circle with radius 7 cm?,Zheng et al. 2023,10,25.280545234680176,256,10.126363874811368,2.048337173949126,0.0,2.4957421374936466,0.014384189050527175,0.0,0.0175260338891682,0.03191022293969537,7.580273459324636e-07,0.7580273459324636,26,25.280545234680176,PRY,10,Apple M4,1,Apple M4,16.0,14,256,270,0.00012464930835818505,0,8,512,42,15.6.1,0.3.21,3.13.5
2026-06-20T14:32:16.518979,llama-2-7b,q4,cpu,9,Solve for x: 2x + 5 = 15,Zheng et al. 2023,1,27.320270776748657,256,9.37033172518454,1.8546808141623656,0.0,2.5268930736862973,0.01407510612426569,0.0,0.019176500832500096,0.03325160695676579,7.898919232579713e-07,0.7898919232579713,26,27.320270776748657,PRY,10,Apple M4,1,Apple M4,16.0,16,256,272,0.00012988908967486636,0,8,512,42,15.6.1,0.3.21,3.13.5
2026-06-20T14:32:47.247295,llama-2-7b,q4,cpu,9,Solve for x: 2x + 5 = 15,Zheng et al. 2023,2,26.142566919326782,256,9.792458437229563,1.951350581175408,0.0,2.5114379435123704,0.014170364764290363,0.0,0.01823762069500238,0.03240798545929274,7.698516945854991e-07,0.7698516945854991,26,26.142566919326782,PRY,10,Apple M4,1,Apple M4,16.0,16,256,272,0.00012659369320036228,0,8,512,42,15.6.1,0.3.21,3.13.5
2026-06-20T14:33:20.879778,llama-2-7b,q4,cpu,9,Solve for x: 2x + 5 = 15,Zheng et al. 2023,3,27.045754194259644,256,9.46544134658796,1.8415624828121868,0.0,2.526446822751126,0.013835123956530252,0.0,0.018980461042498672,0.032815584999028924,7.795342216519321e-07,0.7795342216519321,26,27.045754194259644,PRY,10,Apple M4,1,Apple M4,16.0,16,256,272,0.00012818587890245673,0,8,512,42,15.6.1,0.3.21,3.13.5
2026-06-20T14:33:53.391193,llama-2-7b,q4,cpu,9,Solve for x: 2x + 5 = 15,Zheng et al. 2023,4,27.91603922843933,256,9.170355361128781,1.7879377169640058,0.0,2.5353694758706147,0.013864483179103734,0.0,0.019660409374164373,0.033524892553268106,7.963838226028837e-07,0.7963838226028838,26,27.91603922843933,PRY,10,Apple M4,1,Apple M4,16.0,16,256,272,0.00013095661153620354,0,8,512,42,15.6.1,0.3.21,3.13.5
2026-06-20T14:34:27.779347,llama-2-7b,q4,cpu,9,Solve for x: 2x + 5 = 15,Zheng et al. 2023,5,27.78851008415222,256,9.2124406535202,1.7883129875511252,0.0,2.535739656016262,0.013804042635606898,0.0,0.019573451944997943,0.03337749458060484,7.928823837622679e-07,0.7928823837622679,26,27.78851008415222,PRY,10,Apple M4,1,Apple M4,16.0,16,256,272,0.00013038083820548767,0,8,512,42,15.6.1,0.3.21,3.13.5
2026-06-20T14:35:00.308693,llama-2-7b,q4,cpu,9,Solve for x: 2x + 5 = 15,Zheng et al. 2023,6,27.94573736190796,256,9.160609959390312,1.7962451164620856,0.0,2.5424008707614396,0.013943720628405338,0.0,0.019735907500829247,0.03367962812923458,8.000595662099674e-07,0.8000595662099674,26,27.94573736190796,PRY,10,Apple M4,1,Apple M4,16.0,16,256,272,0.00013156104737982257,0,8,512,42,15.6.1,0.3.21,3.13.5
2026-06-20T14:35:35.530197,llama-2-7b,q4,cpu,9,Solve for x: 2x + 5 = 15,Zheng et al. 2023,7,28.617875814437866,256,8.945457785194758,1.7061782211759764,0.0,2.549690186515522,0.0135631101252535,0.0,0.020268532534164482,0.03383164265941798,8.036706713744741e-07,0.803670671374474,26,28.617875814437866,PRY,10,Apple M4,1,Apple M4,16.0,16,256,272,0.0001321548541383515,0,8,512,42,15.6.1,0.3.21,3.13.5
2026-06-20T14:36:09.835488,llama-2-7b,q4,cpu,9,Solve for x: 2x + 5 = 15,Zheng et al. 2023,8,29.728538751602173,256,8.611254059239736,1.6488759739514656,0.0,2.56760853218492,0.013616298135611644,0.0,0.021203124930001045,0.034819423065612684,8.271353949236293e-07,0.8271353949236293,26,29.728538751602173,PRY,10,Apple M4,1,Apple M4,16.0,16,256,272,0.00013601337135004955,0,8,512,42,15.6.1,0.3.21,3.13.5
2026-06-20T14:36:45.672100,llama-2-7b,q4,cpu,9,Solve for x: 2x + 5 = 15,Zheng et al. 2023,9,29.246140003204346,256,8.753291886448995,1.6405176027557415,0.0,2.5576593780852774,0.013327446524420998,0.0,0.020778240069997386,0.034105686594418386,8.101805850504087e-07,0.8101805850504087,26,29.246140003204346,PRY,10,Apple M4,1,Apple M4,16.0,16,256,272,0.00013322533825944682,0,8,512,42,15.6.1,0.3.21,3.13.5
2026-06-20T14:37:19.765463,llama-2-7b,q4,cpu,9,Solve for x: 2x + 5 = 15,Zheng et al. 2023,10,29.49304699897766,256,8.680011936673546,1.647119375001901,0.0,2.5608867872352508,0.013494046983293827,0.0,0.020980098437497267,0.034474145420791094,8.189333244708924e-07,0.8189333244708924,26,29.49304699897766,PRY,10,Apple M4,1,Apple M4,16.0,16,256,272,0.0001346646305499652,0,8,512,42,15.6.1,0.3.21,3.13.5
2026-06-20T14:37:58.454008,llama-2-7b,q4,cpu,10,"If the probability of rain is 30%, what is the probability of no rain?",Zheng et al. 2023,1,32.07004714012146,256,7.982526464070251,2.032787251511374,0.0,3.6008183194574275,0.01810877305050214,0.0,0.03207733701333684,0.05018611006383899,1.192171044566495e-06,1.192171044566495,26,32.07004714012146,PRY,10,Apple M4,1,Apple M4,16.0,19,256,275,0.00019603949243687105,0,8,512,42,15.6.1,0.3.21,3.13.5
2026-06-20T14:38:33.545303,llama-2-7b,q4,cpu,10,"If the probability of rain is 30%, what is the probability of no rain?",Zheng et al. 2023,2,30.53212594985962,256,8.384611029720222,2.6868079369399154,0.0,3.6272824665038925,0.022787210648258883,0.0,0.030763512534170638,0.05355072318242951,1.2720974291986129e-06,1.272097429198613,26,30.53212594985962,PRY,10,Apple M4,1,Apple M4,16.0,19,256,275,0.00020918251243136528,0,8,512,42,15.6.1,0.3.21,3.13.5
2026-06-20T14:39:11.685215,llama-2-7b,q4,cpu,10,"If the probability of rain is 30%, what is the probability of no rain?",Zheng et al. 2023,3,31.56067419052124,256,8.111360310448806,1.997596090719786,0.0,3.5962580105809683,0.01751263316207391,0.0,0.03152786871583278,0.0490405018779067,1.1649571221096736e-06,1.1649571221096735,26,31.56067419052124,PRY,10,Apple M4,1,Apple M4,16.0,19,256,275,0.00019156446046057304,0,8,512,42,15.6.1,0.3.21,3.13.5
2026-06-20T14:39:47.976010,llama-2-7b,q4,cpu,10,"If the probability of rain is 30%, what is the probability of no rain?",Zheng et al. 2023,4,31.708133935928345,256,8.073638155978884,1.9717251425792288,0.48093132621872703,3.611698668846039,0.017366590251594333,0.004235954140479735,0.03181117364666231,0.053413718038736374,1.2688428720101823e-06,1.2688428720101823,26,31.708133935928345,PRY,10,Apple M4,1,Apple M4,16.0,19,256,275,0.00020864733608881396,0,8,512,42,15.6.1,0.3.21,3.13.5
2026-06-20T14:40:26.576191,llama-2-7b,q4,cpu,10,"If the probability of rain is 30%, what is the probability of no rain?",Zheng et al. 2023,5,31.989054918289185,256,8.002737206644904,1.9460355057811478,0.0,3.6069779074660495,0.01729217685204828,0.0,0.03205105954749646,0.049343236399544736,1.172148580671185e-06,1.172148580671185,26,31.989054918289185,PRY,10,Apple M4,1,Apple M4,16.0,19,256,275,0.00019274701718572163,0,8,512,42,15.6.1,0.3.21,3.13.5
2026-06-20T14:41:03.589251,llama-2-7b,q4,cpu,10,"If the probability of rain is 30%, what is the probability of no rain?",Zheng et al. 2023,6,32.3738911151886,256,7.9076067528964575,2.4935020805473713,0.0,3.5908414851454507,0.02242343468087134,0.0,0.032291530903333594,0.05471496558420494,1.2997540074527882e-06,1.2997540074527882,26,32.3738911151886,PRY,10,Apple M4,1,Apple M4,16.0,19,256,275,0.00021373033431330054,0,8,512,42,15.6.1,0.3.21,3.13.5
2026-06-20T14:41:43.239802,llama-2-7b,q4,cpu,10,"If the probability of rain is 30%, what is the probability of no rain?",Zheng et al. 2023,7,33.062129974365234,256,7.742997810440221,2.380898060049357,0.0,3.581255267546241,0.021865989199184966,0.0,0.03288997975749832,0.05475596895668329,1.3007280425660115e-06,1.3007280425660115,26,33.062129974365234,PRY,10,Apple M4,1,Apple M4,16.0,19,256,275,0.0002138905037370441,0,8,512,42,15.6.1,0.3.21,3.13.5
2026-06-20T14:42:21.344983,llama-2-7b,q4,cpu,10,"If the probability of rain is 30%, what is the probability of no rain?",Zheng et al. 2023,8,33.50197100639343,256,7.641341458720312,2.354771555572494,0.0,3.5819307273027046,0.02191374677263046,0.0,0.033333816492501375,0.05524756326513185,1.3124058653632068e-06,1.3124058653632067,26,33.50197100639343,PRY,10,Apple M4,1,Apple M4,16.0,19,256,275,0.00021581079400442128,0,8,512,42,15.6.1,0.3.21,3.13.5
2026-06-20T14:43:01.924568,llama-2-7b,q4,cpu,10,"If the probability of rain is 30%, what is the probability of no rain?",Zheng et al. 2023,9,33.96507120132446,256,7.537154816563945,2.328739803929153,0.0,3.5615848308684694,0.021971059236058903,0.0,0.03360263399166798,0.05557369322772687,1.3201530826246518e-06,1.3201530826246517,26,33.96507120132446,PRY,10,Apple M4,1,Apple M4,16.0,19,256,275,0.0002170847391708081,0,8,512,42,15.6.1,0.3.21,3.13.5
2026-06-20T14:43:40.435036,llama-2-7b,q4,cpu,10,"If the probability of rain is 30%, what is the probability of no rain?",Zheng et al. 2023,10,33.91440796852112,256,7.54841423850346,2.347836116010339,0.0,3.566285448157165,0.022118186633778535,0.0,0.0335967943391673,0.055714980972945825,1.323509373012328e-06,1.323509373012328,26,33.91440796852112,PRY,10,Apple M4,1,Apple M4,16.0,19,256,275,0.00021763664442556963,0,8,512,42,15.6.1,0.3.21,3.13.5
2026-06-20T14:44:09.536753,llama-2-7b,q4,gpu,1,"If all roses are flowers and some flowers fade quickly, can we conclude that some roses fade quickly",Zheng et al. 2023,1,17.17407202720642,256,14.906191123133517,0.188307949054263,0.0,5.622069949108876,0.0008983373000981751,0.0,0.02682050951333016,0.027718846813428333,6.5846120605299e-07,0.65846120605299,26,17.17407202720642,PRY,10,Apple M4,1,Apple M4,16.0,28,256,284,0.00010827674536495443,-1,8,512,42,15.6.1,0.3.21,3.13.5
2026-06-20T14:44:33.490698,llama-2-7b,q4,gpu,1,"If all roses are flowers and some flowers fade quickly, can we conclude that some roses fade quickly",Zheng et al. 2023,2,19.31733202934265,256,13.252347664322432,0.07635266787641294,1.588810620377824,2.5289858960742913,0.0004097027324152204,0.00852543952377342,0.013570350069997704,0.022505492326186344,5.346179702085566e-07,0.5346179702085565,26,19.31733202934265,PRY,10,Apple M4,1,Apple M4,16.0,28,256,284,8.79120793991654e-05,-1,8,512,42,15.6.1,0.3.21,3.13.5
2026-06-20T14:45:01.390989,llama-2-7b,q4,gpu,1,"If all roses are flowers and some flowers fade quickly, can we conclude that some roses fade quickly",Zheng et al. 2023,3,21.325838088989258,256,12.00421755673815,0.08873543842151076,1.0940839735671941,2.5823471985574833,0.0005256548868146153,0.0064811826877922175,0.015297421734997747,0.022304259309604578,5.298376798996568e-07,0.5298376798996568,26,21.325838088989258,PRY,10,Apple M4,1,Apple M4,16.0,28,256,284,8.712601292814288e-05,-1,8,512,42,15.6.1,0.3.21,3.13.5
2026-06-20T14:45:28.259430,llama-2-7b,q4,gpu,1,"If all roses are flowers and some flowers fade quickly, can we conclude that some roses fade quickly",Zheng et al. 2023,4,22.217296838760376,256,11.522553884835418,0.10160161255108092,1.2333567450419989,2.5722392069449476,0.0006270314403733575,0.007611625809079275,0.015874500555831523,0.024113157805284155,5.728080636645251e-07,0.5728080636645251,26,22.217296838760376,PRY,10,Apple M4,1,Apple M4,16.0,28,256,284,9.419202267689123e-05,-1,8,512,42,15.6.1,0.3.21,3.13.5
2026-06-20T14:45:57.603071,llama-2-7b,q4,gpu,1,"If all roses are flowers and some flowers fade quickly, can we conclude that some roses fade quickly",Zheng et al. 2023,5,22.715546131134033,256,11.26981488898148,0.08418740961551112,1.2807603818644355,2.5847579798019495,0.0005312119407727277,0.008081436538102896,0.01630949698000222,0.024922145458877845,5.920255653756432e-07,0.5920255653756432,26,22.715546131134033,PRY,10,Apple M4,1,Apple M4,16.0,28,256,284,9.735213069874158e-05,-1,8,512,42,15.6.1,0.3.21,3.13.5
2026-06-20T14:46:24.909804,llama-2-7b,q4,gpu,1,"If all roses are flowers and some flowers fade quickly, can we conclude that some roses fade quickly",Zheng et al. 2023,6,22.63832688331604,256,11.30825618516298,0.06033593575782399,1.3249881066014981,2.5318964347686492,0.00037941795458232676,0.008332087187152976,0.015921638645831987,0.024633143787567292,5.85160330673661e-07,0.585160330673661,26,22.63832688331604,PRY,10,Apple M4,1,Apple M4,16.0,28,256,284,9.622321792018474e-05,-1,8,512,42,15.6.1,0.3.21,3.13.5
2026-06-20T14:46:55.532702,llama-2-7b,q4,gpu,1,"If all roses are flowers and some flowers fade quickly, can we conclude that some roses fade quickly",Zheng et al. 2023,7,23.989255905151367,256,10.671443958585956,0.07558801596825106,0.9108271746015719,2.6349798844501033,0.0005036945162291785,0.006069462826911971,0.01755866854249992,0.02413182588564107,5.732515239134036e-07,0.5732515239134036,26,23.989255905151367,PRY,10,Apple M4,1,Apple M4,16.0,28,256,284,9.426494486578543e-05,-1,8,512,42,15.6.1,0.3.21,3.13.5
2026-06-20T14:47:23.842160,llama-2-7b,q4,gpu,1,"If all roses are flowers and some flowers fade quickly, can we conclude that some roses fade quickly",Zheng et al. 2023,8,23.668991804122925,256,10.815838803721547,0.06433444456979878,1.033585018022043,2.6026092496376605,0.0004229809559014911,0.006795532033452217,0.017111426944168975,0.024329939933522685,5.779577231208313e-07,0.5779577231208314,26,23.668991804122925,PRY,10,Apple M4,1,Apple M4,16.0,28,256,284,9.503882786532299e-05,-1,8,512,42,15.6.1,0.3.21,3.13.5
2026-06-20T14:47:54.177317,llama-2-7b,q4,gpu,1,"If all roses are flowers and some flowers fade quickly, can we conclude that some roses fade quickly",Zheng et al. 2023,9,23.673713207244873,256,10.813681730403673,0.06659921160246453,1.0473911097193112,2.5940446251247287,0.00043795850980704457,0.006887676874253589,0.01705851902833274,0.02438415441239337,5.792455880664045e-07,0.5792455880664045,26,23.673713207244873,PRY,10,Apple M4,1,Apple M4,16.0,28,256,284,9.52506031734116e-05,-1,8,512,42,15.6.1,0.3.21,3.13.5
2026-06-20T14:48:22.094272,llama-2-7b,q4,gpu,1,"If all roses are flowers and some flowers fade quickly, can we conclude that some roses fade quickly",Zheng et al. 2023,10,23.2389497756958,256,11.015988350202244,0.06321481704629879,1.1518807241071036,2.5900299370649726,0.0004080683217829823,0.007435693970865859,0.016719326562500404,0.024563088855149243,5.834961757540702e-07,0.5834961757540702,26,23.2389497756958,PRY,10,Apple M4,1,Apple M4,16.0,28,256,284,9.594956584042673e-05,-1,8,512,42,15.6.1,0.3.21,3.13.5
2026-06-20T14:48:53.179901,llama-2-7b,q4,gpu,2,A farmer has 17 sheep. All but 9 die. How many sheep does the farmer have left? Explain.,Zheng et al. 2023,1,24.47272229194641,256,10.460626200308152,0.08353530705511063,0.824270907308805,2.6416009569672907,0.0005678712142033873,0.005603375835527525,0.017957546285000108,0.024128793334731023,5.731794856665355e-07,0.5731794856665355,26,24.47272229194641,PRY,10,Apple M4,1,Apple M4,16.0,29,256,285,9.425309896379306e-05,-1,8,512,42,15.6.1,0.3.21,3.13.5
2026-06-20T14:49:21.141395,llama-2-7b,q4,gpu,2,A farmer has 17 sheep. All but 9 die. How many sheep does the farmer have left? Explain.,Zheng et al. 2023,2,23.378108263015747,256,10.95041553918171,0.07231273686047453,1.1492942588153316,2.5993758057470258,0.0004695930530886508,0.007463423780179795,0.0168801358341716,0.02481315266744005,5.894364416150383e-07,0.5894364416150383,26,23.378108263015747,PRY,10,Apple M4,1,Apple M4,16.0,29,256,285,9.692637760718769e-05,-1,8,512,42,15.6.1,0.3.21,3.13.5
2026-06-20T14:49:52.158593,llama-2-7b,q4,gpu,2,A farmer has 17 sheep. All but 9 die. How many sheep does the farmer have left? Explain.,Zheng et al. 2023,3,24.392879962921143,256,10.49486573086645,0.11391157055220089,0.815794002694506,2.6177272567262793,0.0007718420185743498,0.005527656995055014,0.017737196319164164,0.024036695332793533,5.709916976305103e-07,0.5709916976305103,26,24.392879962921143,PRY,10,Apple M4,1,Apple M4,16.0,29,256,285,9.389334114372474e-05,-1,8,512,42,15.6.1,0.3.21,3.13.5
2026-06-20T14:50:20.288353,llama-2-7b,q4,gpu,2,A farmer has 17 sheep. All but 9 die. How many sheep does the farmer have left? Explain.,Zheng et al. 2023,4,23.55048108100891,256,10.870266264175733,0.06375014176101593,1.1271643689862403,2.6024937204119483,0.0004170406965151227,0.0073736842074993885,0.017024994201668357,0.024815719105682862,5.894974073554964e-07,0.5894974073554964,26,23.55048108100891,PRY,10,Apple M4,1,Apple M4,16.0,29,256,285,9.693640275657368e-05,-1,8,512,42,15.6.1,0.3.21,3.13.5
2026-06-20T14:50:51.015418,llama-2-7b,q4,gpu,2,A farmer has 17 sheep. All but 9 die. How many sheep does the farmer have left? Explain.,Zheng et al. 2023,5,24.11048412322998,256,10.617787626808745,0.07731104746831774,0.9004457514266483,2.6272700935095044,0.0005177796618153206,0.0060306063871116925,0.017595764965832737,0.024144151014759755,5.735443073556179e-07,0.5735443073556179,26,24.11048412322998,PRY,10,Apple M4,1,Apple M4,16.0,29,256,285,9.431308990140529e-05,-1,8,512,42,15.6.1,0.3.21,3.13.5
2026-06-20T14:51:19.648055,llama-2-7b,q4,gpu,2,A farmer has 17 sheep. All but 9 die. How many sheep does the farmer have left? Explain.,Zheng et al. 2023,6,23.96287512779236,256,10.683192172674175,0.059109217263305446,1.0065593611688288,2.6056361003437187,0.00039345188671726023,0.006700015633444193,0.01734403680583455,0.024437504325996003,5.80512915264035e-07,0.580512915264035,26,23.96287512779236,PRY,10,Apple M4,1,Apple M4,16.0,29,256,285,9.545900127342189e-05,-1,8,512,42,15.6.1,0.3.21,3.13.5
2026-06-20T14:51:50.385621,llama-2-7b,q4,gpu,2,A farmer has 17 sheep. All but 9 die. How many sheep does the farmer have left? Explain.,Zheng et al. 2023,7,24.1369788646698,256,10.606132666201933,0.07170099715580763,1.003899645389851,2.6291513161116726,0.0004807348480348551,0.006730862367506761,0.0176277138191684,0.024839311034710015,5.900578336295364e-07,0.5900578336295363,26,24.1369788646698,PRY,10,Apple M4,1,Apple M4,16.0,29,256,285,9.7028558729336e-05,-1,8,512,42,15.6.1,0.3.21,3.13.5
2026-06-20T14:52:19.399161,llama-2-7b,q4,gpu,2,A farmer has 17 sheep. All but 9 die. How many sheep does the farmer have left? Explain.,Zheng et al. 2023,8,24.44029211997986,256,10.474506554310816,0.05453945031807371,0.8445659292630516,2.640655185591669,0.0003702666938435694,0.005733732784936452,0.017927328923333336,0.024031328402113358,5.708642061922028e-07,0.5708642061922028,26,24.44029211997986,PRY,10,Apple M4,1,Apple M4,16.0,29,256,285,9.38723765707553e-05,-1,8,512,42,15.6.1,0.3.21,3.13.5
2026-06-20T14:52:50.035176,llama-2-7b,q4,gpu,2,A farmer has 17 sheep. All but 9 die. How many sheep does the farmer have left? Explain.,Zheng et al. 2023,9,23.982817888259888,256,10.674308631819182,0.06521513911784008,1.0677878850182239,2.6077322957789932,0.00043445633472797,0.007113489552689514,0.017372435764167072,0.02492038165158456,5.919836661333911e-07,0.5919836661333912,26,23.982817888259888,PRY,10,Apple M4,1,Apple M4,16.0,29,256,285,9.734524082650218e-05,-1,8,512,42,15.6.1,0.3.21,3.13.5
2026-06-20T14:53:18.639458,llama-2-7b,q4,gpu,2,A farmer has 17 sheep. All but 9 die. How many sheep does the farmer have left? Explain.,Zheng et al. 2023,10,24.010220050811768,256,10.66212635528698,0.07492902835870034,1.083966851527661,2.6099366173397365,0.0004997395719683085,0.007229522953601319,0.017406986805832882,0.02513624933140251,5.971116028674666e-07,0.5971116028674666,26,24.010220050811768,PRY,10,Apple M4,1,Apple M4,16.0,29,256,285,9.818847395079105e-05,-1,8,512,42,15.6.1,0.3.21,3.13.5
2026-06-20T14:53:50.392826,llama-2-7b,q4,gpu,3,"If it takes 5 machines 5 minutes to make 5 widgets, how long does it take 100 machines to make 100 w",Zheng et al. 2023,1,25.087525129318237,256,10.20427478120704,0.06806140858355438,0.9935906822819117,2.6199169522780013,0.000474303416160199,0.0069240920027788646,0.018257564549167,0.025655959968106063,6.094573290423594e-07,0.6094573290423594,26,25.087525129318237,PRY,10,Apple M4,1,Apple M4,16.0,36,256,292,0.00010021859362541431,-1,8,512,42,15.6.1,0.3.21,3.13.5
2026-06-20T14:54:19.325893,llama-2-7b,q4,gpu,3,"If it takes 5 machines 5 minutes to make 5 widgets, how long does it take 100 machines to make 100 w",Zheng et al. 2023,2,24.34438991546631,256,10.515769788807065,0.06837228759006529,0.9603665529301273,2.6066935275584946,0.0004623560079180411,0.006494316062862037,0.01762732322916842,0.024583995299948497,5.839928083502765e-07,0.5839928083502764,26,24.34438991546631,PRY,10,Apple M4,1,Apple M4,16.0,36,256,292,9.603123164042382e-05,-1,8,512,42,15.6.1,0.3.21,3.13.5
2026-06-20T14:54:50.857422,llama-2-7b,q4,gpu,3,"If it takes 5 machines 5 minutes to make 5 widgets, how long does it take 100 machines to make 100 w",Zheng et al. 2023,3,24.923628091812134,256,10.271377788858143,0.08356872974826898,0.7272142694297884,2.641368493964375,0.0005785655389863925,0.005034671665090809,0.01828680166583278,0.023900038869909983,5.677454233547116e-07,0.5677454233547116,26,24.923628091812134,PRY,10,Apple M4,1,Apple M4,16.0,36,256,292,9.335952683558587e-05,-1,8,512,42,15.6.1,0.3.21,3.13.5
2026-06-20T14:55:20.209080,llama-2-7b,q4,gpu,3,"If it takes 5 machines 5 minutes to make 5 widgets, how long does it take 100 machines to make 100 w",Zheng et al. 2023,4,24.786376953125,256,10.328254124599852,0.08023396194966043,0.7951302467659582,2.6425737663823905,0.0005524192292574921,0.005474555006436762,0.018194397083331447,0.024221371319025704,5.753786756834555e-07,0.5753786756834555,26,24.786376953125,PRY,10,Apple M4,1,Apple M4,16.0,36,256,292,9.461473171494415e-05,-1,8,512,42,15.6.1,0.3.21,3.13.5
2026-06-20T14:55:51.354946,llama-2-7b,q4,gpu,3,"If it takes 5 machines 5 minutes to make 5 widgets, how long does it take 100 machines to make 100 w",Zheng et al. 2023,5,24.53380298614502,256,10.43458285470748,0.06864422654251737,1.0081947030606704,2.6099811364413137,0.00046780664725845216,0.00687079172682374,0.01778687861083502,0.025125476984917215,5.968557057767085e-07,0.5968557057767084,26,24.53380298614502,PRY,10,Apple M4,1,Apple M4,16.0,36,256,292,9.814639447233287e-05,-1,8,512,42,15.6.1,0.3.21,3.13.5
2026-06-20T14:56:20.471378,llama-2-7b,q4,gpu,3,"If it takes 5 machines 5 minutes to make 5 widgets, how long does it take 100 machines to make 100 w",Zheng et al. 2023,6,24.496272802352905,256,10.450569442360669,0.0678575119886584,1.0481458845658158,2.607855678348763,0.0004617378126008636,0.007132129868052145,0.017745206701665666,0.025339074382318676,6.019297119519801e-07,0.6019297119519801,26,24.496272802352905,PRY,10,Apple M4,1,Apple M4,16.0,36,256,292,9.898075930593233e-05,-1,8,512,42,15.6.1,0.3.21,3.13.5
2026-06-20T14:56:51.605374,llama-2-7b,q4,gpu,3,"If it takes 5 machines 5 minutes to make 5 widgets, how long does it take 100 machines to make 100 w",Zheng et al. 2023,7,24.562862157821655,256,10.422238188495507,0.0930155555618994,0.7981480870214487,2.6355046271507856,0.000634646741611149,0.005445778178621357,0.017982093575834975,0.02406251849606748,5.71605126874083e-07,0.5716051268740829,26,24.562862157821655,PRY,10,Apple M4,1,Apple M4,16.0,36,256,292,9.39942128752636e-05,-1,8,512,42,15.6.1,0.3.21,3.13.5
2026-06-20T14:57:20.846040,llama-2-7b,q4,gpu,3,"If it takes 5 machines 5 minutes to make 5 widgets, how long does it take 100 machines to make 100 w",Zheng et al. 2023,8,24.625717878341675,256,10.395636028347099,0.08460695848524138,0.8067244699787905,2.646530781232982,0.000578751969500589,0.005518380334236781,0.01810353343749739,0.02420066574123476,5.748868146830317e-07,0.5748868146830317,26,24.625717878341675,PRY,10,Apple M4,1,Apple M4,16.0,36,256,292,9.453385055169828e-05,-1,8,512,42,15.6.1,0.3.21,3.13.5
2026-06-20T14:57:52.692503,llama-2-7b,q4,gpu,3,"If it takes 5 machines 5 minutes to make 5 widgets, how long does it take 100 machines to make 100 w",Zheng et al. 2023,9,25.273205995559692,256,10.129304530852842,0.07587272458333685,0.849351487773173,2.644056976259304,0.0005326519438441773,0.005962731975868473,0.018562165729166132,0.02505754964887878,5.952420919091154e-07,0.5952420919091155,26,25.273205995559692,PRY,10,Apple M4,1,Apple M4,16.0,36,256,292,9.788105331593273e-05,-1,8,512,42,15.6.1,0.3.21,3.13.5
2026-06-20T14:58:21.661874,llama-2-7b,q4,gpu,3,"If it takes 5 machines 5 minutes to make 5 widgets, how long does it take 100 machines to make 100 w",Zheng et al. 2023,10,24.404201984405518,256,10.489996770375285,0.07157229186712923,1.0739442361669536,2.608965447495189,0.0004851846297811794,0.007280208905390676,0.017686033264168753,0.025451426799340607,6.045986436183361e-07,0.6045986436183362,26,24.404201984405518,PRY,10,Apple M4,1,Apple M4,16.0,36,256,292,9.941963593492425e-05,-1,8,512,42,15.6.1,0.3.21,3.13.5
2026-06-20T14:58:53.799308,llama-2-7b,q4,gpu,4,A bat and ball cost $1.10. The bat costs $1 more than the ball. How much does the ball cost?,Zheng et al. 2023,1,25.542189121246338,256,10.022633486299565,0.07250952650286083,0.7804193868496672,2.647606888860985,0.0005144588997300263,0.005537116548000363,0.01878490996500053,0.02483648541273092,5.89990710979423e-07,0.589990710979423,26,25.542189121246338,PRY,10,Apple M4,1,Apple M4,16.0,29,256,285,9.701752114348016e-05,-1,8,512,42,15.6.1,0.3.21,3.13.5
2026-06-20T14:59:23.270609,llama-2-7b,q4,gpu,4,A bat and ball cost $1.10. The bat costs $1 more than the ball. How much does the ball cost?,Zheng et al. 2023,2,24.834592819213867,256,10.308202025440078,0.06355730438018467,0.9743042930054535,2.607918180679549,0.00043844993749131227,0.006721236221889577,0.01799071836750045,0.02515040452688134,5.974478595360661e-07,0.5974478595360662,26,24.834592819213867,PRY,10,Apple M4,1,Apple M4,16.0,29,256,285,9.824376768313023e-05,-1,8,512,42,15.6.1,0.3.21,3.13.5
2026-06-20T14:59:54.919610,llama-2-7b,q4,gpu,4,A bat and ball cost $1.10. The bat costs $1 more than the ball. How much does the ball cost?,Zheng et al. 2023,3,25.00019598007202,256,10.239919727191776,0.12733319295249468,0.8878828594453271,2.6202202594419144,0.0008842652162724147,0.006165901525966644,0.01819611666583417,0.025246283408073233,5.997254623587796e-07,0.5997254623587797,26,25.00019598007202,PRY,10,Apple M4,1,Apple M4,16.0,29,256,285,9.861829456278607e-05,-1,8,512,42,15.6.1,0.3.21,3.13.5
2026-06-20T15:00:25.220071,llama-2-7b,q4,gpu,4,A bat and ball cost $1.10. The bat costs $1 more than the ball. How much does the ball cost?,Zheng et al. 2023,4,25.70776081085205,256,9.958082381563718,0.06355241598247939,0.7587156847652127,2.655356557588074,0.000453830641397042,0.005418022596496087,0.018962019791667138,0.024833873029560267,5.899286538172041e-07,0.589928653817204,26,25.70776081085205,PRY,10,Apple M4,1,Apple M4,16.0,29,256,285,9.700731652171979e-05,-1,8,512,42,15.6.1,0.3.21,3.13.5
2026-06-20T15:00:56.736061,llama-2-7b,q4,gpu,4,A bat and ball cost $1.10. The bat costs $1 more than the ball. How much does the ball cost?,Zheng et al. 2023,5,24.94707202911377,256,10.261725291899687,0.07766915453295577,0.7473254281100935,2.640402069955746,0.0005382272201594488,0.005178772578958552,0.018297305729168635,0.024014305528286633,5.704598278244489e-07,0.5704598278244489,26,24.94707202911377,PRY,10,Apple M4,1,Apple M4,16.0,29,256,285,9.380588096986966e-05,-1,8,512,42,15.6.1,0.3.21,3.13.5
2026-06-20T15:01:26.187420,llama-2-7b,q4,gpu,4,A bat and ball cost $1.10. The bat costs $1 more than the ball. How much does the ball cost?,Zheng et al. 2023,6,24.879517078399658,256,10.289588788773502,0.06905777458969846,0.9209073285176554,2.613484700972957,0.00047725668952796577,0.0063643693354106705,0.018061732569998032,0.02490335859493667,5.915792834227205e-07,0.5915792834227205,26,24.879517078399658,PRY,10,Apple M4,1,Apple M4,16.0,29,256,285,9.727874451147137e-05,-1,8,512,42,15.6.1,0.3.21,3.13.5
2026-06-20T15:01:58.515124,llama-2-7b,q4,gpu,4,A bat and ball cost $1.10. The bat costs $1 more than the ball. How much does the ball cost?,Zheng et al. 2023,7,25.735527753829956,256,9.947338265169329,0.12448320090645162,0.6469428558703483,2.6580393514886222,0.0008899002421704378,0.0046248377284426,0.019001679305835448,0.024516417276448484,5.823874924020337e-07,0.5823874924020337,26,25.735527753829956,PRY,10,Apple M4,1,Apple M4,16.0,29,256,285,9.576725498612689e-05,-1,8,512,42,15.6.1,0.3.21,3.13.5
2026-06-20T15:02:27.359082,llama-2-7b,q4,gpu,4,A bat and ball cost $1.10. The bat costs $1 more than the ball. How much does the ball cost?,Zheng et al. 2023,8,24.23669719696045,256,10.562495290493015,0.0570107527274158,1.0916323891545874,2.5915733428346797,0.0003838200974514344,0.007349323240648397,0.017447549548332972,0.025180692886432807,5.981673595172113e-07,0.5981673595172112,26,24.23669719696045,PRY,10,Apple M4,1,Apple M4,16.0,29,256,285,9.836208158762815e-05,-1,8,512,42,15.6.1,0.3.21,3.13.5
2026-06-20T15:02:59.243477,llama-2-7b,q4,gpu,4,A bat and ball cost $1.10. The bat costs $1 more than the ball. How much does the ball cost?,Zheng et al. 2023,9,25.318506002426147,256,10.111181124805263,0.081448156269451,0.6784055363084508,2.6515035778006517,0.0005728182314985105,0.004771170734195734,0.018647808125000057,0.023991797090694298,5.69925139889443e-07,0.569925139889443,26,25.318506002426147,PRY,10,Apple M4,1,Apple M4,16.0,29,256,285,9.37179573855246e-05,-1,8,512,42,15.6.1,0.3.21,3.13.5
2026-06-20T15:03:28.881014,llama-2-7b,q4,gpu,4,A bat and ball cost $1.10. The bat costs $1 more than the ball. How much does the ball cost?,Zheng et al. 2023,10,25.07493019104004,256,10.209400307382543,0.09406479922956541,0.8800744098236306,2.633771056264117,0.0006551856316987638,0.0061299456636800835,0.018344895937501254,0.025130027232880103,5.969637969170668e-07,0.5969637969170668,26,25.07493019104004,PRY,10,Apple M4,1,Apple M4,16.0,29,256,285,9.81641688784379e-05,-1,8,512,42,15.6.1,0.3.21,3.13.5
2026-06-20T15:04:01.765489,llama-2-7b,q4,gpu,5,Three switches control three light bulbs in another room. You can only enter the room once. How do y,Zheng et al. 2023,1,26.25741195678711,256,9.749628044885368,0.07731410116450384,0.768052405279116,2.660793488177457,0.0005639078345403032,0.005601963447170823,0.01940709743083668,0.025572968712547803,6.074858717665731e-07,0.6074858717665731,26,26.25741195678711,PRY,10,Apple M4,1,Apple M4,16.0,32,256,288,9.989440903338986e-05,-1,8,512,42,15.6.1,0.3.21,3.13.5
2026-06-20T15:04:32.097155,llama-2-7b,q4,gpu,5,Three switches control three light bulbs in another room. You can only enter the room once. How do y,Zheng et al. 2023,2,25.769641876220703,256,9.934169874367853,0.07262130644030411,0.9104428238235956,2.6272102150350913,0.0005198402943194214,0.0065171626440858775,0.018806185104167525,0.025843188042572827,6.139049319513174e-07,0.6139049319513173,26,25.769641876220703,PRY,10,Apple M4,1,Apple M4,16.0,32,256,288,0.0001009499532913001,-1,8,512,42,15.6.1,0.3.21,3.13.5
2026-06-20T15:05:04.597239,llama-2-7b,q4,gpu,5,Three switches control three light bulbs in another room. You can only enter the room once. How do y,Zheng et al. 2023,3,25.921624183654785,256,9.875924370565642,0.07137323809199812,0.8072990891510395,2.6517624393823787,0.000513919515164247,0.00581291766466113,0.019093885938333797,0.02542072311815917,6.038692776718711e-07,0.603869277671871,26,25.921624183654785,PRY,10,Apple M4,1,Apple M4,16.0,32,256,288,9.929969968030925e-05,-1,8,512,42,15.6.1,0.3.21,3.13.5
2026-06-20T15:05:36.594900,llama-2-7b,q4,gpu,5,Three switches control three light bulbs in another room. You can only enter the room once. How do y,Zheng et al. 2023,4,27.356739044189453,256,9.35784047895775,0.0636002032690262,0.7311161644210985,2.6620647570372467,0.0004833039344411541,0.005555820589182418,0.0202292807991671,0.026268405322790674,6.240059684428924e-07,0.6240059684428924,26,27.356739044189453,PRY,10,Apple M4,1,Apple M4,16.0,32,256,288,0.00010261095829215107,-1,8,512,42,15.6.1,0.3.21,3.13.5
2026-06-20T15:06:11.817208,llama-2-7b,q4,gpu,5,Three switches control three light bulbs in another room. You can only enter the room once. How do y,Zheng et al. 2023,5,28.653995037078857,256,8.934181766581963,0.0683612398928787,0.6100593384198949,2.689822798680188,0.0005441173968386399,0.004855732570946466,0.021409491423334353,0.02680934139111946,6.368559047460427e-07,0.6368559047460427,26,28.653995037078857,PRY,10,Apple M4,1,Apple M4,16.0,32,256,288,0.00010472398980906039,-1,8,512,42,15.6.1,0.3.21,3.13.5
2026-06-20T15:06:44.789531,llama-2-7b,q4,gpu,5,Three switches control three light bulbs in another room. You can only enter the room once. How do y,Zheng et al. 2023,6,28.39037013053894,256,9.01714203875863,0.06941736430134994,0.6265892036175393,2.6827214351483075,0.000547440185000496,0.0049414165029171035,0.021156515139164188,0.02664537182708179,6.329608077523278e-07,0.6329608077523278,26,28.39037013053894,PRY,10,Apple M4,1,Apple M4,16.0,32,256,288,0.00010408348369953824,-1,8,512,42,15.6.1,0.3.21,3.13.5
2026-06-20T15:07:19.488191,llama-2-7b,q4,gpu,5,Three switches control three light bulbs in another room. You can only enter the room once. How do y,Zheng et al. 2023,7,28.132290840148926,256,9.099863265832951,0.07397953174063861,0.6130912990212652,2.6799775630927964,0.000578114917540465,0.004791017426564151,0.020942752291666696,0.02631188463577131,6.250388195227474e-07,0.6250388195227474,26,28.132290840148926,PRY,10,Apple M4,1,Apple M4,16.0,32,256,288,0.00010278079935848168,-1,8,512,42,15.6.1,0.3.21,3.13.5
2026-06-20T15:07:53.133777,llama-2-7b,q4,gpu,5,Three switches control three light bulbs in another room. You can only enter the room once. How do y,Zheng et al. 2023,8,29.03456711769104,256,8.81707651993946,0.07092846420681218,0.5609436649439565,2.696101212967995,0.000572049237379843,0.004524099024738584,0.021744481006668745,0.026840629268787174,6.375991482800393e-07,0.6375991482800393,26,29.03456711769104,PRY,10,Apple M4,1,Apple M4,16.0,32,256,288,0.0001048462080811999,-1,8,512,42,15.6.1,0.3.21,3.13.5
2026-06-20T15:08:27.688220,llama-2-7b,q4,gpu,5,Three switches control three light bulbs in another room. You can only enter the room once. How do y,Zheng et al. 2023,9,27.965429067611694,256,9.15415956540741,0.07154767485358593,0.6491047440770579,2.6745607565741696,0.0005557948405751395,0.005042359077204779,0.020776455312498002,0.02637460923027792,6.265288422652519e-07,0.626528842265252,26,27.965429067611694,PRY,10,Apple M4,1,Apple M4,16.0,32,256,288,0.00010302581730577312,-1,8,512,42,15.6.1,0.3.21,3.13.5
2026-06-20T15:09:00.639142,llama-2-7b,q4,gpu,5,Three switches control three light bulbs in another room. You can only enter the room once. How do y,Zheng et al. 2023,10,28.39134907722473,256,9.016831123581962,0.06370184424400548,0.6270655847406575,2.6873825338997173,0.0005023836935540441,0.0049453438640794595,0.021194004339995444,0.026641731897628945,6.328743412281755e-07,0.6328743412281755,26,28.39134907722473,PRY,10,Apple M4,1,Apple M4,16.0,32,256,288,0.00010406926522511307,-1,8,512,42,15.6.1,0.3.21,3.13.5
2026-06-20T15:09:35.472016,llama-2-7b,q4,gpu,6,"Given that f(x) = 4x³ - 9x - 14, find the value of f(2).",Zheng et al. 2023,1,28.24017095565796,256,9.065100930230383,0.061540379097192406,0.696702835365939,2.6638624415242,0.0004827530073279759,0.005465279771118261,0.02089664743083328,0.026844680209279517,6.376953783714349e-07,0.6376953783714349,26,28.24017095565796,PRY,10,Apple M4,1,Apple M4,16.0,29,256,285,0.00010486203206749811,-1,8,512,42,15.6.1,0.3.21,3.13.5
2026-06-20T15:10:08.740935,llama-2-7b,q4,gpu,6,"Given that f(x) = 4x³ - 9x - 14, find the value of f(2).",Zheng et al. 2023,2,28.66177201271057,256,8.931757599860617,0.06588245089037673,0.6830549986175771,2.676725364013661,0.0005245299408496051,0.00543821295625537,0.021311025589999796,0.02727376848710477,6.478883704111738e-07,0.6478883704111738,26,28.66177201271057,PRY,10,Apple M4,1,Apple M4,16.0,29,256,285,0.00010653815815275301,-1,8,512,42,15.6.1,0.3.21,3.13.5
2026-06-20T15:10:43.360130,llama-2-7b,q4,gpu,6,"Given that f(x) = 4x³ - 9x - 14, find the value of f(2).",Zheng et al. 2023,3,28.005600690841675,256,9.141028711578985,0.066130070848736,0.6828384105862778,2.6685902251134426,0.0005144478771796582,0.005312027739791192,0.020759853403336213,0.026586329020307067,6.315582458773944e-07,0.6315582458773944,26,28.005600690841675,PRY,10,Apple M4,1,Apple M4,16.0,29,256,285,0.00010385284773557448,-1,8,512,42,15.6.1,0.3.21,3.13.5
2026-06-20T15:11:16.217999,llama-2-7b,q4,gpu,6,"Given that f(x) = 4x³ - 9x - 14, find the value of f(2).",Zheng et al. 2023,4,28.303520917892456,256,9.04481109409134,0.06814816564722878,0.6667579872322852,2.674921437994887,0.0005357869533089833,0.005242110733000238,0.021030470798335348,0.02680836848464457,6.368327933527317e-07,0.6368327933527317,26,28.303520917892456,PRY,10,Apple M4,1,Apple M4,16.0,29,256,285,0.00010472018939314285,-1,8,512,42,15.6.1,0.3.21,3.13.5
2026-06-20T15:11:51.207490,llama-2-7b,q4,gpu,6,"Given that f(x) = 4x³ - 9x - 14, find the value of f(2).",Zheng et al. 2023,5,28.401827096939087,256,9.01350462863671,0.06740122978722406,0.6304391186202397,2.6798535131635846,0.0005317550207049439,0.0049737841228329775,0.021142426701665804,0.026647965845203726,6.330224286528145e-07,0.6330224286528144,26,28.401827096939087,PRY,10,Apple M4,1,Apple M4,16.0,29,256,285,0.00010409361658282705,-1,8,512,42,15.6.1,0.3.21,3.13.5
2026-06-20T15:12:24.294886,llama-2-7b,q4,gpu,6,"Given that f(x) = 4x³ - 9x - 14, find the value of f(2).",Zheng et al. 2023,6,28.527384996414185,256,8.973833389642216,0.0693398967750855,0.6398772122508468,2.67631283531895,0.0005494683141429118,0.0050705621067533724,0.021207835173330143,0.026827865594226424,6.372959471908487e-07,0.6372959471908487,26,28.527384996414185,PRY,10,Apple M4,1,Apple M4,16.0,29,256,285,0.00010479634997744697,-1,8,512,42,15.6.1,0.3.21,3.13.5
2026-06-20T15:12:59.273901,llama-2-7b,q4,gpu,6,"Given that f(x) = 4x³ - 9x - 14, find the value of f(2).",Zheng et al. 2023,7,28.384918212890625,256,9.018873969618875,0.07203132457663351,0.5851980582814623,2.6839969091896734,0.0005679453491316446,0.004614110839628253,0.02116250909750003,0.02634456528625993,6.258151483751046e-07,0.6258151483751047,26,28.384918212890625,PRY,10,Apple M4,1,Apple M4,16.0,29,256,285,0.00010290845814945285,-1,8,512,42,15.6.1,0.3.21,3.13.5
2026-06-20T15:13:31.502167,llama-2-7b,q4,gpu,6,"Given that f(x) = 4x³ - 9x - 14, find the value of f(2).",Zheng et al. 2023,8,28.66969108581543,256,8.929290491262327,0.0665973503072779,0.6564971237345563,2.6776986241046763,0.0005303681834565257,0.005228213815610021,0.02132466454833169,0.027083246547398236,6.43362521733445e-07,0.643362521733445,26,28.66969108581543,PRY,10,Apple M4,1,Apple M4,16.0,29,256,285,0.00010579393182577436,-1,8,512,42,15.6.1,0.3.21,3.13.5
2026-06-20T15:14:06.203560,llama-2-7b,q4,gpu,6,"Given that f(x) = 4x³ - 9x - 14, find the value of f(2).",Zheng et al. 2023,9,28.051260948181152,256,9.126149461619802,0.05649891231183876,0.7379448144592093,2.6509767159261366,0.00044024048126327614,0.005750078487709001,0.020656455451665653,0.02684677442063793,6.37745126362254e-07,0.637745126362254,26,28.051260948181152,PRY,10,Apple M4,1,Apple M4,16.0,29,256,285,0.00010487021258061692,-1,8,512,42,15.6.1,0.3.21,3.13.5
2026-06-20T15:14:37.973444,llama-2-7b,q4,gpu,6,"Given that f(x) = 4x³ - 9x - 14, find the value of f(2).",Zheng et al. 2023,10,27.19226908683777,256,9.414440522873283,0.058960203556947484,0.7952022709740482,2.64774140470095,0.00044535047792645705,0.006006487258553001,0.019999471319163905,0.026451309055643364,6.28350846616808e-07,0.628350846616808,26,27.19226908683777,PRY,10,Apple M4,1,Apple M4,16.0,29,256,285,0.00010332542599860689,-1,8,512,42,15.6.1,0.3.21,3.13.5
2026-06-20T15:15:11.926907,llama-2-7b,q4,gpu,7,"Calculate the compound interest on $10,000 at 5% annual rate over 3 years.",Zheng et al. 2023,1,27.362437963485718,256,9.355891472156964,0.06302848685316731,0.7557469814584807,2.654320243719969,0.0004790591837367127,0.005744188860069242,0.020174631390003316,0.026397879433809272,6.270816259501392e-07,0.6270816259501393,26,27.362437963485718,PRY,10,Apple M4,1,Apple M4,16.0,26,256,282,0.00010311671653831747,-1,8,512,42,15.6.1,0.3.21,3.13.5
2026-06-20T15:15:43.385436,llama-2-7b,q4,gpu,7,"Calculate the compound interest on $10,000 at 5% annual rate over 3 years.",Zheng et al. 2023,2,26.876516103744507,256,9.525044057489781,0.06405305566646295,0.7869509952660358,2.6460974787610274,0.0004782008283649263,0.005875139193645938,0.019754967083332912,0.026108307105343776,6.202028352874413e-07,0.6202028352874412,26,26.876516103744507,PRY,10,Apple M4,1,Apple M4,16.0,26,256,282,0.00010198557463024913,-1,8,512,42,15.6.1,0.3.21,3.13.5
2026-06-20T15:16:16.981009,llama-2-7b,q4,gpu,7,"Calculate the compound interest on $10,000 at 5% annual rate over 3 years.",Zheng et al. 2023,3,26.93405818939209,256,9.50469469546275,0.06486696373377683,0.7303382922220972,2.662689330835466,0.0004853140488263143,0.005464159461292003,0.019921397049165537,0.025870870559283856,6.14562530135788e-07,0.614562530135788,26,26.93405818939209,PRY,10,Apple M4,1,Apple M4,16.0,26,256,282,0.00010105808812220256,-1,8,512,42,15.6.1,0.3.21,3.13.5
2026-06-20T15:16:48.421576,llama-2-7b,q4,gpu,7,"Calculate the compound interest on $10,000 at 5% annual rate over 3 years.",Zheng et al. 2023,4,26.805891036987305,256,9.550139543832588,0.07666186026400272,0.7885548133706379,2.646836418461015,0.0005708304091471122,0.0058716428899736614,0.019708557951665474,0.026151031250786248,6.212177473624273e-07,0.6212177473624273,26,26.805891036987305,PRY,10,Apple M4,1,Apple M4,16.0,26,256,282,0.00010215246582338378,-1,8,512,42,15.6.1,0.3.21,3.13.5
2026-06-20T15:17:21.662904,llama-2-7b,q4,gpu,7,"Calculate the compound interest on $10,000 at 5% annual rate over 3 years.",Zheng et al. 2023,5,26.666827917099,256,9.599941950195381,0.10933792586038897,0.6533224849597444,2.667128668925476,0.000809915459369867,0.004839455077998056,0.019756628124165825,0.02540599866153375,6.035194982047341e-07,0.6035194982047342,26,26.666827917099,PRY,10,Apple M4,1,Apple M4,16.0,26,256,282,9.924218227161621e-05,-1,8,512,42,15.6.1,0.3.21,3.13.5
2026-06-20T15:17:53.176060,llama-2-7b,q4,gpu,7,"Calculate the compound interest on $10,000 at 5% annual rate over 3 years.",Zheng et al. 2023,6,26.893165111541748,256,9.51914729776944,0.06230678521441536,0.8352853068541216,2.6422083344703866,0.0004654518506501779,0.006239851575686863,0.0197381513883344,0.02644345481467144,6.2816426912252e-07,0.62816426912252,26,26.893165111541748,PRY,10,Apple M4,1,Apple M4,16.0,26,256,282,0.00010329474536981031,-1,8,512,42,15.6.1,0.3.21,3.13.5
2026-06-20T15:18:25.962672,llama-2-7b,q4,gpu,7,"Calculate the compound interest on $10,000 at 5% annual rate over 3 years.",Zheng et al. 2023,7,26.173753023147583,256,9.780790694158316,0.05841736102509911,0.8615336853941082,2.632811501623922,0.0004247226610374977,0.006263769417396533,0.01914182166666857,0.0258303137451026,6.135991030149123e-07,0.6135991030149123,26,26.173753023147583,PRY,10,Apple M4,1,Apple M4,16.0,26,256,282,0.00010089966306680704,-1,8,512,42,15.6.1,0.3.21,3.13.5
2026-06-20T15:18:57.074601,llama-2-7b,q4,gpu,7,"Calculate the compound interest on $10,000 at 5% annual rate over 3 years.",Zheng et al. 2023,8,26.52837300300598,256,9.650045254226187,0.07168222209769295,0.7440960911744013,2.6630555892740726,0.0005282257570810879,0.005483238515764796,0.019624036666667358,0.02563550093951324,6.08971324818137e-07,0.608971324818137,26,26.52837300300598,PRY,10,Apple M4,1,Apple M4,16.0,26,256,282,0.0001001386755449736,-1,8,512,42,15.6.1,0.3.21,3.13.5
2026-06-20T15:19:30.041379,llama-2-7b,q4,gpu,7,"Calculate the compound interest on $10,000 at 5% annual rate over 3 years.",Zheng et al. 2023,9,26.319739818572998,256,9.726539918884342,0.06113450339678838,0.8205027383601501,2.6271298500530675,0.00044695672870587145,0.005998727387240507,0.01920704836750095,0.025652732483447332,6.093806601442913e-07,0.6093806601442913,26,26.319739818572998,PRY,10,Apple M4,1,Apple M4,16.0,26,256,282,0.00010020598626346614,-1,8,512,42,15.6.1,0.3.21,3.13.5
2026-06-20T15:20:02.026451,llama-2-7b,q4,gpu,7,"Calculate the compound interest on $10,000 at 5% annual rate over 3 years.",Zheng et al. 2023,10,27.396265983581543,256,9.344339121010858,0.08530457100120643,0.8101147163516729,2.6472611419918803,0.0006491740879901023,0.006165032846217818,0.02014585288166927,0.02696005981587719,6.404362209261626e-07,0.6404362209261626,26,27.396265983581543,PRY,10,Apple M4,1,Apple M4,16.0,26,256,282,0.00010531273365577027,-1,8,512,42,15.6.1,0.3.21,3.13.5
2026-06-20T15:20:35.556573,llama-2-7b,q4,gpu,8,What is the area of a circle with radius 7 cm?,Zheng et al. 2023,1,26.938115119934082,256,9.503263270657017,0.06367290167398988,0.7960172164345938,2.6368944499176745,0.0004764522098094953,0.00595644539271238,0.01973137951416599,0.026164277116687867,6.215324029069203e-07,0.6215324029069204,26,26.938115119934082,PRY,10,Apple M4,1,Apple M4,16.0,14,256,270,0.00010220420748706198,-1,8,512,42,15.6.1,0.3.21,3.13.5
2026-06-20T15:21:06.941421,llama-2-7b,q4,gpu,8,What is the area of a circle with radius 7 cm?,Zheng et al. 2023,2,26.777615785598755,256,9.560223809682082,0.06302585931691966,0.7909591803432792,2.6448173146576783,0.0004688006237071318,0.005883333620367901,0.01967275052083399,0.026024884764909023,6.182211375904138e-07,0.6182211375904139,26,26.777615785598755,PRY,10,Apple M4,1,Apple M4,16.0,14,256,270,0.00010165970611292587,-1,8,512,42,15.6.1,0.3.21,3.13.5
2026-06-20T15:21:39.983768,llama-2-7b,q4,gpu,8,What is the area of a circle with radius 7 cm?,Zheng et al. 2023,3,26.458303928375244,256,9.67560130433956,0.06310655471369957,0.8222974510763821,2.6366727885451704,0.000463803445691029,0.0060434988555853305,0.01937830277750133,0.025885605078777688,6.14912548646364e-07,0.614912548646364,26,26.458303928375244,PRY,10,Apple M4,1,Apple M4,16.0,14,256,270,0.00010111564483897534,-1,8,512,42,15.6.1,0.3.21,3.13.5
2026-06-20T15:22:11.854077,llama-2-7b,q4,gpu,8,What is the area of a circle with radius 7 cm?,Zheng et al. 2023,4,27.266189098358154,256,9.388917500591058,0.06312181503575741,0.7809567290419727,2.6514179974401446,0.0004780809291657079,0.005914920514359355,0.02008168458249808,0.026474686026023146,6.289061665481798e-07,0.6289061665481798,26,27.266189098358154,PRY,10,Apple M4,1,Apple M4,16.0,14,256,270,0.00010341674228915291,-1,8,512,42,15.6.1,0.3.21,3.13.5
2026-06-20T15:22:46.308908,llama-2-7b,q4,gpu,8,What is the area of a circle with radius 7 cm?,Zheng et al. 2023,5,27.7742440700531,256,9.217172548578045,0.17379585252890883,0.7378869783827764,2.6475963104713656,0.0013408467851391305,0.005692848064921452,0.020426385035001052,0.027460079885061637,6.523141976696392e-07,0.6523141976696392,26,27.7742440700531,PRY,10,Apple M4,1,Apple M4,16.0,14,256,270,0.00010726593705102202,-1,8,512,42,15.6.1,0.3.21,3.13.5
2026-06-20T15:23:19.694332,llama-2-7b,q4,gpu,8,What is the area of a circle with radius 7 cm?,Zheng et al. 2023,6,28.77428913116455,256,8.896831432847954,0.12436811736251455,0.6813277956144453,2.6671537010059545,0.0009940567132465555,0.005445756384474733,0.02131818104166693,0.027757994139388217,6.593911507811671e-07,0.6593911507811671,26,28.77428913116455,PRY,10,Apple M4,1,Apple M4,16.0,14,256,270,0.00010842966460698522,-1,8,512,42,15.6.1,0.3.21,3.13.5
2026-06-20T15:23:54.130965,llama-2-7b,q4,gpu,8,What is the area of a circle with radius 7 cm?,Zheng et al. 2023,7,27.847553968429565,256,9.192907940504366,0.06913113537853634,0.674126938661456,2.6764577048129667,0.0005347591731535003,0.005214662862763084,0.02070355566083284,0.026452977696749428,6.283904851862825e-07,0.6283904851862826,26,27.847553968429565,PRY,10,Apple M4,1,Apple M4,16.0,14,256,270,0.00010333194412792745,-1,8,512,42,15.6.1,0.3.21,3.13.5
2026-06-20T15:24:26.027605,llama-2-7b,q4,gpu,8,What is the area of a circle with radius 7 cm?,Zheng et al. 2023,8,27.3334379196167,256,9.365817821850854,0.0721166797597486,0.7120146386386296,2.6632885776783963,0.0005475546636616573,0.005406057756413138,0.020221342499999084,0.02617495492007388,6.217860541263549e-07,0.6217860541263549,26,27.3334379196167,PRY,10,Apple M4,1,Apple M4,16.0,14,256,270,0.00010224591765653859,-1,8,512,42,15.6.1,0.3.21,3.13.5
2026-06-20T15:27:25.804489,llama-2-7b,q4,gpu,8,What is the area of a circle with radius 7 cm?,Zheng et al. 2023,9,173.19151973724365,256,1.4781324188874183,0.015920926254458605,1.1083221514822557,0.2658695367582824,0.0007659359482317412,0.053319999381573176,0.012790652534167748,0.06687658786397266,1.5886533447086704e-06,1.5886533447086704,26,173.19151973724365,PRY,10,Apple M4,1,Apple M4,16.0,14,256,270,0.0002612366713436432,-1,8,512,42,15.6.1,0.3.21,3.13.5
2026-06-20T15:27:41.331095,llama-2-7b,q4,gpu,8,What is the area of a circle with radius 7 cm?,Zheng et al. 2023,10,10.922681093215942,256,23.437469044024468,0.05700193666211571,0.0,3.0000929117434834,0.0001729483266266622,0.0,0.009102516145831031,0.009275464472457695,2.203386585432325e-07,0.2203386585432325,26,10.922681093215942,PRY,10,Apple M4,1,Apple M4,16.0,14,256,270,3.623228309553787e-05,-1,8,512,42,15.6.1,0.3.21,3.13.5
2026-06-20T15:27:56.058011,llama-2-7b,q4,gpu,9,Solve for x: 2x + 5 = 15,Zheng et al. 2023,1,11.156081914901733,256,22.947124443219447,0.04990051122119152,0.0,3.000022252731746,0.0001546372752164127,0.0,0.009296803888334275,0.00945144116355069,2.2451898484014662e-07,0.22451898484014662,26,11.156081914901733,PRY,10,Apple M4,1,Apple M4,16.0,16,256,272,3.691969204511988e-05,-1,8,512,42,15.6.1,0.3.21,3.13.5
2026-06-20T15:43:25.916480,llama-2-7b,q4,gpu,9,Solve for x: 2x + 5 = 15,Zheng et al. 2023,2,923.3029782772064,256,0.27726543293261235,0.0007008756357919324,0.0,0.03682347430899181,0.00017975571164683941,0.0,0.009444228750001761,0.0096239844616486,2.2861775088646247e-07,0.22861775088646247,26,923.3029782772064,PRY,10,Apple M4,1,Apple M4,16.0,16,256,272,3.7593689303314843e-05,-1,8,512,42,15.6.1,0.3.21,3.13.5
2026-06-20T15:43:41.459211,llama-2-7b,q4,gpu,9,Solve for x: 2x + 5 = 15,Zheng et al. 2023,3,10.970092058181763,256,23.33617609061621,0.06115331810187051,0.0,2.9977024762048314,0.00018634931367799798,0.0,0.009134742257501785,0.00932109157117978,2.214225302733757e-07,0.2214225302733757,26,10.970092058181763,PRY,10,Apple M4,1,Apple M4,16.0,16,256,272,3.641051394992102e-05,-1,8,512,42,15.6.1,0.3.21,3.13.5
2026-06-20T15:43:55.939145,llama-2-7b,q4,gpu,9,Solve for x: 2x + 5 = 15,Zheng et al. 2023,4,10.94219422340393,256,23.395673187051393,0.04738560445965332,0.0,2.999079088344034,0.00014402846871970057,0.0,0.009115696076669337,0.009259724545389036,2.1996475657571655e-07,0.21996475657571654,26,10.94219422340393,PRY,10,Apple M4,1,Apple M4,16.0,16,256,272,3.6170799005425924e-05,-1,8,512,42,15.6.1,0.3.21,3.13.5
2026-06-20T15:44:37.518814,llama-2-7b,q4,gpu,9,Solve for x: 2x + 5 = 15,Zheng et al. 2023,5,34.99661302566528,256,7.314993591301496,0.2261503643958595,0.0,0.9705998113615399,0.002198471330104191,0.0,0.009435473889167649,0.01163394521927184,2.7636436868380254e-07,0.27636436868380254,26,34.99661302566528,PRY,10,Apple M4,1,Apple M4,16.0,16,256,272,4.5445098512780625e-05,-1,8,512,42,15.6.1,0.3.21,3.13.5
2026-06-20T15:44:53.191844,llama-2-7b,q4,gpu,9,Solve for x: 2x + 5 = 15,Zheng et al. 2023,6,11.073578119277954,256,23.118092204933333,0.730199722898746,0.0,2.9999882506062043,0.0022460899094984385,0.0,0.00922794562500106,0.011474035534499499,2.7256571412203556e-07,0.27256571412203556,26,11.073578119277954,PRY,10,Apple M4,1,Apple M4,16.0,16,256,272,4.482045130663867e-05,-1,8,512,42,15.6.1,0.3.21,3.13.5
2026-06-20T15:45:07.843568,llama-2-7b,q4,gpu,9,Solve for x: 2x + 5 = 15,Zheng et al. 2023,7,11.094918966293335,256,23.073625033020516,0.7149944733999893,0.0010189537646958628,2.999967933621174,0.00220355715103346,3.1403359582500344e-06,0.009245666979168163,0.011452364466159874,2.720509178936278e-07,0.2720509178936278,26,11.094918966293335,PRY,10,Apple M4,1,Apple M4,16.0,16,256,272,4.473579869593701e-05,-1,8,512,42,15.6.1,0.3.21,3.13.5
2026-06-20T15:45:25.910637,llama-2-7b,q4,gpu,9,Solve for x: 2x + 5 = 15,Zheng et al. 2023,8,11.469726085662842,256,22.319626300404856,0.7066133862521196,0.0,3.0000481586928114,0.0022512949968818024,0.0,0.0095582585066677,0.011809553503549501,2.8053594347681835e-07,0.2805359434768184,26,11.469726085662842,PRY,10,Apple M4,1,Apple M4,16.0,16,256,272,4.613106837324024e-05,-1,8,512,42,15.6.1,0.3.21,3.13.5
2026-06-20T15:45:44.620020,llama-2-7b,q4,gpu,9,Solve for x: 2x + 5 = 15,Zheng et al. 2023,9,13.114852905273438,256,19.519852936898992,0.6993182742350408,0.0010010439162089313,3.0000700758280474,0.0025476267501561753,3.6468176979997226e-06,0.01092929937499927,0.013480572942853444,3.202310102574835e-07,0.3202310102574835,26,13.114852905273438,PRY,10,Apple M4,1,Apple M4,16.0,16,256,272,5.265848805802127e-05,-1,8,512,42,15.6.1,0.3.21,3.13.5
2026-06-20T15:46:04.500982,llama-2-7b,q4,gpu,9,Solve for x: 2x + 5 = 15,Zheng et al. 2023,10,16.169782876968384,256,15.831999844885768,3.6856056462310454,0.0,5.7848527999856785,0.016554289741579097,0.0,0.025983281597497507,0.0425375713390766,1.0104800071597647e-06,1.0104800071597646,26,16.169782876968384,PRY,10,Apple M4,1,Apple M4,16.0,16,256,272,0.00016616238804326798,-1,8,512,42,15.6.1,0.3.21,3.13.5
2026-06-20T15:46:30.187832,llama-2-7b,q4,gpu,10,"If the probability of rain is 30%, what is the probability of no rain?",Zheng et al. 2023,1,18.81004571914673,256,13.609748951296691,0.4354558502182842,2.0186541822619644,2.4003138298085713,0.0022752623475766212,0.010547493738748418,0.012541670244166503,0.02536442633049154,6.025319474808265e-07,0.6025319474808265,26,18.81004571914673,PRY,10,Apple M4,1,Apple M4,16.0,19,256,275,9.907979035348258e-05,-1,8,512,42,15.6.1,0.3.21,3.13.5
2026-06-20T15:46:55.796984,llama-2-7b,q4,gpu,10,"If the probability of rain is 30%, what is the probability of no rain?",Zheng et al. 2023,2,20.6724910736084,256,12.383606750074897,0.3771036481620806,1.6369177286437828,2.4521576315835123,0.0021654643890154928,0.00939976864822776,0.014081168541664132,0.025646401578907383,6.092302695069448e-07,0.6092302695069448,26,20.6724910736084,PRY,10,Apple M4,1,Apple M4,16.0,19,256,275,0.00010018125616760697,-1,8,512,42,15.6.1,0.3.21,3.13.5
2026-06-20T15:47:24.861047,llama-2-7b,q4,gpu,10,"If the probability of rain is 30%, what is the probability of no rain?",Zheng et al. 2023,3,22.06901717185974,256,11.599972849104773,0.41884972632818135,1.5309152845325864,2.419419330511551,0.00256766716743483,0.00938494325083672,0.014831724097496893,0.026784334515768445,6.362618664220794e-07,0.6362618664220794,26,22.06901717185974,PRY,10,Apple M4,1,Apple M4,16.0,19,256,275,0.00010462630670222049,-1,8,512,42,15.6.1,0.3.21,3.13.5
2026-06-20T15:47:52.973006,llama-2-7b,q4,gpu,10,"If the probability of rain is 30%, what is the probability of no rain?",Zheng et al. 2023,4,23.126879930496216,256,11.069370393644242,0.4000408030886868,1.4216738161082467,2.488842422539904,0.0025699154500920386,0.009133022123740495,0.01598865552000158,0.027691593093834115,6.578137939440294e-07,0.6578137939440294,26,23.126879930496216,PRY,10,Apple M4,1,Apple M4,16.0,19,256,275,0.00010817028552278951,-1,8,512,42,15.6.1,0.3.21,3.13.5
2026-06-20T15:48:23.244891,llama-2-7b,q4,gpu,10,"If the probability of rain is 30%, what is the probability of no rain?",Zheng et al. 2023,5,23.258897066116333,256,11.006540820585252,0.394606352961855,1.3607355199295879,2.47678572574817,0.002549474595882043,0.008791446497847381,0.016002028958334146,0.027342950052063573,6.495317784867701e-07,0.6495317784867701,26,23.258897066116333,PRY,10,Apple M4,1,Apple M4,16.0,19,256,275,0.00010680839864087333,-1,8,512,42,15.6.1,0.3.21,3.13.5
2026-06-20T15:48:51.795065,llama-2-7b,q4,gpu,10,"If the probability of rain is 30%, what is the probability of no rain?",Zheng et al. 2023,6,23.595489025115967,256,10.84953143914515,0.45582462254723527,1.3698852066139846,2.5179146504557344,0.002987612466303033,0.008978642043980276,0.016503174305835273,0.02846942881611858,6.762912815268969e-07,0.6762912815268969,26,23.595489025115967,PRY,10,Apple M4,1,Apple M4,16.0,19,256,275,0.0001112087063129632,-1,8,512,42,15.6.1,0.3.21,3.13.5
2026-06-20T15:49:21.535723,llama-2-7b,q4,gpu,10,"If the probability of rain is 30%, what is the probability of no rain?",Zheng et al. 2023,7,22.736316204071045,256,11.259519690976235,0.41483675760474953,1.4152112681247098,2.4700979699585788,0.0026199610261036553,0.00893796969101327,0.015600257916670062,0.027158188633786988,6.451427709956098e-07,0.6451427709956098,26,22.736316204071045,PRY,10,Apple M4,1,Apple M4,16.0,19,256,275,0.00010608667435073042,-1,8,512,42,15.6.1,0.3.21,3.13.5
2026-06-20T15:49:50.221029,llama-2-7b,q4,gpu,10,"If the probability of rain is 30%, what is the probability of no rain?",Zheng et al. 2023,8,23.73897409439087,256,10.783953804494383,0.4162473277892362,1.347139279036163,2.5135849074079992,0.0027448012586800286,0.008883251235159963,0.01657497972250288,0.02820303221634287,6.699630302992248e-07,0.6699630302992249,26,23.73897409439087,PRY,10,Apple M4,1,Apple M4,16.0,19,256,275,0.00011016809459508934,-1,8,512,42,15.6.1,0.3.21,3.13.5
2026-06-20T15:50:20.271296,llama-2-7b,q4,gpu,10,"If the probability of rain is 30%, what is the probability of no rain?",Zheng et al. 2023,9,23.037808895111084,256,11.1121678787051,0.45145120454585885,1.4410529221662587,2.4771453530511436,0.002889012937720889,0.009221861619057681,0.01585222256916798,0.027963097125946555,6.642633722268604e-07,0.6642633722268604,26,23.037808895111084,PRY,10,Apple M4,1,Apple M4,16.0,19,256,275,0.00010923084814822873,-1,8,512,42,15.6.1,0.3.21,3.13.5
2026-06-20T15:50:48.639471,llama-2-7b,q4,gpu,10,"If the probability of rain is 30%, what is the probability of no rain?",Zheng et al. 2023,10,23.404305934906006,256,10.938158162519683,0.3914134342561148,1.3586698967126487,2.481788977744367,0.0025446554895450914,0.008832979424224993,0.016134596805835223,0.027512231719605307,6.53553064499224e-07,0.653553064499224,26,23.404305934906006,PRY,10,Apple M4,1,Apple M4,16.0,19,256,275,0.00010746965515470823,-1,8,512,42,15.6.1,0.3.21,3.13.5
2026-06-20T16:07:40.086094,llama-2-7b,q8,cpu,1,"If all roses are flowers and some flowers fade quickly, can we conclude that some roses fade quickly",Zheng et al. 2023,1,986.6764369010925,256,0.2594568902486745,0.10652692583040116,1.1706980848634588e-05,0.13438420468460807,0.029196557670101993,3.208611708500029e-06,0.03683159118166562,0.06603135746347612,1.568574896544875e-06,1.568574896544875,26,986.6764369010925,PRY,10,Apple M4,1,Apple M4,16.0,28,256,284,0.0002579349900917036,0,8,512,42,15.6.1,0.3.21,3.13.5
2026-06-20T16:08:03.061290,llama-2-7b,q8,cpu,1,"If all roses are flowers and some flowers fade quickly, can we conclude that some roses fade quickly",Zheng et al. 2023,2,17.694935083389282,256,14.46741673781636,10.793406653986526,0.0,5.5438653087274545,0.05305239724192042,0.0,0.0272495379858295,0.08030193522774992,1.9075724713351993e-06,1.9075724713351994,26,17.694935083389282,PRY,10,Apple M4,1,Apple M4,16.0,28,256,284,0.00031367943448339813,0,8,512,42,15.6.1,0.3.21,3.13.5
2026-06-20T16:08:26.999341,llama-2-7b,q8,cpu,1,"If all roses are flowers and some flowers fade quickly, can we conclude that some roses fade quickly",Zheng et al. 2023,3,17.663493156433105,256,14.493169484245755,10.974109050420335,0.0,5.549181580728219,0.0538447500305695,0.0,0.02722720302083265,0.08107195305140216,1.925864244736058e-06,1.925864244736058,26,17.663493156433105,PRY,10,Apple M4,1,Apple M4,16.0,28,256,284,0.0003166873166070397,0,8,512,42,15.6.1,0.3.21,3.13.5
2026-06-20T16:08:50.376394,llama-2-7b,q8,cpu,1,"If all roses are flowers and some flowers fade quickly, can we conclude that some roses fade quickly",Zheng et al. 2023,4,19.096384048461914,256,13.405679282021932,7.902322452923986,0.0,2.4673615632376675,0.04191827345439446,0.0,0.01308824555499996,0.05500651900939442,1.3066798590681644e-06,1.3066798590681643,26,19.096384048461914,PRY,10,Apple M4,1,Apple M4,16.0,28,256,284,0.00021486921488044695,0,8,512,42,15.6.1,0.3.21,3.13.5
2026-06-20T16:09:16.365314,llama-2-7b,q8,cpu,1,"If all roses are flowers and some flowers fade quickly, can we conclude that some roses fade quickly",Zheng et al. 2023,5,19.654935121536255,256,13.024718647862457,5.894651824999048,0.0,2.4336700720823163,0.03218305532900044,0.0,0.013287118715000665,0.0454701740440011,1.0801439844152462e-06,1.0801439844152463,26,19.654935121536255,PRY,10,Apple M4,1,Apple M4,16.0,28,256,284,0.0001776178673593793,0,8,512,42,15.6.1,0.3.21,3.13.5
2026-06-20T16:09:42.614625,llama-2-7b,q8,cpu,1,"If all roses are flowers and some flowers fade quickly, can we conclude that some roses fade quickly",Zheng et al. 2023,6,21.814607858657837,256,11.735255644230985,3.0912363651139887,0.0,2.4422441189954447,0.018731696973162362,0.0,0.014799054930833031,0.03353075190399539,7.965230114794104e-07,0.7965230114794104,26,21.814607858657837,PRY,10,Apple M4,1,Apple M4,16.0,28,256,284,0.000130979499624982,0,8,512,42,15.6.1,0.3.21,3.13.5
2026-06-20T16:10:16.081917,llama-2-7b,q8,cpu,1,"If all roses are flowers and some flowers fade quickly, can we conclude that some roses fade quickly",Zheng et al. 2023,7,26.90125012397766,256,9.516286374060428,1.8264617248208157,0.0,2.5166103827886888,0.01364836213924345,0.0,0.018805545936666022,0.03245390807590947,7.709425863432295e-07,0.7709425863432295,26,26.90125012397766,PRY,10,Apple M4,1,Apple M4,16.0,28,256,284,0.00012677307842152137,0,8,512,42,15.6.1,0.3.21,3.13.5
2026-06-20T16:10:53.595217,llama-2-7b,q8,cpu,1,"If all roses are flowers and some flowers fade quickly, can we conclude that some roses fade quickly",Zheng et al. 2023,8,32.89661693572998,256,7.78195522354613,2.3103943656526607,0.0,3.5776714282484954,0.021112266227040124,0.0,0.03269257958249909,0.05380484580953922,1.278134112205604e-06,1.278134112205604,26,32.89661693572998,PRY,10,Apple M4,1,Apple M4,16.0,28,256,284,0.00021017517894351257,0,8,512,42,15.6.1,0.3.21,3.13.5
2026-06-20T16:11:38.740739,llama-2-7b,q8,cpu,1,"If all roses are flowers and some flowers fade quickly, can we conclude that some roses fade quickly",Zheng et al. 2023,9,38.51022696495056,256,6.647584815145185,1.8376302535353704,0.0,2.314621433733148,0.019657655039251876,0.0,0.024760165764167445,0.04441782080341932,1.0551453331852259e-06,1.0551453331852259,26,38.51022696495056,PRY,10,Apple M4,1,Apple M4,16.0,28,256,284,0.00017350711251335672,0,8,512,42,15.6.1,0.3.21,3.13.5
2026-06-20T16:12:22.819250,llama-2-7b,q8,cpu,1,"If all roses are flowers and some flowers fade quickly, can we conclude that some roses fade quickly",Zheng et al. 2023,10,39.46680307388306,256,6.486464067554705,1.8050264706329486,0.0,2.3372964349129117,0.01978850673878243,0.0,0.02562378281166578,0.04541228955044821,1.0787689382708972e-06,1.0787689382708971,26,39.46680307388306,PRY,10,Apple M4,1,Apple M4,16.0,28,256,284,0.00017739175605643832,0,8,512,42,15.6.1,0.3.21,3.13.5
2026-06-20T16:12:55.110813,llama-2-7b,q8,cpu,2,A farmer has 17 sheep. All but 9 die. How many sheep does the farmer have left? Explain.,Zheng et al. 2023,1,25.66862177848816,162,6.311207566888757,1.6235526866757701,0.0,2.4880091120245886,0.011576211069924621,0.0,0.01773993468833093,0.02931614575825555,6.964050424873606e-07,0.6964050424873606,26,25.66862177848816,PRY,10,Apple M4,1,Apple M4,16.0,29,162,191,0.00018096386270528118,0,8,512,42,15.6.1,0.3.21,3.13.5
2026-06-20T16:13:15.518989,llama-2-7b,q8,cpu,2,A farmer has 17 sheep. All but 9 die. How many sheep does the farmer have left? Explain.,Zheng et al. 2023,2,16.17500400543213,162,10.015453470403765,4.311848047399558,0.22646708032303037,5.784127794687938,0.019373377621528493,0.001017529425367649,0.02598841395750242,0.046379321004398566,1.1017407704594877e-06,1.1017407704594877,26,16.17500400543213,PRY,10,Apple M4,1,Apple M4,16.0,29,162,191,0.00028629210496542324,0,8,512,42,15.6.1,0.3.21,3.13.5
2026-06-20T16:13:32.056141,llama-2-7b,q8,cpu,2,A farmer has 17 sheep. All but 9 die. How many sheep does the farmer have left? Explain.,Zheng et al. 2023,3,13.266812801361084,162,12.210920770916426,0.05020074538853534,0.0,3.0000078841029842,0.00018500108098846917,0.0,0.011055706389167124,0.011240707470155592,2.670230059535461e-07,0.26702300595354606,26,13.266812801361084,PRY,10,Apple M4,1,Apple M4,16.0,29,162,191,6.938708314910859e-05,0,8,512,42,15.6.1,0.3.21,3.13.5
2026-06-20T16:13:49.630952,llama-2-7b,q8,cpu,2,A farmer has 17 sheep. All but 9 die. How many sheep does the farmer have left? Explain.,Zheng et al. 2023,4,11.293919086456299,162,14.344002180276895,0.0549011510345429,0.0,3.000047557949132,0.00017223587709373444,0.0,0.00941174843749953,0.009583984314593265,2.2766754739316296e-07,0.22766754739316297,26,11.293919086456299,PRY,10,Apple M4,1,Apple M4,16.0,29,162,191,5.916039700366213e-05,0,8,512,42,15.6.1,0.3.21,3.13.5
2026-06-20T16:14:05.170639,llama-2-7b,q8,cpu,2,A farmer has 17 sheep. All but 9 die. How many sheep does the farmer have left? Explain.,Zheng et al. 2023,5,11.27394723892212,162,14.369412643755508,0.06550155444461636,0.0,3.0000542985718472,0.00020512807468777485,0.0,0.009395126076666808,0.009600254151354584,2.2805403736542813e-07,0.22805403736542812,26,11.27394723892212,PRY,10,Apple M4,1,Apple M4,16.0,29,162,191,5.9260828094781384e-05,0,8,512,42,15.6.1,0.3.21,3.13.5
2026-06-20T16:14:19.675208,llama-2-7b,q8,cpu,2,A farmer has 17 sheep. All but 9 die. How many sheep does the farmer have left? Explain.,Zheng et al. 2023,6,11.256414890289307,162,14.391793619810008,0.05220027044460453,0.0,2.9999993520263626,0.0001632188615304931,0.0,0.009380343715835505,0.009543562577365997,2.2670732902532925e-07,0.22670732902532925,26,11.256414890289307,PRY,10,Apple M4,1,Apple M4,16.0,29,162,191,5.891088010719751e-05,0,8,512,42,15.6.1,0.3.21,3.13.5
2026-06-20T16:14:37.221905,llama-2-7b,q8,cpu,2,A farmer has 17 sheep. All but 9 die. How many sheep does the farmer have left? Explain.,Zheng et al. 2023,7,11.269330978393555,162,14.375298791969026,0.06070182382607813,0.0,3.0000745222425915,0.00019001915102450287,0.0,0.00939134243083269,0.009581361581857193,2.2760524437701758e-07,0.2276052443770176,26,11.269330978393555,PRY,10,Apple M4,1,Apple M4,16.0,29,162,191,5.914420729541477e-05,0,8,512,42,15.6.1,0.3.21,3.13.5
2026-06-20T16:14:52.743552,llama-2-7b,q8,cpu,2,A farmer has 17 sheep. All but 9 die. How many sheep does the farmer have left? Explain.,Zheng et al. 2023,8,11.264184951782227,162,14.38186612644071,0.05310115104625083,0.0,3.0000510927030755,0.00016615032959374824,0.0,0.009386980659167725,0.009553130988761474,2.269346266380288e-07,0.2269346266380288,26,11.264184951782227,PRY,10,Apple M4,1,Apple M4,16.0,29,162,191,5.8969944375070824e-05,0,8,512,42,15.6.1,0.3.21,3.13.5
2026-06-20T16:15:07.235835,llama-2-7b,q8,cpu,2,A farmer has 17 sheep. All but 9 die. How many sheep does the farmer have left? Explain.,Zheng et al. 2023,9,11.22774624824524,162,14.428541260034144,0.048400354747750014,0.0,3.0000068585686868,0.00015095191706466357,0.0,0.009356476597501266,0.00950742851456593,2.2584896436351367e-07,0.22584896436351368,26,11.22774624824524,PRY,10,Apple M4,1,Apple M4,16.0,29,162,191,5.868783033682673e-05,0,8,512,42,15.6.1,0.3.21,3.13.5
2026-06-20T16:15:24.766769,llama-2-7b,q8,cpu,2,A farmer has 17 sheep. All but 9 die. How many sheep does the farmer have left? Explain.,Zheng et al. 2023,10,11.242155075073242,162,14.410048511000866,0.13510536831741682,0.0,3.0001037189728024,0.0004219098616942464,0.0,0.009368786458332277,0.009790696320026524,2.3257799108223004e-07,0.23257799108223004,26,11.242155075073242,PRY,10,Apple M4,1,Apple M4,16.0,29,162,191,6.043639703720077e-05,0,8,512,42,15.6.1,0.3.21,3.13.5
2026-06-20T16:15:47.779173,llama-2-7b,q8,cpu,3,"If it takes 5 machines 5 minutes to make 5 widgets, how long does it take 100 machines to make 100 w",Zheng et al. 2023,1,18.751320838928223,256,13.65237159552715,10.727723440999714,0.0,2.488670746070154,0.055877495587076866,0.0,0.012962739895004535,0.0688402354820814,1.6352997938768435e-06,1.6352997938768434,26,18.751320838928223,PRY,10,Apple M4,1,Apple M4,16.0,36,256,292,0.0002689071698518805,0,8,512,42,15.6.1,0.3.21,3.13.5
2026-06-20T16:16:11.887674,llama-2-7b,q8,cpu,3,"If it takes 5 machines 5 minutes to make 5 widgets, how long does it take 100 machines to make 100 w",Zheng et al. 2023,2,17.856765031814575,256,14.336303330636685,11.409771878725232,0.0,5.521007693629945,0.0565948931958339,0.0,0.027385371423330678,0.08398026461916457,1.994951186028254e-06,1.9949511860282543,26,17.856765031814575,PRY,10,Apple M4,1,Apple M4,16.0,36,256,292,0.0003280479086686116,0,8,512,42,15.6.1,0.3.21,3.13.5
2026-06-20T16:16:33.940696,llama-2-7b,q8,cpu,3,"If it takes 5 machines 5 minutes to make 5 widgets, how long does it take 100 machines to make 100 w",Zheng et al. 2023,3,17.80369806289673,256,14.37903513616136,11.444230327683233,0.0,5.52851471667757,0.05659711703231055,0.0,0.027341112986669032,0.0839382300189796,1.99395265410086e-06,1.9939526541008599,26,17.80369806289673,PRY,10,Apple M4,1,Apple M4,16.0,36,256,292,0.00032788371101163906,0,8,512,42,15.6.1,0.3.21,3.13.5
2026-06-20T16:16:57.958366,llama-2-7b,q8,cpu,3,"If it takes 5 machines 5 minutes to make 5 widgets, how long does it take 100 machines to make 100 w",Zheng et al. 2023,4,17.754988193511963,256,14.41848325720361,11.468343718937842,0.0,5.535512192506924,0.05656119648024402,0.0,0.027300820450833877,0.0838620169310779,1.9921422121977557e-06,1.9921422121977557,26,17.754988193511963,PRY,10,Apple M4,1,Apple M4,16.0,36,256,292,0.0003275860036370231,0,8,512,42,15.6.1,0.3.21,3.13.5
2026-06-20T16:17:19.971241,llama-2-7b,q8,cpu,3,"If it takes 5 machines 5 minutes to make 5 widgets, how long does it take 100 machines to make 100 w",Zheng et al. 2023,5,17.762020111083984,256,14.41277503341239,11.496559802753318,0.0,5.534444555754711,0.05672281289577338,0.0,0.02730636541749846,0.08402917831327182,1.996113130831772e-06,1.996113130831772,26,17.762020111083984,PRY,10,Apple M4,1,Apple M4,16.0,36,256,292,0.00032823897778621805,0,8,512,42,15.6.1,0.3.21,3.13.5
2026-06-20T16:17:44.108069,llama-2-7b,q8,cpu,3,"If it takes 5 machines 5 minutes to make 5 widgets, how long does it take 100 machines to make 100 w",Zheng et al. 2023,6,17.874521017074585,256,14.322062099200126,11.413597939859141,0.0,5.518567771957301,0.05667016562679206,0.0,0.027400487673333678,0.08407065330012573,1.9970983691444863e-06,1.9970983691444864,26,17.874521017074585,PRY,10,Apple M4,1,Apple M4,16.0,36,256,292,0.0003284009894536161,0,8,512,42,15.6.1,0.3.21,3.13.5
2026-06-20T16:18:06.121058,llama-2-7b,q8,cpu,3,"If it takes 5 machines 5 minutes to make 5 widgets, how long does it take 100 machines to make 100 w",Zheng et al. 2023,7,17.744749069213867,256,14.426803050382125,11.532709928610842,0.0,5.536931375797936,0.056845845492008544,0.0,0.027292071632497632,0.08413791712450618,1.998696221292644e-06,1.9986962212926442,26,17.744749069213867,PRY,10,Apple M4,1,Apple M4,16.0,36,256,292,0.00032866373876760225,0,8,512,42,15.6.1,0.3.21,3.13.5
2026-06-20T16:18:30.213627,llama-2-7b,q8,cpu,3,"If it takes 5 machines 5 minutes to make 5 widgets, how long does it take 100 machines to make 100 w",Zheng et al. 2023,8,17.837514877319336,256,14.351774995602543,11.489393204465781,4.372180374139495e-05,5.523775925382814,0.05692839506000835,2.166356457501024e-07,0.027369565346665087,0.08429817704231919,2.0025031956402923e-06,2.0025031956402923,26,17.837514877319336,PRY,10,Apple M4,1,Apple M4,16.0,36,256,292,0.00032928975407155934,0,8,512,42,15.6.1,0.3.21,3.13.5
2026-06-20T16:18:52.480302,llama-2-7b,q8,cpu,3,"If it takes 5 machines 5 minutes to make 5 widgets, how long does it take 100 machines to make 100 w",Zheng et al. 2023,9,17.99132513999939,256,14.22907973748112,13.003988061419713,0.0,5.502945737826433,0.0649886048137979,0.0,0.027501468332502558,0.09249007314630044,2.1971016875903667e-06,2.197101687590367,26,17.99132513999939,PRY,10,Apple M4,1,Apple M4,16.0,36,256,292,0.0003612893482277361,0,8,512,42,15.6.1,0.3.21,3.13.5
2026-06-20T16:19:16.863388,llama-2-7b,q8,cpu,3,"If it takes 5 machines 5 minutes to make 5 widgets, how long does it take 100 machines to make 100 w",Zheng et al. 2023,10,18.091572284698486,256,14.150235036040511,11.715556168307211,0.0,5.489131648606888,0.058875786465104205,0.0,0.02758528388916602,0.08646107035427021,2.053882726265689e-06,2.053882726265689,26,18.091572284698486,PRY,10,Apple M4,1,Apple M4,16.0,36,256,292,0.000337738556071368,0,8,512,42,15.6.1,0.3.21,3.13.5
2026-06-20T16:19:25.076312,llama-2-7b,q8,cpu,4,A bat and ball cost $1.10. The bat costs $1 more than the ball. How much does the ball cost?,Zheng et al. 2023,1,3.927309989929199,52,13.240615111448701,0.14171655085814638,0.0,3.000306037776149,0.0001546013405343077,0.0,0.003273092187500879,0.003427693528035187,8.142485975847586e-08,0.08142485975847585,26,3.927309989929199,PRY,10,Apple M4,1,Apple M4,16.0,29,52,81,6.591718323144591e-05,0,8,512,42,15.6.1,0.3.21,3.13.5
2026-06-20T16:19:33.099029,llama-2-7b,q8,cpu,4,A bat and ball cost $1.10. The bat costs $1 more than the ball. How much does the ball cost?,Zheng et al. 2023,2,4.760231018066406,52,10.923839578929147,0.731426539916817,0.0,3.000055605662256,0.0009671553618747275,0.0,0.003966932708332631,0.004934088070207358,1.1720926210777578e-07,0.11720926210777578,26,4.760231018066406,PRY,10,Apple M4,1,Apple M4,16.0,29,52,81,9.488630904244918e-05,0,8,512,42,15.6.1,0.3.21,3.13.5
2026-06-20T16:19:40.015327,llama-2-7b,q8,cpu,4,A bat and ball cost $1.10. The bat costs $1 more than the ball. How much does the ball cost?,Zheng et al. 2023,3,3.659691095352173,52,14.20884950263706,0.02850108075240436,0.0,3.000069838391531,2.8973653177079846e-05,0.0,0.0030498135758322553,0.0030787872290093353,7.313659062511676e-08,0.07313659062511675,26,3.659691095352173,PRY,10,Apple M4,1,Apple M4,16.0,29,52,81,5.920744671171799e-05,0,8,512,42,15.6.1,0.3.21,3.13.5
2026-06-20T16:19:50.257471,llama-2-7b,q8,cpu,4,A bat and ball cost $1.10. The bat costs $1 more than the ball. How much does the ball cost?,Zheng et al. 2023,4,3.9601001739501953,52,13.130980964082548,0.07750839793118783,0.0,3.000280732330321,8.526139448052719e-05,0.0,0.0033003922916668674,0.0033856536861473943,8.042620331443134e-08,0.08042620331443134,26,3.9601001739501953,PRY,10,Apple M4,1,Apple M4,16.0,29,52,81,6.510872473360374e-05,0,8,512,42,15.6.1,0.3.21,3.13.5
2026-06-20T16:19:58.224043,llama-2-7b,q8,cpu,4,A bat and ball cost $1.10. The bat costs $1 more than the ball. How much does the ball cost?,Zheng et al. 2023,5,3.6875669956207275,52,14.101438716029849,0.024701511032346614,0.0,3.0001346118308576,2.5302354673567404e-05,0.0,0.003073110382501909,0.003098412737175476,7.360279457160344e-08,0.07360279457160343,26,3.6875669956207275,PRY,10,Apple M4,1,Apple M4,16.0,29,52,81,5.9584860330297614e-05,0,8,512,42,15.6.1,0.3.21,3.13.5
2026-06-20T16:20:05.242090,llama-2-7b,q8,cpu,4,A bat and ball cost $1.10. The bat costs $1 more than the ball. How much does the ball cost?,Zheng et al. 2023,6,3.7937252521514893,52,13.70684394461878,0.6937214164484747,0.0,3.0000516955063987,0.0007310523487607995,0.0,0.0031614921875006987,0.003892544536261498,9.246739545889187e-08,0.09246739545889188,26,3.7937252521514893,PRY,10,Apple M4,1,Apple M4,16.0,29,52,81,7.48566256973365e-05,0,8,512,42,15.6.1,0.3.21,3.13.5
2026-06-20T16:20:12.426079,llama-2-7b,q8,cpu,4,A bat and ball cost $1.10. The bat costs $1 more than the ball. How much does the ball cost?,Zheng et al. 2023,7,3.9008748531341553,52,13.330343053230902,0.6849249575780247,0.0,3.0000662519604675,0.0007421684842500264,0.0,0.0032508008333358403,0.003992969317585866,9.485298613925225e-08,0.09485298613925225,26,3.9008748531341553,PRY,10,Apple M4,1,Apple M4,16.0,29,52,81,7.67878714920359e-05,0,8,512,42,15.6.1,0.3.21,3.13.5
2026-06-20T16:20:22.703727,llama-2-7b,q8,cpu,4,A bat and ball cost $1.10. The bat costs $1 more than the ball. How much does the ball cost?,Zheng et al. 2023,8,4.011311292648315,52,12.963341961343763,0.6936661959390309,0.0,3.0002432483999,0.0007729197347496205,0.0,0.0033430304508328844,0.004115950185582504,9.777439665851239e-08,0.0977743966585124,26,4.011311292648315,PRY,10,Apple M4,1,Apple M4,16.0,29,52,81,7.915288818427894e-05,0,8,512,42,15.6.1,0.3.21,3.13.5
2026-06-20T16:20:30.907998,llama-2-7b,q8,cpu,4,A bat and ball cost $1.10. The bat costs $1 more than the ball. How much does the ball cost?,Zheng et al. 2023,9,3.9421889781951904,52,13.190641110210448,0.7257764609995013,0.0,3.0002710271953723,0.0007947633236627071,0.0,0.0032854542708355442,0.0040802175944982515,9.692556895730595e-08,0.09692556895730596,26,3.9421889781951904,PRY,10,Apple M4,1,Apple M4,16.0,29,52,81,7.846572297112023e-05,0,8,512,42,15.6.1,0.3.21,3.13.5
2026-06-20T16:20:38.058050,llama-2-7b,q8,cpu,4,A bat and ball cost $1.10. The bat costs $1 more than the ball. How much does the ball cost?,Zheng et al. 2023,10,3.894307851791382,52,13.352822113454641,0.7102223216069767,0.0012262580912556504,3.000051471439031,0.0007682845454309871,1.3265073647498867e-06,0.003245312222500919,0.004014923275296656,9.537450240467207e-08,0.09537450240467207,26,3.894307851791382,PRY,10,Apple M4,1,Apple M4,16.0,29,52,81,7.721006298647416e-05,0,8,512,42,15.6.1,0.3.21,3.13.5
2026-06-20T16:21:01.114218,llama-2-7b,q8,cpu,5,Three switches control three light bulbs in another room. You can only enter the room once. How do y,Zheng et al. 2023,1,19.799479722976685,256,12.9296326763031,10.531338268980395,0.0004185287709950874,2.5090557588924987,0.057920838475690475,2.301847754110996e-06,0.013799444061669419,0.071722584385114,1.703769992068383e-06,1.7037699920683829,26,19.799479722976685,PRY,10,Apple M4,1,Apple M4,16.0,32,256,288,0.00028016634525435157,0,8,512,42,15.6.1,0.3.21,3.13.5
2026-06-20T16:21:26.544799,llama-2-7b,q8,cpu,5,Three switches control three light bulbs in another room. You can only enter the room once. How do y,Zheng et al. 2023,2,19.15493607521057,256,13.364701348771574,10.988965907549368,0.0,2.515091602855654,0.058470260969937904,0.0,0.013382338576666371,0.07185259954660428,1.7068585022295844e-06,1.7068585022295844,26,19.15493607521057,PRY,10,Apple M4,1,Apple M4,16.0,32,256,288,0.00028067421697892296,0,8,512,42,15.6.1,0.3.21,3.13.5
2026-06-20T16:21:50.110388,llama-2-7b,q8,cpu,5,Three switches control three light bulbs in another room. You can only enter the room once. How do y,Zheng et al. 2023,3,19.297452926635742,256,13.2659994546042,11.01663650276534,0.0,2.4797188420625083,0.05905361786721421,0.0,0.013292293784998039,0.07234591165221224,1.7185771312983018e-06,1.7185771312983018,26,19.297452926635742,PRY,10,Apple M4,1,Apple M4,16.0,32,256,288,0.00028260121739145407,0,8,512,42,15.6.1,0.3.21,3.13.5
2026-06-20T16:22:15.721064,llama-2-7b,q8,cpu,5,Three switches control three light bulbs in another room. You can only enter the room once. How do y,Zheng et al. 2023,4,19.320611000061035,256,13.250098560505736,10.968380677279164,0.0,2.516506413738429,0.058865504546193534,0.0,0.013505678194166345,0.07237118274035986,1.7191774459972483e-06,1.7191774459972484,26,19.320611000061035,PRY,10,Apple M4,1,Apple M4,16.0,32,256,288,0.0002826999325795307,0,8,512,42,15.6.1,0.3.21,3.13.5
2026-06-20T16:22:39.480410,llama-2-7b,q8,cpu,5,Three switches control three light bulbs in another room. You can only enter the room once. How do y,Zheng et al. 2023,5,19.49806571006775,256,13.129507501239747,10.939296299788897,0.0001242008758104013,2.5056861908494636,0.05924864390977358,6.72688010499769e-07,0.013571120554997833,0.07282043715278191,1.729849484564334e-06,1.7298494845643342,26,19.49806571006775,PRY,10,Apple M4,1,Apple M4,16.0,32,256,288,0.00028445483262805435,0,8,512,42,15.6.1,0.3.21,3.13.5
2026-06-20T16:23:04.837382,llama-2-7b,q8,cpu,5,Three switches control three light bulbs in another room. You can only enter the room once. How do y,Zheng et al. 2023,6,19.099840879440308,256,13.40325302267658,11.106441184859358,0.0008925102488812968,2.4918664533076065,0.05892534982435451,4.735223260250677e-06,0.013220625764164044,0.0721507108117788,1.7139401353338053e-06,1.7139401353338053,26,19.099840879440308,PRY,10,Apple M4,1,Apple M4,16.0,32,256,288,0.00028183871410851095,0,8,512,42,15.6.1,0.3.21,3.13.5
2026-06-20T16:23:29.062546,llama-2-7b,q8,cpu,5,Three switches control three light bulbs in another room. You can only enter the room once. How do y,Zheng et al. 2023,7,19.940124988555908,256,12.83843507234404,10.806905976061145,0.0,2.5148090548466535,0.059858626639508625,0.0,0.013929335243331785,0.0737879618828404,1.7528330345268737e-06,1.7528330345268737,26,19.940124988555908,PRY,10,Apple M4,1,Apple M4,16.0,32,256,288,0.0002882342261048453,0,8,512,42,15.6.1,0.3.21,3.13.5
2026-06-20T16:30:15.328068,llama-2-7b,q8,cpu,5,Three switches control three light bulbs in another room. You can only enter the room once. How do y,Zheng et al. 2023,8,399.96976590156555,256,0.6400483782141744,0.4770159569765035,0.0,0.1283924098794001,0.05299776684533427,0.0,0.014264745034167086,0.06726251187950136,1.5978209696975546e-06,1.5978209696975547,26,399.96976590156555,PRY,10,Apple M4,1,Apple M4,16.0,32,256,288,0.0002627441870293022,0,8,512,42,15.6.1,0.3.21,3.13.5
2026-06-20T16:30:38.681226,llama-2-7b,q8,cpu,5,Three switches control three light bulbs in another room. You can only enter the room once. How do y,Zheng et al. 2023,9,19.07342219352722,256,13.421817930862792,7.926683934493748,0.0,2.4610150002836737,0.041996941465902424,0.0,0.013038882812503894,0.05503582427840632,1.3073760057335422e-06,1.3073760057335422,26,19.07342219352722,PRY,10,Apple M4,1,Apple M4,16.0,32,256,288,0.0002149836885875247,0,8,512,42,15.6.1,0.3.21,3.13.5
2026-06-20T16:46:34.909098,llama-2-7b,q8,cpu,5,Three switches control three light bulbs in another room. You can only enter the room once. How do y,Zheng et al. 2023,10,949.9703233242035,256,0.26948210245577636,0.2061716869280296,0.0,0.05301277157139281,0.054404717803143536,0.0,0.013989044374996713,0.06839376217814025,1.6246938205417213e-06,1.6246938205417214,26,949.9703233242035,PRY,10,Apple M4,1,Apple M4,16.0,32,256,288,0.00026716313350836035,0,8,512,42,15.6.1,0.3.21,3.13.5
2026-06-20T16:46:40.547763,llama-2-7b,q8,cpu,6,"Given that f(x) = 4x³ - 9x - 14, find the value of f(2).",Zheng et al. 2023,1,1.3665850162506104,10,7.317510349583809,0.2350866657979974,0.0,3.0009978890708577,8.924053194440502e-05,0.0,0.001139199652501096,0.0012284401844455009,2.9181596581502872e-08,0.02918159658150287,26,1.3665850162506104,PRY,10,Apple M4,1,Apple M4,16.0,29,10,39,0.00012284401844455008,0,8,512,42,15.6.1,0.3.21,3.13.5
2026-06-20T16:46:44.644481,llama-2-7b,q8,cpu,6,"Given that f(x) = 4x³ - 9x - 14, find the value of f(2).",Zheng et al. 2023,2,0.8218610286712646,10,12.167507219763658,0.2947855700814157,0.0,3.0006173975536394,6.729799218459931e-05,0.0,0.0006850251391673131,0.0007523231313519124,1.7871435985264676e-08,0.017871435985264677,26,0.8218610286712646,PRY,10,Apple M4,1,Apple M4,16.0,29,10,39,7.523231313519124e-05,0,8,512,42,15.6.1,0.3.21,3.13.5
2026-06-20T16:46:48.858706,llama-2-7b,q8,cpu,6,"Given that f(x) = 4x³ - 9x - 14, find the value of f(2).",Zheng et al. 2023,3,0.8261911869049072,10,12.103735985688962,0.2088883858901025,0.0,3.0010166415387394,4.793937318588724e-05,0.0,0.0006887259724984082,0.0007366653456842954,1.7499485286730436e-08,0.017499485286730437,26,0.8261911869049072,PRY,10,Apple M4,1,Apple M4,16.0,29,10,39,7.366653456842954e-05,0,8,512,42,15.6.1,0.3.21,3.13.5
2026-06-20T16:46:52.932129,llama-2-7b,q8,cpu,6,"Given that f(x) = 4x³ - 9x - 14, find the value of f(2).",Zheng et al. 2023,4,0.8310668468475342,10,12.032726414166032,0.24606018379597458,0.0,3.000485322519774,5.6803461411679255e-05,0.0,0.0006926677433330042,0.0007494712047446835,1.7803688468709955e-08,0.017803688468709954,26,0.8310668468475342,PRY,10,Apple M4,1,Apple M4,16.0,29,10,39,7.494712047446835e-05,0,8,512,42,15.6.1,0.3.21,3.13.5
2026-06-20T16:46:56.994119,llama-2-7b,q8,cpu,6,"Given that f(x) = 4x³ - 9x - 14, find the value of f(2).",Zheng et al. 2023,5,0.8159959316253662,10,12.25496306100595,0.20134564460108084,0.0,3.000444646967514,4.56381185680469e-05,0.0,0.0006800973958312776,0.0007257355143993245,1.7239847144555955e-08,0.017239847144555953,26,0.8159959316253662,PRY,10,Apple M4,1,Apple M4,16.0,29,10,39,7.257355143993245e-05,0,8,512,42,15.6.1,0.3.21,3.13.5
2026-06-20T16:47:04.091713,llama-2-7b,q8,cpu,6,"Given that f(x) = 4x³ - 9x - 14, find the value of f(2).",Zheng et al. 2023,6,0.824749231338501,10,12.124897629514383,0.29126714596863296,0.0,3.001443233831386,6.672843187549694e-05,0.0,0.0006876216666690501,0.000754350098544547,1.791958659092571e-08,0.017919586590925712,26,0.824749231338501,PRY,10,Apple M4,1,Apple M4,16.0,29,10,39,7.54350098544547e-05,0,8,512,42,15.6.1,0.3.21,3.13.5
2026-06-20T16:47:09.182031,llama-2-7b,q8,cpu,6,"Given that f(x) = 4x³ - 9x - 14, find the value of f(2).",Zheng et al. 2023,7,0.8336899280548096,10,11.994867232392146,0.27803246991598896,0.0,3.00116690847187,6.438690828921163e-05,0.0,0.0006950118400012191,0.0007593987482904309,1.8039517265639183e-08,0.018039517265639182,26,0.8336899280548096,PRY,10,Apple M4,1,Apple M4,16.0,29,10,39,7.593987482904309e-05,0,8,512,42,15.6.1,0.3.21,3.13.5
2026-06-20T16:47:13.252387,llama-2-7b,q8,cpu,6,"Given that f(x) = 4x³ - 9x - 14, find the value of f(2).",Zheng et al. 2023,8,0.8244049549102783,10,12.1299610591112,0.21615247027677226,0.0,3.000471260227358,4.949921319785214e-05,0.0,0.0006871120483325892,0.0007366112615304412,1.749820051765563e-08,0.01749820051765563,26,0.8244049549102783,PRY,10,Apple M4,1,Apple M4,16.0,29,10,39,7.366112615304412e-05,0,8,512,42,15.6.1,0.3.21,3.13.5
2026-06-20T16:47:17.314064,llama-2-7b,q8,cpu,6,"Given that f(x) = 4x³ - 9x - 14, find the value of f(2).",Zheng et al. 2023,9,0.8097548484802246,10,12.349416639824188,0.21015352076233987,0.0,3.0005186181365615,4.727023121180396e-05,0.0,0.0006749123608309068,0.0007221825920427107,1.715544747397459e-08,0.01715544747397459,26,0.8097548484802246,PRY,10,Apple M4,1,Apple M4,16.0,29,10,39,7.221825920427106e-05,0,8,512,42,15.6.1,0.3.21,3.13.5
2026-06-20T16:47:21.374448,llama-2-7b,q8,cpu,6,"Given that f(x) = 4x³ - 9x - 14, find the value of f(2).",Zheng et al. 2023,10,0.8097100257873535,10,12.350100259998763,0.6462729329135543,0.0,3.000548097004281,0.00014535935365975072,0.0,0.0006748816325004252,0.000820240986160176,1.948482462623498e-08,0.01948482462623498,26,0.8097100257873535,PRY,10,Apple M4,1,Apple M4,16.0,29,10,39,8.20240986160176e-05,0,8,512,42,15.6.1,0.3.21,3.13.5
2026-06-20T16:47:44.534499,llama-2-7b,q8,cpu,7,"Calculate the compound interest on $10,000 at 5% annual rate over 3 years.",Zheng et al. 2023,1,19.88983702659607,256,12.870894802088362,10.033770724472046,0.0,2.5003707576643333,0.05543612901999438,0.0,0.013814435243336145,0.06925056426333054,1.6450471540754167e-06,1.6450471540754168,26,19.88983702659607,PRY,10,Apple M4,1,Apple M4,16.0,26,256,282,0.0002705100166536349,0,8,512,42,15.6.1,0.3.21,3.13.5
2026-06-20T16:48:12.587550,llama-2-7b,q8,cpu,7,"Calculate the compound interest on $10,000 at 5% annual rate over 3 years.",Zheng et al. 2023,2,21.72106909751892,256,11.78579188946282,6.869917396359813,0.0,2.5383036052908,0.041450541794605215,0.0,0.01531518555583413,0.056765727350439346,1.3484698532096867e-06,1.3484698532096868,26,21.72106909751892,PRY,10,Apple M4,1,Apple M4,16.0,26,256,282,0.0002217411224626537,0,8,512,42,15.6.1,0.3.21,3.13.5
2026-06-20T16:48:39.854097,llama-2-7b,q8,cpu,7,"Calculate the compound interest on $10,000 at 5% annual rate over 3 years.",Zheng et al. 2023,3,22.889899015426636,256,11.183972451231389,4.807332255312156,0.000657315526047529,2.53782203066244,0.030566486071582896,4.179412781249993e-06,0.016136247222496725,0.04670691270686087,1.10952271135148e-06,1.10952271135148,26,22.889899015426636,PRY,10,Apple M4,1,Apple M4,16.0,26,256,282,0.00018244887776117528,0,8,512,42,15.6.1,0.3.21,3.13.5
2026-06-20T16:49:09.760675,llama-2-7b,q8,cpu,7,"Calculate the compound interest on $10,000 at 5% annual rate over 3 years.",Zheng et al. 2023,4,23.42989492416382,256,10.926212039302873,3.2343461780672254,0.0,2.4952432486030918,0.02105010863902387,0.0,0.016239801979166562,0.03728991061819043,8.858218267351137e-07,0.8858218267351137,26,23.42989492416382,PRY,10,Apple M4,1,Apple M4,16.0,26,256,282,0.00014566371335230637,0,8,512,42,15.6.1,0.3.21,3.13.5
2026-06-20T16:49:44.946293,llama-2-7b,q8,cpu,7,"Calculate the compound interest on $10,000 at 5% annual rate over 3 years.",Zheng et al. 2023,5,30.621075868606567,256,8.360254913918851,3.1591966910868514,0.0,3.6325656706280487,0.02687166710045036,0.0,0.03089807472166588,0.05776974182211624,1.3723202169843713e-06,1.3723202169843713,26,30.621075868606567,PRY,10,Apple M4,1,Apple M4,16.0,26,256,282,0.00022566305399264157,0,8,512,42,15.6.1,0.3.21,3.13.5
2026-06-20T16:50:31.595119,llama-2-7b,q8,cpu,7,"Calculate the compound interest on $10,000 at 5% annual rate over 3 years.",Zheng et al. 2023,6,40.02739095687866,256,6.395620445903849,2.1141988838337964,0.0006744216901916681,2.351732854045133,0.02350718480105885,7.498705739750221e-06,0.02614825843750017,0.04966294194429877,1.1797431858868172e-06,1.1797431858868173,26,40.02739095687866,PRY,10,Apple M4,1,Apple M4,16.0,26,256,282,0.00019399586696991708,0,8,512,42,15.6.1,0.3.21,3.13.5
2026-06-20T16:51:22.596320,llama-2-7b,q8,cpu,7,"Calculate the compound interest on $10,000 at 5% annual rate over 3 years.",Zheng et al. 2023,7,46.43245887756348,256,5.513384519976416,1.9784976158962353,0.0,3.133170063438195,0.025518474774849812,0.0,0.04041133059083526,0.06592980536568507,1.5661625264618487e-06,1.5661625264618486,26,46.43245887756348,PRY,10,Apple M4,1,Apple M4,16.0,26,256,282,0.0002575383022097073,0,8,512,42,15.6.1,0.3.21,3.13.5
2026-06-20T16:52:13.980386,llama-2-7b,q8,cpu,7,"Calculate the compound interest on $10,000 at 5% annual rate over 3 years.",Zheng et al. 2023,8,45.12107181549072,256,5.673624089579172,1.7562816164043886,0.0681408231167186,3.1384748699693237,0.022012585817224598,0.0008540519370600307,0.03933648611083299,0.062203123865117615,1.4776352074158688e-06,1.4776352074158687,26,45.12107181549072,PRY,10,Apple M4,1,Apple M4,16.0,26,256,282,0.00024298095259811569,0,8,512,42,15.6.1,0.3.21,3.13.5
2026-06-20T16:52:38.164377,llama-2-7b,q8,cpu,7,"Calculate the compound interest on $10,000 at 5% annual rate over 3 years.",Zheng et al. 2023,9,19.891443014144897,256,12.869855636816153,9.931338179136247,0.11944601069343147,2.525285563309054,0.05487462429013617,0.0006599870874931484,0.01395321496583468,0.069487826343464,1.6506833147889872e-06,1.6506833147889872,26,19.891443014144897,PRY,10,Apple M4,1,Apple M4,16.0,26,256,282,0.00027143682165415623,0,8,512,42,15.6.1,0.3.21,3.13.5
2026-06-20T16:53:02.319326,llama-2-7b,q8,cpu,7,"Calculate the compound interest on $10,000 at 5% annual rate over 3 years.",Zheng et al. 2023,10,17.896037817001343,256,14.30484236889567,11.41838461338343,0.0,5.51546556049573,0.05676217856949337,0.0,0.02741805006916669,0.08418022863866005,1.9997013313113697e-06,1.9997013313113696,26,17.896037817001343,PRY,10,Apple M4,1,Apple M4,16.0,26,256,282,0.0003288290181197658,0,8,512,42,15.6.1,0.3.21,3.13.5
2026-06-20T16:53:24.824466,llama-2-7b,q8,cpu,8,What is the area of a circle with radius 7 cm?,Zheng et al. 2023,1,18.246641874313354,256,14.029978873010222,11.894086799205464,0.0,5.467121419609038,0.060285317290861146,0.0,0.027710168507498262,0.0879954857983594,2.0903327651400275e-06,2.0903327651400274,26,18.246641874313354,PRY,10,Apple M4,1,Apple M4,16.0,14,256,270,0.0003437323663998414,0,8,512,42,15.6.1,0.3.21,3.13.5
2026-06-20T16:53:48.866196,llama-2-7b,q8,cpu,8,What is the area of a circle with radius 7 cm?,Zheng et al. 2023,2,17.78105401992798,256,14.397346732825286,11.433150064433875,0.0,5.531752561617242,0.05647040525378939,0.0,0.02732233086749754,0.08379273612128693,1.990496446561171e-06,1.990496446561171,26,17.78105401992798,PRY,10,Apple M4,1,Apple M4,16.0,14,256,270,0.0003273153754737771,0,8,512,42,15.6.1,0.3.21,3.13.5
2026-06-20T16:54:10.831012,llama-2-7b,q8,cpu,8,What is the area of a circle with radius 7 cm?,Zheng et al. 2023,3,17.71855092048645,256,14.448134113721965,11.506313694739339,0.0,5.540672876893875,0.05663200141870266,0.0,0.027270192917500633,0.08390219433620329,1.9930966264565087e-06,1.9930966264565086,26,17.71855092048645,PRY,10,Apple M4,1,Apple M4,16.0,14,256,270,0.0003277429466257941,0,8,512,42,15.6.1,0.3.21,3.13.5
2026-06-20T16:54:34.803824,llama-2-7b,q8,cpu,8,What is the area of a circle with radius 7 cm?,Zheng et al. 2023,4,17.721716165542603,256,14.445553557491017,11.647873208789678,0.0,5.540232402147224,0.05733897303844406,0.0,0.027272896144998716,0.08461186918344278,2.009954952452683e-06,2.009954952452683,26,17.721716165542603,PRY,10,Apple M4,1,Apple M4,16.0,14,256,270,0.00033051511399782336,0,8,512,42,15.6.1,0.3.21,3.13.5
2026-06-20T16:54:56.765775,llama-2-7b,q8,cpu,8,What is the area of a circle with radius 7 cm?,Zheng et al. 2023,5,17.7052960395813,256,14.458950555116163,11.520764707513868,0.0,5.542592208490137,0.05666070826358147,0.0,0.02725923218833183,0.08391994045191331,1.9935181854352003e-06,1.9935181854352002,26,17.7052960395813,PRY,10,Apple M4,1,Apple M4,16.0,14,256,270,0.00032781226739028637,0,8,512,42,15.6.1,0.3.21,3.13.5
2026-06-20T16:55:20.965610,llama-2-7b,q8,cpu,8,What is the area of a circle with radius 7 cm?,Zheng et al. 2023,6,17.922794818878174,256,14.283486620644334,11.809489663236064,0.0,5.511004087150775,0.0587941833749563,0.0,0.027436832083333987,0.0862310154582903,2.0484177722116856e-06,2.048417772211686,26,17.922794818878174,PRY,10,Apple M4,1,Apple M4,16.0,14,256,270,0.0003368399041339465,0,8,512,42,15.6.1,0.3.21,3.13.5
2026-06-20T16:55:42.906731,llama-2-7b,q8,cpu,8,What is the area of a circle with radius 7 cm?,Zheng et al. 2023,7,17.694079160690308,256,14.468116575896033,11.568002930359084,0.0,5.5441959558952325,0.05685698877246419,0.0,0.027249845034997028,0.08410683380746123,1.997957837096241e-06,1.9979578370962412,26,17.694079160690308,PRY,10,Apple M4,1,Apple M4,16.0,14,256,270,0.0003285423195603954,0,8,512,42,15.6.1,0.3.21,3.13.5
2026-06-20T16:56:06.875145,llama-2-7b,q8,cpu,8,What is the area of a circle with radius 7 cm?,Zheng et al. 2023,8,17.708316802978516,256,14.45648408305758,11.560225471255652,0.0,5.542150926308094,0.05686448193301574,0.0,0.02726171232582904,0.08412619425884477,1.9984177446188573e-06,1.9984177446188574,26,17.708316802978516,PRY,10,Apple M4,1,Apple M4,16.0,14,256,270,0.00032861794632361237,0,8,512,42,15.6.1,0.3.21,3.13.5
2026-06-20T16:56:28.847034,llama-2-7b,q8,cpu,8,What is the area of a circle with radius 7 cm?,Zheng et al. 2023,9,17.662947177886963,256,14.493617481939701,11.593993268250259,0.0,5.548634990637317,0.05688446963274482,0.0,0.027223679652500627,0.08410814928524545,1.9979890862710054e-06,1.9979890862710055,26,17.662947177886963,PRY,10,Apple M4,1,Apple M4,16.0,14,256,270,0.00032854745814549,0,8,512,42,15.6.1,0.3.21,3.13.5
2026-06-20T16:56:52.749262,llama-2-7b,q8,cpu,8,What is the area of a circle with radius 7 cm?,Zheng et al. 2023,10,17.63803720474243,256,14.514086631542423,11.614740247326706,0.0,5.552283736971733,0.05690589461271327,0.0,0.027203163089998268,0.08410905770271153,1.998010665727912e-06,1.998010665727912,26,17.63803720474243,PRY,10,Apple M4,1,Apple M4,16.0,14,256,270,0.0003285510066512169,0,8,512,42,15.6.1,0.3.21,3.13.5
2026-06-20T16:57:12.759843,llama-2-7b,q8,cpu,9,Solve for x: 2x + 5 = 15,Zheng et al. 2023,1,15.799237966537476,227,14.367781565211072,3.579942905407737,0.0,5.849309572381857,0.01571121385254289,0.0,0.02567073163166848,0.04138194548421137,9.83028114977441e-07,0.9830281149774409,26,15.799237966537476,PRY,10,Apple M4,1,Apple M4,16.0,16,227,243,0.00018229931931370647,0,8,512,42,15.6.1,0.3.21,3.13.5
2026-06-20T16:57:31.785257,llama-2-7b,q8,cpu,9,Solve for x: 2x + 5 = 15,Zheng et al. 2023,2,15.777009963989258,227,14.38802412612551,3.119606306913879,0.0,5.853268305261308,0.013671683274417779,0.0,0.02565196454833616,0.03932364782275394,9.341332540295197e-07,0.9341332540295197,26,15.777009963989258,PRY,10,Apple M4,1,Apple M4,16.0,16,227,243,0.00017323192873459884,0,8,512,42,15.6.1,0.3.21,3.13.5
2026-06-20T16:57:54.728760,llama-2-7b,q8,cpu,9,Solve for x: 2x + 5 = 15,Zheng et al. 2023,3,16.68275499343872,227,13.606865298284273,13.531102883042614,0.0,5.699326492440345,0.06270446505244784,0.0,0.026411240972499098,0.08911570602494692,2.116943596622614e-06,2.116943596622614,26,16.68275499343872,PRY,10,Apple M4,1,Apple M4,16.0,16,227,243,0.00039258020275307015,0,8,512,42,15.6.1,0.3.21,3.13.5
2026-06-20T16:58:15.645636,llama-2-7b,q8,cpu,9,Solve for x: 2x + 5 = 15,Zheng et al. 2023,4,16.654056310653687,227,13.630312985959277,13.505589608369185,0.0,5.7025001809467835,0.062478569401766576,0.0,0.02638048864583349,0.08885905804760007,2.1108469239207395e-06,2.1108469239207395,26,16.654056310653687,PRY,10,Apple M4,1,Apple M4,16.0,16,227,243,0.0003914495949233483,0,8,512,42,15.6.1,0.3.21,3.13.5
2026-06-20T16:58:38.565955,llama-2-7b,q8,cpu,9,Solve for x: 2x + 5 = 15,Zheng et al. 2023,5,16.635317087173462,227,13.645667155634001,11.394500280990195,0.0009016980963871323,5.707022054674393,0.05265309034004417,4.166676041750179e-06,0.026371700417500206,0.07902895743358612,1.8773328838348382e-06,1.8773328838348382,26,16.635317087173462,PRY,10,Apple M4,1,Apple M4,16.0,16,227,243,0.00034814518693209747,0,8,512,42,15.6.1,0.3.21,3.13.5
2026-06-20T16:59:00.545126,llama-2-7b,q8,cpu,9,Solve for x: 2x + 5 = 15,Zheng et al. 2023,6,16.727391958236694,227,13.570555443834357,13.417768993044998,3.129609213969793e-06,5.692151210106675,0.06234563365326071,1.4541722221717158e-08,0.02644856788250157,0.08879421607748451,2.1093066029206442e-06,2.109306602920644,26,16.727391958236694,PRY,10,Apple M4,1,Apple M4,16.0,16,227,243,0.00039116394747790536,0,8,512,42,15.6.1,0.3.21,3.13.5
2026-06-20T16:59:23.874654,llama-2-7b,q8,cpu,9,Solve for x: 2x + 5 = 15,Zheng et al. 2023,7,17.066643238067627,227,13.30079950893156,13.186775256992595,0.0,5.63737637413096,0.0625149968810195,0.0,0.026725303160001206,0.08924030004102071,2.1199033274744466e-06,2.1199033274744465,26,17.066643238067627,PRY,10,Apple M4,1,Apple M4,16.0,16,227,243,0.0003931290750705758,0,8,512,42,15.6.1,0.3.21,3.13.5
2026-06-20T16:59:44.953633,llama-2-7b,q8,cpu,9,Solve for x: 2x + 5 = 15,Zheng et al. 2023,8,16.81919813156128,227,13.496481712408974,13.400570950666769,0.0,5.676534651365823,0.06260746052647469,0.0,0.026520766944998587,0.08912822747147328,2.1172410435848476e-06,2.1172410435848477,26,16.81919813156128,PRY,10,Apple M4,1,Apple M4,16.0,16,227,243,0.000392635363310455,0,8,512,42,15.6.1,0.3.21,3.13.5
2026-06-20T17:00:08.044714,llama-2-7b,q8,cpu,9,Solve for x: 2x + 5 = 15,Zheng et al. 2023,9,16.74432110786438,227,13.556835092787601,13.499172265776105,1.470438123003739e-06,5.689391556117694,0.06278735419681451,6.839302250227774e-09,0.026462499756668575,0.08924986079278534,2.1201304431326155e-06,2.1201304431326156,26,16.74432110786438,PRY,10,Apple M4,1,Apple M4,16.0,16,227,243,0.0003931711929197592,0,8,512,42,15.6.1,0.3.21,3.13.5
2026-06-20T17:00:28.983166,llama-2-7b,q8,cpu,9,Solve for x: 2x + 5 = 15,Zheng et al. 2023,10,16.68264412879944,227,13.606955722811788,13.470283157739226,0.0,5.698107462286449,0.06242220562075674,0.0,0.026405416389161475,0.08882762200991821,2.110100160845607e-06,2.110100160845607,26,16.68264412879944,PRY,10,Apple M4,1,Apple M4,16.0,16,227,243,0.00039131111017585117,0,8,512,42,15.6.1,0.3.21,3.13.5
2026-06-20T17:00:51.336854,llama-2-7b,q8,cpu,10,"If the probability of rain is 30%, what is the probability of no rain?",Zheng et al. 2023,1,19.098742961883545,256,13.404023527145942,11.24482870896801,0.0,2.4784141079052886,0.05965613698971911,0.0,0.013148498333330282,0.0728046353230494,1.7294741120990383e-06,1.7294741120990382,26,19.098742961883545,PRY,10,Apple M4,1,Apple M4,16.0,19,256,275,0.0002843931067306617,0,8,512,42,15.6.1,0.3.21,3.13.5
2026-06-20T17:01:16.704872,llama-2-7b,q8,cpu,10,"If the probability of rain is 30%, what is the probability of no rain?",Zheng et al. 2023,2,19.08074712753296,256,13.416665410894709,11.203170618054354,0.0,2.489409222685147,0.05937912933047285,0.0,0.013194385520834354,0.0725735148513072,1.7239838452928024e-06,1.7239838452928025,26,19.08074712753296,PRY,10,Apple M4,1,Apple M4,16.0,19,256,275,0.00028349029238791874,0,8,512,42,15.6.1,0.3.21,3.13.5
2026-06-20T17:01:40.200653,llama-2-7b,q8,cpu,10,"If the probability of rain is 30%, what is the probability of no rain?",Zheng et al. 2023,3,19.154444932937622,256,13.365044035277014,11.191639680773315,0.0,2.4839467374585635,0.0595471238818478,0.0,0.013216283610833367,0.07276340749268115,1.7284947449886406e-06,1.7284947449886405,26,19.154444932937622,PRY,10,Apple M4,1,Apple M4,16.0,19,256,275,0.00028423206051828573,0,8,512,42,15.6.1,0.3.21,3.13.5
2026-06-20T17:02:05.376323,llama-2-7b,q8,cpu,10,"If the probability of rain is 30%, what is the probability of no rain?",Zheng et al. 2023,4,18.897127866744995,256,13.547032215964768,11.301487450418803,0.0,2.4572026873308483,0.05932379262082722,0.0,0.012898353715833462,0.07222214633666067,1.7156370862273741e-06,1.7156370862273742,26,18.897127866744995,PRY,10,Apple M4,1,Apple M4,16.0,19,256,275,0.00028211775912758075,0,8,512,42,15.6.1,0.3.21,3.13.5
2026-06-20T17:02:28.582726,llama-2-7b,q8,cpu,10,"If the probability of rain is 30%, what is the probability of no rain?",Zheng et al. 2023,5,18.946079969406128,256,13.512029950965335,11.300824671380523,0.0007894649209469677,2.493782075357954,0.05947397998450365,4.154795979250593e-06,0.013124276285000937,0.07260241106548383,1.7246702748605685e-06,1.7246702748605685,26,18.946079969406128,PRY,10,Apple M4,1,Apple M4,16.0,19,256,275,0.0002836031682245462,0,8,512,42,15.6.1,0.3.21,3.13.5
2026-06-20T17:19:46.361247,llama-2-7b,q8,cpu,10,"If the probability of rain is 30%, what is the probability of no rain?",Zheng et al. 2023,6,1031.5168478488922,256,0.24817820526524417,0.2038791827839456,0.0,0.04786697168926602,0.058418003324251025,0.0,0.013715441042495512,0.07213344436674654,1.7135299709320641e-06,1.7135299709320642,26,1031.5168478488922,PRY,10,Apple M4,1,Apple M4,16.0,19,256,275,0.0002817712670576037,0,8,512,42,15.6.1,0.3.21,3.13.5
2026-06-20T17:20:10.857842,llama-2-7b,q8,cpu,10,"If the probability of rain is 30%, what is the probability of no rain?",Zheng et al. 2023,7,20.24930191040039,256,12.64241113756687,9.876250555607658,0.0,2.5224498961996997,0.05555199423423863,0.0,0.014188291528334958,0.06974028576257359,1.6566804882899355e-06,1.6566804882899355,26,20.24930191040039,PRY,10,Apple M4,1,Apple M4,16.0,19,256,275,0.0002724229912600531,0,8,512,42,15.6.1,0.3.21,3.13.5
2026-06-20T17:20:38.182412,llama-2-7b,q8,cpu,10,"If the probability of rain is 30%, what is the probability of no rain?",Zheng et al. 2023,8,21.024806261062622,256,12.17609317400014,7.235676739946098,0.0,2.5231959555915844,0.04225797267362331,0.0,0.014736029479169398,0.056994002152792704,1.3538925211395905e-06,1.3538925211395905,26,21.024806261062622,PRY,10,Apple M4,1,Apple M4,16.0,19,256,275,0.0002226328209093465,0,8,512,42,15.6.1,0.3.21,3.13.5
2026-06-20T17:21:05.142767,llama-2-7b,q8,cpu,10,"If the probability of rain is 30%, what is the probability of no rain?",Zheng et al. 2023,9,22.606847047805786,256,11.324002832356372,5.373328272776478,0.0,2.5370551178902034,0.0337427806667523,0.0,0.015931893611665752,0.049674674278418054,1.1800218874838208e-06,1.1800218874838209,26,22.606847047805786,PRY,10,Apple M4,1,Apple M4,16.0,19,256,275,0.00019404169640007053,0,8,512,42,15.6.1,0.3.21,3.13.5
2026-06-20T17:21:34.821837,llama-2-7b,q8,cpu,10,"If the probability of rain is 30%, what is the probability of no rain?",Zheng et al. 2023,10,23.24087619781494,256,11.0150752416154,3.79831276819338,0.000231378885169052,2.5060076481745295,0.024521143557267252,1.4937355625006602e-06,0.016178281528333782,0.04070091882116353,9.668503265967396e-07,0.9668503265967396,26,23.24087619781494,PRY,10,Apple M4,1,Apple M4,16.0,19,256,275,0.00015898796414517003,0,8,512,42,15.6.1,0.3.21,3.13.5
2026-06-20T17:21:53.490267,llama-2-7b,q8,gpu,1,"If all roses are flowers and some flowers fade quickly, can we conclude that some roses fade quickly",Zheng et al. 2023,1,6.614675998687744,91,13.757287585673597,0.29521979076296395,0.0,3.000186593408643,0.0005424397956381654,0.0,0.00551257284750136,0.006055012643139525,1.4383682533777942e-07,0.14383682533777942,26,6.614675998687744,PRY,10,Apple M4,1,Apple M4,16.0,28,91,119,6.653860047406071e-05,-1,8,512,42,15.6.1,0.3.21,3.13.5
2026-06-20T17:22:03.584871,llama-2-7b,q8,gpu,1,"If all roses are flowers and some flowers fade quickly, can we conclude that some roses fade quickly",Zheng et al. 2023,2,6.500269651412964,91,13.999419236434187,0.320909898840269,0.0011047589942113655,3.000077811503275,0.0005794446878526125,1.994786489499347e-06,0.0054170318749978226,0.005998471349339935,1.4249368690357012e-07,0.14249368690357012,26,6.500269651412964,PRY,10,Apple M4,1,Apple M4,16.0,28,91,119,6.591726757516412e-05,-1,8,512,42,15.6.1,0.3.21,3.13.5
2026-06-20T17:22:16.756773,llama-2-7b,q8,gpu,1,"If all roses are flowers and some flowers fade quickly, can we conclude that some roses fade quickly",Zheng et al. 2023,3,6.569726943969727,91,13.851412817625215,0.3325220417707153,0.0,3.0001823578197424,0.0006068275048013598,0.0,0.005475105242497496,0.006081932747298856,1.444763124120843e-07,0.1444763124120843,26,6.569726943969727,PRY,10,Apple M4,1,Apple M4,16.0,28,91,119,6.683442579449292e-05,-1,8,512,42,15.6.1,0.3.21,3.13.5
2026-06-20T17:22:29.402983,llama-2-7b,q8,gpu,1,"If all roses are flowers and some flowers fade quickly, can we conclude that some roses fade quickly",Zheng et al. 2023,4,7.902483940124512,91,11.515366647941104,0.2664269749807409,0.0,2.996912955525503,0.0005848430252781277,0.0,0.0065786268058309364,0.007163469831109065,1.701682258379958e-07,0.17016822583799582,26,7.902483940124512,PRY,10,Apple M4,1,Apple M4,16.0,28,91,119,7.871944869350621e-05,-1,8,512,42,15.6.1,0.3.21,3.13.5
2026-06-20T17:22:41.716596,llama-2-7b,q8,gpu,1,"If all roses are flowers and some flowers fade quickly, can we conclude that some roses fade quickly",Zheng et al. 2023,5,8.54245901107788,91,10.652670370673244,0.2664690058764279,0.0,2.998508885530944,0.0006323057112283489,0.0,0.007115177569166917,0.007747483280395265,1.840414653257895e-07,0.18404146532578952,26,8.54245901107788,PRY,10,Apple M4,1,Apple M4,16.0,28,91,119,8.513717890544247e-05,-1,8,512,42,15.6.1,0.3.21,3.13.5
2026-06-20T17:22:56.698368,llama-2-7b,q8,gpu,1,"If all roses are flowers and some flowers fade quickly, can we conclude that some roses fade quickly",Zheng et al. 2023,6,8.324567079544067,91,10.931499395760053,0.26866799248455575,0.0,2.999628810771711,0.0006212624237678126,0.0,0.006936280902500585,0.007557543326268398,1.7952944171550578e-07,0.17952944171550578,26,8.324567079544067,PRY,10,Apple M4,1,Apple M4,16.0,28,91,119,8.304992666229008e-05,-1,8,512,42,15.6.1,0.3.21,3.13.5
2026-06-20T17:23:08.355104,llama-2-7b,q8,gpu,1,"If all roses are flowers and some flowers fade quickly, can we conclude that some roses fade quickly",Zheng et al. 2023,7,7.062975883483887,91,12.884087600071672,0.07119881879487884,0.15506598765413854,2.999932354936125,0.0001396876500224357,0.0003042298142082752,0.005885680520832466,0.006329597985063176,1.5035960013517575e-07,0.15035960013517574,26,7.062975883483887,PRY,10,Apple M4,1,Apple M4,16.0,28,91,119,6.955602181388106e-05,-1,8,512,42,15.6.1,0.3.21,3.13.5
2026-06-20T17:23:19.225515,llama-2-7b,q8,gpu,1,"If all roses are flowers and some flowers fade quickly, can we conclude that some roses fade quickly",Zheng et al. 2023,8,7.292313814163208,91,12.478892477619222,0.06999847911899856,0.15768399096687286,2.9999182950006236,0.00014179191006941338,0.0003194114293333649,0.006076762673331663,0.006537966012734441,1.5530938263250665e-07,0.15530938263250665,26,7.292313814163208,PRY,10,Apple M4,1,Apple M4,16.0,28,91,119,7.184578035971913e-05,-1,8,512,42,15.6.1,0.3.21,3.13.5
2026-06-20T17:23:33.194811,llama-2-7b,q8,gpu,1,"If all roses are flowers and some flowers fade quickly, can we conclude that some roses fade quickly",Zheng et al. 2023,9,7.234067916870117,91,12.579367659485833,0.07240367425181299,0.13041087425372413,3.0001344849675986,0.0001454925269357098,0.00026205586706940247,0.006028660173333265,0.0064362085673383765,1.5289213451712312e-07,0.1528921345171231,26,7.234067916870117,PRY,10,Apple M4,1,Apple M4,16.0,28,91,119,7.072756667404809e-05,-1,8,512,42,15.6.1,0.3.21,3.13.5
2026-06-20T17:23:44.315790,llama-2-7b,q8,gpu,1,"If all roses are flowers and some flowers fade quickly, can we conclude that some roses fade quickly",Zheng et al. 2023,10,6.5340752601623535,91,13.926989876412733,0.05660250872527135,0.0,3.000118623443004,0.00010273473664581092,0.0,0.005445278020830908,0.005548012757476718,1.3179304305385943e-07,0.13179304305385942,26,6.5340752601623535,PRY,10,Apple M4,1,Apple M4,16.0,28,91,119,6.0967173159084816e-05,-1,8,512,42,15.6.1,0.3.21,3.13.5
2026-06-20T17:24:06.476298,llama-2-7b,q8,gpu,2,A farmer has 17 sheep. All but 9 die. How many sheep does the farmer have left? Explain.,Zheng et al. 2023,1,18.638941287994385,256,13.734685680076334,0.9664401400659021,10.094699251353903,2.531801244654687,0.005003728063624839,0.05226514074054064,0.013108359653330506,0.07037722845749597,1.6718110620078168e-06,1.6718110620078168,26,18.638941287994385,PRY,10,Apple M4,1,Apple M4,16.0,29,256,285,0.00027491104866209364,-1,8,512,42,15.6.1,0.3.21,3.13.5
2026-06-20T17:24:32.627711,llama-2-7b,q8,gpu,2,A farmer has 17 sheep. All but 9 die. How many sheep does the farmer have left? Explain.,Zheng et al. 2023,2,19.53931498527527,256,13.101789913971924,0.12443158702151129,8.717946336486408,2.555039751322918,0.0006753633258141664,0.047317416525926255,0.013867701805832746,0.061860481657573164,1.4694957417756505e-06,1.4694957417756505,26,19.53931498527527,PRY,10,Apple M4,1,Apple M4,16.0,29,256,285,0.00024164250647489517,-1,8,512,42,15.6.1,0.3.21,3.13.5
2026-06-20T17:24:55.314239,llama-2-7b,q8,gpu,2,A farmer has 17 sheep. All but 9 die. How many sheep does the farmer have left? Explain.,Zheng et al. 2023,3,18.09639000892639,256,14.146467879710986,0.08832144164043972,9.495723578475564,2.5218405287187884,0.00044397201502111906,0.047732865914736654,0.012676724930003425,0.0608535628597612,1.4455763857336273e-06,1.4455763857336272,26,18.09639000892639,PRY,10,Apple M4,1,Apple M4,16.0,29,256,285,0.00023770922992094219,-1,8,512,42,15.6.1,0.3.21,3.13.5
2026-06-20T17:25:19.978789,llama-2-7b,q8,gpu,2,A farmer has 17 sheep. All but 9 die. How many sheep does the farmer have left? Explain.,Zheng et al. 2023,4,18.09150505065918,256,14.150287623011907,0.14083385609666937,9.322153111620294,2.5219503781051005,0.0007077490052435283,0.04684771669497131,0.012673855000833404,0.060229320701048236,1.430747513253401e-06,1.4307475132534009,26,18.09150505065918,PRY,10,Apple M4,1,Apple M4,16.0,29,256,285,0.00023527078398846967,-1,8,512,42,15.6.1,0.3.21,3.13.5
2026-06-20T17:25:42.643385,llama-2-7b,q8,gpu,2,A farmer has 17 sheep. All but 9 die. How many sheep does the farmer have left? Explain.,Zheng et al. 2023,5,18.092823028564453,256,14.14925684045183,0.1076006346059304,9.481599016942338,2.5221699262170914,0.0005407775665795352,0.047652470289263456,0.012675881700837029,0.060869129556680016,1.4459461726189337e-06,1.4459461726189338,26,18.092823028564453,PRY,10,Apple M4,1,Apple M4,16.0,29,256,285,0.0002377700373307813,-1,8,512,42,15.6.1,0.3.21,3.13.5
2026-06-20T17:26:07.330278,llama-2-7b,q8,gpu,2,A farmer has 17 sheep. All but 9 die. How many sheep does the farmer have left? Explain.,Zheng et al. 2023,6,18.097686052322388,256,14.145454797915933,0.12158647520974585,9.301191936227132,2.5222808246335116,0.0006112316268206831,0.046758347659508676,0.01267984625000281,0.06004942553633216,1.4264741036155704e-06,1.4264741036155704,26,18.097686052322388,PRY,10,Apple M4,1,Apple M4,16.0,29,256,285,0.0002345680685012975,-1,8,512,42,15.6.1,0.3.21,3.13.5
2026-06-20T17:26:29.989053,llama-2-7b,q8,gpu,2,A farmer has 17 sheep. All but 9 die. How many sheep does the farmer have left? Explain.,Zheng et al. 2023,7,18.09605884552002,256,14.146726764395831,0.12009304657659305,9.484717006222006,2.5214210530317,0.000603669677163279,0.04767666585491608,0.012674384374998529,0.06095471990707789,1.4479793713926353e-06,1.4479793713926352,26,18.09605884552002,PRY,10,Apple M4,1,Apple M4,16.0,29,256,285,0.000238104374637023,-1,8,512,42,15.6.1,0.3.21,3.13.5
2026-06-20T17:26:54.650218,llama-2-7b,q8,gpu,2,A farmer has 17 sheep. All but 9 die. How many sheep does the farmer have left? Explain.,Zheng et al. 2023,8,18.093467950820923,256,14.148752505369485,0.1234390397067392,9.454965876946558,2.522592220853367,0.0006204000857816657,0.04752031168628833,0.012678455972500158,0.060819167744570156,1.444759329772264e-06,1.4447593297722638,26,18.093467950820923,PRY,10,Apple M4,1,Apple M4,16.0,29,256,285,0.00023757487400222717,-1,8,512,42,15.6.1,0.3.21,3.13.5
2026-06-20T17:27:17.327046,llama-2-7b,q8,gpu,2,A farmer has 17 sheep. All but 9 die. How many sheep does the farmer have left? Explain.,Zheng et al. 2023,9,18.098881006240845,256,14.144520863567546,0.1934067016437354,9.50406073726879,2.521609463384204,0.0009723457996831924,0.04778135121108707,0.012677308228333762,0.06143100523910402,1.4592935294549159e-06,1.4592935294549159,26,18.098881006240845,PRY,10,Apple M4,1,Apple M4,16.0,29,256,285,0.00023996486421525007,-1,8,512,42,15.6.1,0.3.21,3.13.5
2026-06-20T17:27:42.010108,llama-2-7b,q8,gpu,2,A farmer has 17 sheep. All but 9 die. How many sheep does the farmer have left? Explain.,Zheng et al. 2023,10,18.095762968063354,256,14.146958072550264,0.1316955329519577,9.461856232803981,2.522239167563704,0.0006619808745142788,0.04756097434075381,0.012678289479166173,0.06090124469443426,1.4467090677162858e-06,1.4467090677162857,26,18.095762968063354,PRY,10,Apple M4,1,Apple M4,16.0,29,256,285,0.00023789548708763383,-1,8,512,42,15.6.1,0.3.21,3.13.5
2026-06-20T17:28:03.516332,llama-2-7b,q8,gpu,3,"If it takes 5 machines 5 minutes to make 5 widgets, how long does it take 100 machines to make 100 w",Zheng et al. 2023,1,16.939526319503784,236,13.931912590039486,0.2052039800181195,0.0,5.656926185218978,0.0009655717278844065,0.0,0.026618236111668615,0.027583807839553023,6.55253355228582e-07,0.655253355228582,26,16.939526319503784,PRY,10,Apple M4,1,Apple M4,16.0,36,236,272,0.00011688054169302128,-1,8,512,42,15.6.1,0.3.21,3.13.5
2026-06-20T17:28:26.857084,llama-2-7b,q8,gpu,3,"If it takes 5 machines 5 minutes to make 5 widgets, how long does it take 100 machines to make 100 w",Zheng et al. 2023,2,16.812138080596924,236,14.03747690321258,0.24098631257648492,0.0,5.67762658523227,0.0011254153229360432,0.0,0.02651473392249803,0.027640149245434075,6.565917453252864e-07,0.6565917453252864,26,16.812138080596924,PRY,10,Apple M4,1,Apple M4,16.0,36,236,272,0.00011711927646370371,-1,8,512,42,15.6.1,0.3.21,3.13.5
2026-06-20T17:28:48.171359,llama-2-7b,q8,gpu,3,"If it takes 5 machines 5 minutes to make 5 widgets, how long does it take 100 machines to make 100 w",Zheng et al. 2023,3,16.739856958389282,236,14.098089403429887,0.22139648491926953,0.0,5.6892397503592225,0.0010294848579552116,0.0,0.02645473878416548,0.027484223642120692,6.528877326185769e-07,0.6528877326185769,26,16.739856958389282,PRY,10,Apple M4,1,Apple M4,16.0,36,236,272,0.00011645857475474869,-1,8,512,42,15.6.1,0.3.21,3.13.5
2026-06-20T17:29:11.476236,llama-2-7b,q8,gpu,3,"If it takes 5 machines 5 minutes to make 5 widgets, how long does it take 100 machines to make 100 w",Zheng et al. 2023,4,16.74339509010315,236,14.095110264673693,0.24859246146955558,0.0,5.688670471933975,0.0011561893885572258,0.0,0.02645768256916502,0.027613871957722247,6.55967528355692e-07,0.655967528355692,26,16.74339509010315,PRY,10,Apple M4,1,Apple M4,16.0,36,236,272,0.00011700793202424682,-1,8,512,42,15.6.1,0.3.21,3.13.5
2026-06-20T17:29:32.767590,llama-2-7b,q8,gpu,3,"If it takes 5 machines 5 minutes to make 5 widgets, how long does it take 100 machines to make 100 w",Zheng et al. 2023,5,16.76298499107361,236,14.078638149808727,0.2122110755197493,0.0,5.685504128576623,0.000988136409410318,0.0,0.026473894548338043,0.027462030957748365,6.523605454013124e-07,0.6523605454013124,26,16.76298499107361,PRY,10,Apple M4,1,Apple M4,16.0,36,236,272,0.00011636453795656088,-1,8,512,42,15.6.1,0.3.21,3.13.5
2026-06-20T17:29:56.109165,llama-2-7b,q8,gpu,3,"If it takes 5 machines 5 minutes to make 5 widgets, how long does it take 100 machines to make 100 w",Zheng et al. 2023,6,16.756566047668457,236,14.084031258471214,0.20139747684455964,0.0,5.687398493754243,0.0009374250340499006,0.0,0.026472574583334185,0.027409999617384086,6.511245409109589e-07,0.651124540910959,26,16.756566047668457,PRY,10,Apple M4,1,Apple M4,16.0,36,236,272,0.0001161440661753563,-1,8,512,42,15.6.1,0.3.21,3.13.5
2026-06-20T17:30:17.609644,llama-2-7b,q8,gpu,3,"If it takes 5 machines 5 minutes to make 5 widgets, how long does it take 100 machines to make 100 w",Zheng et al. 2023,7,16.915438890457153,236,13.951751505137677,0.3873295097244936,0.0,5.662210783961833,0.0018199579589487226,0.0,0.026605216805831635,0.028425174764780358,6.752400265373573e-07,0.6752400265373574,26,16.915438890457153,PRY,10,Apple M4,1,Apple M4,16.0,36,236,272,0.00012044565578296762,-1,8,512,42,15.6.1,0.3.21,3.13.5
2026-06-20T17:30:41.002212,llama-2-7b,q8,gpu,3,"If it takes 5 machines 5 minutes to make 5 widgets, how long does it take 100 machines to make 100 w",Zheng et al. 2023,8,16.817319869995117,236,14.033151645112197,0.22239760817559895,0.0,5.6777033730181055,0.0010389254763919136,0.0,0.02652326493083213,0.027562190407224046,6.547398331236072e-07,0.6547398331236072,26,16.817319869995117,PRY,10,Apple M4,1,Apple M4,16.0,36,236,272,0.00011678894240349172,-1,8,512,42,15.6.1,0.3.21,3.13.5
2026-06-20T17:31:02.422691,llama-2-7b,q8,gpu,3,"If it takes 5 machines 5 minutes to make 5 widgets, how long does it take 100 machines to make 100 w",Zheng et al. 2023,9,16.819469213485718,236,14.031358362413545,0.3466270747432921,0.012715078718092725,5.6773971455317325,0.0016194676145015036,5.940579862389112e-05,0.02652522402833407,0.02820409744145947,6.699883347218696e-07,0.6699883347218696,26,16.819469213485718,PRY,10,Apple M4,1,Apple M4,16.0,36,236,272,0.00011950888746381131,-1,8,512,42,15.6.1,0.3.21,3.13.5
2026-06-20T17:31:25.768681,llama-2-7b,q8,gpu,3,"If it takes 5 machines 5 minutes to make 5 widgets, how long does it take 100 machines to make 100 w",Zheng et al. 2023,10,16.753918886184692,236,14.086256570968954,0.16188420029306277,0.0,5.687817401072577,0.0007533874335180138,0.0,0.026470342049166602,0.027223729482684613,6.466996938611729e-07,0.6466996938611729,26,16.753918886184692,PRY,10,Apple M4,1,Apple M4,16.0,36,236,272,0.00011535478594357888,-1,8,512,42,15.6.1,0.3.21,3.13.5
2026-06-20T17:31:48.548941,llama-2-7b,q8,gpu,4,A bat and ball cost $1.10. The bat costs $1 more than the ball. How much does the ball cost?,Zheng et al. 2023,1,18.18725299835205,256,14.075792535749967,0.1019820676500188,9.111256105678356,2.517779904922942,0.0005152149071238739,0.046030199979653366,0.01271986114583342,0.059265276032610656,1.4078466321546662e-06,1.407846632154666,26,18.18725299835205,PRY,10,Apple M4,1,Apple M4,16.0,29,256,285,0.00023150498450238537,-1,8,512,42,15.6.1,0.3.21,3.13.5
2026-06-20T17:32:13.309781,llama-2-7b,q8,gpu,4,A bat and ball cost $1.10. The bat costs $1 more than the ball. How much does the ball cost?,Zheng et al. 2023,2,18.193415880203247,256,14.07102446762406,0.21073471297548363,9.424245258283195,2.5204363930849034,0.0010649956315439547,0.047627559261383234,0.012737596527498077,0.06143015142042527,1.4592732469922022e-06,1.4592732469922023,26,18.193415880203247,PRY,10,Apple M4,1,Apple M4,16.0,29,256,285,0.00023996152898603622,-1,8,512,42,15.6.1,0.3.21,3.13.5
2026-06-20T17:32:36.040525,llama-2-7b,q8,gpu,4,A bat and ball cost $1.10. The bat costs $1 more than the ball. How much does the ball cost?,Zheng et al. 2023,3,18.09458875656128,256,14.14787611059532,0.11295714514095967,9.341841819199505,2.521464254525516,0.0005677536356780193,0.04695466276312815,0.012673571875002381,0.06019598827380855,1.429955701444322e-06,1.4299557014443218,26,18.09458875656128,PRY,10,Apple M4,1,Apple M4,16.0,29,256,285,0.00023514057919456465,-1,8,512,42,15.6.1,0.3.21,3.13.5
2026-06-20T17:33:00.712965,llama-2-7b,q8,gpu,4,A bat and ball cost $1.10. The bat costs $1 more than the ball. How much does the ball cost?,Zheng et al. 2023,4,18.09600591659546,256,14.146768142091945,0.13282101552720138,9.313611510570555,2.5218622807340223,0.0006676471896745705,0.04681643583337675,0.012676565209167164,0.060160648232218485,1.4291161987563501e-06,1.42911619875635,26,18.09600591659546,PRY,10,Apple M4,1,Apple M4,16.0,29,256,285,0.00023500253215710346,-1,8,512,42,15.6.1,0.3.21,3.13.5
2026-06-20T17:33:23.374004,llama-2-7b,q8,gpu,4,A bat and ball cost $1.10. The bat costs $1 more than the ball. How much does the ball cost?,Zheng et al. 2023,5,18.09101414680481,256,14.150671594340336,0.11163664019318471,9.498075474625661,2.522433879422248,0.0005610055658435175,0.04773050493857573,0.012675940832502116,0.06096745133692137,1.448281806508567e-06,1.4482818065085672,26,18.09101414680481,PRY,10,Apple M4,1,Apple M4,16.0,29,256,285,0.0002381541067848491,-1,8,512,42,15.6.1,0.3.21,3.13.5
2026-06-20T17:33:48.079030,llama-2-7b,q8,gpu,4,A bat and ball cost $1.10. The bat costs $1 more than the ball. How much does the ball cost?,Zheng et al. 2023,6,18.098546266555786,256,14.144782472007773,0.14676594472587312,9.313890020051886,2.5215449671408723,0.0007378472891599955,0.04682440818042257,0.012676749514166658,0.06023900498374922,1.4309775633889628e-06,1.4309775633889628,26,18.098546266555786,PRY,10,Apple M4,1,Apple M4,16.0,29,256,285,0.0002353086132177704,-1,8,512,42,15.6.1,0.3.21,3.13.5
2026-06-20T17:34:10.795050,llama-2-7b,q8,gpu,4,A bat and ball cost $1.10. The bat costs $1 more than the ball. How much does the ball cost?,Zheng et al. 2023,7,18.130626678466797,256,14.119754630657281,0.19630827853321411,9.284664257167513,2.522090683180922,0.0009886644755494952,0.04676021707822456,0.012701967951664605,0.06045084950543866,1.4360099300016952e-06,1.4360099300016953,26,18.130626678466797,PRY,10,Apple M4,1,Apple M4,16.0,29,256,285,0.00023613613088061975,-1,8,512,42,15.6.1,0.3.21,3.13.5
2026-06-20T17:34:35.445968,llama-2-7b,q8,gpu,4,A bat and ball cost $1.10. The bat costs $1 more than the ball. How much does the ball cost?,Zheng et al. 2023,8,18.093710899353027,256,14.148562526725998,0.11615848629167556,9.47156616782364,2.5221327594350265,0.0005838161304077886,0.047604383334637214,0.012676316944168016,0.06086451640921302,1.4458365873008551e-06,1.4458365873008552,26,18.093710899353027,PRY,10,Apple M4,1,Apple M4,16.0,29,256,285,0.00023775201722348835,-1,8,512,42,15.6.1,0.3.21,3.13.5
2026-06-20T17:34:58.018765,llama-2-7b,q8,gpu,4,A bat and ball cost $1.10. The bat costs $1 more than the ball. How much does the ball cost?,Zheng et al. 2023,9,18.01838183403015,256,14.20771312085913,0.10928691498184355,9.3999187999705,2.518856974341082,0.0005469926010016798,0.0470475905963186,0.012607146319163196,0.060201729516483476,1.4300920846640649e-06,1.4300920846640648,26,18.01838183403015,PRY,10,Apple M4,1,Apple M4,16.0,29,256,285,0.00023516300592376358,-1,8,512,42,15.6.1,0.3.21,3.13.5
2026-06-20T17:35:22.682040,llama-2-7b,q8,gpu,4,A bat and ball cost $1.10. The bat costs $1 more than the ball. How much does the ball cost?,Zheng et al. 2023,10,18.090062856674194,256,14.151415726316877,0.11073979364114762,9.34165377042739,2.5222943245976244,0.0005564693965843027,0.04694197330342194,0.012674573020834334,0.06017301572084058,1.429409988448568e-06,1.429409988448568,26,18.090062856674194,PRY,10,Apple M4,1,Apple M4,16.0,29,256,285,0.0002350508426595335,-1,8,512,42,15.6.1,0.3.21,3.13.5
2026-06-20T17:35:45.412772,llama-2-7b,q8,gpu,5,Three switches control three light bulbs in another room. You can only enter the room once. How do y,Zheng et al. 2023,1,18.162827730178833,256,14.094721582071593,0.11178339415218543,9.472883741066992,2.523069476338192,0.0005639729253002288,0.04779287652694771,0.01272946562500086,0.0610863150772488,1.4511054146600453e-06,1.4511054146600453,26,18.162827730178833,PRY,10,Apple M4,1,Apple M4,16.0,32,256,288,0.00023861841827050312,-1,8,512,42,15.6.1,0.3.21,3.13.5
2026-06-20T17:36:10.177045,llama-2-7b,q8,gpu,5,Three switches control three light bulbs in another room. You can only enter the room once. How do y,Zheng et al. 2023,2,18.177752017974854,256,14.083149541640653,0.19658328355051674,9.395308663843126,2.5267733233231393,0.000992622827572369,0.04744044195101973,0.01275862746583395,0.061191692244426055,1.4536086492663407e-06,1.4536086492663407,26,18.177752017974854,PRY,10,Apple M4,1,Apple M4,16.0,32,256,288,0.00023903004782978928,-1,8,512,42,15.6.1,0.3.21,3.13.5
2026-06-20T17:36:33.826883,llama-2-7b,q8,gpu,5,Three switches control three light bulbs in another room. You can only enter the room once. How do y,Zheng et al. 2023,3,18.088002681732178,256,14.153027534573786,0.11462231119785676,9.348021473111618,2.521804704124051,0.0005759135200925482,0.0469686215207036,0.01267066951416685,0.060215204554963,1.430412184203146e-06,1.430412184203146,26,18.088002681732178,PRY,10,Apple M4,1,Apple M4,16.0,32,256,288,0.00023521564279282422,-1,8,512,42,15.6.1,0.3.21,3.13.5
2026-06-20T17:36:58.542051,llama-2-7b,q8,gpu,5,Three switches control three light bulbs in another room. You can only enter the room once. How do y,Zheng et al. 2023,4,18.100214958190918,256,14.143478438865277,0.11622785103637404,9.464374322306465,2.5219452907846933,0.0005843747466352675,0.04758533602181376,0.012679931076666737,0.060849641845115765,1.445483242030725e-06,1.445483242030725,26,18.100214958190918,PRY,10,Apple M4,1,Apple M4,16.0,32,256,288,0.00023769391345748346,-1,8,512,42,15.6.1,0.3.21,3.13.5
2026-06-20T17:37:21.382127,llama-2-7b,q8,gpu,5,Three switches control three light bulbs in another room. You can only enter the room once. How do y,Zheng et al. 2023,5,18.243369102478027,256,14.032495783096724,0.09973915017525715,9.513485163585665,2.521605541585497,0.0005054383696151951,0.04821056146951163,0.012778494618332843,0.061494494457459685,1.4608017158369546e-06,1.4608017158369546,26,18.243369102478027,PRY,10,Apple M4,1,Apple M4,16.0,32,256,288,0.0002402128689744519,-1,8,512,42,15.6.1,0.3.21,3.13.5
2026-06-20T17:37:46.395739,llama-2-7b,q8,gpu,5,Three switches control three light bulbs in another room. You can only enter the room once. How do y,Zheng et al. 2023,6,18.431571006774902,256,13.889212151579589,0.7025042948711616,9.323845296220265,2.5261859858226456,0.0035967382759672633,0.047736976842629994,0.012933771215002709,0.06426748633359997,1.526674137854667e-06,1.526674137854667,26,18.431571006774902,PRY,10,Apple M4,1,Apple M4,16.0,32,256,288,0.00025104486849062487,-1,8,512,42,15.6.1,0.3.21,3.13.5
2026-06-20T17:38:09.598508,llama-2-7b,q8,gpu,5,Three switches control three light bulbs in another room. You can only enter the room once. How do y,Zheng et al. 2023,7,18.559680938720703,256,13.793340566858138,0.9532414551646811,9.315742600838552,2.52947750842279,0.004914404795949533,0.04802700288300325,0.013040637638332554,0.06598204531728533,1.567403486512113e-06,1.567403486512113,26,18.559680938720703,PRY,10,Apple M4,1,Apple M4,16.0,32,256,288,0.0002577423645206458,-1,8,512,42,15.6.1,0.3.21,3.13.5
2026-06-20T17:38:34.659209,llama-2-7b,q8,gpu,5,Three switches control three light bulbs in another room. You can only enter the room once. How do y,Zheng et al. 2023,8,18.432903289794922,256,13.888208274912952,0.8289570503534359,9.211792197945451,2.5272850005017307,0.004244468094599596,0.047166687419559976,0.012940333333332698,0.06435148884749227,1.5286696175721787e-06,1.5286696175721786,26,18.432903289794922,PRY,10,Apple M4,1,Apple M4,16.0,32,256,288,0.0002513730033105167,-1,8,512,42,15.6.1,0.3.21,3.13.5
2026-06-20T17:38:57.722677,llama-2-7b,q8,gpu,5,Three switches control three light bulbs in another room. You can only enter the room once. How do y,Zheng et al. 2023,9,18.430699825286865,256,13.889868666233106,0.749398273284753,9.403777845783706,2.5262209827276574,0.0038366485068054373,0.04814394630536729,0.012933339062498514,0.06491393387467123,1.542030499192815e-06,1.542030499192815,26,18.430699825286865,PRY,10,Apple M4,1,Apple M4,16.0,32,256,288,0.0002535700541979345,-1,8,512,42,15.6.1,0.3.21,3.13.5
2026-06-20T17:39:22.759062,llama-2-7b,q8,gpu,5,Three switches control three light bulbs in another room. You can only enter the room once. How do y,Zheng et al. 2023,10,18.359731197357178,256,13.943559262831165,0.7079649791662461,9.277536295012997,2.524114752925979,0.003610568531843015,0.04731474237504546,0.012872796770834612,0.0637981076777231,1.5155240478843122e-06,1.5155240478843122,26,18.359731197357178,PRY,10,Apple M4,1,Apple M4,16.0,32,256,288,0.0002492113581161059,-1,8,512,42,15.6.1,0.3.21,3.13.5
2026-06-20T17:39:29.234415,llama-2-7b,q8,gpu,6,"Given that f(x) = 4x³ - 9x - 14, find the value of f(2).",Zheng et al. 2023,1,0.8783810138702393,10,11.384581226248216,0.7632792826900446,0.004825800944305879,3.001254535750435,0.00018623611949873065,1.17746997949871e-06,0.0007322902783319781,0.0009197038678102075,2.1847565379831476e-08,0.021847565379831475,26,0.8783810138702393,PRY,10,Apple M4,1,Apple M4,16.0,29,10,39,9.197038678102075e-05,-1,8,512,42,15.6.1,0.3.21,3.13.5
2026-06-20T17:39:33.598944,llama-2-7b,q8,gpu,6,"Given that f(x) = 4x³ - 9x - 14, find the value of f(2).",Zheng et al. 2023,2,0.7873179912567139,10,12.701348262139977,0.6627366262447119,0.0,3.000422988212489,0.0001449401303631217,0.0,0.0006561908333333121,0.0008011309636964339,1.9030866042608785e-08,0.019030866042608785,26,0.7873179912567139,PRY,10,Apple M4,1,Apple M4,16.0,29,10,39,8.01130963696434e-05,-1,8,512,42,15.6.1,0.3.21,3.13.5
2026-06-20T17:39:37.963279,llama-2-7b,q8,gpu,6,"Given that f(x) = 4x³ - 9x - 14, find the value of f(2).",Zheng et al. 2023,3,0.783217191696167,10,12.767850483904207,0.6761515617975546,0.0,3.0004530057766123,0.00014710375760890502,0.0,0.000652779549166856,0.000799883306775761,1.90012279524582e-08,0.0190012279524582,26,0.783217191696167,PRY,10,Apple M4,1,Apple M4,16.0,29,10,39,7.99883306775761e-05,-1,8,512,42,15.6.1,0.3.21,3.13.5
2026-06-20T17:39:42.344473,llama-2-7b,q8,gpu,6,"Given that f(x) = 4x³ - 9x - 14, find the value of f(2).",Zheng et al. 2023,4,0.7905020713806152,10,12.650188231050372,0.7293734316413717,0.0,3.0005022553043648,0.00016015866903402553,0.0,0.0006588620133334189,0.0008190206823674444,1.9455836309638637e-08,0.01945583630963864,26,0.7905020713806152,PRY,10,Apple M4,1,Apple M4,16.0,29,10,39,8.190206823674444e-05,-1,8,512,42,15.6.1,0.3.21,3.13.5
2026-06-20T17:39:46.720669,llama-2-7b,q8,gpu,6,"Given that f(x) = 4x³ - 9x - 14, find the value of f(2).",Zheng et al. 2023,5,0.7844300270080566,10,12.748109653759204,0.7531625223482409,0.0,3.000468072299988,0.0001641120271519685,0.0,0.0006537936808308587,0.0008179057079828273,1.942935009313206e-08,0.01942935009313206,26,0.7844300270080566,PRY,10,Apple M4,1,Apple M4,16.0,29,10,39,8.179057079828273e-05,-1,8,512,42,15.6.1,0.3.21,3.13.5
2026-06-20T17:39:54.127666,llama-2-7b,q8,gpu,6,"Given that f(x) = 4x³ - 9x - 14, find the value of f(2).",Zheng et al. 2023,6,0.7867028713226318,10,12.711279397249,0.698492999207558,0.0,3.0014873938691617,0.0001526406800209285,0.0,0.0006559107641654312,0.0008085514441863598,1.9207139556646974e-08,0.019207139556646973,26,0.7867028713226318,PRY,10,Apple M4,1,Apple M4,16.0,29,10,39,8.085514441863598e-05,-1,8,512,42,15.6.1,0.3.21,3.13.5
2026-06-20T17:39:59.513683,llama-2-7b,q8,gpu,6,"Given that f(x) = 4x³ - 9x - 14, find the value of f(2).",Zheng et al. 2023,7,0.7908608913421631,10,12.644448738676518,0.6880727369269757,0.0,3.0014354003187984,0.00015115828278730825,0.0,0.0006593660766672353,0.0008105243594545435,1.925400615884268e-08,0.01925400615884268,26,0.7908608913421631,PRY,10,Apple M4,1,Apple M4,16.0,29,10,39,8.105243594545435e-05,-1,8,512,42,15.6.1,0.3.21,3.13.5
2026-06-20T17:40:03.874516,llama-2-7b,q8,gpu,6,"Given that f(x) = 4x³ - 9x - 14, find the value of f(2).",Zheng et al. 2023,8,0.7852299213409424,10,12.735123469216422,0.7986634611830407,0.0,3.0004253352686217,0.00017420401300073437,0.0,0.0006544510416673196,0.0008286550546680539,1.968470082363962e-08,0.019684700823639618,26,0.7852299213409424,PRY,10,Apple M4,1,Apple M4,16.0,29,10,39,8.286550546680539e-05,-1,8,512,42,15.6.1,0.3.21,3.13.5
2026-06-20T17:40:08.306780,llama-2-7b,q8,gpu,6,"Given that f(x) = 4x³ - 9x - 14, find the value of f(2).",Zheng et al. 2023,9,0.8213841915130615,10,12.174570807820302,0.6605279849022636,0.0,3.0003990817848942,0.00015070756801408263,0.0,0.0006845778816690049,0.0008352854496830875,1.9842205857221744e-08,0.019842205857221743,26,0.8213841915130615,PRY,10,Apple M4,1,Apple M4,16.0,29,10,39,8.352854496830875e-05,-1,8,512,42,15.6.1,0.3.21,3.13.5
2026-06-20T17:40:12.671797,llama-2-7b,q8,gpu,6,"Given that f(x) = 4x³ - 9x - 14, find the value of f(2).",Zheng et al. 2023,10,0.7844798564910889,10,12.747299904842864,0.691359641352274,0.0,3.0004780945272063,0.0001506549200643785,0.0,0.0006538373958331552,0.0008044923158975337,1.911071496414591e-08,0.01911071496414591,26,0.7844798564910889,PRY,10,Apple M4,1,Apple M4,16.0,29,10,39,8.044923158975337e-05,-1,8,512,42,15.6.1,0.3.21,3.13.5
2026-06-20T17:40:34.713507,llama-2-7b,q8,gpu,7,"Calculate the compound interest on $10,000 at 5% annual rate over 3 years.",Zheng et al. 2023,1,18.462759256362915,256,13.865749774740383,0.7064895102673047,8.98920217384315,2.5256032617076745,0.00362326270700305,0.04610152101178896,0.01295266805499826,0.06267745177379029,1.4889028668863883e-06,1.4889028668863882,26,18.462759256362915,PRY,10,Apple M4,1,Apple M4,16.0,26,256,282,0.0002448337959913683,-1,8,512,42,15.6.1,0.3.21,3.13.5
2026-06-20T17:40:59.794457,llama-2-7b,q8,gpu,7,"Calculate the compound interest on $10,000 at 5% annual rate over 3 years.",Zheng et al. 2023,2,18.441661834716797,256,13.881612313163387,0.7095309112467135,9.188782124680642,2.527735300852678,0.0036347025351362076,0.047071225726736374,0.012948788785000338,0.06365471704687292,1.5121178034484662e-06,1.5121178034484661,26,18.441661834716797,PRY,10,Apple M4,1,Apple M4,16.0,26,256,282,0.00024865123846434735,-1,8,512,42,15.6.1,0.3.21,3.13.5
2026-06-20T17:41:22.808166,llama-2-7b,q8,gpu,7,"Calculate the compound interest on $10,000 at 5% annual rate over 3 years.",Zheng et al. 2023,3,18.382103204727173,256,13.926589201945434,0.6982856517671138,9.158684366751357,2.5236113412779027,0.003565544143656462,0.04676552256920688,0.012885912256663992,0.06321697896952731,1.5017193354211212e-06,1.5017193354211211,26,18.382103204727173,PRY,10,Apple M4,1,Apple M4,16.0,26,256,282,0.00024694132409971607,-1,8,512,42,15.6.1,0.3.21,3.13.5
2026-06-20T17:41:47.819123,llama-2-7b,q8,gpu,7,"Calculate the compound interest on $10,000 at 5% annual rate over 3 years.",Zheng et al. 2023,4,18.37212896347046,256,13.934149956654894,0.647268809127597,9.187307944201825,2.5242511342161063,0.0033032516764789324,0.046886223993886825,0.012882185381668023,0.06307166105203378,1.4982673082910624e-06,1.4982673082910625,26,18.37212896347046,PRY,10,Apple M4,1,Apple M4,16.0,26,256,282,0.00024637367598450696,-1,8,512,42,15.6.1,0.3.21,3.13.5
2026-06-20T17:42:11.022490,llama-2-7b,q8,gpu,7,"Calculate the compound interest on $10,000 at 5% annual rate over 3 years.",Zheng et al. 2023,5,18.569830894470215,256,13.785801360002289,1.107690779267149,9.110414887253887,2.5304002305154247,0.005713786237320803,0.04699412884299128,0.013052528993333302,0.06576044407364538,1.5621393489694458e-06,1.5621393489694457,26,18.569830894470215,PRY,10,Apple M4,1,Apple M4,16.0,26,256,282,0.0002568767346626773,-1,8,512,42,15.6.1,0.3.21,3.13.5
2026-06-20T17:57:34.764556,llama-2-7b,q8,gpu,7,"Calculate the compound interest on $10,000 at 5% annual rate over 3 years.",Zheng et al. 2023,6,917.1269931793213,256,0.2791325540561705,0.01447055399094582,0.17621490871464568,0.05122994617913048,0.003686482130931991,0.04489206927300877,0.013051212916667887,0.06162976432060864,1.464015051436058e-06,1.464015051436058,26,917.1269931793213,PRY,10,Apple M4,1,Apple M4,16.0,26,256,282,0.0002407412668773775,-1,8,512,42,15.6.1,0.3.21,3.13.5
2026-06-20T17:57:57.573130,llama-2-7b,q8,gpu,7,"Calculate the compound interest on $10,000 at 5% annual rate over 3 years.",Zheng et al. 2023,7,18.219507217407227,256,14.05087398606551,0.7137674957517808,8.893536315680311,2.519758737390098,0.0036123589001111813,0.04500995808105853,0.012752434028334392,0.0613747510095041,1.4579572102307697e-06,1.4579572102307696,26,18.219507217407227,PRY,10,Apple M4,1,Apple M4,16.0,26,256,282,0.00023974512113087538,-1,8,512,42,15.6.1,0.3.21,3.13.5
2026-06-20T17:58:22.452455,llama-2-7b,q8,gpu,7,"Calculate the compound interest on $10,000 at 5% annual rate over 3 years.",Zheng et al. 2023,8,18.266028881072998,256,14.01508788071958,0.7379948290867445,9.051050945923734,2.523361552644416,0.003744509683939169,0.04592409943952945,0.012803276388331142,0.06247188551179975,1.484019640332803e-06,1.484019640332803,26,18.266028881072998,PRY,10,Apple M4,1,Apple M4,16.0,26,256,282,0.00024403080278046779,-1,8,512,42,15.6.1,0.3.21,3.13.5
2026-06-20T17:58:45.410765,llama-2-7b,q8,gpu,7,"Calculate the compound interest on $10,000 at 5% annual rate over 3 years.",Zheng et al. 2023,9,18.316349983215332,256,13.976583775402432,0.7135329829811484,5.115411764219597,2.5181866702847233,0.0036303666224584284,0.026026575606028644,0.012812218993334073,0.04246916122182115,1.0088549248243612e-06,1.0088549248243612,26,18.316349983215332,PRY,10,Apple M4,1,Apple M4,16.0,26,256,282,0.00016589516102273887,-1,8,512,42,15.6.1,0.3.21,3.13.5
2026-06-20T17:59:10.753127,llama-2-7b,q8,gpu,7,"Calculate the compound interest on $10,000 at 5% annual rate over 3 years.",Zheng et al. 2023,10,18.718502044677734,256,13.676308039445333,0.7752773939529579,3.294354472426641,2.5131045281144813,0.00403111985663913,0.017129272480003146,0.01306709784666661,0.03422749018330888,8.130740293045024e-07,0.8130740293045025,26,18.718502044677734,PRY,10,Apple M4,1,Apple M4,16.0,26,256,282,0.00013370113352855032,-1,8,512,42,15.6.1,0.3.21,3.13.5
2026-06-20T17:59:36.317759,llama-2-7b,q8,gpu,8,What is the area of a circle with radius 7 cm?,Zheng et al. 2023,1,20.704890966415405,256,12.36422835624914,0.5401588021356845,1.960421072129621,2.5003315561026347,0.0031066469729913613,0.011275084596307498,0.014380303402498004,0.02876203497179686,6.832421407550344e-07,0.6832421407550344,26,20.704890966415405,PRY,10,Apple M4,1,Apple M4,16.0,14,256,270,0.00011235169910858149,-1,8,512,42,15.6.1,0.3.21,3.13.5
2026-06-20T18:00:07.235238,llama-2-7b,q8,gpu,8,What is the area of a circle with radius 7 cm?,Zheng et al. 2023,2,23.9927020072937,256,10.669911205589802,0.4202515413461203,1.3236765790189,2.5206454645091325,0.00280082499989537,0.00882182714289845,0.016799193193334453,0.028421845336128276,6.751609359597272e-07,0.6751609359597271,26,23.9927020072937,PRY,10,Apple M4,1,Apple M4,16.0,14,256,270,0.00011102283334425108,-1,8,512,42,15.6.1,0.3.21,3.13.5
2026-06-20T18:16:34.663942,llama-2-7b,q8,gpu,8,What is the area of a circle with radius 7 cm?,Zheng et al. 2023,3,982.852527141571,256,0.2604663394868857,0.01604995182918398,0.16007164114969694,0.06025821790603254,0.004381871032170544,0.04370189361879953,0.016451372708330986,0.06453513735930105,1.5330321879701964e-06,1.5330321879701962,26,982.852527141571,PRY,10,Apple M4,1,Apple M4,16.0,14,256,270,0.00025209038030976974,-1,8,512,42,15.6.1,0.3.21,3.13.5
2026-06-20T18:16:59.391924,llama-2-7b,q8,gpu,8,What is the area of a circle with radius 7 cm?,Zheng et al. 2023,4,18.12163472175598,256,14.126760854121978,0.7251250010522957,8.83623076712835,2.51877039234201,0.003650125110189618,0.04447970729973379,0.012678954721665529,0.06080878713158894,1.4445127383108951e-06,1.444512738310895,26,18.12163472175598,PRY,10,Apple M4,1,Apple M4,16.0,14,256,270,0.00023753432473276929,-1,8,512,42,15.6.1,0.3.21,3.13.5
2026-06-20T18:34:03.156669,llama-2-7b,q8,gpu,8,What is the area of a circle with radius 7 cm?,Zheng et al. 2023,5,1019.1430459022522,256,0.2511914309078781,0.004197731725238956,0.1556917980447964,0.0465839587630878,0.0011883580823168183,0.04407561480038114,0.013187699339999503,0.05845167222269746,1.3885194736501782e-06,1.3885194736501782,26,1019.1430459022522,PRY,10,Apple M4,1,Apple M4,16.0,14,256,270,0.00022832684461991196,-1,8,512,42,15.6.1,0.3.21,3.13.5
2026-06-20T18:34:27.700759,llama-2-7b,q8,gpu,8,What is the area of a circle with radius 7 cm?,Zheng et al. 2023,6,17.857095956802368,256,14.336037652442641,0.15363463445307945,8.629972356784307,5.518944842061691,0.000762074558254693,0.0428072901332359,0.027375646562498638,0.07094501125398923,1.685298742338514e-06,1.685298742338514,26,17.857095956802368,PRY,10,Apple M4,1,Apple M4,16.0,14,256,270,0.00027712895021089545,-1,8,512,42,15.6.1,0.3.21,3.13.5
2026-06-20T18:34:50.277225,llama-2-7b,q8,gpu,8,What is the area of a circle with radius 7 cm?,Zheng et al. 2023,7,17.87122893333435,256,14.324700386020764,0.14718614463346508,8.824880057426709,5.519492461539955,0.0007306659129331988,0.043808736615413756,0.02740003149333158,0.07193943402167853,1.7089212551849733e-06,1.7089212551849733,26,17.87122893333435,PRY,10,Apple M4,1,Apple M4,16.0,14,256,270,0.00028101341414718176,-1,8,512,42,15.6.1,0.3.21,3.13.5
2026-06-20T18:35:14.930607,llama-2-7b,q8,gpu,8,What is the area of a circle with radius 7 cm?,Zheng et al. 2023,8,17.921180963516235,256,14.284772890869318,0.12812993741948042,9.196633686669317,2.5165419046776316,0.0006378443875940331,0.045781815709436194,0.012527611909999906,0.058947272007030135,1.400292446527001e-06,1.4002924465270008,26,17.921180963516235,PRY,10,Apple M4,1,Apple M4,16.0,14,256,270,0.00023026278127746147,-1,8,512,42,15.6.1,0.3.21,3.13.5
2026-06-20T18:35:37.592156,llama-2-7b,q8,gpu,8,What is the area of a circle with radius 7 cm?,Zheng et al. 2023,9,17.943567752838135,256,14.266950894395485,0.1287037834566212,9.125120926918902,2.515279924744032,0.0006415014051390251,0.04548256266805845,0.012536971040832819,0.05866103511403029,1.3934928891337895e-06,1.3934928891337894,26,17.943567752838135,PRY,10,Apple M4,1,Apple M4,16.0,14,256,270,0.00022914466841418083,-1,8,512,42,15.6.1,0.3.21,3.13.5
2026-06-20T18:36:02.477904,llama-2-7b,q8,gpu,8,What is the area of a circle with radius 7 cm?,Zheng et al. 2023,10,18.17587399482727,256,14.084604683816352,0.13668416471717545,5.7892475192904405,2.5074064465330768,0.0006900983763854435,0.029229064843191502,0.01265952878500078,0.04257869200457773,1.011456828568744e-06,1.011456828568744,26,18.17587399482727,PRY,10,Apple M4,1,Apple M4,16.0,14,256,270,0.00016632301564288175,-1,8,512,42,15.6.1,0.3.21,3.13.5
2026-06-20T18:36:21.168607,llama-2-7b,q8,gpu,9,Solve for x: 2x + 5 = 15,Zheng et al. 2023,1,13.996949911117554,198,14.145939026525468,0.051701708646900026,0.0,3.000092494696932,0.0002010183961805147,0.0,0.011664484549164628,0.01186550294534514,2.818650224666738e-07,0.28186502246667383,26,13.996949911117554,PRY,10,Apple M4,1,Apple M4,16.0,16,198,214,5.992678255224818e-05,-1,8,512,42,15.6.1,0.3.21,3.13.5
2026-06-20T18:36:39.981250,llama-2-7b,q8,gpu,9,Solve for x: 2x + 5 = 15,Zheng et al. 2023,2,14.424983024597168,198,13.726185997056266,0.049101866058849857,0.0,3.0001069534849774,0.0001967482178819314,0.0,0.012021247743332424,0.012217995961214355,2.90238494058647e-07,0.290238494058647,26,14.424983024597168,PRY,10,Apple M4,1,Apple M4,16.0,16,198,214,6.170705030916341e-05,-1,8,512,42,15.6.1,0.3.21,3.13.5
2026-06-20T18:37:01.856734,llama-2-7b,q8,gpu,9,Solve for x: 2x + 5 = 15,Zheng et al. 2023,3,15.222386121749878,198,13.00715922039948,3.215607136291931,0.0,5.956775182666543,0.013597003734580601,0.0,0.025187869964168687,0.038784873698749285,9.213346747137892e-07,0.9213346747137893,26,15.222386121749878,PRY,10,Apple M4,1,Apple M4,16.0,16,198,214,0.00019588320049873377,-1,8,512,42,15.6.1,0.3.21,3.13.5
2026-06-20T18:37:23.359297,llama-2-7b,q8,gpu,9,Solve for x: 2x + 5 = 15,Zheng et al. 2023,4,16.74666476249695,198,11.823249751998855,0.17427870819721025,0.0,5.688109713362609,0.0008107186392832526,0.0,0.026460240694996175,0.027270959334279428,6.478216389858078e-07,0.6478216389858078,26,16.74666476249695,PRY,10,Apple M4,1,Apple M4,16.0,16,198,214,0.0001377321178498961,-1,8,512,42,15.6.1,0.3.21,3.13.5
2026-06-20T18:37:47.790997,llama-2-7b,q8,gpu,9,Solve for x: 2x + 5 = 15,Zheng et al. 2023,5,17.687600135803223,198,11.194282914571808,0.6269142236828411,0.00482479328866389,5.546016771514133,0.0030801689188748867,2.3705281785498304e-05,0.02724881305583343,0.030352687256493812,7.210280857780105e-07,0.7210280857780106,26,17.687600135803223,PRY,10,Apple M4,1,Apple M4,16.0,16,198,214,0.00015329640028532228,-1,8,512,42,15.6.1,0.3.21,3.13.5
2026-06-20T18:38:11.299543,llama-2-7b,q8,gpu,9,Solve for x: 2x + 5 = 15,Zheng et al. 2023,6,18.84044122695923,198,10.509308015391762,0.085915452936547,1.5626042318781945,2.532670966841184,0.000449634733760721,0.008177820331027472,0.01325462180499926,0.021882076869787454,5.198087360418009e-07,0.5198087360418009,26,18.84044122695923,PRY,10,Apple M4,1,Apple M4,16.0,16,198,214,0.00011051553974640128,-1,8,512,42,15.6.1,0.3.21,3.13.5
2026-06-20T18:38:37.282941,llama-2-7b,q8,gpu,9,Solve for x: 2x + 5 = 15,Zheng et al. 2023,7,19.18339991569519,198,10.32142377629334,0.07537019846601069,1.5103575163884655,2.522054000522497,0.0004016268496941109,0.008048275625710024,0.013439325139167218,0.021889227614571356,5.199786019841426e-07,0.5199786019841426,26,19.18339991569519,PRY,10,Apple M4,1,Apple M4,16.0,16,198,214,0.00011055165461904725,-1,8,512,42,15.6.1,0.3.21,3.13.5
2026-06-20T18:39:01.828048,llama-2-7b,q8,gpu,9,Solve for x: 2x + 5 = 15,Zheng et al. 2023,8,19.750293016433716,198,10.025167719549742,0.5956691460548773,1.6741270728796744,2.4978488589490637,0.003267955604286855,0.009184583398921682,0.013703679687502395,0.026156218690710928,6.21340974997838e-07,0.621340974997838,26,19.750293016433716,PRY,10,Apple M4,1,Apple M4,16.0,16,198,214,0.00013210211459955014,-1,8,512,42,15.6.1,0.3.21,3.13.5
2026-06-20T18:39:28.124162,llama-2-7b,q8,gpu,9,Solve for x: 2x + 5 = 15,Zheng et al. 2023,9,19.577451705932617,198,10.113675823294175,0.0807945956306942,1.3890377353653787,2.5474801254079242,0.0004393756372389639,0.007553838661620475,0.013853658090832445,0.021846872389691883,5.189724536171307e-07,0.5189724536171307,26,19.577451705932617,PRY,10,Apple M4,1,Apple M4,16.0,16,198,214,0.00011033773934187819,-1,8,512,42,15.6.1,0.3.21,3.13.5
2026-06-20T18:39:53.333830,llama-2-7b,q8,gpu,9,Solve for x: 2x + 5 = 15,Zheng et al. 2023,10,20.47504997253418,198,9.670306068390694,0.14918712951178106,1.3253331154648476,2.5631165649608794,0.0008485038700035127,0.0075378504914992124,0.014577761042501153,0.022964115404003876,5.45512561422112e-07,0.545512561422112,26,20.47504997253418,PRY,10,Apple M4,1,Apple M4,16.0,16,198,214,0.0001159803808283024,-1,8,512,42,15.6.1,0.3.21,3.13.5
2026-06-20T18:40:03.726878,llama-2-7b,q8,gpu,10,"If the probability of rain is 30%, what is the probability of no rain?",Zheng et al. 2023,1,3.7197937965393066,51,13.71043740312907,0.07861115312284024,0.0,3.0003992120187917,8.122702214587297e-05,0.0,0.0031002406600024795,0.003181467682148352,7.55757647894341e-08,0.0755757647894341,26,3.7197937965393066,PRY,10,Apple M4,1,Apple M4,16.0,19,51,70,6.238171925781082e-05,-1,8,512,42,15.6.1,0.3.21,3.13.5
2026-06-20T18:40:13.732811,llama-2-7b,q8,gpu,10,"If the probability of rain is 30%, what is the probability of no rain?",Zheng et al. 2023,2,5.347793102264404,51,9.536644186628159,0.049904584042236334,0.0,3.000255047863889,7.413316397567937e-05,0.0,0.004456873125000129,0.004531006288975808,1.0763405439462032e-07,0.10763405439462032,26,5.347793102264404,PRY,10,Apple M4,1,Apple M4,16.0,19,51,70,8.88432605681531e-05,-1,8,512,42,15.6.1,0.3.21,3.13.5
2026-06-20T18:40:22.629222,llama-2-7b,q8,gpu,10,"If the probability of rain is 30%, what is the probability of no rain?",Zheng et al. 2023,3,5.254269123077393,51,9.706392802759524,0.024700826006380655,0.0,3.0000698014820957,3.605132983328693e-05,0.0,0.004378659479167861,0.004414710809001148,1.0487145526782226e-07,0.10487145526782225,26,5.254269123077393,PRY,10,Apple M4,1,Apple M4,16.0,19,51,70,8.65629570392382e-05,-1,8,512,42,15.6.1,0.3.21,3.13.5
2026-06-20T18:40:31.479320,llama-2-7b,q8,gpu,10,"If the probability of rain is 30%, what is the probability of no rain?",Zheng et al. 2023,4,5.209949254989624,51,9.788962906146688,0.05120205182321975,0.0,3.000100093877771,7.410002548620107e-05,0.0,0.0043417692358313316,0.004415869261317533,1.0489897430259798e-07,0.10489897430259798,26,5.209949254989624,PRY,10,Apple M4,1,Apple M4,16.0,19,51,70,8.658567179053986e-05,-1,8,512,42,15.6.1,0.3.21,3.13.5
2026-06-20T18:40:41.793774,llama-2-7b,q8,gpu,10,"If the probability of rain is 30%, what is the probability of no rain?",Zheng et al. 2023,5,3.6365208625793457,51,14.024393624357277,0.1562147441998246,0.0,3.0002574337663157,0.000157799493423655,0.0,0.0030306940974999933,0.0031884935909236487,7.574266525239126e-08,0.07574266525239126,26,3.6365208625793457,PRY,10,Apple M4,1,Apple M4,16.0,19,51,70,6.251948217497351e-05,-1,8,512,42,15.6.1,0.3.21,3.13.5
2026-06-20T18:40:51.844065,llama-2-7b,q8,gpu,10,"If the probability of rain is 30%, what is the probability of no rain?",Zheng et al. 2023,6,5.271906852722168,51,9.67391902489058,0.05890595050532329,0.0,3.0002750791837802,8.626296781531297e-05,0.0,0.0043936585416668094,0.004479921509482122,1.0642053545774779e-07,0.1064205354577478,26,5.271906852722168,PRY,10,Apple M4,1,Apple M4,16.0,19,51,70,8.784159822513965e-05,-1,8,512,42,15.6.1,0.3.21,3.13.5
2026-06-20T18:41:00.669609,llama-2-7b,q8,gpu,10,"If the probability of rain is 30%, what is the probability of no rain?",Zheng et al. 2023,7,5.247450113296509,51,9.7190061646839,0.01650048165272443,0.0,3.0000658003624228,2.4051515088343273e-05,0.0,0.004372971006669104,0.004397022521757447,1.0445127000434814e-07,0.10445127000434813,26,5.247450113296509,PRY,10,Apple M4,1,Apple M4,16.0,19,51,70,8.6216127877597e-05,-1,8,512,42,15.6.1,0.3.21,3.13.5
2026-06-20T18:41:09.631058,llama-2-7b,q8,gpu,10,"If the probability of rain is 30%, what is the probability of no rain?",Zheng et al. 2023,8,5.281686067581177,51,9.656007446757656,0.04070169958735439,0.0,3.000104047694392,5.971488878816783e-05,0.0,0.004401557708333712,0.00446127259712188,1.0597753054463025e-07,0.10597753054463024,26,5.281686067581177,PRY,10,Apple M4,1,Apple M4,16.0,19,51,70,8.747593327689961e-05,-1,8,512,42,15.6.1,0.3.21,3.13.5
2026-06-20T18:41:19.854596,llama-2-7b,q8,gpu,10,"If the probability of rain is 30%, what is the probability of no rain?",Zheng et al. 2023,9,3.6333510875701904,51,14.036628657900037,0.05720683963446356,0.0,3.000331164882891,5.77368147228699e-05,0.0,0.0030281268058327745,0.0030858636205556445,7.330469030629932e-08,0.07330469030629932,26,3.6333510875701904,PRY,10,Apple M4,1,Apple M4,16.0,19,51,70,6.050712981481656e-05,-1,8,512,42,15.6.1,0.3.21,3.13.5
2026-06-20T18:41:29.756969,llama-2-7b,q8,gpu,10,"If the probability of rain is 30%, what is the probability of no rain?",Zheng et al. 2023,10,5.245714902877808,51,9.722221078393208,0.07480532663296785,0.0,3.0001944050319733,0.00010900206020366711,0.0,0.0043717123616685664,0.0044807144218722336,1.064393710915749e-07,0.1064393710915749,26,5.245714902877808,PRY,10,Apple M4,1,Apple M4,16.0,19,51,70,8.785714552690653e-05,-1,8,512,42,15.6.1,0.3.21,3.13.5
2026-06-20T18:42:06.762187,qwen2.5-7b,q4,cpu,1,"If all roses are flowers and some flowers fade quickly, can we conclude that some roses fade quickly",Zheng et al. 2023,1,23.575708866119385,217,9.20438919704554,2.251678352046889,0.0,2.4479312404443774,0.014745809246666925,0.0,0.01603103173583198,0.0307768409824989,7.311038575392614e-07,0.7311038575392614,26,23.575708866119385,PRY,10,Apple M4,1,Apple M4,16.0,24,217,241,0.00014182876028801336,0,8,512,42,15.6.1,0.3.21,3.13.5
2026-06-20T18:42:37.880372,qwen2.5-7b,q4,cpu,1,"If all roses are flowers and some flowers fade quickly, can we conclude that some roses fade quickly",Zheng et al. 2023,2,24.461216926574707,233,9.525282437885108,2.124097772078964,0.0,2.475309759925403,0.01443278232668822,0.0,0.016819191388334123,0.03125197371502234,7.423906356003558e-07,0.7423906356003558,26,24.461216926574707,PRY,10,Apple M4,1,Apple M4,16.0,24,233,257,0.00013412864255374395,0,8,512,42,15.6.1,0.3.21,3.13.5
2026-06-20T18:43:07.449625,qwen2.5-7b,q4,cpu,1,"If all roses are flowers and some flowers fade quickly, can we conclude that some roses fade quickly",Zheng et al. 2023,3,24.924472093582153,233,9.34824212625934,2.10471776409123,0.0,2.4903478955922274,0.014571938659988466,0.0,0.01724183517416653,0.03181377383415499,7.557361974303519e-07,0.7557361974303518,26,24.924472093582153,PRY,10,Apple M4,1,Apple M4,16.0,24,233,257,0.00013653980186332615,0,8,512,42,15.6.1,0.3.21,3.13.5
2026-06-20T18:43:39.544913,qwen2.5-7b,q4,cpu,1,"If all roses are flowers and some flowers fade quickly, can we conclude that some roses fade quickly",Zheng et al. 2023,4,25.407829999923706,233,9.170401407782547,1.9988004874389251,0.0,2.484887291720695,0.01410699527461468,0.0,0.01753766496583618,0.031644660240450866,7.517189040119102e-07,0.7517189040119102,26,25.407829999923706,PRY,10,Apple M4,1,Apple M4,16.0,24,233,257,0.00013581399244828697,0,8,512,42,15.6.1,0.3.21,3.13.5
2026-06-20T18:44:10.382213,qwen2.5-7b,q4,cpu,1,"If all roses are flowers and some flowers fade quickly, can we conclude that some roses fade quickly",Zheng et al. 2023,5,26.222193956375122,233,8.885602798439876,1.9460674434544187,0.0,2.509151746015687,0.014175043876235789,0.0,0.01827651770833351,0.03245156158456929,7.708868454414434e-07,0.7708868454414435,26,26.222193956375122,PRY,10,Apple M4,1,Apple M4,16.0,24,233,257,0.00013927708834579096,0,8,512,42,15.6.1,0.3.21,3.13.5
2026-06-20T18:44:43.350961,qwen2.5-7b,q4,cpu,1,"If all roses are flowers and some flowers fade quickly, can we conclude that some roses fade quickly",Zheng et al. 2023,6,26.283318042755127,233,8.864938575144068,1.8898573895576383,0.0,2.5080439004229107,0.013797700784776216,0.0,0.0183110320833354,0.03210873286811162,7.627429492819915e-07,0.7627429492819915,26,26.283318042755127,PRY,10,Apple M4,1,Apple M4,16.0,24,233,257,0.00013780572046399837,0,8,512,42,15.6.1,0.3.21,3.13.5
2026-06-20T18:45:14.606006,qwen2.5-7b,q4,cpu,1,"If all roses are flowers and some flowers fade quickly, can we conclude that some roses fade quickly",Zheng et al. 2023,7,26.642881870269775,233,8.745300194420775,1.8849567342941675,0.0,2.508076306211287,0.013950188778435834,0.0,0.018561772430002746,0.032511961208438585,7.723216385064585e-07,0.7723216385064585,26,26.642881870269775,PRY,10,Apple M4,1,Apple M4,16.0,24,233,257,0.00013953631419930722,0,8,512,42,15.6.1,0.3.21,3.13.5
2026-06-20T18:45:48.935359,qwen2.5-7b,q4,cpu,1,"If all roses are flowers and some flowers fade quickly, can we conclude that some roses fade quickly",Zheng et al. 2023,8,27.7121741771698,233,8.407857085134557,1.757594378742823,0.0,2.5351645787459423,0.013529655987926572,0.0,0.019515256214999683,0.03304491220292625,7.84981889380513e-07,0.7849818893805129,26,27.7121741771698,PRY,10,Apple M4,1,Apple M4,16.0,24,233,257,0.00014182365752328862,0,8,512,42,15.6.1,0.3.21,3.13.5
2026-06-20T18:46:20.722167,qwen2.5-7b,q4,cpu,1,"If all roses are flowers and some flowers fade quickly, can we conclude that some roses fade quickly",Zheng et al. 2023,9,27.16798973083496,233,8.576269437246992,1.8104722688145294,0.0,2.51614081226694,0.013663025557531835,0.0,0.01898846881916749,0.03265149437669932,7.756362489184924e-07,0.7756362489184924,26,27.16798973083496,PRY,10,Apple M4,1,Apple M4,16.0,24,233,257,0.00014013516899870953,0,8,512,42,15.6.1,0.3.21,3.13.5
2026-06-20T18:46:55.257257,qwen2.5-7b,q4,cpu,1,"If all roses are flowers and some flowers fade quickly, can we conclude that some roses fade quickly",Zheng et al. 2023,10,27.91092085838318,233,8.347986839352789,1.744471655624651,0.0,2.535449223695142,0.013524947311064529,0.0,0.019657422950834492,0.03318237026189902,7.882472055714111e-07,0.7882472055714111,26,27.91092085838318,PRY,10,Apple M4,1,Apple M4,16.0,24,233,257,0.0001424136062742447,0,8,512,42,15.6.1,0.3.21,3.13.5
2026-06-20T18:47:07.474855,qwen2.5-7b,q4,cpu,2,A farmer has 17 sheep. All but 9 die. How many sheep does the farmer have left? Explain.,Zheng et al. 2023,1,7.559136152267456,63,8.33428565526001,0.047603903978131,0.0,3.000204807423825,9.995677543059963e-05,0.0,0.00629971017333446,0.00639966694876506,1.52024088367914e-07,0.15202408836791398,26,7.559136152267456,PRY,10,Apple M4,1,Apple M4,16.0,25,63,88,0.00010158201505976285,0,8,512,42,15.6.1,0.3.21,3.13.5
2026-06-20T18:47:18.785084,qwen2.5-7b,q4,cpu,2,A farmer has 17 sheep. All but 9 die. How many sheep does the farmer have left? Explain.,Zheng et al. 2023,2,7.687916040420532,63,8.194678462767639,0.03900140773162415,0.0,3.0000611352585445,8.32887633608152e-05,0.0,0.006406727256665666,0.006490016020026482,1.5417033055572907e-07,0.15417033055572907,26,7.687916040420532,PRY,10,Apple M4,1,Apple M4,16.0,25,63,88,0.00010301612730200764,0,8,512,42,15.6.1,0.3.21,3.13.5
2026-06-20T18:47:32.361128,qwen2.5-7b,q4,cpu,2,A farmer has 17 sheep. All but 9 die. How many sheep does the farmer have left? Explain.,Zheng et al. 2023,3,6.901937246322632,63,9.127872038182693,0.09070465258537294,0.0,3.0001065838472503,0.0001738993944704833,0.0,0.00575181871499808,0.0059257181094685635,1.4076543369042573e-07,0.14076543369042574,26,6.901937246322632,PRY,10,Apple M4,1,Apple M4,16.0,25,63,88,9.405901761061212e-05,0,8,512,42,15.6.1,0.3.21,3.13.5
2026-06-20T18:47:44.498827,qwen2.5-7b,q4,cpu,2,A farmer has 17 sheep. All but 9 die. How many sheep does the farmer have left? Explain.,Zheng et al. 2023,4,7.504616975784302,63,8.394832168422015,0.04340340470694657,0.0,3.000192691065543,9.047942438071876e-05,0.0,0.006254249166665129,0.006344728591045847,1.507190276802941e-07,0.1507190276802941,26,7.504616975784302,PRY,10,Apple M4,1,Apple M4,16.0,25,63,88,0.00010070997763564837,0,8,512,42,15.6.1,0.3.21,3.13.5
2026-06-20T18:47:56.342247,qwen2.5-7b,q4,cpu,2,A farmer has 17 sheep. All but 9 die. How many sheep does the farmer have left? Explain.,Zheng et al. 2023,5,8.214814901351929,63,7.6690711545590595,0.04210135027273648,0.0,3.0000537498343616,9.607077766319799e-05,0.0,0.006845801735832235,0.006941872513495433,1.64904181558084e-07,0.16490418155808398,26,8.214814901351929,PRY,10,Apple M4,1,Apple M4,16.0,25,63,88,0.0001101884525951656,0,8,512,42,15.6.1,0.3.21,3.13.5
2026-06-20T18:48:10.074243,qwen2.5-7b,q4,cpu,2,A farmer has 17 sheep. All but 9 die. How many sheep does the farmer have left? Explain.,Zheng et al. 2023,6,7.069917917251587,63,8.910994545816607,0.04620294633790334,0.0,3.000133576125742,9.07363994844879e-05,0.0,0.005891860589999851,0.005982596989484339,1.4211659148520046e-07,0.14211659148520045,26,7.069917917251587,PRY,10,Apple M4,1,Apple M4,16.0,25,63,88,9.496185697594188e-05,0,8,512,42,15.6.1,0.3.21,3.13.5
2026-06-20T18:48:22.413100,qwen2.5-7b,q4,cpu,2,A farmer has 17 sheep. All but 9 die. How many sheep does the farmer have left? Explain.,Zheng et al. 2023,7,7.684757947921753,63,8.198046109837144,0.03890211468821351,0.0,3.000116110519506,8.304259306700342e-05,0.0,0.006404212812500797,0.006487255405567801,1.541047521592631e-07,0.1541047521592631,26,7.684757947921753,PRY,10,Apple M4,1,Apple M4,16.0,25,63,88,0.00010297230802488572,0,8,512,42,15.6.1,0.3.21,3.13.5
2026-06-20T18:48:33.988921,qwen2.5-7b,q4,cpu,2,A farmer has 17 sheep. All but 9 die. How many sheep does the farmer have left? Explain.,Zheng et al. 2023,8,7.955051898956299,63,7.919495787106755,0.04430150923654978,0.0,3.0000574857509705,9.789466810523481e-05,0.0,0.006629336944167032,0.006727231612272268,1.598053869495277e-07,0.1598053869495277,26,7.955051898956299,PRY,10,Apple M4,1,Apple M4,16.0,25,63,88,0.00010678145416305187,0,8,512,42,15.6.1,0.3.21,3.13.5
2026-06-20T18:48:47.526934,qwen2.5-7b,q4,cpu,2,A farmer has 17 sheep. All but 9 die. How many sheep does the farmer have left? Explain.,Zheng et al. 2023,9,6.910266160964966,63,9.116870252534895,0.05270261269851934,0.0,3.0000999078885164,0.0001011636336458391,0.0,0.00575874690916559,0.00585991054281143,1.392021749444855e-07,0.1392021749444855,26,6.910266160964966,PRY,10,Apple M4,1,Apple M4,16.0,25,63,88,9.301445306049888e-05,0,8,512,42,15.6.1,0.3.21,3.13.5
2026-06-20T18:48:59.749157,qwen2.5-7b,q4,cpu,2,A farmer has 17 sheep. All but 9 die. How many sheep does the farmer have left? Explain.,Zheng et al. 2023,10,7.577845811843872,63,8.313708349876096,0.03980254193220981,0.0,3.000146290053435,8.378264602270451e-05,0.0,0.006315179444166765,0.006398962090189469,1.5200734445245082e-07,0.15200734445245082,26,7.577845811843872,PRY,10,Apple M4,1,Apple M4,16.0,25,63,88,0.00010157082682840426,0,8,512,42,15.6.1,0.3.21,3.13.5
2026-06-20T18:49:34.624632,qwen2.5-7b,q4,cpu,3,"If it takes 5 machines 5 minutes to make 5 widgets, how long does it take 100 machines to make 100 w",Zheng et al. 2023,1,31.31289005279541,240,7.664575182787204,2.0366872623813914,0.0,3.601535431952875,0.017715156755243718,0.0,0.031326245278329834,0.04904140203357355,1.1649785053075396e-06,1.1649785053075397,26,31.31289005279541,PRY,10,Apple M4,1,Apple M4,16.0,33,240,273,0.0002043391751398898,0,8,512,42,15.6.1,0.3.21,3.13.5
2026-06-20T18:50:12.459310,qwen2.5-7b,q4,cpu,3,"If it takes 5 machines 5 minutes to make 5 widgets, how long does it take 100 machines to make 100 w",Zheng et al. 2023,2,31.249183893203735,240,7.680200571644262,2.0669545267424794,0.0,3.607023807060268,0.0179418450291849,0.0,0.031310152848330594,0.04925199787751549,1.1699812095803803e-06,1.1699812095803803,26,31.249183893203735,PRY,10,Apple M4,1,Apple M4,16.0,33,240,273,0.0002052166578229812,0,8,512,42,15.6.1,0.3.21,3.13.5
2026-06-20T18:50:47.045479,qwen2.5-7b,q4,cpu,3,"If it takes 5 machines 5 minutes to make 5 widgets, how long does it take 100 machines to make 100 w",Zheng et al. 2023,3,29.9465389251709,240,8.014281737188444,1.5935584484791088,0.0,2.565022858532654,0.013255988918587381,0.0,0.02133709913250035,0.034593088051087725,8.217588066535889e-07,0.8217588066535889,26,29.9465389251709,PRY,10,Apple M4,1,Apple M4,16.0,33,240,273,0.00014413786687953218,0,8,512,42,15.6.1,0.3.21,3.13.5
2026-06-20T18:51:24.849011,qwen2.5-7b,q4,cpu,3,"If it takes 5 machines 5 minutes to make 5 widgets, how long does it take 100 machines to make 100 w",Zheng et al. 2023,4,31.221168041229248,240,7.687092285691136,2.1864970299828825,0.0,3.623707586775791,0.018962497554095622,0.0,0.03142677319416786,0.050389270748263486,1.196997126624999e-06,1.196997126624999,26,31.221168041229248,PRY,10,Apple M4,1,Apple M4,16.0,33,240,273,0.0002099552947844312,0,8,512,42,15.6.1,0.3.21,3.13.5
2026-06-20T18:52:02.832084,qwen2.5-7b,q4,cpu,3,"If it takes 5 machines 5 minutes to make 5 widgets, how long does it take 100 machines to make 100 w",Zheng et al. 2023,5,33.382617235183716,240,7.189370393255183,2.428108557638371,0.0,3.5808375632097738,0.02251572738475438,0.0,0.03320492493166663,0.055720652316421024,1.3236440957765813e-06,1.3236440957765814,26,33.382617235183716,PRY,10,Apple M4,1,Apple M4,16.0,33,240,273,0.00023216938465175427,0,8,512,42,15.6.1,0.3.21,3.13.5
2026-06-20T18:52:41.799981,qwen2.5-7b,q4,cpu,3,"If it takes 5 machines 5 minutes to make 5 widgets, how long does it take 100 machines to make 100 w",Zheng et al. 2023,6,32.33388423919678,240,7.422553944479699,2.4491878331472514,0.0,3.587271866099921,0.02199770996584234,0.0,0.03221956479250063,0.05421727475834297,1.2879313618844372e-06,1.2879313618844372,26,32.33388423919678,PRY,10,Apple M4,1,Apple M4,16.0,33,240,273,0.0002259053114930957,0,8,512,42,15.6.1,0.3.21,3.13.5
2026-06-20T18:53:19.271491,qwen2.5-7b,q4,cpu,3,"If it takes 5 machines 5 minutes to make 5 widgets, how long does it take 100 machines to make 100 w",Zheng et al. 2023,7,32.86140489578247,240,7.303400471195384,2.4340641070748825,0.0,3.5772786001334387,0.022218546156910816,0.0,0.03265400014000079,0.0548725462969116,1.303497337283135e-06,1.303497337283135,26,32.86140489578247,PRY,10,Apple M4,1,Apple M4,16.0,33,240,273,0.000228635609570465,0,8,512,42,15.6.1,0.3.21,3.13.5
2026-06-20T18:54:00.415126,qwen2.5-7b,q4,cpu,3,"If it takes 5 machines 5 minutes to make 5 widgets, how long does it take 100 machines to make 100 w",Zheng et al. 2023,8,34.47464084625244,240,6.961638877409484,2.288082332469776,0.0,2.2452475493561463,0.02191133795515308,0.0,0.02150113968749489,0.043412477642647974,1.0312634064011025e-06,1.0312634064011026,26,34.47464084625244,PRY,10,Apple M4,1,Apple M4,16.0,33,240,273,0.00018088532351103322,0,8,512,42,15.6.1,0.3.21,3.13.5
2026-06-20T18:54:38.670345,qwen2.5-7b,q4,cpu,3,"If it takes 5 machines 5 minutes to make 5 widgets, how long does it take 100 machines to make 100 w",Zheng et al. 2023,9,33.6690948009491,240,7.1281987656298575,2.4160750106002378,0.0,3.5681017365995706,0.022596405160584306,0.0,0.03337076545250057,0.05596717061308487,1.3295001379138311e-06,1.3295001379138311,26,33.6690948009491,PRY,10,Apple M4,1,Apple M4,16.0,33,240,273,0.00023319654422118696,0,8,512,42,15.6.1,0.3.21,3.13.5
2026-06-20T18:55:19.380101,qwen2.5-7b,q4,cpu,3,"If it takes 5 machines 5 minutes to make 5 widgets, how long does it take 100 machines to make 100 w",Zheng et al. 2023,10,34.075077056884766,240,7.043270939617985,2.3464129911192706,0.0,3.5646193012923915,0.022209500966573505,0.0,0.03374018815833249,0.055949689124905985,1.3290848651621415e-06,1.3290848651621416,26,34.075077056884766,PRY,10,Apple M4,1,Apple M4,16.0,33,240,273,0.00023312370468710826,0,8,512,42,15.6.1,0.3.21,3.13.5
2026-06-20T18:55:29.881386,qwen2.5-7b,q4,cpu,4,A bat and ball cost $1.10. The bat costs $1 more than the ball. How much does the ball cost?,Zheng et al. 2023,1,5.880284786224365,43,7.312571000087497,0.055525973910307835,0.0,3.0013442827376777,9.069681656252062e-05,0.0,0.0049024330900010685,0.004993129906563589,1.1861180093041805e-07,0.11861180093041805,26,5.880284786224365,PRY,10,Apple M4,1,Apple M4,16.0,28,43,71,0.0001161193001526416,0,8,512,42,15.6.1,0.3.21,3.13.5
2026-06-20T18:56:01.579152,qwen2.5-7b,q4,cpu,4,A bat and ball cost $1.10. The bat costs $1 more than the ball. How much does the ball cost?,Zheng et al. 2023,2,28.093640089035034,185,6.585120312415678,1.586331511509033,0.0,2.5364923617997492,0.012379396262841586,0.0,0.019794250972496832,0.03217364723533843,7.642849900754643e-07,0.7642849900754642,26,28.093640089035034,PRY,10,Apple M4,1,Apple M4,16.0,28,185,213,0.000173911606677505,0,8,512,42,15.6.1,0.3.21,3.13.5
2026-06-20T18:56:34.324115,qwen2.5-7b,q4,cpu,4,A bat and ball cost $1.10. The bat costs $1 more than the ball. How much does the ball cost?,Zheng et al. 2023,3,26.121166229248047,185,7.082379032252176,1.7516721071015369,0.001250569217538423,2.502382720064796,0.01270992174687123,9.07397955902828e-06,0.018156987500002893,0.030875983226433156,7.334589815439196e-07,0.7334589815439195,26,26.121166229248047,PRY,10,Apple M4,1,Apple M4,16.0,28,185,213,0.0001668972066293684,0,8,512,42,15.6.1,0.3.21,3.13.5
2026-06-20T18:57:05.306789,qwen2.5-7b,q4,cpu,4,A bat and ball cost $1.10. The bat costs $1 more than the ball. How much does the ball cost?,Zheng et al. 2023,4,26.32113790512085,185,7.0285715103528155,1.726100114563354,0.0,2.50286335881336,0.012620255320407482,0.0,0.01829950322916678,0.030919758549574263,7.344988643451365e-07,0.7344988643451366,26,26.32113790512085,PRY,10,Apple M4,1,Apple M4,16.0,28,185,213,0.00016713382999769872,0,8,512,42,15.6.1,0.3.21,3.13.5
2026-06-20T18:57:38.539529,qwen2.5-7b,q4,cpu,4,A bat and ball cost $1.10. The bat costs $1 more than the ball. How much does the ball cost?,Zheng et al. 2023,5,26.565022945404053,185,6.964044427148006,1.6852203530444871,0.0,2.517123644591508,0.012435532596302422,0.0,0.018574290937497913,0.031009823533800333,7.366383580454268e-07,0.7366383580454268,26,26.565022945404053,PRY,10,Apple M4,1,Apple M4,16.0,28,185,213,0.00016762066775027207,0,8,512,42,15.6.1,0.3.21,3.13.5
2026-06-20T18:58:12.247908,qwen2.5-7b,q4,cpu,4,A bat and ball cost $1.10. The bat costs $1 more than the ball. How much does the ball cost?,Zheng et al. 2023,6,28.008389949798584,185,6.605163678868673,1.6124721871416037,0.0,2.5343884457918717,0.012545208277962953,0.0,0.019717816631667422,0.03226302490963038,7.664081567282696e-07,0.7664081567282697,26,28.008389949798584,PRY,10,Apple M4,1,Apple M4,16.0,28,185,213,0.0001743947292412453,0,8,512,42,15.6.1,0.3.21,3.13.5
2026-06-20T18:58:45.849364,qwen2.5-7b,q4,cpu,4,A bat and ball cost $1.10. The bat costs $1 more than the ball. How much does the ball cost?,Zheng et al. 2023,7,26.96681785583496,185,6.86028292210868,1.6822843832356358,0.0,2.5220305696278205,0.012601626817897513,0.0,0.01889198305500031,0.03149360987289782,7.481307025306877e-07,0.7481307025306877,26,26.96681785583496,PRY,10,Apple M4,1,Apple M4,16.0,28,185,213,0.00017023572904269093,0,8,512,42,15.6.1,0.3.21,3.13.5
2026-06-20T18:59:18.211334,qwen2.5-7b,q4,cpu,4,A bat and ball cost $1.10. The bat costs $1 more than the ball. How much does the ball cost?,Zheng et al. 2023,8,27.644390106201172,185,6.6921353406346595,1.6517428954377666,0.0,2.523736931253607,0.012683729154618854,0.0,0.019379768959167147,0.032063498113786,7.616683976929863e-07,0.7616683976929863,26,27.644390106201172,PRY,10,Apple M4,1,Apple M4,16.0,28,185,213,0.00017331620602046484,0,8,512,42,15.6.1,0.3.21,3.13.5
2026-06-20T18:59:53.563902,qwen2.5-7b,q4,cpu,4,A bat and ball cost $1.10. The bat costs $1 more than the ball. How much does the ball cost?,Zheng et al. 2023,9,28.68564200401306,185,6.4492194378678676,1.5669663842393997,0.0,2.5480206697751138,0.01248595464739283,0.0,0.020303224653331804,0.03278917930072464,7.789069542887137e-07,0.7789069542887137,26,28.68564200401306,PRY,10,Apple M4,1,Apple M4,16.0,28,185,213,0.000177238807030944,0,8,512,42,15.6.1,0.3.21,3.13.5
2026-06-20T19:00:25.872262,qwen2.5-7b,q4,cpu,4,A bat and ball cost $1.10. The bat costs $1 more than the ball. How much does the ball cost?,Zheng et al. 2023,10,27.572044849395752,185,6.709694584152482,1.6460120979306208,0.0,2.5324429735769067,0.01260664427410863,0.0,0.01939573090166656,0.03200237517577519,7.602164223005397e-07,0.7602164223005397,26,27.572044849395752,PRY,10,Apple M4,1,Apple M4,16.0,28,185,213,0.000172985811760947,0,8,512,42,15.6.1,0.3.21,3.13.5
2026-06-20T19:01:12.476307,qwen2.5-7b,q4,cpu,5,Three switches control three light bulbs in another room. You can only enter the room once. How do y,Zheng et al. 2023,1,39.812723875045776,256,6.43010512929155,1.9278132074174334,0.0,2.342167922086319,0.021319859697104617,0.0,0.0259022457641701,0.04722210546127472,1.121761115232581e-06,1.1217611152325808,26,39.812723875045776,PRY,10,Apple M4,1,Apple M4,16.0,28,256,284,0.00018446134945810438,0,8,512,42,15.6.1,0.3.21,3.13.5
2026-06-20T19:01:57.060331,qwen2.5-7b,q4,cpu,5,Three switches control three light bulbs in another room. You can only enter the room once. How do y,Zheng et al. 2023,2,39.84656882286072,256,6.424643515431824,1.970456467189635,0.0,2.3465021396109513,0.021809980342311883,0.0,0.025972238610832695,0.04778221895314458,1.1350666112319494e-06,1.1350666112319494,26,39.84656882286072,PRY,10,Apple M4,1,Apple M4,16.0,28,256,284,0.000186649292785721,0,8,512,42,15.6.1,0.3.21,3.13.5
2026-06-20T19:02:43.089853,qwen2.5-7b,q4,cpu,5,Three switches control three light bulbs in another room. You can only enter the room once. How do y,Zheng et al. 2023,3,39.32245230674744,256,6.510275554611642,1.9330899567552509,0.0,2.3346039632996174,0.021114954896989117,0.0,0.02550065361166465,0.04661560850865377,1.1073537801230703e-06,1.1073537801230704,26,39.32245230674744,PRY,10,Apple M4,1,Apple M4,16.0,28,256,284,0.00018209222073692878,0,8,512,42,15.6.1,0.3.21,3.13.5
2026-06-20T19:03:27.296666,qwen2.5-7b,q4,cpu,5,Three switches control three light bulbs in another room. You can only enter the room once. How do y,Zheng et al. 2023,4,39.49933123588562,256,6.481122388406944,1.92498922590817,0.0,2.3430042985619908,0.02112105196101607,0.0,0.025707528576667756,0.04682858053768383,1.1124129306726793e-06,1.1124129306726793,26,39.49933123588562,PRY,10,Apple M4,1,Apple M4,16.0,28,256,284,0.00018292414272532746,0,8,512,42,15.6.1,0.3.21,3.13.5
2026-06-20T19:04:16.712186,qwen2.5-7b,q4,cpu,5,Three switches control three light bulbs in another room. You can only enter the room once. How do y,Zheng et al. 2023,5,42.71826410293579,256,5.992752874581496,1.7313443524197223,0.0,2.390830951274044,0.020544451472164455,0.0,0.028370041111666067,0.04891449258383052,1.161963771328894e-06,1.161963771328894,26,42.71826410293579,PRY,10,Apple M4,1,Apple M4,16.0,28,256,284,0.00019107223665558798,0,8,512,42,15.6.1,0.3.21,3.13.5
2026-06-20T19:05:02.579118,qwen2.5-7b,q4,cpu,5,Three switches control three light bulbs in another room. You can only enter the room once. How do y,Zheng et al. 2023,6,41.14071297645569,256,6.222546511201825,1.8806498514249814,0.0,2.3669587334019857,0.021492021040747,0.0,0.027049547188335053,0.04854156822908205,1.1531049532818442e-06,1.1531049532818443,26,41.14071297645569,PRY,10,Apple M4,1,Apple M4,16.0,28,256,284,0.00018961550089485177,0,8,512,42,15.6.1,0.3.21,3.13.5
2026-06-20T19:05:50.811074,qwen2.5-7b,q4,cpu,5,Three switches control three light bulbs in another room. You can only enter the room once. How do y,Zheng et al. 2023,7,41.53597903251648,256,6.163331308492576,1.834240039573593,0.0,2.375926345560527,0.021163043284536377,0.0,0.027412896353334874,0.04857593963787124,1.1539214460976313e-06,1.1539214460976313,26,41.53597903251648,PRY,10,Apple M4,1,Apple M4,16.0,28,256,284,0.00018974976421043453,0,8,512,42,15.6.1,0.3.21,3.13.5
2026-06-20T19:06:36.211604,qwen2.5-7b,q4,cpu,5,Three switches control three light bulbs in another room. You can only enter the room once. How do y,Zheng et al. 2023,8,40.636528968811035,256,6.299750655290532,1.8801027729072561,0.0,2.3663057953053044,0.021222458554329908,0.0,0.026710681666663735,0.04793314022099364,1.138651745949704e-06,1.1386517459497039,26,40.636528968811035,PRY,10,Apple M4,1,Apple M4,16.0,28,256,284,0.0001872388289882564,0,8,512,42,15.6.1,0.3.21,3.13.5
2026-06-20T19:07:23.621836,qwen2.5-7b,q4,cpu,5,Three switches control three light bulbs in another room. You can only enter the room once. How do y,Zheng et al. 2023,9,40.68715691566467,256,6.291911733489524,1.8431169285114333,0.0,2.362368466866241,0.02083088546785072,0.0,0.02669946014000137,0.04753034560785209,1.1290833599145264e-06,1.1290833599145265,26,40.68715691566467,PRY,10,Apple M4,1,Apple M4,16.0,28,256,284,0.00018566541253067223,0,8,512,42,15.6.1,0.3.21,3.13.5
2026-06-20T19:08:09.762491,qwen2.5-7b,q4,cpu,5,Three switches control three light bulbs in another room. You can only enter the room once. How do y,Zheng et al. 2023,10,41.43163800239563,256,6.178852981511321,1.8194254619139663,0.0,2.376580030297127,0.020939382530655807,0.0,0.027351556527498058,0.04829093905815386,1.147151257326445e-06,1.1471512573264449,26,41.43163800239563,PRY,10,Apple M4,1,Apple M4,16.0,28,256,284,0.00018863648069591352,0,8,512,42,15.6.1,0.3.21,3.13.5
2026-06-20T19:08:39.498896,qwen2.5-7b,q4,cpu,6,"Given that f(x) = 4x³ - 9x - 14, find the value of f(2).",Zheng et al. 2023,1,23.018966913223267,137,5.9516137503677555,1.8810071578952194,0.0,2.4387459572199663,0.012027455980868386,0.0,0.015593725694167615,0.027621181675036004,6.561411706904802e-07,0.6561411706904802,26,23.018966913223267,PRY,10,Apple M4,1,Apple M4,16.0,27,137,164,0.0002016144647812847,0,8,512,42,15.6.1,0.3.21,3.13.5
2026-06-20T19:09:06.140468,qwen2.5-7b,q4,cpu,6,"Given that f(x) = 4x³ - 9x - 14, find the value of f(2).",Zheng et al. 2023,2,21.91309094429016,137,6.25197058453763,2.001404780207205,0.0,2.4105550139995677,0.012182490268060429,0.0,0.014672975346663102,0.026855465614723534,6.379515856777575e-07,0.6379515856777576,26,21.91309094429016,PRY,10,Apple M4,1,Apple M4,16.0,27,137,164,0.00019602529645783602,0,8,512,42,15.6.1,0.3.21,3.13.5
2026-06-20T19:09:34.847594,qwen2.5-7b,q4,cpu,6,"Given that f(x) = 4x³ - 9x - 14, find the value of f(2).",Zheng et al. 2023,3,22.005064964294434,137,6.225839379356395,1.9617536137913587,0.0,2.397299262038052,0.011991254365393951,0.0,0.014653535000000679,0.02664478936539463,6.329469713749494e-07,0.6329469713749495,26,22.005064964294434,PRY,10,Apple M4,1,Apple M4,16.0,27,137,164,0.0001944875136160192,0,8,512,42,15.6.1,0.3.21,3.13.5
2026-06-20T19:10:03.651945,qwen2.5-7b,q4,cpu,6,"Given that f(x) = 4x³ - 9x - 14, find the value of f(2).",Zheng et al. 2023,4,24.091437101364136,137,5.686667815771049,1.808452010146312,0.0,2.4570098651623904,0.01210227995924317,0.0,0.016442471839997475,0.028544751799240643,6.780805789909614e-07,0.6780805789909614,26,24.091437101364136,PRY,10,Apple M4,1,Apple M4,16.0,27,137,164,0.00020835585254920177,0,8,512,42,15.6.1,0.3.21,3.13.5
2026-06-20T19:10:32.454253,qwen2.5-7b,q4,cpu,6,"Given that f(x) = 4x³ - 9x - 14, find the value of f(2).",Zheng et al. 2023,5,22.054820775985718,137,6.2117938473193925,1.9606510074985761,0.0,2.4097004365084507,0.012011612937399146,0.0,0.01476264201416901,0.02677425495156815,6.360224263745014e-07,0.6360224263745013,26,22.054820775985718,PRY,10,Apple M4,1,Apple M4,16.0,27,137,164,0.00019543251789465803,0,8,512,42,15.6.1,0.3.21,3.13.5
2026-06-20T19:10:59.194249,qwen2.5-7b,q4,cpu,6,"Given that f(x) = 4x³ - 9x - 14, find the value of f(2).",Zheng et al. 2023,6,22.043095111846924,137,6.215098165881896,2.002977692981196,0.0,2.4098226159926335,0.012264396609247842,0.0,0.014755541424168163,0.027019938033416003,6.418586279837971e-07,0.6418586279837971,26,22.043095111846924,PRY,10,Apple M4,1,Apple M4,16.0,27,137,164,0.00019722582506143067,0,8,512,42,15.6.1,0.3.21,3.13.5
2026-06-20T19:11:27.812110,qwen2.5-7b,q4,cpu,6,"Given that f(x) = 4x³ - 9x - 14, find the value of f(2).",Zheng et al. 2023,7,21.906610012054443,137,6.253820190554983,1.9989793738229482,0.0,2.415848594186333,0.01216412821235559,0.0,0.014700848055836106,0.026864976268191693,6.381775112508936e-07,0.6381775112508936,26,21.906610012054443,PRY,10,Apple M4,1,Apple M4,16.0,27,137,164,0.00019609471728607075,0,8,512,42,15.6.1,0.3.21,3.13.5
2026-06-20T19:11:56.136523,qwen2.5-7b,q4,cpu,6,"Given that f(x) = 4x³ - 9x - 14, find the value of f(2).",Zheng et al. 2023,8,23.582213163375854,137,5.8094632192014375,1.9142941834488931,0.0,2.445764233340855,0.012539803747639534,0.0,0.01602125930500127,0.028561063052640806,6.784680528154823e-07,0.6784680528154823,26,23.582213163375854,PRY,10,Apple M4,1,Apple M4,16.0,27,137,164,0.00020847491279299857,0,8,512,42,15.6.1,0.3.21,3.13.5
2026-06-20T19:12:24.598276,qwen2.5-7b,q4,cpu,6,"Given that f(x) = 4x³ - 9x - 14, find the value of f(2).",Zheng et al. 2023,9,21.73994493484497,137,6.301763891794189,1.9850099157411558,0.0,2.3896153673198817,0.011987223962037217,0.0,0.01443058513916488,0.026417809101202096,6.275550551990558e-07,0.6275550551990557,26,21.73994493484497,PRY,10,Apple M4,1,Apple M4,16.0,27,137,164,0.00019283072336643864,0,8,512,42,15.6.1,0.3.21,3.13.5
2026-06-20T19:12:51.895676,qwen2.5-7b,q4,cpu,6,"Given that f(x) = 4x³ - 9x - 14, find the value of f(2).",Zheng et al. 2023,10,22.582170963287354,137,6.066732920529466,1.9181059295632505,0.0,2.4152219172225324,0.012031943340859037,0.0,0.015150265069166079,0.027182208410025114,6.457133607801466e-07,0.6457133607801465,26,22.582170963287354,PRY,10,Apple M4,1,Apple M4,16.0,27,137,164,0.0001984102803651468,0,8,512,42,15.6.1,0.3.21,3.13.5
2026-06-20T19:13:41.171143,qwen2.5-7b,q4,cpu,7,"Calculate the compound interest on $10,000 at 5% annual rate over 3 years.",Zheng et al. 2023,1,42.56036424636841,256,6.014986115205628,1.7647160913715205,0.0,2.3867376677505834,0.020863044344499853,0.0,0.02821678458333129,0.04907982892783116,1.165891336180629e-06,1.165891336180629,26,42.56036424636841,PRY,10,Apple M4,1,Apple M4,16.0,23,256,279,0.00019171808174934046,0,8,512,42,15.6.1,0.3.21,3.13.5
2026-06-20T19:14:28.398308,qwen2.5-7b,q4,cpu,7,"Calculate the compound interest on $10,000 at 5% annual rate over 3 years.",Zheng et al. 2023,2,42.501282930374146,256,6.023347587398261,1.7789072106570598,0.0,2.3909643514401107,0.02100162185194955,0.0,0.028227514549165184,0.04922913640111473,1.1694381352084804e-06,1.1694381352084804,26,42.501282930374146,PRY,10,Apple M4,1,Apple M4,16.0,23,256,279,0.00019230131406685442,0,8,512,42,15.6.1,0.3.21,3.13.5
2026-06-20T19:15:17.360580,qwen2.5-7b,q4,cpu,7,"Calculate the compound interest on $10,000 at 5% annual rate over 3 years.",Zheng et al. 2023,3,42.22091794013977,256,6.063345196875,1.780113434469587,0.0,2.376080383075161,0.020877228678022445,0.0,0.027866748575831178,0.04874397725385362,1.1579131796652927e-06,1.1579131796652928,26,42.22091794013977,PRY,10,Apple M4,1,Apple M4,16.0,23,256,279,0.0001904061611478657,0,8,512,42,15.6.1,0.3.21,3.13.5
2026-06-20T19:16:05.835291,qwen2.5-7b,q4,cpu,7,"Calculate the compound interest on $10,000 at 5% annual rate over 3 years.",Zheng et al. 2023,4,43.735000133514404,256,5.853435445718122,1.7272185575261754,0.0,2.4118160095343146,0.020983306623337732,0.0,0.02930021486083206,0.050283521484169785,1.1944850528564532e-06,1.1944850528564532,26,43.735000133514404,PRY,10,Apple M4,1,Apple M4,16.0,23,256,279,0.00019642000579753822,0,8,512,42,15.6.1,0.3.21,3.13.5
2026-06-20T19:16:55.275948,qwen2.5-7b,q4,cpu,7,"Calculate the compound interest on $10,000 at 5% annual rate over 3 years.",Zheng et al. 2023,5,42.7722749710083,256,5.985185500970446,1.7464701425323048,0.0,2.3994906238107103,0.02075013921251328,0.0,0.02850879798666332,0.04925893719917659,1.1701460531664398e-06,1.1701460531664398,26,42.7722749710083,PRY,10,Apple M4,1,Apple M4,16.0,23,256,279,0.00019241772343428355,0,8,512,42,15.6.1,0.3.21,3.13.5
2026-06-20T19:17:42.769390,qwen2.5-7b,q4,cpu,7,"Calculate the compound interest on $10,000 at 5% annual rate over 3 years.",Zheng et al. 2023,6,42.7716498374939,256,5.985272978074107,1.7348669871206388,0.0,2.386026012902055,0.020611978691042223,0.0,0.02834840809083289,0.048960386781875115,1.1630539880034433e-06,1.1630539880034432,26,42.7716498374939,PRY,10,Apple M4,1,Apple M4,16.0,23,256,279,0.00019125151086669967,0,8,512,42,15.6.1,0.3.21,3.13.5
2026-06-20T19:18:32.947081,qwen2.5-7b,q4,cpu,7,"Calculate the compound interest on $10,000 at 5% annual rate over 3 years.",Zheng et al. 2023,7,43.46002411842346,256,5.8904707301227,1.6990117173127985,0.0,2.3985571308000306,0.02051085839219397,0.0,0.028955930764996085,0.04946678915719006,1.1750835764290498e-06,1.17508357642905,26,43.46002411842346,PRY,10,Apple M4,1,Apple M4,16.0,23,256,279,0.00019322964514527366,0,8,512,42,15.6.1,0.3.21,3.13.5
2026-06-20T19:19:32.790140,qwen2.5-7b,q4,cpu,7,"Calculate the compound interest on $10,000 at 5% annual rate over 3 years.",Zheng et al. 2023,8,55.126190185546875,256,4.643890665005882,1.9636518718705804,0.0,2.2833018448459232,0.03006906848526187,0.0,0.034963814374996224,0.06503288286025809,1.5448561323454305e-06,1.5448561323454306,26,55.126190185546875,PRY,10,Apple M4,1,Apple M4,16.0,23,256,279,0.00025403469867288315,0,8,512,42,15.6.1,0.3.21,3.13.5
2026-06-20T19:20:26.022717,qwen2.5-7b,q4,cpu,7,"Calculate the compound interest on $10,000 at 5% annual rate over 3 years.",Zheng et al. 2023,9,46.516958236694336,256,5.503369302381803,1.9347120240929632,0.0,3.1315967610515023,0.024999144006878537,0.0,0.040464543263333326,0.06546368727021187,1.5550898911038829e-06,1.5550898911038828,26,46.516958236694336,PRY,10,Apple M4,1,Apple M4,16.0,23,256,279,0.00025571752839926513,0,8,512,42,15.6.1,0.3.21,3.13.5
2026-06-20T19:21:13.961032,qwen2.5-7b,q4,cpu,7,"Calculate the compound interest on $10,000 at 5% annual rate over 3 years.",Zheng et al. 2023,10,43.23145008087158,256,5.92161492434581,1.7165852426308283,0.0,2.3916637698615584,0.02061401922954319,0.0,0.028720859132499752,0.04933487836204295,1.17195003549033e-06,1.17195003549033,26,43.23145008087158,PRY,10,Apple M4,1,Apple M4,16.0,23,256,279,0.00019271436860173027,0,8,512,42,15.6.1,0.3.21,3.13.5
2026-06-20T19:21:54.260653,qwen2.5-7b,q4,cpu,8,What is the area of a circle with radius 7 cm?,Zheng et al. 2023,1,33.55910301208496,183,5.453065891960817,2.2272149656741402,0.0,3.5571391302685487,0.02076203790642104,0.0,0.03315955513916681,0.05392159304558785,1.2809074427979393e-06,1.2809074427979392,26,33.55910301208496,PRY,10,Apple M4,1,Apple M4,16.0,13,183,196,0.00029465351391031613,0,8,512,42,15.6.1,0.3.21,3.13.5
2026-06-20T19:22:35.279373,qwen2.5-7b,q4,cpu,8,What is the area of a circle with radius 7 cm?,Zheng et al. 2023,2,36.32223677635193,183,5.038235974474583,2.053137589948983,0.0,2.278034489987107,0.020715152687932087,0.0,0.0229842522583355,0.04369940494626759,1.0380793644985864e-06,1.0380793644985864,26,36.32223677635193,PRY,10,Apple M4,1,Apple M4,16.0,13,183,196,0.00023879456254791032,0,8,512,42,15.6.1,0.3.21,3.13.5
2026-06-20T19:23:12.429097,qwen2.5-7b,q4,cpu,8,What is the area of a circle with radius 7 cm?,Zheng et al. 2023,3,30.47470784187317,183,6.00497963588522,2.828489194578558,0.0,3.613850445143689,0.023943717177410194,0.0,0.030591954583327002,0.05453567176073719,1.295494882676312e-06,1.295494882676312,26,30.47470784187317,PRY,10,Apple M4,1,Apple M4,16.0,13,183,196,0.0002980091353045748,0,8,512,42,15.6.1,0.3.21,3.13.5
2026-06-20T19:23:50.244770,qwen2.5-7b,q4,cpu,8,What is the area of a circle with radius 7 cm?,Zheng et al. 2023,4,33.11116909980774,183,5.526835958234486,2.299116410316757,0.0,3.5648074714972857,0.02114623117837253,0.0,0.032787484165834636,0.05393371534420717,1.281195408001641e-06,1.281195408001641,26,33.11116909980774,PRY,10,Apple M4,1,Apple M4,16.0,13,183,196,0.00029471975597927417,0,8,512,42,15.6.1,0.3.21,3.13.5
2026-06-20T19:24:28.040892,qwen2.5-7b,q4,cpu,8,What is the area of a circle with radius 7 cm?,Zheng et al. 2023,5,31.133404970169067,183,5.877930800545078,2.1649434619445413,0.0,3.612765712930402,0.018722794871733114,0.0,0.031243805000834377,0.04996659987256749,1.1869565799728406e-06,1.1869565799728405,26,31.133404970169067,PRY,10,Apple M4,1,Apple M4,16.0,13,183,196,0.0002730415293582923,0,8,512,42,15.6.1,0.3.21,3.13.5
2026-06-20T19:25:04.865404,qwen2.5-7b,q4,cpu,8,What is the area of a circle with radius 7 cm?,Zheng et al. 2023,6,31.170224905014038,183,5.870987474670503,2.0268587109006777,0.0,3.6060097647203624,0.017549344963739152,0.0,0.031222259826669572,0.04877160479040871,1.1585694717961588e-06,1.1585694717961588,26,31.170224905014038,PRY,10,Apple M4,1,Apple M4,16.0,13,183,196,0.00026651150158693283,0,8,512,42,15.6.1,0.3.21,3.13.5
2026-06-20T19:25:42.981571,qwen2.5-7b,q4,cpu,8,What is the area of a circle with radius 7 cm?,Zheng et al. 2023,7,31.44402313232422,183,5.819865964030455,1.7876252576806848,0.0,3.5913145846124155,0.015613924987344025,0.0,0.031368160798335036,0.04698208578567906,1.116059447838806e-06,1.1160594478388062,26,31.44402313232422,PRY,10,Apple M4,1,Apple M4,16.0,13,183,196,0.000256732709211361,0,8,512,42,15.6.1,0.3.21,3.13.5
2026-06-20T19:26:19.308875,qwen2.5-7b,q4,cpu,8,What is the area of a circle with radius 7 cm?,Zheng et al. 2023,8,31.619840145111084,183,5.787505539565311,1.7664034863228208,0.0,3.594695651729048,0.01551483218591514,0.0,0.03157325052166622,0.047088082707581365,1.1185774047185952e-06,1.1185774047185952,26,31.619840145111084,PRY,10,Apple M4,1,Apple M4,16.0,13,183,196,0.0002573119273638326,0,8,512,42,15.6.1,0.3.21,3.13.5
2026-06-20T19:26:56.790498,qwen2.5-7b,q4,cpu,8,What is the area of a circle with radius 7 cm?,Zheng et al. 2023,9,30.81799292564392,183,5.938089493418116,2.264234292371025,0.0,3.617287205334137,0.019383099001191836,0.0,0.030965980973336023,0.05034907997452786,1.1960423947949092e-06,1.1960423947949093,26,30.81799292564392,PRY,10,Apple M4,1,Apple M4,16.0,13,183,196,0.00027513158456026154,0,8,512,42,15.6.1,0.3.21,3.13.5
2026-06-20T19:27:33.398199,qwen2.5-7b,q4,cpu,8,What is the area of a circle with radius 7 cm?,Zheng et al. 2023,10,31.881489276885986,183,5.740007890179541,1.762156158057944,0.0,3.6014739893991496,0.015605600738145264,0.0,0.03189454288167022,0.04750014361981549,1.128365911688717e-06,1.128365911688717,26,31.881489276885986,PRY,10,Apple M4,1,Apple M4,16.0,13,183,196,0.00025956362633778956,0,8,512,42,15.6.1,0.3.21,3.13.5
2026-06-20T19:27:55.701464,qwen2.5-7b,q4,cpu,9,Solve for x: 2x + 5 = 15,Zheng et al. 2023,1,15.61232304573059,86,5.508469159143995,3.926758833402493,0.0,5.884823817050055,0.017029396508265533,0.0,0.0255210473608319,0.04255044386909743,1.0107857941104095e-06,1.0107857941104095,26,15.61232304573059,PRY,10,Apple M4,1,Apple M4,16.0,15,86,101,0.00049477260312904,0,8,512,42,15.6.1,0.3.21,3.13.5
2026-06-20T19:28:14.540814,qwen2.5-7b,q4,cpu,9,Solve for x: 2x + 5 = 15,Zheng et al. 2023,2,14.118314027786255,86,6.0913788877867,0.04520183958184388,0.0,3.0000973499844013,0.000177270490513914,0.0,0.011765643472502538,0.01194291396301645,2.8370392119145577e-07,0.28370392119145577,26,14.118314027786255,PRY,10,Apple M4,1,Apple M4,16.0,15,86,101,0.00013887109259321455,0,8,512,42,15.6.1,0.3.21,3.13.5
2026-06-20T19:28:32.799644,qwen2.5-7b,q4,cpu,9,Solve for x: 2x + 5 = 15,Zheng et al. 2023,3,14.570320844650269,86,5.90240948822869,0.04380137626474343,0.0,3.000072430872171,0.00017727780711515576,0.0,0.012142227187499277,0.012319504994614433,2.926498411470658e-07,0.2926498411470658,26,14.570320844650269,PRY,10,Apple M4,1,Apple M4,16.0,15,86,101,0.000143250058076912,0,8,512,42,15.6.1,0.3.21,3.13.5
2026-06-20T19:28:52.933270,qwen2.5-7b,q4,cpu,9,Solve for x: 2x + 5 = 15,Zheng et al. 2023,4,13.325577974319458,86,6.453753838350269,0.08930414302989843,0.0,3.000115225774509,0.0003305637003818581,0.0,0.011105074825833679,0.011435638526215536,2.7165359319025004e-07,0.27165359319025006,26,13.325577974319458,PRY,10,Apple M4,1,Apple M4,16.0,15,86,101,0.00013297254100250622,0,8,512,42,15.6.1,0.3.21,3.13.5
2026-06-20T19:29:11.575110,qwen2.5-7b,q4,cpu,9,Solve for x: 2x + 5 = 15,Zheng et al. 2023,5,13.916539907455444,86,6.179697006001299,0.041701284498176935,0.0,3.0000685805266905,0.00016120488608639788,0.0,0.011597381701667471,0.01175858658775387,2.793252243920931e-07,0.2793252243920931,26,13.916539907455444,PRY,10,Apple M4,1,Apple M4,16.0,15,86,101,0.00013672775102039383,0,8,512,42,15.6.1,0.3.21,3.13.5
2026-06-20T19:29:29.678336,qwen2.5-7b,q4,cpu,9,Solve for x: 2x + 5 = 15,Zheng et al. 2023,6,14.39225721359253,86,5.975435174878526,0.046100870827942474,0.0,3.0000332979894786,0.00018430433075732012,0.0,0.011993680798335238,0.012177985129092558,2.892880367415937e-07,0.2892880367415937,26,14.39225721359253,PRY,10,Apple M4,1,Apple M4,16.0,15,86,101,0.0001416044782452623,0,8,512,42,15.6.1,0.3.21,3.13.5
2026-06-20T19:29:51.153386,qwen2.5-7b,q4,cpu,9,Solve for x: 2x + 5 = 15,Zheng et al. 2023,7,14.728450059890747,86,5.839039386377763,0.04430160773019067,0.0,3.0000853159244936,0.00018124833806305087,0.0,0.01227405743083485,0.012455305768897902,2.9587578854016963e-07,0.29587578854016966,26,14.728450059890747,PRY,10,Apple M4,1,Apple M4,16.0,15,86,101,0.00014482913684765,0,8,512,42,15.6.1,0.3.21,3.13.5
2026-06-20T19:30:09.590911,qwen2.5-7b,q4,cpu,9,Solve for x: 2x + 5 = 15,Zheng et al. 2023,8,13.715430974960327,86,6.270309708605329,0.04420118131637601,0.0,3.0000560462973715,0.00016839951426568365,0.0,0.011429739340001107,0.01159813885426679,2.755137884831076e-07,0.2755137884831076,26,13.715430974960327,PRY,10,Apple M4,1,Apple M4,16.0,15,86,101,0.00013486207970077663,0,8,512,42,15.6.1,0.3.21,3.13.5
2026-06-20T19:30:28.068450,qwen2.5-7b,q4,cpu,9,Solve for x: 2x + 5 = 15,Zheng et al. 2023,9,14.75612187385559,86,5.8280895709035825,0.04640089499485305,0.0,3.0000324614037215,0.00019019368377778544,0.0,0.012296901284998968,0.012487094968776754,2.9663094098329175e-07,0.29663094098329174,26,14.75612187385559,PRY,10,Apple M4,1,Apple M4,16.0,15,86,101,0.00014519877870670643,0,8,512,42,15.6.1,0.3.21,3.13.5
2026-06-20T19:30:47.680281,qwen2.5-7b,q4,cpu,9,Solve for x: 2x + 5 = 15,Zheng et al. 2023,10,12.83733606338501,86,6.69920921095861,0.04540188976969507,0.0,3.0000910865649733,0.00016189981024620486,0.0,0.010698104860833458,0.010860004671079662,2.5797941096149734e-07,0.25797941096149735,26,12.83733606338501,PRY,10,Apple M4,1,Apple M4,16.0,15,86,101,0.00012627912408232165,0,8,512,42,15.6.1,0.3.21,3.13.5
2026-06-20T19:31:25.105615,qwen2.5-7b,q4,cpu,10,"If the probability of rain is 30%, what is the probability of no rain?",Zheng et al. 2023,1,33.06448984146118,256,7.742445179934066,7.127376264024658,0.08335182718400555,3.5751636443446118,0.06546196113280968,0.0007655515675535499,0.0328363783333316,0.09906389103369483,2.3532627315054203e-06,2.35326273150542,26,33.06448984146118,PRY,10,Apple M4,1,Apple M4,16.0,18,256,274,0.0003869683243503704,0,8,512,42,15.6.1,0.3.21,3.13.5
2026-06-20T19:31:43.847582,qwen2.5-7b,q4,cpu,10,"If the probability of rain is 30%, what is the probability of no rain?",Zheng et al. 2023,2,12.390593767166138,256,20.66083392051598,0.07327109910530148,0.0,2.9988012235100934,0.00025218678441321136,0.0,0.010321368819165098,0.010573555603578309,2.5117481336300273e-07,0.25117481336300274,26,12.390593767166138,PRY,10,Apple M4,1,Apple M4,16.0,18,256,274,4.130295157647777e-05,0,8,512,42,15.6.1,0.3.21,3.13.5
2026-06-20T19:31:59.695565,qwen2.5-7b,q4,cpu,10,"If the probability of rain is 30%, what is the probability of no rain?",Zheng et al. 2023,3,11.486801147460938,256,22.286448308246957,0.051994369142877216,0.0,2.9996571657907345,0.0001659024942033082,0.0,0.009571240381665121,0.009737142875868429,2.3130582901625452e-07,0.23130582901625452,26,11.486801147460938,PRY,10,Apple M4,1,Apple M4,16.0,18,256,274,3.803571435886105e-05,0,8,512,42,15.6.1,0.3.21,3.13.5
2026-06-20T19:32:14.286218,qwen2.5-7b,q4,cpu,10,"If the probability of rain is 30%, what is the probability of no rain?",Zheng et al. 2023,4,11.260599851608276,256,22.73413524799367,0.05409762135257431,0.0,2.999851346300851,0.00016921435193754415,0.0,0.009383368229167292,0.009552582581104837,2.269215992141454e-07,0.2269215992141454,26,11.260599851608276,PRY,10,Apple M4,1,Apple M4,16.0,18,256,274,3.731477570744077e-05,0,8,512,42,15.6.1,0.3.21,3.13.5
2026-06-20T19:32:31.885979,qwen2.5-7b,q4,cpu,10,"If the probability of rain is 30%, what is the probability of no rain?",Zheng et al. 2023,5,11.251430749893188,256,22.75266192278971,0.049300161206313003,0.0,2.9999932675511642,0.0001540825971587226,0.0,0.009376171249999364,0.009530253847158087,2.2639118013924033e-07,0.22639118013924034,26,11.251430749893188,PRY,10,Apple M4,1,Apple M4,16.0,18,256,274,3.722755409046128e-05,0,8,512,42,15.6.1,0.3.21,3.13.5
2026-06-20T19:32:47.483223,qwen2.5-7b,q4,cpu,10,"If the probability of rain is 30%, what is the probability of no rain?",Zheng et al. 2023,6,11.253628015518188,256,22.74821947615372,0.059500928701679535,0.0,3.0000314190631236,0.00018600036616293642,0.0,0.009378121562500988,0.009564121928663925,2.2719571641541155e-07,0.22719571641541156,26,11.253628015518188,PRY,10,Apple M4,1,Apple M4,16.0,18,256,274,3.735985128384346e-05,0,8,512,42,15.6.1,0.3.21,3.13.5
2026-06-20T19:33:02.035131,qwen2.5-7b,q4,cpu,10,"If the probability of rain is 30%, what is the probability of no rain?",Zheng et al. 2023,7,11.227075099945068,256,22.802020804265624,0.05710072656456264,0.0,3.0000196576722455,0.00017807615150049254,0.0,0.009355957221666055,0.009534033373166547,2.2648096277957132e-07,0.22648096277957133,26,11.227075099945068,PRY,10,Apple M4,1,Apple M4,16.0,18,256,274,3.7242317863931824e-05,0,8,512,42,15.6.1,0.3.21,3.13.5
2026-06-20T19:33:19.616838,qwen2.5-7b,q4,cpu,10,"If the probability of rain is 30%, what is the probability of no rain?",Zheng et al. 2023,8,11.23323392868042,256,22.78951917367153,0.05230118097077851,0.0,3.0000511507165264,0.00016319761127527886,0.0,0.009361187881668228,0.009524385492943507,2.26251777384873e-07,0.226251777384873,26,11.23323392868042,PRY,10,Apple M4,1,Apple M4,16.0,18,256,274,3.7204630831810574e-05,0,8,512,42,15.6.1,0.3.21,3.13.5
2026-06-20T19:33:35.225788,qwen2.5-7b,q4,cpu,10,"If the probability of rain is 30%, what is the probability of no rain?",Zheng et al. 2023,9,11.26092529296875,256,22.73347823023431,0.06810282113442076,0.0,3.0001082500823903,0.00021302799473197931,0.0,0.009384443020832502,0.009597471015564482,2.2798792397473423e-07,0.22798792397473422,26,11.26092529296875,PRY,10,Apple M4,1,Apple M4,16.0,18,256,274,3.749012115454876e-05,0,8,512,42,15.6.1,0.3.21,3.13.5
2026-06-20T19:33:49.945338,qwen2.5-7b,q4,cpu,10,"If the probability of rain is 30%, what is the probability of no rain?",Zheng et al. 2023,10,11.384681940078735,256,22.486355029276254,0.07110113883036481,0.0,3.00003156028074,0.0002248510697669681,0.0,0.009487334756665102,0.00971218582643207,2.307129743068938e-07,0.2307129743068938,26,11.384681940078735,PRY,10,Apple M4,1,Apple M4,16.0,18,256,274,3.7938225884500274e-05,0,8,512,42,15.6.1,0.3.21,3.13.5
2026-06-20T19:34:13.904344,qwen2.5-7b,q4,gpu,1,"If all roses are flowers and some flowers fade quickly, can we conclude that some roses fade quickly",Zheng et al. 2023,1,11.967862129211426,256,21.39062075048053,0.05230149107316772,0.0,3.00007623436482,0.0001738713984210704,0.0,0.009973471875000542,0.010147343273421611,2.4105013946013035e-07,0.24105013946013035,26,11.967862129211426,PRY,10,Apple M4,1,Apple M4,16.0,24,256,280,3.963805966180317e-05,-1,8,512,42,15.6.1,0.3.21,3.13.5
2026-06-20T19:34:30.315826,qwen2.5-7b,q4,gpu,1,"If all roses are flowers and some flowers fade quickly, can we conclude that some roses fade quickly",Zheng et al. 2023,2,11.841728925704956,256,21.618464804096156,0.04680108070596019,0.0,3.0000610637089853,0.0001539460308750058,0.0,0.009868308299167742,0.01002225433004275,2.3807865161016548e-07,0.23807865161016548,26,11.841728925704956,PRY,10,Apple M4,1,Apple M4,16.0,24,256,280,3.914943097672949e-05,-1,8,512,42,15.6.1,0.3.21,3.13.5
2026-06-20T19:34:45.693004,qwen2.5-7b,q4,gpu,1,"If all roses are flowers and some flowers fade quickly, can we conclude that some roses fade quickly",Zheng et al. 2023,3,11.834041118621826,256,21.63250891507916,0.053400442998144435,0.0,3.0000173033985984,0.00017553973283129505,0.0,0.009861757812498885,0.01003729754533018,2.384360031893184e-07,0.2384360031893184,26,11.834041118621826,PRY,10,Apple M4,1,Apple M4,16.0,24,256,280,3.920819353644601e-05,-1,8,512,42,15.6.1,0.3.21,3.13.5
2026-06-20T19:35:04.108167,qwen2.5-7b,q4,gpu,1,"If all roses are flowers and some flowers fade quickly, can we conclude that some roses fade quickly",Zheng et al. 2023,4,11.847276210784912,256,21.608342326564138,0.05620182097708373,0.0,3.00008881717812,0.00018495513796238793,0.0,0.00987302246499894,0.010057977602961328,2.3892725795834635e-07,0.23892725795834635,26,11.847276210784912,PRY,10,Apple M4,1,Apple M4,16.0,24,256,280,3.9288975011567686e-05,-1,8,512,42,15.6.1,0.3.21,3.13.5
2026-06-20T19:35:20.486765,qwen2.5-7b,q4,gpu,1,"If all roses are flowers and some flowers fade quickly, can we conclude that some roses fade quickly",Zheng et al. 2023,5,11.83735203742981,256,21.626458281423563,0.05070095567565536,0.0,3.0000477840577933,0.00016671251693523817,0.0,0.009864617152500917,0.010031329669436154,2.3829423629745585e-07,0.23829423629745586,26,11.83735203742981,PRY,10,Apple M4,1,Apple M4,16.0,24,256,280,3.918488152123498e-05,-1,8,512,42,15.6.1,0.3.21,3.13.5
2026-06-20T19:35:35.822660,qwen2.5-7b,q4,gpu,1,"If all roses are flowers and some flowers fade quickly, can we conclude that some roses fade quickly",Zheng et al. 2023,6,11.826616764068604,256,21.646089080841293,0.05510056386700101,0.0,3.0000219384631737,0.0001810147923164186,0.0,0.009855586041667266,0.010036600833983684,2.384194528112824e-07,0.2384194528112824,26,11.826616764068604,PRY,10,Apple M4,1,Apple M4,16.0,24,256,280,3.9205472007748765e-05,-1,8,512,42,15.6.1,0.3.21,3.13.5
2026-06-20T19:35:54.330113,qwen2.5-7b,q4,gpu,1,"If all roses are flowers and some flowers fade quickly, can we conclude that some roses fade quickly",Zheng et al. 2023,7,11.954763174057007,256,21.414058670400497,0.05590146198552103,0.0,3.0000703050163917,0.00018563576086679293,0.0,0.009962536111664425,0.010148171872531217,2.41069822831979e-07,0.24106982283197903,26,11.954763174057007,PRY,10,Apple M4,1,Apple M4,16.0,24,256,280,3.9641296377075065e-05,-1,8,512,42,15.6.1,0.3.21,3.13.5
2026-06-20T19:36:10.702143,qwen2.5-7b,q4,gpu,1,"If all roses are flowers and some flowers fade quickly, can we conclude that some roses fade quickly",Zheng et al. 2023,8,11.83295202255249,256,21.634499955048256,0.05400210596494796,0.0,3.0001039729854977,0.00017750120250000694,0.0,0.009861135104168474,0.01003863630666848,2.384678054649097e-07,0.23846780546490973,26,11.83295202255249,PRY,10,Apple M4,1,Apple M4,16.0,24,256,280,3.921342307292375e-05,-1,8,512,42,15.6.1,0.3.21,3.13.5
2026-06-20T19:36:26.087846,qwen2.5-7b,q4,gpu,1,"If all roses are flowers and some flowers fade quickly, can we conclude that some roses fade quickly",Zheng et al. 2023,9,11.821787118911743,256,21.654932323258254,0.05690073022701612,0.0,3.0000287304496314,0.00018685231101511424,0.0,0.009851583611665167,0.010038435922680281,2.3846304534327007e-07,0.23846304534327006,26,11.821787118911743,PRY,10,Apple M4,1,Apple M4,16.0,24,256,280,3.921264032296985e-05,-1,8,512,42,15.6.1,0.3.21,3.13.5
2026-06-20T19:36:44.539076,qwen2.5-7b,q4,gpu,1,"If all roses are flowers and some flowers fade quickly, can we conclude that some roses fade quickly",Zheng et al. 2023,10,11.867162942886353,256,21.572131539110327,0.052700823658174,0.0,3.0000387451774353,0.00017372479488218638,0.0,0.009889430173331371,0.010063154968213557,2.3905024626991304e-07,0.23905024626991303,26,11.867162942886353,PRY,10,Apple M4,1,Apple M4,16.0,24,256,280,3.930919909458421e-05,-1,8,512,42,15.6.1,0.3.21,3.13.5
2026-06-20T19:36:53.641432,qwen2.5-7b,q4,gpu,2,A farmer has 17 sheep. All but 9 die. How many sheep does the farmer have left? Explain.,Zheng et al. 2023,1,4.509136915206909,94,20.846561496721964,0.035603901826202676,0.0,3.000306434336859,4.4595241124981434e-05,0.0,0.003757997916666985,0.0038025931577919665,9.033060046334815e-08,0.09033060046334815,26,4.509136915206909,PRY,10,Apple M4,1,Apple M4,16.0,25,94,119,4.0453118699914536e-05,-1,8,512,42,15.6.1,0.3.21,3.13.5
2026-06-20T19:37:01.580880,qwen2.5-7b,q4,gpu,2,A farmer has 17 sheep. All but 9 die. How many sheep does the farmer have left? Explain.,Zheng et al. 2023,2,4.387391090393066,94,21.425033251726493,0.027401274230663488,0.0,3.0001084591761247,3.339447400695281e-05,0.0,0.0036562914233339446,0.0036896858973408976,8.764848849133302e-08,0.08764848849133301,26,4.387391090393066,PRY,10,Apple M4,1,Apple M4,16.0,25,94,119,3.925197763128615e-05,-1,8,512,42,15.6.1,0.3.21,3.13.5
2026-06-20T19:37:09.583896,qwen2.5-7b,q4,gpu,2,A farmer has 17 sheep. All but 9 die. How many sheep does the farmer have left? Explain.,Zheng et al. 2023,3,4.39875602722168,94,21.369678022213886,0.14400616719451365,0.0,3.000105579242975,0.00017595777663998883,0.0,0.0036657590274990067,0.003841716804138996,9.125998268232184e-08,0.09125998268232184,26,4.39875602722168,PRY,10,Apple M4,1,Apple M4,16.0,25,94,119,4.086932770360634e-05,-1,8,512,42,15.6.1,0.3.21,3.13.5
2026-06-20T19:37:20.618493,qwen2.5-7b,q4,gpu,2,A farmer has 17 sheep. All but 9 die. How many sheep does the farmer have left? Explain.,Zheng et al. 2023,4,4.422217845916748,94,21.256302442629515,0.04300314385382287,0.0,3.000196923191464,5.2824797272472394e-05,0.0,0.0036854234375005034,0.003738248234772976,8.880208681703203e-08,0.08880208681703203,26,4.422217845916748,PRY,10,Apple M4,1,Apple M4,16.0,25,94,119,3.97685982422657e-05,-1,8,512,42,15.6.1,0.3.21,3.13.5
2026-06-20T19:37:29.598611,qwen2.5-7b,q4,gpu,2,A farmer has 17 sheep. All but 9 die. How many sheep does the farmer have left? Explain.,Zheng et al. 2023,5,4.414137125015259,94,21.29521520011118,0.8487045658390758,0.0,3.000346981960225,0.0010406384256222837,0.0,0.0036788730558328098,0.004719511481455094,1.1211199524196575e-07,0.11211199524196575,26,4.414137125015259,PRY,10,Apple M4,1,Apple M4,16.0,25,94,119,5.0207568951649935e-05,-1,8,512,42,15.6.1,0.3.21,3.13.5
2026-06-20T19:37:37.619815,qwen2.5-7b,q4,gpu,2,A farmer has 17 sheep. All but 9 die. How many sheep does the farmer have left? Explain.,Zheng et al. 2023,6,4.421728134155273,94,21.25865660394287,0.08370373125523703,0.0,3.0001075024338864,0.00010280976206251491,0.0,0.0036849054858339512,0.0037877152478964665,8.997717571378055e-08,0.08997717571378056,26,4.421728134155273,PRY,10,Apple M4,1,Apple M4,16.0,25,94,119,4.029484306272836e-05,-1,8,512,42,15.6.1,0.3.21,3.13.5
2026-06-20T19:37:45.585286,qwen2.5-7b,q4,gpu,2,A farmer has 17 sheep. All but 9 die. How many sheep does the farmer have left? Explain.,Zheng et al. 2023,7,4.407737970352173,94,21.326131596813028,0.17920740397130866,0.0,3.00009865376402,0.00021941646640349387,0.0,0.0036732357641661413,0.0038926522305696354,9.246995373718168e-08,0.09246995373718167,26,4.407737970352173,PRY,10,Apple M4,1,Apple M4,16.0,25,94,119,4.141119394223016e-05,-1,8,512,42,15.6.1,0.3.21,3.13.5
2026-06-20T19:37:56.583336,qwen2.5-7b,q4,gpu,2,A farmer has 17 sheep. All but 9 die. How many sheep does the farmer have left? Explain.,Zheng et al. 2023,8,4.41634202003479,94,21.2845833890509,0.050105541429098836,0.0,3.0003102544775424,6.146755779164534e-05,0.0,0.0036806656249973456,0.003742133182788991,8.889437375715247e-08,0.08889437375715248,26,4.41634202003479,PRY,10,Apple M4,1,Apple M4,16.0,25,94,119,3.9809927476478625e-05,-1,8,512,42,15.6.1,0.3.21,3.13.5
2026-06-20T19:38:05.648860,qwen2.5-7b,q4,gpu,2,A farmer has 17 sheep. All but 9 die. How many sheep does the farmer have left? Explain.,Zheng et al. 2023,9,4.455989837646484,94,21.095200712945946,0.6794727143162228,0.0,3.000297322057788,0.0008410343083197671,0.0,0.003713692882502074,0.004554727190821841,1.0819754441797282e-07,0.10819754441797282,26,4.455989837646484,PRY,10,Apple M4,1,Apple M4,16.0,25,94,119,4.8454544583211073e-05,-1,8,512,42,15.6.1,0.3.21,3.13.5
2026-06-20T19:38:13.644293,qwen2.5-7b,q4,gpu,2,A farmer has 17 sheep. All but 9 die. How many sheep does the farmer have left? Explain.,Zheng et al. 2023,10,4.417167901992798,94,21.280603790857047,0.05890227647790884,0.0,3.000091471057155,7.227256805903453e-05,0.0,0.0036810854858322275,0.003753358053891262,8.916102057018693e-08,0.08916102057018693,26,4.417167901992798,PRY,10,Apple M4,1,Apple M4,16.0,25,94,119,3.9929340998843213e-05,-1,8,512,42,15.6.1,0.3.21,3.13.5
2026-06-20T19:38:23.169766,qwen2.5-7b,q4,gpu,3,"If it takes 5 machines 5 minutes to make 5 widgets, how long does it take 100 machines to make 100 w",Zheng et al. 2023,1,5.99521017074585,122,20.349578501069008,0.6636147995048126,0.0,3.000049579206393,0.0011051417209579778,0.0,0.004996091041666659,0.006101232762624637,1.4493478427614823e-07,0.14493478427614823,26,5.99521017074585,PRY,10,Apple M4,1,Apple M4,16.0,33,122,155,5.001010461167735e-05,-1,8,512,42,15.6.1,0.3.21,3.13.5
2026-06-20T19:38:35.471371,qwen2.5-7b,q4,gpu,3,"If it takes 5 machines 5 minutes to make 5 widgets, how long does it take 100 machines to make 100 w",Zheng et al. 2023,2,5.719290018081665,122,21.33131902986109,0.05220407732535415,0.0,3.0002141342279023,8.293618287501704e-05,0.0,0.004766415208332546,0.004849351391207563,1.1519634229813564e-07,0.11519634229813565,26,5.719290018081665,PRY,10,Apple M4,1,Apple M4,16.0,33,122,155,3.974878189514396e-05,-1,8,512,42,15.6.1,0.3.21,3.13.5
2026-06-20T19:38:45.910413,qwen2.5-7b,q4,gpu,3,"If it takes 5 machines 5 minutes to make 5 widgets, how long does it take 100 machines to make 100 w",Zheng et al. 2023,3,5.820212125778198,122,20.96143531601743,0.715648365693162,0.0,3.000186505172927,0.0011570070266113033,0.0,0.004850478299167662,0.006007485325778965,1.427078139138793e-07,0.1427078139138793,26,5.820212125778198,PRY,10,Apple M4,1,Apple M4,16.0,33,122,155,4.924168299818824e-05,-1,8,512,42,15.6.1,0.3.21,3.13.5
2026-06-20T19:38:55.267409,qwen2.5-7b,q4,gpu,3,"If it takes 5 machines 5 minutes to make 5 widgets, how long does it take 100 machines to make 100 w",Zheng et al. 2023,4,5.805850267410278,122,21.01328735341612,0.7445209157307386,0.0,3.00006559328216,0.0012007158215799594,0.0,0.00483831434083489,0.006039030162414849,1.4345716150816472e-07,0.14345716150816473,26,5.805850267410278,PRY,10,Apple M4,1,Apple M4,16.0,33,122,155,4.9500247232908595e-05,-1,8,512,42,15.6.1,0.3.21,3.13.5
2026-06-20T19:39:04.660470,qwen2.5-7b,q4,gpu,3,"If it takes 5 machines 5 minutes to make 5 widgets, how long does it take 100 machines to make 100 w",Zheng et al. 2023,5,5.816690921783447,122,20.97412457366632,0.7274173610123892,0.0,3.0000546461294864,0.0011753227667078991,0.0,0.004847330729165454,0.006022653495873354,1.430681337944715e-07,0.1430681337944715,26,5.816690921783447,PRY,10,Apple M4,1,Apple M4,16.0,33,122,155,4.9366012261257e-05,-1,8,512,42,15.6.1,0.3.21,3.13.5
2026-06-20T19:39:17.060978,qwen2.5-7b,q4,gpu,3,"If it takes 5 machines 5 minutes to make 5 widgets, how long does it take 100 machines to make 100 w",Zheng et al. 2023,6,5.815503835678101,122,20.978405903806703,0.7055423230964688,0.0,3.0001603890207265,0.0011397455795002088,0.0,0.004846512291666538,0.005986257871166746,1.4220355572956607e-07,0.14220355572956606,26,5.815503835678101,PRY,10,Apple M4,1,Apple M4,16.0,33,122,155,4.906768746857989e-05,-1,8,512,42,15.6.1,0.3.21,3.13.5
2026-06-20T19:39:27.436325,qwen2.5-7b,q4,gpu,3,"If it takes 5 machines 5 minutes to make 5 widgets, how long does it take 100 machines to make 100 w",Zheng et al. 2023,7,5.807485342025757,122,21.007371145158015,0.7754527827395912,0.0,3.0001807753040857,0.0012509529636647943,0.0,0.004839862743334986,0.00609081570699978,1.4468732711977977e-07,0.14468732711977977,26,5.807485342025757,PRY,10,Apple M4,1,Apple M4,16.0,33,122,155,4.992471890983426e-05,-1,8,512,42,15.6.1,0.3.21,3.13.5
2026-06-20T19:39:36.783497,qwen2.5-7b,q4,gpu,3,"If it takes 5 machines 5 minutes to make 5 widgets, how long does it take 100 machines to make 100 w",Zheng et al. 2023,8,5.798310995101929,122,21.040609947113634,0.8233229557320975,0.0,3.0000666167605936,0.0013260784852058998,0.0,0.004832033125000332,0.006158111610206231,1.46285941300449e-07,0.146285941300449,26,5.798310995101929,PRY,10,Apple M4,1,Apple M4,16.0,33,122,155,5.047632467382156e-05,-1,8,512,42,15.6.1,0.3.21,3.13.5
2026-06-20T19:39:46.127508,qwen2.5-7b,q4,gpu,3,"If it takes 5 machines 5 minutes to make 5 widgets, how long does it take 100 machines to make 100 w",Zheng et al. 2023,9,5.806752920150757,122,21.010020863231873,1.2814314177803785,1.0594402096309183,3.0000540946987337,0.002066932118658094,0.0017088632030554068,0.004839048020833919,0.00861484334254742,2.0464560360221396e-07,0.20464560360221395,26,5.806752920150757,PRY,10,Apple M4,1,Apple M4,16.0,33,122,155,7.061347002088049e-05,-1,8,512,42,15.6.1,0.3.21,3.13.5
2026-06-20T19:39:58.498816,qwen2.5-7b,q4,gpu,3,"If it takes 5 machines 5 minutes to make 5 widgets, how long does it take 100 machines to make 100 w",Zheng et al. 2023,10,5.809614181518555,122,20.999673332543203,0.7102454379076354,0.0,3.0001743799879956,0.0011461811023408485,0.0,0.004841626562501916,0.005987807664842764,1.4224037107833983e-07,0.14224037107833984,26,5.809614181518555,PRY,10,Apple M4,1,Apple M4,16.0,33,122,155,4.908039069543249e-05,-1,8,512,42,15.6.1,0.3.21,3.13.5
2026-06-20T19:40:07.114551,qwen2.5-7b,q4,gpu,4,A bat and ball cost $1.10. The bat costs $1 more than the ball. How much does the ball cost?,Zheng et al. 2023,1,4.085188865661621,83,20.31729810527564,0.8527798061787489,0.0,3.0002558696922828,0.0009677129358506946,0.0,0.003404614409167455,0.004372327345018149,1.0386463608090613e-07,0.10386463608090613,26,4.085188865661621,PRY,10,Apple M4,1,Apple M4,16.0,28,83,111,5.267864271106204e-05,-1,8,512,42,15.6.1,0.3.21,3.13.5
2026-06-20T19:40:14.708804,qwen2.5-7b,q4,gpu,4,A bat and ball cost $1.10. The bat costs $1 more than the ball. How much does the ball cost?,Zheng et al. 2023,2,4.02027702331543,83,20.64534347226446,0.6800283556840815,0.0,3.0000999757119655,0.0007594173259888016,0.0,0.0033503425000011096,0.004109759825989911,9.762734466639033e-08,0.09762734466639032,26,4.02027702331543,PRY,10,Apple M4,1,Apple M4,16.0,28,83,111,4.951517862638447e-05,-1,8,512,42,15.6.1,0.3.21,3.13.5
2026-06-20T19:40:22.242623,qwen2.5-7b,q4,gpu,4,A bat and ball cost $1.10. The bat costs $1 more than the ball. How much does the ball cost?,Zheng et al. 2023,3,3.9695169925689697,83,20.9093449292138,0.7562354269334324,0.0012306667749363346,3.000115196206152,0.0008338581604430304,1.3569868542499533e-06,0.003308057847501308,0.004143272994798587,9.842344999144044e-08,0.09842344999144044,26,3.9695169925689697,PRY,10,Apple M4,1,Apple M4,16.0,28,83,111,4.9918951744561294e-05,-1,8,512,42,15.6.1,0.3.21,3.13.5
2026-06-20T19:40:32.776704,qwen2.5-7b,q4,gpu,4,A bat and ball cost $1.10. The bat costs $1 more than the ball. How much does the ball cost?,Zheng et al. 2023,4,3.971029043197632,83,20.901383267941316,0.7574632430667554,0.0,3.000223209246973,0.0008355301492702091,0.0,0.0033094370833320376,0.004144967232602247,9.846369661046637e-08,0.09846369661046638,26,3.971029043197632,PRY,10,Apple M4,1,Apple M4,16.0,28,83,111,4.993936424821984e-05,-1,8,512,42,15.6.1,0.3.21,3.13.5
2026-06-20T19:40:41.290856,qwen2.5-7b,q4,gpu,4,A bat and ball cost $1.10. The bat costs $1 more than the ball. How much does the ball cost?,Zheng et al. 2023,5,3.96496319770813,83,20.933359494478168,0.6643554792474874,0.0012295639944445616,3.0002251044558266,0.000731706951503343,1.354215551999914e-06,0.003304383923335384,0.004037445090390727,9.59095081222317e-08,0.0959095081222317,26,3.96496319770813,PRY,10,Apple M4,1,Apple M4,16.0,28,83,111,4.86439167516955e-05,-1,8,512,42,15.6.1,0.3.21,3.13.5
2026-06-20T19:40:48.813943,qwen2.5-7b,q4,gpu,4,A bat and ball cost $1.10. The bat costs $1 more than the ball. How much does the ball cost?,Zheng et al. 2023,6,3.971276044845581,83,20.900083263596795,0.7285398139778583,0.0,3.0001183162434657,0.0008036757530462568,0.0,0.003309527222500037,0.004113202975546294,9.770913668410221e-08,0.09770913668410221,26,3.971276044845581,PRY,10,Apple M4,1,Apple M4,16.0,28,83,111,4.955666235597944e-05,-1,8,512,42,15.6.1,0.3.21,3.13.5
2026-06-20T19:40:56.312802,qwen2.5-7b,q4,gpu,4,A bat and ball cost $1.10. The bat costs $1 more than the ball. How much does the ball cost?,Zheng et al. 2023,7,3.9747679233551025,83,20.88172230441562,0.6964328644034542,0.0,3.0001142471588875,0.000768933058389212,0.0,0.0033124327433354966,0.004081365801724709,9.695284461997045e-08,0.09695284461997045,26,3.9747679233551025,PRY,10,Apple M4,1,Apple M4,16.0,28,83,111,4.917308194849047e-05,-1,8,512,42,15.6.1,0.3.21,3.13.5
2026-06-20T19:41:06.821679,qwen2.5-7b,q4,gpu,4,A bat and ball cost $1.10. The bat costs $1 more than the ball. How much does the ball cost?,Zheng et al. 2023,8,3.967590093612671,83,20.919499757200153,0.7268749891066817,0.0,3.0002850199080213,0.000801095001687358,0.0,0.003306639200833767,0.004107734202521125,9.757922598088931e-08,0.0975792259808893,26,3.967590093612671,PRY,10,Apple M4,1,Apple M4,16.0,28,83,111,4.9490773524350904e-05,-1,8,512,42,15.6.1,0.3.21,3.13.5
2026-06-20T19:41:15.330932,qwen2.5-7b,q4,gpu,4,A bat and ball cost $1.10. The bat costs $1 more than the ball. How much does the ball cost?,Zheng et al. 2023,9,3.9643969535827637,83,20.936349455366724,0.6791561372091993,0.0012305621971561245,3.0002213174541312,0.0007479012559331075,1.3551213959999588e-06,0.003303907847497006,0.004053164224826113,9.628291616074432e-08,0.09628291616074432,26,3.9643969535827637,PRY,10,Apple M4,1,Apple M4,16.0,28,83,111,4.883330391356763e-05,-1,8,512,42,15.6.1,0.3.21,3.13.5
2026-06-20T19:41:22.844942,qwen2.5-7b,q4,gpu,4,A bat and ball cost $1.10. The bat costs $1 more than the ball. How much does the ball cost?,Zheng et al. 2023,10,3.9694809913635254,83,20.909534566504956,0.7485293939945588,0.0012301364580973538,3.0000918638744727,0.0008253536669272943,1.3563898020001943e-06,0.003308002118331691,0.004134712175060985,9.822008771857369e-08,0.09822008771857368,26,3.9694809913635254,PRY,10,Apple M4,1,Apple M4,16.0,28,83,111,4.981580933808416e-05,-1,8,512,42,15.6.1,0.3.21,3.13.5
2026-06-20T19:41:38.594144,qwen2.5-7b,q4,gpu,5,Three switches control three light bulbs in another room. You can only enter the room once. How do y,Zheng et al. 2023,1,12.20870304107666,256,20.96864827809129,0.7083064857189755,0.0010071441328475751,3.0000185830355823,0.002402084318392105,3.415534343749641e-06,0.010173982221664725,0.01257948207440058,2.9882559667738574e-07,0.29882559667738573,26,12.20870304107666,PRY,10,Apple M4,1,Apple M4,16.0,28,256,284,4.913860185312727e-05,-1,8,512,42,15.6.1,0.3.21,3.13.5
2026-06-20T19:47:36.852071,qwen2.5-7b,q4,gpu,5,Three switches control three light bulbs in another room. You can only enter the room once. How do y,Zheng et al. 2023,2,12.205398559570312,256,20.974325316011015,0.6614199812375915,0.0,3.0000812607053025,0.0022424706906300895,0.0,0.01017144097166844,0.012413911662298532,2.948924715379016e-07,0.2948924715379016,26,12.205398559570312,PRY,10,Apple M4,1,Apple M4,16.0,28,256,284,4.849184243085364e-05,-1,8,512,42,15.6.1,0.3.21,3.13.5
2026-06-20T19:47:53.399344,qwen2.5-7b,q4,gpu,5,Three switches control three light bulbs in another room. You can only enter the room once. How do y,Zheng et al. 2023,3,11.995834112167358,256,21.340741928094815,0.7051174752802352,0.0,2.9992150221971476,0.002349575628625547,0.0,0.009993912742499257,0.012343488371124804,2.932195662560697e-07,0.2932195662560697,26,11.995834112167358,PRY,10,Apple M4,1,Apple M4,16.0,28,256,284,4.8216751449706266e-05,-1,8,512,42,15.6.1,0.3.21,3.13.5
2026-06-20T19:48:08.957590,qwen2.5-7b,q4,gpu,5,Three switches control three light bulbs in another room. You can only enter the room once. How do y,Zheng et al. 2023,4,12.028662204742432,256,21.28249971963376,0.7365171286271279,0.0,2.9996538174277356,0.0024609210411840427,0.0,0.01002272847250121,0.012483649513685253,2.9654909419759313e-07,0.2965490941975931,26,12.028662204742432,PRY,10,Apple M4,1,Apple M4,16.0,28,256,284,4.876425591283302e-05,-1,8,512,42,15.6.1,0.3.21,3.13.5
2026-06-20T19:48:46.549453,qwen2.5-7b,q4,gpu,5,Three switches control three light bulbs in another room. You can only enter the room once. How do y,Zheng et al. 2023,5,12.064622163772583,256,21.21906484305094,0.576200744389913,0.0,2.999995048222276,0.0019310122976524456,0.0,0.010053835208330687,0.011984847505983134,2.8470005250462933e-07,0.2847000525046293,26,12.064622163772583,PRY,10,Apple M4,1,Apple M4,16.0,28,256,284,4.6815810570246616e-05,-1,8,512,42,15.6.1,0.3.21,3.13.5
2026-06-20T19:49:03.471939,qwen2.5-7b,q4,gpu,5,Three switches control three light bulbs in another room. You can only enter the room once. How do y,Zheng et al. 2023,6,12.38654899597168,256,20.66758062179027,0.7090049896268126,0.0,3.0000128173779133,0.0024394791784446966,0.0,0.010322168264165156,0.012761647442609854,3.0315293499919703e-07,0.30315293499919704,26,12.38654899597168,PRY,10,Apple M4,1,Apple M4,16.0,28,256,284,4.985018532269474e-05,-1,8,512,42,15.6.1,0.3.21,3.13.5
2026-06-20T19:49:21.163446,qwen2.5-7b,q4,gpu,5,Three switches control three light bulbs in another room. You can only enter the room once. How do y,Zheng et al. 2023,7,14.142758846282959,256,18.101135908662027,0.7333004832777937,0.0,2.9999895325338746,0.0028808033046834967,0.0,0.011785591249999927,0.014666394554683423,3.484002026465047e-07,0.3484002026465047,26,14.142758846282959,PRY,10,Apple M4,1,Apple M4,16.0,28,256,284,5.729060372923212e-05,-1,8,512,42,15.6.1,0.3.21,3.13.5
2026-06-20T20:04:52.141891,qwen2.5-7b,q4,gpu,5,Three switches control three light bulbs in another room. You can only enter the room once. How do y,Zheng et al. 2023,8,924.4731850624084,256,0.27691446776005535,0.011402852751307936,0.0,0.04769059715780352,0.002928231000499804,0.0,0.012246855070000796,0.015175086070500601,3.604841696047417e-07,0.3604841696047417,26,924.4731850624084,PRY,10,Apple M4,1,Apple M4,16.0,28,256,284,5.927767996289297e-05,-1,8,512,42,15.6.1,0.3.21,3.13.5
2026-06-20T20:05:08.636057,qwen2.5-7b,q4,gpu,5,Three switches control three light bulbs in another room. You can only enter the room once. How do y,Zheng et al. 2023,9,11.957156896591187,256,21.409771755439785,0.6867124758465994,0.0,3.0009201023562113,0.002280869115706771,0.0,0.009967353471668806,0.012248222587375578,2.909565275631068e-07,0.2909565275631068,26,11.957156896591187,PRY,10,Apple M4,1,Apple M4,16.0,28,256,284,4.784461948193585e-05,-1,8,512,42,15.6.1,0.3.21,3.13.5
2026-06-20T20:05:24.246285,qwen2.5-7b,q4,gpu,5,Three switches control three light bulbs in another room. You can only enter the room once. How do y,Zheng et al. 2023,10,11.98779296875,256,21.35505682049611,0.7064965506757093,0.0010091037509686073,3.0003972661822473,0.0023525928840656654,3.3602574585002004e-06,0.009991150347498963,0.012347103489023127,2.9330544338174437e-07,0.29330544338174436,26,11.98779296875,PRY,10,Apple M4,1,Apple M4,16.0,28,256,284,4.823087300399659e-05,-1,8,512,42,15.6.1,0.3.21,3.13.5
2026-06-20T20:05:37.352773,qwen2.5-7b,q4,gpu,6,"Given that f(x) = 4x³ - 9x - 14, find the value of f(2).",Zheng et al. 2023,1,6.619011163711548,138,20.849035692306916,0.6874580062519502,0.0,3.0002386889550414,0.001263970060545706,0.0,0.00551628149333131,0.006780251553877017,1.6106487566234852e-07,0.16106487566234853,26,6.619011163711548,PRY,10,Apple M4,1,Apple M4,16.0,27,138,165,4.913225763678998e-05,-1,8,512,42,15.6.1,0.3.21,3.13.5
2026-06-20T20:05:48.452034,qwen2.5-7b,q4,gpu,6,"Given that f(x) = 4x³ - 9x - 14, find the value of f(2).",Zheng et al. 2023,2,6.507383108139038,138,21.206681350510625,0.7167482232245843,0.0,3.0001846248434543,0.0012955986890556468,0.0,0.005423152985834653,0.006718751674890299,1.5960394603701904e-07,0.15960394603701905,26,6.507383108139038,PRY,10,Apple M4,1,Apple M4,16.0,27,138,165,4.868660633978478e-05,-1,8,512,42,15.6.1,0.3.21,3.13.5
2026-06-20T20:13:51.507899,qwen2.5-7b,q4,gpu,6,"Given that f(x) = 4x³ - 9x - 14, find the value of f(2).",Zheng et al. 2023,3,479.55223083496094,138,0.2877684454928394,0.009034050123686806,0.0,0.0426131809718064,0.0012034163584135728,0.0,0.005676457221667685,0.006879873580081258,1.6343139689483026e-07,0.16343139689483027,26,479.55223083496094,PRY,10,Apple M4,1,Apple M4,16.0,27,138,165,4.985415637740042e-05,-1,8,512,42,15.6.1,0.3.21,3.13.5
2026-06-20T20:14:04.504600,qwen2.5-7b,q4,gpu,6,"Given that f(x) = 4x³ - 9x - 14, find the value of f(2).",Zheng et al. 2023,4,6.470948219299316,138,21.3260862740983,0.7030377872531843,0.0,3.0001464961647093,0.0012637003104239235,0.0,0.005392720174165031,0.006656420484588955,1.581232686114106e-07,0.1581232686114106,26,6.470948219299316,PRY,10,Apple M4,1,Apple M4,16.0,27,138,165,4.823493104774605e-05,-1,8,512,42,15.6.1,0.3.21,3.13.5
2026-06-20T20:14:15.472279,qwen2.5-7b,q4,gpu,6,"Given that f(x) = 4x³ - 9x - 14, find the value of f(2).",Zheng et al. 2023,5,6.4772419929504395,138,21.305364250740276,0.7230396450896598,0.0,3.0001503181687226,0.0013009174310396462,0.0,0.00539797211833502,0.006698889549374666,1.5913212124539517e-07,0.15913212124539516,26,6.4772419929504395,PRY,10,Apple M4,1,Apple M4,16.0,27,138,165,4.854267789401932e-05,-1,8,512,42,15.6.1,0.3.21,3.13.5
2026-06-20T20:14:25.492202,qwen2.5-7b,q4,gpu,6,"Given that f(x) = 4x³ - 9x - 14, find the value of f(2).",Zheng et al. 2023,6,6.4848551750183105,138,21.28035187765166,0.7047215019239131,0.0,3.0000762701607586,0.0012694491329716569,0.0,0.005404183368333785,0.006673632501305442,1.5853214006851076e-07,0.15853214006851077,26,6.4848551750183105,PRY,10,Apple M4,1,Apple M4,16.0,27,138,165,4.835965580656117e-05,-1,8,512,42,15.6.1,0.3.21,3.13.5
2026-06-20T20:14:38.525595,qwen2.5-7b,q4,gpu,6,"Given that f(x) = 4x³ - 9x - 14, find the value of f(2).",Zheng et al. 2023,7,6.488365173339844,138,21.26883988697655,0.7130388174848039,0.0,3.000148512753856,0.0012851267307243963,0.0,0.0054072386458331794,0.0066923653765575755,1.589771395201252e-07,0.15897713952012518,26,6.488365173339844,PRY,10,Apple M4,1,Apple M4,16.0,27,138,165,4.849540127940272e-05,-1,8,512,42,15.6.1,0.3.21,3.13.5
2026-06-20T20:14:49.712858,qwen2.5-7b,q4,gpu,6,"Given that f(x) = 4x³ - 9x - 14, find the value of f(2).",Zheng et al. 2023,8,6.641361713409424,138,20.77887125487644,0.7280340260998984,0.0010968066267329068,3.0001250850055947,0.0013430936963886619,2.023413760499352e-06,0.005534698854165375,0.006879815964314536,1.634300282322918e-07,0.1634300282322918,26,6.641361713409424,PRY,10,Apple M4,1,Apple M4,16.0,27,138,165,4.9853738871844464e-05,-1,8,512,42,15.6.1,0.3.21,3.13.5
2026-06-20T20:14:59.747140,qwen2.5-7b,q4,gpu,6,"Given that f(x) = 4x³ - 9x - 14, find the value of f(2).",Zheng et al. 2023,9,6.496888875961304,138,21.24093587480069,0.7149194994907991,0.0,3.0000668203083993,0.00129020903984711,0.0,0.005414194653333955,0.006704403693181066,1.592631097315162e-07,0.1592631097315162,26,6.496888875961304,PRY,10,Apple M4,1,Apple M4,16.0,27,138,165,4.858263545783381e-05,-1,8,512,42,15.6.1,0.3.21,3.13.5
2026-06-20T20:15:12.749658,qwen2.5-7b,q4,gpu,6,"Given that f(x) = 4x³ - 9x - 14, find the value of f(2).",Zheng et al. 2023,10,6.518615007400513,138,21.17014117927353,0.6893354848782202,0.0,3.0001395584486823,0.0012481979546835765,0.0,0.005432431874999869,0.006680629829683445,1.5869836160413023e-07,0.15869836160413023,26,6.518615007400513,PRY,10,Apple M4,1,Apple M4,16.0,27,138,165,4.8410361084662644e-05,-1,8,512,42,15.6.1,0.3.21,3.13.5
2026-06-20T20:15:29.511676,qwen2.5-7b,q4,gpu,7,"Calculate the compound interest on $10,000 at 5% annual rate over 3 years.",Zheng et al. 2023,1,12.235081195831299,256,20.923441038317225,0.7250207600560037,0.0,3.0000765759122214,0.0024640799633190353,0.0,0.010196161249999326,0.012660241213318362,3.0074403002237764e-07,0.30074403002237765,26,12.235081195831299,PRY,10,Apple M4,1,Apple M4,16.0,23,256,279,4.945406723952485e-05,-1,8,512,42,15.6.1,0.3.21,3.13.5
2026-06-20T20:15:40.505646,qwen2.5-7b,q4,gpu,7,"Calculate the compound interest on $10,000 at 5% annual rate over 3 years.",Zheng et al. 2023,2,7.5259459018707275,158,20.9940387640477,0.7195085658140815,0.0,3.0000218636155833,0.001504161817291492,0.0,0.0062716672916667444,0.007775829108958236,1.8471482048330287e-07,0.18471482048330287,26,7.5259459018707275,PRY,10,Apple M4,1,Apple M4,16.0,23,158,181,4.92141082845458e-05,-1,8,512,42,15.6.1,0.3.21,3.13.5
2026-06-20T20:15:54.562175,qwen2.5-7b,q4,gpu,7,"Calculate the compound interest on $10,000 at 5% annual rate over 3 years.",Zheng et al. 2023,3,7.482854843139648,158,21.114935851636343,0.7275340633578764,0.0010779747478592034,3.000125165675079,0.0015122310526518204,2.2406468230001337e-06,0.006235972534999141,0.0077504442344739615,1.8411180278992895e-07,0.18411180278992895,26,7.482854843139648,PRY,10,Apple M4,1,Apple M4,16.0,23,158,181,4.90534445219871e-05,-1,8,512,42,15.6.1,0.3.21,3.13.5
2026-06-20T20:16:09.172099,qwen2.5-7b,q4,gpu,7,"Calculate the compound interest on $10,000 at 5% annual rate over 3 years.",Zheng et al. 2023,4,9.946505069732666,158,15.88497657139852,0.7281236268579527,0.0,3.000084003657333,0.002011745929426323,0.0,0.008288986320000427,0.010300732249426752,2.4469389458513247e-07,0.24469389458513247,26,9.946505069732666,PRY,10,Apple M4,1,Apple M4,16.0,23,158,181,6.519450790776425e-05,-1,8,512,42,15.6.1,0.3.21,3.13.5
2026-06-20T20:16:23.484422,qwen2.5-7b,q4,gpu,7,"Calculate the compound interest on $10,000 at 5% annual rate over 3 years.",Zheng et al. 2023,5,10.709908962249756,158,14.75269309542385,0.6923095100430844,0.0,3.000028138543952,0.0020596032850725464,0.0,0.008925007846664812,0.010984611131737359,2.6093943743442094e-07,0.26093943743442094,26,10.709908962249756,PRY,10,Apple M4,1,Apple M4,16.0,23,158,181,6.95228552641605e-05,-1,8,512,42,15.6.1,0.3.21,3.13.5
2026-06-20T20:16:41.417157,qwen2.5-7b,q4,gpu,7,"Calculate the compound interest on $10,000 at 5% annual rate over 3 years.",Zheng et al. 2023,6,11.233658790588379,158,14.064874405155804,0.7115239861073174,0.0,3.0000867485163276,0.002220282689235819,0.0,0.00936165302083282,0.011581935710068639,2.751288827926805e-07,0.2751288827926805,26,11.233658790588379,PRY,10,Apple M4,1,Apple M4,16.0,23,158,181,7.330339057005468e-05,-1,8,512,42,15.6.1,0.3.21,3.13.5
2026-06-20T20:27:47.716522,qwen2.5-7b,q4,gpu,7,"Calculate the compound interest on $10,000 at 5% annual rate over 3 years.",Zheng et al. 2023,7,661.3538858890533,158,0.23890386579887063,0.061934581418858686,0.0014652296918437593,0.06215369184645272,0.011377965581187264,0.0002691764862280251,0.011418218229167299,0.02306536029658259,5.479176338453193e-07,0.5479176338453193,26,661.3538858890533,PRY,10,Apple M4,1,Apple M4,16.0,23,158,181,0.0001459832930163455,-1,8,512,42,15.6.1,0.3.21,3.13.5
2026-06-20T20:27:59.525148,qwen2.5-7b,q4,gpu,7,"Calculate the compound interest on $10,000 at 5% annual rate over 3 years.",Zheng et al. 2023,8,8.338840007781982,158,18.947479487860548,4.031725390097208,0.13919226200731163,3.001191275122582,0.009338864717592505,0.00032241722311117843,0.006951792743332892,0.016613074684036576,3.946435891192888e-07,0.3946435891192888,26,8.338840007781982,PRY,10,Apple M4,1,Apple M4,16.0,23,158,181,0.00010514604230402896,-1,8,512,42,15.6.1,0.3.21,3.13.5
2026-06-20T20:28:13.630555,qwen2.5-7b,q4,gpu,7,"Calculate the compound interest on $10,000 at 5% annual rate over 3 years.",Zheng et al. 2023,9,7.531730890274048,158,20.977913616646898,0.047810152422247766,0.0,3.0006228587081645,0.00010002588940759837,0.0,0.006277745520831862,0.006377771410239461,1.5150395985023837e-07,0.15150395985023837,26,7.531730890274048,PRY,10,Apple M4,1,Apple M4,16.0,23,158,181,4.036564183695861e-05,-1,8,512,42,15.6.1,0.3.21,3.13.5
2026-06-20T20:28:25.498721,qwen2.5-7b,q4,gpu,7,"Calculate the compound interest on $10,000 at 5% annual rate over 3 years.",Zheng et al. 2023,10,7.333689212799072,158,21.544409016440397,0.043205937231015554,0.0,3.0003994559243083,8.801636549999239e-05,0.0,0.006112221423333419,0.006200237788833411,1.4728664867373766e-07,0.14728664867373767,26,7.333689212799072,PRY,10,Apple M4,1,Apple M4,16.0,23,158,181,3.924201132173045e-05,-1,8,512,42,15.6.1,0.3.21,3.13.5
2026-06-20T20:28:37.543346,qwen2.5-7b,q4,gpu,8,What is the area of a circle with radius 7 cm?,Zheng et al. 2023,1,8.598239183425903,183,21.283427466492626,0.04660218382820786,0.0,3.000129381108201,0.00011130464528469828,0.0,0.007165508333331066,0.0072768129786157645,1.728606923070175e-07,0.17286069230701748,26,8.598239183425903,PRY,10,Apple M4,1,Apple M4,16.0,13,183,196,3.976400534762713e-05,-1,8,512,42,15.6.1,0.3.21,3.13.5
2026-06-20T20:28:52.548960,qwen2.5-7b,q4,gpu,8,What is the area of a circle with radius 7 cm?,Zheng et al. 2023,2,8.500842809677124,183,21.527277247342802,0.050403165887151234,0.0,3.0001755497665847,0.0001190192750879869,0.0,0.007084450208333995,0.007203469483421982,1.7111841757868917e-07,0.17111841757868917,26,8.500842809677124,PRY,10,Apple M4,1,Apple M4,16.0,13,183,196,3.9363221220885146e-05,-1,8,512,42,15.6.1,0.3.21,3.13.5
2026-06-20T20:29:05.625568,qwen2.5-7b,q4,gpu,8,What is the area of a circle with radius 7 cm?,Zheng et al. 2023,3,8.506729125976562,183,21.512381232544747,0.05160284737722914,0.0,3.0001552590954406,0.00012193651243533289,0.0,0.007089307812499707,0.007211244324935039,1.7130310893883187e-07,0.17130310893883186,26,8.506729125976562,PRY,10,Apple M4,1,Apple M4,16.0,13,183,196,3.940570669363409e-05,-1,8,512,42,15.6.1,0.3.21,3.13.5
2026-06-20T20:29:17.656445,qwen2.5-7b,q4,gpu,8,What is the area of a circle with radius 7 cm?,Zheng et al. 2023,4,8.506456851959229,183,21.51306979919036,0.04320100269828973,0.0,3.000058302197679,0.00010207985150399327,0.0,0.007088851805835171,0.007190931657339165,1.7082058152009184e-07,0.17082058152009183,26,8.506456851959229,PRY,10,Apple M4,1,Apple M4,16.0,13,183,196,3.929470851005008e-05,-1,8,512,42,15.6.1,0.3.21,3.13.5
2026-06-20T20:29:32.734469,qwen2.5-7b,q4,gpu,8,What is the area of a circle with radius 7 cm?,Zheng et al. 2023,5,8.510022163391113,183,21.504056803428735,0.08500305101867418,0.0,3.0000960937357597,0.000200938291145773,0.0,0.007091912291665115,0.007292850582810888,1.7324166559467262e-07,0.17324166559467263,26,8.510022163391113,PRY,10,Apple M4,1,Apple M4,16.0,13,183,196,3.985164252902125e-05,-1,8,512,42,15.6.1,0.3.21,3.13.5
2026-06-20T20:29:45.881345,qwen2.5-7b,q4,gpu,8,What is the area of a circle with radius 7 cm?,Zheng et al. 2023,6,8.59644603729248,183,21.287867009939063,0.055303329051358506,0.0,3.000168821408518,0.00013205891218684247,0.0,0.0071641081600015855,0.007296167072188428,1.733204487998361e-07,0.1733204487998361,26,8.59644603729248,PRY,10,Apple M4,1,Apple M4,16.0,13,183,196,3.9869765421794686e-05,-1,8,512,42,15.6.1,0.3.21,3.13.5
2026-06-20T20:29:57.922262,qwen2.5-7b,q4,gpu,8,What is the area of a circle with radius 7 cm?,Zheng et al. 2023,7,8.520735263824463,183,21.477019803319408,0.045200853544143216,0.0,3.0000453697390164,0.00010698458520792946,0.0,0.007100720104169038,0.007207704689376967,1.7121902489614985e-07,0.17121902489614985,26,8.520735263824463,PRY,10,Apple M4,1,Apple M4,16.0,13,183,196,3.938636442282496e-05,-1,8,512,42,15.6.1,0.3.21,3.13.5
2026-06-20T20:30:12.913471,qwen2.5-7b,q4,gpu,8,What is the area of a circle with radius 7 cm?,Zheng et al. 2023,8,8.5173819065094,183,21.485475467542727,0.057102694771844154,0.0,3.00012938605851,0.00013510151646184285,0.0,0.007098124375000529,0.007233225891462371,1.718252810516886e-07,0.1718252810516886,26,8.5173819065094,PRY,10,Apple M4,1,Apple M4,16.0,13,183,196,3.952582454351022e-05,-1,8,512,42,15.6.1,0.3.21,3.13.5
2026-06-20T20:30:25.991021,qwen2.5-7b,q4,gpu,8,What is the area of a circle with radius 7 cm?,Zheng et al. 2023,9,8.519530057907104,183,21.480058026223517,0.04870176480981653,0.0,3.0000978871225503,0.00011525448588065398,0.0,0.007099840035001155,0.007215094520881809,1.7139457034354736e-07,0.17139457034354735,26,8.519530057907104,PRY,10,Apple M4,1,Apple M4,16.0,13,183,196,3.942674601574759e-05,-1,8,512,42,15.6.1,0.3.21,3.13.5
2026-06-20T20:30:37.968510,qwen2.5-7b,q4,gpu,8,What is the area of a circle with radius 7 cm?,Zheng et al. 2023,10,8.520524978637695,183,21.477549852715644,0.045100666159867506,0.0,3.0000332653321964,0.00010674482015787526,0.0,0.007100516215001942,0.007207261035159817,1.7120848589022146e-07,0.17120848589022145,26,8.520524978637695,PRY,10,Apple M4,1,Apple M4,16.0,13,183,196,3.938394008284053e-05,-1,8,512,42,15.6.1,0.3.21,3.13.5
2026-06-20T20:30:48.636830,qwen2.5-7b,q4,gpu,9,Solve for x: 2x + 5 = 15,Zheng et al. 2023,1,4.141726016998291,86,20.764289971630802,0.07700748499926174,0.0,3.0002674486443635,8.859552892362444e-05,0.0,0.0034517460416676232,0.0035403415705912477,8.410081400939508e-08,0.08410081400939508,26,4.141726016998291,PRY,10,Apple M4,1,Apple M4,16.0,15,86,101,4.116676244873544e-05,-1,8,512,42,15.6.1,0.3.21,3.13.5
2026-06-20T20:30:57.221183,qwen2.5-7b,q4,gpu,9,Solve for x: 2x + 5 = 15,Zheng et al. 2023,2,4.035002946853638,86,21.313491249630925,0.020402598089266206,0.0,3.0003589611867425,2.286792872601654e-05,0.0,0.0033629047916686732,0.0033857727203946896,8.042903097297586e-08,0.08042903097297585,26,4.035002946853638,PRY,10,Apple M4,1,Apple M4,16.0,15,86,101,3.9369450237147554e-05,-1,8,512,42,15.6.1,0.3.21,3.13.5
2026-06-20T20:31:04.793143,qwen2.5-7b,q4,gpu,9,Solve for x: 2x + 5 = 15,Zheng et al. 2023,3,4.028877019882202,86,21.34589851603723,0.0576029180475889,0.0,3.0001295498360596,6.446529800002464e-05,0.0,0.0033575425000011215,0.003422007798001146,8.128979524151722e-08,0.08128979524151722,26,4.028877019882202,PRY,10,Apple M4,1,Apple M4,16.0,15,86,101,3.979078834885053e-05,-1,8,512,42,15.6.1,0.3.21,3.13.5
2026-06-20T20:31:12.320741,qwen2.5-7b,q4,gpu,9,Solve for x: 2x + 5 = 15,Zheng et al. 2023,4,4.027422904968262,86,21.353605526231103,0.07130311826464665,0.0,3.000108763372787,7.976883658186075e-05,0.0,0.003356307430834325,0.0034360762674161857,8.162399173247149e-08,0.0816239917324715,26,4.027422904968262,PRY,10,Apple M4,1,Apple M4,16.0,15,86,101,3.995437520251379e-05,-1,8,512,42,15.6.1,0.3.21,3.13.5
2026-06-20T20:31:22.911029,qwen2.5-7b,q4,gpu,9,Solve for x: 2x + 5 = 15,Zheng et al. 2023,5,4.027551889419556,86,21.352921665869385,0.05560729513104724,0.0,3.0003697550744737,6.22114629362667e-05,0.0,0.0033567069100020794,0.0034189183729383464,8.121640594915041e-08,0.08121640594915042,26,4.027551889419556,PRY,10,Apple M4,1,Apple M4,16.0,15,86,101,3.975486480160868e-05,-1,8,512,42,15.6.1,0.3.21,3.13.5
2026-06-20T20:31:31.397129,qwen2.5-7b,q4,gpu,9,Solve for x: 2x + 5 = 15,Zheng et al. 2023,6,4.027878046035767,86,21.35119261732393,0.049104579347059425,0.0,3.00025515591206,5.494090475328944e-05,0.0,0.0033568505208343893,0.0034117914255876788,8.104710531483531e-08,0.08104710531483532,26,4.027878046035767,PRY,10,Apple M4,1,Apple M4,16.0,15,86,101,3.9671993320786966e-05,-1,8,512,42,15.6.1,0.3.21,3.13.5
2026-06-20T20:31:39.050422,qwen2.5-7b,q4,gpu,9,Solve for x: 2x + 5 = 15,Zheng et al. 2023,7,4.136577129364014,86,20.790135735538005,0.07490350584200665,0.0,3.0001157628397466,8.606781365978571e-05,0.0,0.0034472806250020467,0.0035333484386618325,8.393469216041183e-08,0.08393469216041183,26,4.136577129364014,PRY,10,Apple M4,1,Apple M4,16.0,15,86,101,4.10854469611841e-05,-1,8,512,42,15.6.1,0.3.21,3.13.5
2026-06-20T20:31:46.599488,qwen2.5-7b,q4,gpu,9,Solve for x: 2x + 5 = 15,Zheng et al. 2023,8,4.027383089065552,86,21.353816634303353,0.035001471536891295,0.0,3.0001046227281,3.915675960002368e-05,0.0,0.003356269617500705,0.0033954263771007287,8.065835358802781e-08,0.08065835358802781,26,4.027383089065552,PRY,10,Apple M4,1,Apple M4,16.0,15,86,101,3.9481702059310796e-05,-1,8,512,42,15.6.1,0.3.21,3.13.5
2026-06-20T20:31:57.098911,qwen2.5-7b,q4,gpu,9,Solve for x: 2x + 5 = 15,Zheng et al. 2023,9,4.030961275100708,86,21.334861371956844,0.5978792945937381,0.0,3.000372968775937,0.000669452301025524,0.0,0.0033595520133318743,0.004029004314357398,9.570899748755999e-08,0.09570899748755998,26,4.030961275100708,PRY,10,Apple M4,1,Apple M4,16.0,15,86,101,4.684888737624881e-05,-1,8,512,42,15.6.1,0.3.21,3.13.5
2026-06-20T20:32:05.648387,qwen2.5-7b,q4,gpu,9,Solve for x: 2x + 5 = 15,Zheng et al. 2023,10,4.031560897827148,86,21.331688192121963,0.05420670932725635,0.0,3.000346560934765,6.0704902701013575e-05,0.0,0.003360022187498544,0.0034207270901995576,8.125937202769049e-08,0.08125937202769049,26,4.031560897827148,PRY,10,Apple M4,1,Apple M4,16.0,15,86,101,3.977589639766927e-05,-1,8,512,42,15.6.1,0.3.21,3.13.5
2026-06-20T20:32:21.157808,qwen2.5-7b,q4,gpu,10,"If the probability of rain is 30%, what is the probability of no rain?",Zheng et al. 2023,1,11.97763705253601,256,21.37316391180825,0.051400785444227125,0.0,3.0000371498472576,0.00017101665340728568,0.0,0.009981487812498623,0.010152504465905909,2.411727435875949e-07,0.24117274358759488,26,11.97763705253601,PRY,10,Apple M4,1,Apple M4,16.0,18,256,274,3.965822056994496e-05,-1,8,512,42,15.6.1,0.3.21,3.13.5
2026-06-20T20:32:39.570733,qwen2.5-7b,q4,gpu,10,"If the probability of rain is 30%, what is the probability of no rain?",Zheng et al. 2023,2,11.871226072311401,256,21.564748109472674,0.0505009534695094,0.0,3.000048681328501,0.00016653006541772914,0.0,0.00989284892333065,0.01005937898874838,2.3896054787771776e-07,0.23896054787771775,26,11.871226072311401,PRY,10,Apple M4,1,Apple M4,16.0,18,256,274,3.929444917479836e-05,-1,8,512,42,15.6.1,0.3.21,3.13.5
2026-06-20T20:32:55.953214,qwen2.5-7b,q4,gpu,10,"If the probability of rain is 30%, what is the probability of no rain?",Zheng et al. 2023,3,11.897225856781006,256,21.51762125740337,0.05400145214085536,0.0,3.000070577768704,0.000178463186864974,0.0,0.009914588124999377,0.010093051311864353,2.397604339133377e-07,0.23976043391333768,26,11.897225856781006,PRY,10,Apple M4,1,Apple M4,16.0,18,256,274,3.942598168697013e-05,-1,8,512,42,15.6.1,0.3.21,3.13.5
2026-06-20T20:33:11.400120,qwen2.5-7b,q4,gpu,10,"If the probability of rain is 30%, what is the probability of no rain?",Zheng et al. 2023,4,11.950470924377441,256,21.42174995612872,0.049200525569600945,0.0,3.000022685538503,0.00016332484730100137,0.0,0.009958801076666836,0.010122125923967835,2.4045110132385594e-07,0.24045110132385594,26,11.950470924377441,PRY,10,Apple M4,1,Apple M4,16.0,18,256,274,3.953955439049936e-05,-1,8,512,42,15.6.1,0.3.21,3.13.5
2026-06-20T20:33:29.856947,qwen2.5-7b,q4,gpu,10,"If the probability of rain is 30%, what is the probability of no rain?",Zheng et al. 2023,5,11.89977216720581,256,21.51301692191233,0.05390160910340665,0.0,3.000081797648306,0.0001781713521600905,0.0,0.009916747187498912,0.010094918539659003,2.398047899095996e-07,0.23980478990959958,26,11.89977216720581,PRY,10,Apple M4,1,Apple M4,16.0,18,256,274,3.943327554554298e-05,-1,8,512,42,15.6.1,0.3.21,3.13.5
2026-06-20T20:33:46.454534,qwen2.5-7b,q4,gpu,10,"If the probability of rain is 30%, what is the probability of no rain?",Zheng et al. 2023,6,12.02207064628601,256,21.294168661293494,0.05190242591449979,0.0,3.0001312635059696,0.00017332628640492843,0.0,0.010018830555000023,0.01019215684140495,2.421146857675746e-07,0.24211468576757458,26,12.02207064628601,PRY,10,Apple M4,1,Apple M4,16.0,18,256,274,3.9813112661738086e-05,-1,8,512,42,15.6.1,0.3.21,3.13.5
2026-06-20T20:34:01.913445,qwen2.5-7b,q4,gpu,10,"If the probability of rain is 30%, what is the probability of no rain?",Zheng et al. 2023,7,11.915103912353516,256,21.485335074130624,0.06210086019683544,0.0,3.000032480702609,0.00020553838952550905,0.0,0.009929360763335355,0.010134899152860864,2.407545293762098e-07,0.24075452937620978,26,11.915103912353516,PRY,10,Apple M4,1,Apple M4,16.0,18,256,274,3.958944981586275e-05,-1,8,512,42,15.6.1,0.3.21,3.13.5
2026-06-20T20:34:20.331002,qwen2.5-7b,q4,gpu,10,"If the probability of rain is 30%, what is the probability of no rain?",Zheng et al. 2023,8,11.908528089523315,256,21.49719915639443,0.05010106225748606,0.0,3.0000547701123637,0.00016573052978006368,0.0,0.00992395458333097,0.010089685113111035,2.3968046986195263e-07,0.23968046986195263,26,11.908528089523315,PRY,10,Apple M4,1,Apple M4,16.0,18,256,274,3.941283247308998e-05,-1,8,512,42,15.6.1,0.3.21,3.13.5
2026-06-20T20:34:36.846465,qwen2.5-7b,q4,gpu,10,"If the probability of rain is 30%, what is the probability of no rain?",Zheng et al. 2023,9,11.916131973266602,256,21.48348143292861,0.051101291790493025,0.0,3.000067394453207,0.0001691471491610889,0.0,0.009930333055832912,0.010099480204994002,2.399131522696325e-07,0.23991315226963247,26,11.916131973266602,PRY,10,Apple M4,1,Apple M4,16.0,18,256,274,3.945109455075782e-05,-1,8,512,42,15.6.1,0.3.21,3.13.5
2026-06-20T20:34:52.226853,qwen2.5-7b,q4,gpu,10,"If the probability of rain is 30%, what is the probability of no rain?",Zheng et al. 2023,10,11.914362907409668,256,21.486671338573288,0.05380049355319321,0.0,3.00001941167767,0.0001780551679973606,0.0,0.00992870000000039,0.01010675516799775,2.4008596901578654e-07,0.24008596901578655,26,11.914362907409668,PRY,10,Apple M4,1,Apple M4,16.0,18,256,274,3.947951237499121e-05,-1,8,512,42,15.6.1,0.3.21,3.13.5
2026-06-20T20:35:41.882856,qwen2.5-7b,q8,cpu,1,"If all roses are flowers and some flowers fade quickly, can we conclude that some roses fade quickly",Zheng et al. 2023,1,20.164880990982056,256,12.695338996272076,9.8081139273684,0.0,2.515918666798777,0.054938736136493714,0.0,0.014092555694163214,0.06903129183065694,1.6398383374372556e-06,1.6398383374372556,26,20.164880990982056,PRY,10,Apple M4,1,Apple M4,16.0,24,256,280,0.0002696534837135037,0,8,512,42,15.6.1,0.3.21,3.13.5
2026-06-20T20:36:04.422674,qwen2.5-7b,q8,cpu,1,"If all roses are flowers and some flowers fade quickly, can we conclude that some roses fade quickly",Zheng et al. 2023,2,18.25329828262329,256,14.024862577505017,10.83856494003201,0.0,2.4866008212454918,0.05495543300166314,0.0,0.012607962916669446,0.06756339591833259,1.6049684700399904e-06,1.6049684700399904,26,18.25329828262329,PRY,10,Apple M4,1,Apple M4,16.0,24,256,280,0.0002639195153059867,0,8,512,42,15.6.1,0.3.21,3.13.5
2026-06-20T20:36:29.119741,qwen2.5-7b,q8,cpu,1,"If all roses are flowers and some flowers fade quickly, can we conclude that some roses fade quickly",Zheng et al. 2023,3,18.330464839935303,256,13.965821501824148,10.831286804237541,0.0,2.4839398250172016,0.05515070053786984,0.0,0.012647714340831348,0.0677984148787012,1.6105513454435468e-06,1.6105513454435467,26,18.330464839935303,PRY,10,Apple M4,1,Apple M4,16.0,24,256,280,0.00026483755811992655,0,8,512,42,15.6.1,0.3.21,3.13.5
2026-06-20T20:36:51.732564,qwen2.5-7b,q8,cpu,1,"If all roses are flowers and some flowers fade quickly, can we conclude that some roses fade quickly",Zheng et al. 2023,4,18.258631944656372,256,14.020765672694429,11.37067837245453,0.0,5.466415353654102,0.057670286489919884,0.0,0.027724796110830233,0.08539508260075013,2.028560187180819e-06,2.028560187180819,26,18.258631944656372,PRY,10,Apple M4,1,Apple M4,16.0,24,256,280,0.0003335745414091802,0,8,512,42,15.6.1,0.3.21,3.13.5
2026-06-20T20:37:16.276122,qwen2.5-7b,q8,cpu,1,"If all roses are flowers and some flowers fade quickly, can we conclude that some roses fade quickly",Zheng et al. 2023,5,18.22894310951233,256,14.043600798030504,11.421669665685492,0.0,5.470420817922064,0.05783471293095098,0.0,0.02769999718749811,0.08553471011844908,2.031877038863758e-06,2.031877038863758,26,18.22894310951233,PRY,10,Apple M4,1,Apple M4,16.0,24,256,280,0.00033411996140019173,0,8,512,42,15.6.1,0.3.21,3.13.5
2026-06-20T20:37:39.441232,qwen2.5-7b,q8,cpu,1,"If all roses are flowers and some flowers fade quickly, can we conclude that some roses fade quickly",Zheng et al. 2023,6,18.875780820846558,256,13.56235285998191,10.69941985776081,0.0,2.496514148063593,0.056099973373696196,0.0,0.013089903854164125,0.06918987722786032,1.643605533547822e-06,1.6436055335478221,26,18.875780820846558,PRY,10,Apple M4,1,Apple M4,16.0,24,256,280,0.0002702729579213294,0,8,512,42,15.6.1,0.3.21,3.13.5
2026-06-20T20:38:03.953471,qwen2.5-7b,q8,cpu,1,"If all roses are flowers and some flowers fade quickly, can we conclude that some roses fade quickly",Zheng et al. 2023,7,18.23453378677368,256,14.03929505374512,11.704097425583974,0.0,5.46964143938472,0.0592829888751394,0.0,0.02770454489666614,0.08698753377180554,2.0663888647492405e-06,2.0663888647492406,26,18.23453378677368,PRY,10,Apple M4,1,Apple M4,16.0,24,256,280,0.0003397950537961154,0,8,512,42,15.6.1,0.3.21,3.13.5
2026-06-20T20:54:11.295288,qwen2.5-7b,q8,cpu,1,"If all roses are flowers and some flowers fade quickly, can we conclude that some roses fade quickly",Zheng et al. 2023,8,962.9995629787445,256,0.26583605002700345,0.20432571332009383,0.0,0.05172426140456333,0.054657103509047386,0.0,0.013836233646664673,0.06849333715571206,1.6270592241339396e-06,1.6270592241339397,26,962.9995629787445,PRY,10,Apple M4,1,Apple M4,16.0,24,256,280,0.0002675520982645002,0,8,512,42,15.6.1,0.3.21,3.13.5
2026-06-20T20:54:35.623598,qwen2.5-7b,q8,cpu,1,"If all roses are flowers and some flowers fade quickly, can we conclude that some roses fade quickly",Zheng et al. 2023,9,17.971663236618042,256,14.244647066298734,11.011822259560155,0.0,5.506027159154754,0.05497243368619707,0.0,0.02748679607666721,0.08245922976286428,1.958819003016841e-06,1.9588190030168409,26,17.971663236618042,PRY,10,Apple M4,1,Apple M4,16.0,24,256,280,0.0003221063662611886,0,8,512,42,15.6.1,0.3.21,3.13.5
2026-06-20T20:54:58.374156,qwen2.5-7b,q8,cpu,1,"If all roses are flowers and some flowers fade quickly, can we conclude that some roses fade quickly",Zheng et al. 2023,10,18.394970893859863,256,13.916847244670082,9.74602816513361,0.0,2.4535255456731533,0.04979941789676978,0.0,0.01253681416666647,0.06233623206343625,1.480797192666928e-06,1.4807971926669279,26,18.394970893859863,PRY,10,Apple M4,1,Apple M4,16.0,24,256,280,0.00024350090649779784,0,8,512,42,15.6.1,0.3.21,3.13.5
2026-06-20T20:55:17.518093,qwen2.5-7b,q8,cpu,2,A farmer has 17 sheep. All but 9 die. How many sheep does the farmer have left? Explain.,Zheng et al. 2023,1,12.828038215637207,171,13.330175442691875,0.15710467709561618,0.0,3.000070702633854,0.0005598180004549744,0.0,0.010690283784166846,0.01125010178462182,2.672461678936913e-07,0.2672461678936913,26,12.828038215637207,PRY,10,Apple M4,1,Apple M4,16.0,25,171,196,6.579006891591709e-05,0,8,512,42,15.6.1,0.3.21,3.13.5
2026-06-20T20:55:34.985271,qwen2.5-7b,q8,cpu,2,A farmer has 17 sheep. All but 9 die. How many sheep does the farmer have left? Explain.,Zheng et al. 2023,2,13.019061803817749,171,13.134587006097124,0.04700223099367639,0.0,3.0001151074147936,0.0001699791528399975,0.0,0.010849634445000145,0.011019613597840143,2.617709210166926e-07,0.2617709210166926,26,13.019061803817749,PRY,10,Apple M4,1,Apple M4,16.0,25,171,196,6.444218478269089e-05,0,8,512,42,15.6.1,0.3.21,3.13.5
2026-06-20T20:55:52.045982,qwen2.5-7b,q8,cpu,2,A farmer has 17 sheep. All but 9 die. How many sheep does the farmer have left? Explain.,Zheng et al. 2023,3,13.561745882034302,171,12.608996030999919,0.04720094649559666,0.0,3.00003700518347,0.00017781312271243873,0.0,0.011301594305832623,0.011479407428545063,2.726933234650879e-07,0.2726933234650879,26,13.561745882034302,PRY,10,Apple M4,1,Apple M4,16.0,25,171,196,6.713103759383078e-05,0,8,512,42,15.6.1,0.3.21,3.13.5
2026-06-20T20:56:12.370061,qwen2.5-7b,q8,cpu,2,A farmer has 17 sheep. All but 9 die. How many sheep does the farmer have left? Explain.,Zheng et al. 2023,4,13.765413761138916,171,12.422438073220102,0.045201424907648835,0.0,3.0000728704278985,0.00017283786567967685,0.0,0.011471456770835478,0.011644294636515154,2.7661021909041747e-07,0.2766102190904175,26,13.765413761138916,PRY,10,Apple M4,1,Apple M4,16.0,25,171,196,6.809529027201845e-05,0,8,512,42,15.6.1,0.3.21,3.13.5
2026-06-20T20:56:33.440236,qwen2.5-7b,q8,cpu,2,A farmer has 17 sheep. All but 9 die. How many sheep does the farmer have left? Explain.,Zheng et al. 2023,5,16.51957392692566,171,10.351356563820506,1.731820274399541,0.0,5.725313628992995,0.007946925847525528,0.0,0.026272150485829114,0.034219076333354644,8.128741582988394e-07,0.8128741582988395,26,16.51957392692566,PRY,10,Apple M4,1,Apple M4,16.0,25,171,196,0.00020011155750499792,0,8,512,42,15.6.1,0.3.21,3.13.5
2026-06-20T20:56:59.635287,qwen2.5-7b,q8,cpu,2,A farmer has 17 sheep. All but 9 die. How many sheep does the farmer have left? Explain.,Zheng et al. 2023,6,19.54429793357849,171,8.749354956680735,2.41295204205143,0.0,2.356758997357533,0.013099848224802712,0.0,0.012794777778332597,0.02589462600313531,6.151268407044792e-07,0.6151268407044792,26,19.54429793357849,PRY,10,Apple M4,1,Apple M4,16.0,25,171,196,0.00015143056142184392,0,8,512,42,15.6.1,0.3.21,3.13.5
2026-06-20T21:12:43.177361,qwen2.5-7b,q8,cpu,2,A farmer has 17 sheep. All but 9 die. How many sheep does the farmer have left? Explain.,Zheng et al. 2023,7,939.2154629230499,171,0.18206684914216542,0.056424786543302026,0.0,0.05349778031084034,0.014720842226000471,0.0,0.013957206250000428,0.028678048476000903,6.812470415474014e-07,0.6812470415474013,26,939.2154629230499,PRY,10,Apple M4,1,Apple M4,16.0,25,171,196,0.00016770788582456668,0,8,512,42,15.6.1,0.3.21,3.13.5
2026-06-20T21:13:01.471984,qwen2.5-7b,q8,cpu,2,A farmer has 17 sheep. All but 9 die. How many sheep does the farmer have left? Explain.,Zheng et al. 2023,8,12.033562183380127,171,14.210256065005643,0.05113070092441547,0.0,3.0017873821175005,0.00017091235251493478,0.0,0.010033943089999107,0.010204855442514042,2.4241634103692104e-07,0.24241634103692103,26,12.033562183380127,PRY,10,Apple M4,1,Apple M4,16.0,25,171,196,5.9677517207684455e-05,0,8,512,42,15.6.1,0.3.21,3.13.5
2026-06-20T21:13:17.707519,qwen2.5-7b,q8,cpu,2,A farmer has 17 sheep. All but 9 die. How many sheep does the farmer have left? Explain.,Zheng et al. 2023,9,11.977917909622192,171,14.276270825218377,0.05001176717188992,0.0,3.00068961460543,0.0001663991226944543,0.0,0.009983892743333249,0.010150291866027703,2.411201832774881e-07,0.2411201832774881,26,11.977917909622192,PRY,10,Apple M4,1,Apple M4,16.0,25,171,196,5.935843196507429e-05,0,8,512,42,15.6.1,0.3.21,3.13.5
2026-06-20T21:29:42.217020,qwen2.5-7b,q8,cpu,2,A farmer has 17 sheep. All but 9 die. How many sheep does the farmer have left? Explain.,Zheng et al. 2023,10,981.2639570236206,171,0.17426503722676095,0.0005305313232221805,0.0,0.03844408133508107,0.00014460868487499285,0.0,0.01047883093749988,0.010623439622374874,2.5235980822951513e-07,0.25235980822951515,26,981.2639570236206,PRY,10,Apple M4,1,Apple M4,16.0,25,171,196,6.2125377908625e-05,0,8,512,42,15.6.1,0.3.21,3.13.5
2026-06-20T21:30:07.392993,qwen2.5-7b,q8,cpu,3,"If it takes 5 machines 5 minutes to make 5 widgets, how long does it take 100 machines to make 100 w",Zheng et al. 2023,1,18.88098406791687,256,13.558615328477652,10.057571299441936,0.0,2.46629888074186,0.05274912318519477,0.0,0.012935041631668963,0.06568416481686373,1.5603273352245978e-06,1.5603273352245979,26,18.88098406791687,PRY,10,Apple M4,1,Apple M4,16.0,33,256,289,0.00025657876881587396,0,8,512,42,15.6.1,0.3.21,3.13.5
2026-06-20T21:30:29.762524,qwen2.5-7b,q8,cpu,3,"If it takes 5 machines 5 minutes to make 5 widgets, how long does it take 100 machines to make 100 w",Zheng et al. 2023,2,18.027740001678467,256,14.20033792234441,11.153196801860021,0.0,5.497629534692704,0.05585192559207896,0.0,0.02753050996583018,0.08338243555790915,1.9807497566781316e-06,1.9807497566781316,26,18.027740001678467,PRY,10,Apple M4,1,Apple M4,16.0,33,256,289,0.00032571263889808263,0,8,512,42,15.6.1,0.3.21,3.13.5
2026-06-20T21:30:55.323082,qwen2.5-7b,q8,cpu,3,"If it takes 5 machines 5 minutes to make 5 widgets, how long does it take 100 machines to make 100 w",Zheng et al. 2023,3,19.266306161880493,256,13.287445857499705,7.7846890171823615,0.0,2.4756285584397677,0.04166172277223998,0.0,0.013248949374998726,0.05491067214723871,1.3044030168576555e-06,1.3044030168576555,26,19.266306161880493,PRY,10,Apple M4,1,Apple M4,16.0,33,256,289,0.0002144948130751512,0,8,512,42,15.6.1,0.3.21,3.13.5
2026-06-20T21:31:19.731922,qwen2.5-7b,q8,cpu,3,"If it takes 5 machines 5 minutes to make 5 widgets, how long does it take 100 machines to make 100 w",Zheng et al. 2023,4,20.084211826324463,256,12.746330411854135,6.4689472445099785,0.0,2.4811813594139065,0.03608991854223788,0.0,0.013842381111665721,0.0499322996539036,1.1861417782784798e-06,1.1861417782784798,26,20.084211826324463,PRY,10,Apple M4,1,Apple M4,16.0,33,256,289,0.00019504804552306093,0,8,512,42,15.6.1,0.3.21,3.13.5
2026-06-20T21:31:46.166484,qwen2.5-7b,q8,cpu,3,"If it takes 5 machines 5 minutes to make 5 widgets, how long does it take 100 machines to make 100 w",Zheng et al. 2023,5,20.050464153289795,256,12.767784228974898,5.007197424227649,0.0,2.4442412218147753,0.02788795346192263,0.0,0.013613380833330668,0.041501334295253295,9.858641961837419e-07,0.9858641961837419,26,20.050464153289795,PRY,10,Apple M4,1,Apple M4,16.0,33,256,289,0.00016211458709083318,0,8,512,42,15.6.1,0.3.21,3.13.5
2026-06-20T21:32:12.734409,qwen2.5-7b,q8,cpu,3,"If it takes 5 machines 5 minutes to make 5 widgets, how long does it take 100 machines to make 100 w",Zheng et al. 2023,6,22.034124851226807,256,11.618342082043096,3.0517050893429922,0.0,2.4628786651797485,0.018678236374363263,0.0,0.015074271111664834,0.033752507486028094,8.017908153305973e-07,0.8017908153305973,26,22.034124851226807,PRY,10,Apple M4,1,Apple M4,16.0,33,256,289,0.00013184573236729724,0,8,512,42,15.6.1,0.3.21,3.13.5
2026-06-20T21:48:00.367476,qwen2.5-7b,q8,cpu,3,"If it takes 5 machines 5 minutes to make 5 widgets, how long does it take 100 machines to make 100 w",Zheng et al. 2023,7,22.716810941696167,256,11.269187416184288,2.6325598537730115,0.0,2.445349388810446,0.01661204569190578,0.0,0.015430705486666437,0.032042751178572214,7.611755542469829e-07,0.7611755542469829,26,22.716810941696167,PRY,10,Apple M4,1,Apple M4,16.0,33,256,289,0.0001251669967912977,0,8,512,42,15.6.1,0.3.21,3.13.5
2026-06-20T21:48:23.060303,qwen2.5-7b,q8,cpu,3,"If it takes 5 machines 5 minutes to make 5 widgets, how long does it take 100 machines to make 100 w",Zheng et al. 2023,8,18.408734798431396,256,13.906441849649205,10.263245629925482,0.0,2.4779664720840153,0.052481490825682826,0.0,0.012671174339999803,0.06515266516568263,1.5477015610107906e-06,1.5477015610107907,26,18.408734798431396,PRY,10,Apple M4,1,Apple M4,16.0,33,256,289,0.0002545025983034478,0,8,512,42,15.6.1,0.3.21,3.13.5
2026-06-20T21:48:47.375371,qwen2.5-7b,q8,cpu,3,"If it takes 5 machines 5 minutes to make 5 widgets, how long does it take 100 machines to make 100 w",Zheng et al. 2023,9,17.981441020965576,256,14.236901241758943,11.14382059278006,0.0,5.504394239515777,0.05566165353813785,0.0,0.027493594548332115,0.08315524808646999,1.9753529182940944e-06,1.9753529182940943,26,17.981441020965576,PRY,10,Apple M4,1,Apple M4,16.0,33,256,289,0.0003248251878377734,0,8,512,42,15.6.1,0.3.21,3.13.5
2026-06-20T22:04:22.228976,qwen2.5-7b,q8,cpu,3,"If it takes 5 machines 5 minutes to make 5 widgets, how long does it take 100 machines to make 100 w",Zheng et al. 2023,10,930.541454076767,256,0.2751086465610384,0.20070851433336698,0.0,0.049863238947296676,0.0518798868814886,0.0,0.012888836354165203,0.06476872323565379,1.5385810204629558e-06,1.5385810204629558,26,930.541454076767,PRY,10,Apple M4,1,Apple M4,16.0,33,256,289,0.0002530028251392726,0,8,512,42,15.6.1,0.3.21,3.13.5
2026-06-20T22:04:46.850500,qwen2.5-7b,q8,cpu,4,A bat and ball cost $1.10. The bat costs $1 more than the ball. How much does the ball cost?,Zheng et al. 2023,1,18.28201198577881,256,14.00283514741906,11.145986530296769,0.0,5.463261604012037,0.05660307203894853,0.0,0.027744281701664784,0.0843473537406133,2.003671388108269e-06,2.003671388108269,26,18.28201198577881,PRY,10,Apple M4,1,Apple M4,16.0,28,256,284,0.00032948185054927073,0,8,512,42,15.6.1,0.3.21,3.13.5
2026-06-20T22:05:09.445223,qwen2.5-7b,q8,cpu,4,A bat and ball cost $1.10. The bat costs $1 more than the ball. How much does the ball cost?,Zheng et al. 2023,2,18.298734188079834,256,13.990038729933767,10.689376297808353,0.0,2.463675057281299,0.05433390430832109,0.0,0.012522815277498014,0.0668567195858191,1.5881813737611326e-06,1.5881813737611326,26,18.298734188079834,PRY,10,Apple M4,1,Apple M4,16.0,28,256,284,0.00026115906088210585,0,8,512,42,15.6.1,0.3.21,3.13.5
2026-06-20T22:05:35.556780,qwen2.5-7b,q8,cpu,4,A bat and ball cost $1.10. The bat costs $1 more than the ball. How much does the ball cost?,Zheng et al. 2023,3,19.82010006904602,256,12.916181003536265,7.590715095970454,0.0,2.4690702974520597,0.041791314666042405,0.0,0.013593672325835847,0.05538498699187825,1.3156703659920678e-06,1.3156703659920679,26,19.82010006904602,PRY,10,Apple M4,1,Apple M4,16.0,28,256,284,0.00021634760543702442,0,8,512,42,15.6.1,0.3.21,3.13.5
2026-06-20T22:06:00.645758,qwen2.5-7b,q8,cpu,4,A bat and ball cost $1.10. The bat costs $1 more than the ball. How much does the ball cost?,Zheng et al. 2023,4,20.65823721885681,256,12.392151241555283,6.523834572270947,0.0,2.50204682657122,0.03743636726959791,0.0,0.014357743576665596,0.05179411084626351,1.2303691031529896e-06,1.2303691031529895,26,20.65823721885681,PRY,10,Apple M4,1,Apple M4,16.0,28,256,284,0.00020232074549321683,0,8,512,42,15.6.1,0.3.21,3.13.5
2026-06-20T22:06:29.632309,qwen2.5-7b,q8,cpu,4,A bat and ball cost $1.10. The bat costs $1 more than the ball. How much does the ball cost?,Zheng et al. 2023,5,22.59289789199829,256,11.330994422396222,4.749125690728908,0.0,2.5250801943475656,0.02980458661302891,0.0,0.01584691083333382,0.04565149744636273,1.0844513218383465e-06,1.0844513218383465,26,22.59289789199829,PRY,10,Apple M4,1,Apple M4,16.0,28,256,284,0.00017832616189985442,0,8,512,42,15.6.1,0.3.21,3.13.5
2026-06-20T22:06:57.485736,qwen2.5-7b,q8,cpu,4,A bat and ball cost $1.10. The bat costs $1 more than the ball. How much does the ball cost?,Zheng et al. 2023,6,23.380698919296265,256,10.949202198088326,2.9626400380329003,0.0,2.4863703956697565,0.019241276315416576,0.0,0.016148077117501696,0.03538935343291826,8.406740907989732e-07,0.8406740907989733,26,23.380698919296265,PRY,10,Apple M4,1,Apple M4,16.0,28,256,284,0.00013823966184733696,0,8,512,42,15.6.1,0.3.21,3.13.5
2026-06-20T22:23:30.354945,qwen2.5-7b,q8,cpu,4,A bat and ball cost $1.10. The bat costs $1 more than the ball. How much does the ball cost?,Zheng et al. 2023,7,986.5314288139343,256,0.259495027246905,0.19139072319456438,0.0,0.061217291702101974,0.05244804544857383,0.0,0.01677577284749835,0.06922381829607219,1.6444118036231948e-06,1.6444118036231947,26,986.5314288139343,PRY,10,Apple M4,1,Apple M4,16.0,28,256,284,0.000270405540219032,0,8,512,42,15.6.1,0.3.21,3.13.5
2026-06-20T22:23:52.823871,qwen2.5-7b,q8,cpu,4,A bat and ball cost $1.10. The bat costs $1 more than the ball. How much does the ball cost?,Zheng et al. 2023,8,18.180259943008423,256,14.081206803561125,10.512131878708269,0.0,2.478633069178115,0.05308702503058384,0.0,0.012517275972498586,0.06560430100308243,1.5584301703282229e-06,1.5584301703282228,26,18.180259943008423,PRY,10,Apple M4,1,Apple M4,16.0,28,256,284,0.00025626680079329073,0,8,512,42,15.6.1,0.3.21,3.13.5
2026-06-20T22:34:12.382041,qwen2.5-7b,q8,cpu,4,A bat and ball cost $1.10. The bat costs $1 more than the ball. How much does the ball cost?,Zheng et al. 2023,9,613.3033828735352,256,0.4174116875086403,0.3046677219037381,0.0,0.07596283491167022,0.05190381791553778,0.0,0.012941184339997563,0.06484500225553534,1.540393028580242e-06,1.5403930285802419,26,613.3033828735352,PRY,10,Apple M4,1,Apple M4,16.0,28,256,284,0.00025330079006068493,0,8,512,42,15.6.1,0.3.21,3.13.5
2026-06-20T22:34:35.118636,qwen2.5-7b,q8,cpu,4,A bat and ball cost $1.10. The bat costs $1 more than the ball. How much does the ball cost?,Zheng et al. 2023,10,18.45068907737732,256,13.874820551492878,10.31236524234186,0.0,2.493500537029065,0.052852845760778464,0.0,0.012779667534165734,0.06563251329494421,1.5591003533213996e-06,1.5591003533213996,26,18.45068907737732,PRY,10,Apple M4,1,Apple M4,16.0,28,256,284,0.0002563770050583758,0,8,512,42,15.6.1,0.3.21,3.13.5
2026-06-20T22:35:00.604295,qwen2.5-7b,q8,cpu,5,Three switches control three light bulbs in another room. You can only enter the room once. How do y,Zheng et al. 2023,1,19.2120418548584,256,13.324976175567823,10.459376226697403,0.0,2.490285863910279,0.05581832606750595,0.0,0.013289854513335133,0.06910818058084109,1.6416648296978799e-06,1.64166482969788,26,19.2120418548584,PRY,10,Apple M4,1,Apple M4,16.0,28,256,284,0.0002699538303939105,0,8,512,42,15.6.1,0.3.21,3.13.5
2026-06-20T22:35:27.552495,qwen2.5-7b,q8,cpu,5,Three switches control three light bulbs in another room. You can only enter the room once. How do y,Zheng et al. 2023,2,22.668482065200806,256,11.293213161060956,6.562180849251465,0.0,2.5539518683904987,0.041320744136072514,0.0,0.01608172558999892,0.05740246972607143,1.3635956683428268e-06,1.3635956683428267,26,22.668482065200806,PRY,10,Apple M4,1,Apple M4,16.0,28,256,284,0.00022422839736746652,0,8,512,42,15.6.1,0.3.21,3.13.5
2026-06-20T22:35:57.586364,qwen2.5-7b,q8,cpu,5,Three switches control three light bulbs in another room. You can only enter the room once. How do y,Zheng et al. 2023,3,23.64177918434143,256,10.828288260536478,5.359245593021467,0.000635393583142406,2.5629345417932434,0.03519502802913013,4.17273188550007e-06,0.016831203472499206,0.05203040423351484,1.235982252567145e-06,1.235982252567145,26,23.64177918434143,PRY,10,Apple M4,1,Apple M4,16.0,28,256,284,0.00020324376653716735,0,8,512,42,15.6.1,0.3.21,3.13.5
2026-06-20T22:36:26.818150,qwen2.5-7b,q8,cpu,5,Three switches control three light bulbs in another room. You can only enter the room once. How do y,Zheng et al. 2023,4,24.7516872882843,256,10.342729245822861,3.3962603756866123,0.0,2.534744981070866,0.023350881880162773,0.0,0.01742755975750394,0.04077844163766671,9.686918811027726e-07,0.9686918811027726,26,24.7516872882843,PRY,10,Apple M4,1,Apple M4,16.0,28,256,284,0.00015929078764713558,0,8,512,42,15.6.1,0.3.21,3.13.5
2026-06-20T22:37:00.902296,qwen2.5-7b,q8,cpu,5,Three switches control three light bulbs in another room. You can only enter the room once. How do y,Zheng et al. 2023,5,27.549712896347046,256,9.292292843964422,2.3856520755695207,0.0,2.5566583222120913,0.01825667493125409,0.0,0.01956533409749985,0.03782200902875395,8.984618244780499e-07,0.8984618244780499,26,27.549712896347046,PRY,10,Apple M4,1,Apple M4,16.0,28,256,284,0.0001477422227685701,0,8,512,42,15.6.1,0.3.21,3.13.5
2026-06-20T22:37:35.774109,qwen2.5-7b,q8,cpu,5,Three switches control three light bulbs in another room. You can only enter the room once. How do y,Zheng et al. 2023,6,30.297837257385254,256,8.449447986179234,3.2074656560340036,0.0,3.65137079951304,0.02699424234865852,0.0,0.030730177291670772,0.05772441964032929,1.3712435885560221e-06,1.3712435885560221,26,30.297837257385254,PRY,10,Apple M4,1,Apple M4,16.0,28,256,284,0.00022548601422003628,0,8,512,42,15.6.1,0.3.21,3.13.5
2026-06-20T22:38:14.408536,qwen2.5-7b,q8,cpu,5,Three switches control three light bulbs in another room. You can only enter the room once. How do y,Zheng et al. 2023,7,32.06894016265869,256,7.982802010341716,1.7230246615550597,0.0,3.595065483586967,0.015348770769498457,0.0,0.032024983298330575,0.04737375406782903,1.1253635278812787e-06,1.1253635278812788,26,32.06894016265869,PRY,10,Apple M4,1,Apple M4,16.0,28,256,284,0.00018505372682745715,0,8,512,42,15.6.1,0.3.21,3.13.5
2026-06-20T22:38:52.365574,qwen2.5-7b,q8,cpu,5,Three switches control three light bulbs in another room. You can only enter the room once. How do y,Zheng et al. 2023,8,33.38804888725281,256,7.667414195554805,2.295609835085627,0.0,3.581726002643136,0.021290537055527022,0.0,0.03321856746583156,0.05450910452135858,1.2948637779048729e-06,1.2948637779048728,26,33.38804888725281,PRY,10,Apple M4,1,Apple M4,16.0,28,256,284,0.00021292618953655694,0,8,512,42,15.6.1,0.3.21,3.13.5
2026-06-20T22:39:33.465972,qwen2.5-7b,q8,cpu,5,Three switches control three light bulbs in another room. You can only enter the room once. How do y,Zheng et al. 2023,9,34.533400774002075,256,7.413112935947089,2.322113657733163,0.0,2.257173627587745,0.022275133773689778,0.0,0.021652189304998806,0.04392732307868858,1.0434935597342472e-06,1.0434935597342472,26,34.533400774002075,PRY,10,Apple M4,1,Apple M4,16.0,28,256,284,0.00017159110577612727,0,8,512,42,15.6.1,0.3.21,3.13.5
2026-06-20T22:40:12.177352,qwen2.5-7b,q8,cpu,5,Three switches control three light bulbs in another room. You can only enter the room once. How do y,Zheng et al. 2023,10,34.05367088317871,256,7.5175449036965585,2.270932992240086,0.0,3.574200393594599,0.021481556865415585,0.0,0.033809623298332855,0.05529118016374844,1.313441984789844e-06,1.313441984789844,26,34.05367088317871,PRY,10,Apple M4,1,Apple M4,16.0,28,256,284,0.00021598117251464235,0,8,512,42,15.6.1,0.3.21,3.13.5
2026-06-20T22:40:41.270619,qwen2.5-7b,q8,cpu,6,"Given that f(x) = 4x³ - 9x - 14, find the value of f(2).",Zheng et al. 2023,1,22.482948064804077,160,7.116504452121736,1.9514021953860425,0.0,2.430575044806957,0.012187020614558071,0.0,0.015179581250001016,0.027366601864559085,6.50093627292601e-07,0.650093627292601,26,22.482948064804077,PRY,10,Apple M4,1,Apple M4,16.0,27,160,187,0.00017104126165349429,0,8,512,42,15.6.1,0.3.21,3.13.5
2026-06-20T22:41:07.846804,qwen2.5-7b,q8,cpu,6,"Given that f(x) = 4x³ - 9x - 14, find the value of f(2).",Zheng et al. 2023,2,21.958187103271484,160,7.286576038700485,2.0078627816227046,0.0,2.4162598840455196,0.012246951843490688,0.0,0.014737968506666827,0.026984920350157517,6.410267829179918e-07,0.6410267829179918,26,21.958187103271484,PRY,10,Apple M4,1,Apple M4,16.0,27,160,187,0.0001686557521884845,0,8,512,42,15.6.1,0.3.21,3.13.5
2026-06-20T22:41:37.148048,qwen2.5-7b,q8,cpu,6,"Given that f(x) = 4x³ - 9x - 14, find the value of f(2).",Zheng et al. 2023,3,22.652968883514404,160,7.063091854438527,1.911627173011348,0.0,2.4336571140628207,0.012028897463085187,0.0,0.015313766355002372,0.027342663818087563,6.4952497899867e-07,0.64952497899867,26,22.652968883514404,PRY,10,Apple M4,1,Apple M4,16.0,27,160,187,0.00017089164886304728,0,8,512,42,15.6.1,0.3.21,3.13.5
2026-06-20T22:42:04.582329,qwen2.5-7b,q8,cpu,6,"Given that f(x) = 4x³ - 9x - 14, find the value of f(2).",Zheng et al. 2023,4,22.731393814086914,160,7.038723683580112,1.9095432285677036,0.0,2.429580180110841,0.012057383092665403,0.0,0.01534103996583326,0.027398423058498666,6.508495397546357e-07,0.6508495397546358,26,22.731393814086914,PRY,10,Apple M4,1,Apple M4,16.0,27,160,187,0.00017124014411561665,0,8,512,42,15.6.1,0.3.21,3.13.5
2026-06-20T22:42:34.320856,qwen2.5-7b,q8,cpu,6,"Given that f(x) = 4x³ - 9x - 14, find the value of f(2).",Zheng et al. 2023,5,23.10145092010498,160,6.925971903381768,1.841785476424887,0.0,2.4443017537419864,0.011818865774719916,0.0,0.01568525472166584,0.027504120496385755,6.533603823916436e-07,0.6533603823916436,26,23.10145092010498,PRY,10,Apple M4,1,Apple M4,16.0,27,160,187,0.00017190075310241098,0,8,512,42,15.6.1,0.3.21,3.13.5
2026-06-20T22:43:02.285602,qwen2.5-7b,q8,cpu,6,"Given that f(x) = 4x³ - 9x - 14, find the value of f(2).",Zheng et al. 2023,6,23.28343105316162,160,6.87183944817591,1.8307286207542102,0.0,2.4470858480828905,0.0118404565606612,0.0,0.0158268207291682,0.0276672772898294,6.572361720198974e-07,0.6572361720198974,26,23.28343105316162,PRY,10,Apple M4,1,Apple M4,16.0,27,160,187,0.00017292048306143375,0,8,512,42,15.6.1,0.3.21,3.13.5
2026-06-20T22:43:33.228994,qwen2.5-7b,q8,cpu,6,"Given that f(x) = 4x³ - 9x - 14, find the value of f(2).",Zheng et al. 2023,7,24.265177965164185,160,6.593811107822938,1.7512006803749591,0.0,2.463841650485233,0.011803665600559718,0.0,0.0166070989241689,0.028410764524728613,6.748977112849282e-07,0.6748977112849281,26,24.265177965164185,PRY,10,Apple M4,1,Apple M4,16.0,27,160,187,0.00017756727827955384,0,8,512,42,15.6.1,0.3.21,3.13.5
2026-06-20T22:44:01.555368,qwen2.5-7b,q8,cpu,6,"Given that f(x) = 4x³ - 9x - 14, find the value of f(2).",Zheng et al. 2023,8,23.69463300704956,160,6.7525840114255935,1.790178120516708,0.0,2.453888222564882,0.011782670439692538,0.0,0.016151105798332233,0.02793377623802477,6.635668545342783e-07,0.6635668545342783,26,23.69463300704956,PRY,10,Apple M4,1,Apple M4,16.0,27,160,187,0.00017458610148765483,0,8,512,42,15.6.1,0.3.21,3.13.5
2026-06-20T22:44:32.705057,qwen2.5-7b,q8,cpu,6,"Given that f(x) = 4x³ - 9x - 14, find the value of f(2).",Zheng et al. 2023,9,24.41649317741394,160,6.552947584954799,1.7186033720359675,0.0,2.4731190177983864,0.011656185418887997,0.0,0.016773581562501933,0.02842976698138993,6.753491146429178e-07,0.6753491146429178,26,24.41649317741394,PRY,10,Apple M4,1,Apple M4,16.0,27,160,187,0.00017768604363368706,0,8,512,42,15.6.1,0.3.21,3.13.5
2026-06-20T22:45:01.675354,qwen2.5-7b,q8,cpu,6,"Given that f(x) = 4x³ - 9x - 14, find the value of f(2).",Zheng et al. 2023,10,24.32962679862976,160,6.576344196492614,1.718105723928526,0.0,2.4670487035737207,0.011611353073269626,0.0,0.016672881736664445,0.02828423480993407,6.718919979099838e-07,0.6718919979099838,26,24.32962679862976,PRY,10,Apple M4,1,Apple M4,16.0,27,160,187,0.00017677646756208794,0,8,512,42,15.6.1,0.3.21,3.13.5
2026-06-20T22:45:50.538443,qwen2.5-7b,q8,cpu,7,"Calculate the compound interest on $10,000 at 5% annual rate over 3 years.",Zheng et al. 2023,1,42.23480176925659,256,6.061351995887586,1.705669515444789,0.0,2.3825427320756125,0.020010726074631835,0.0,0.027951727776665696,0.047962453851297535,1.1393480912375727e-06,1.1393480912375726,26,42.23480176925659,PRY,10,Apple M4,1,Apple M4,16.0,23,256,279,0.000187353335356631,0,8,512,42,15.6.1,0.3.21,3.13.5
2026-06-20T22:46:37.072857,qwen2.5-7b,q8,cpu,7,"Calculate the compound interest on $10,000 at 5% annual rate over 3 years.",Zheng et al. 2023,2,41.89502787590027,256,6.110510315408136,1.6851737047238686,0.0,2.380445539848532,0.019611222037539056,0.0,0.027702453402504643,0.047313675440043695,1.123936360078238e-06,1.123936360078238,26,41.89502787590027,PRY,10,Apple M4,1,Apple M4,16.0,23,256,279,0.00018481904468767069,0,8,512,42,15.6.1,0.3.21,3.13.5
2026-06-20T22:47:26.132155,qwen2.5-7b,q8,cpu,7,"Calculate the compound interest on $10,000 at 5% annual rate over 3 years.",Zheng et al. 2023,3,42.37961483001709,256,6.040640081954628,1.7678552088940642,0.0,2.384113350303807,0.02081139523004718,0.0,0.028066057082493597,0.04887745231254077,1.161083879684406e-06,1.161083879684406,26,42.37961483001709,PRY,10,Apple M4,1,Apple M4,16.0,23,256,279,0.0001909275480958624,0,8,512,42,15.6.1,0.3.21,3.13.5
2026-06-20T22:48:13.254906,qwen2.5-7b,q8,cpu,7,"Calculate the compound interest on $10,000 at 5% annual rate over 3 years.",Zheng et al. 2023,4,42.400139808654785,256,6.037715940449443,1.6396894387744119,0.0,2.3779746294716997,0.019311961513002712,0.0,0.02800734909750948,0.04731931061051219,1.124070223552717e-06,1.124070223552717,26,42.400139808654785,PRY,10,Apple M4,1,Apple M4,16.0,23,256,279,0.00018484105707231325,0,8,512,42,15.6.1,0.3.21,3.13.5
2026-06-20T22:49:03.326238,qwen2.5-7b,q8,cpu,7,"Calculate the compound interest on $10,000 at 5% annual rate over 3 years.",Zheng et al. 2023,5,43.40161180496216,256,5.898398454656728,1.5964168969986963,0.0,2.397367411550081,0.019246407345116578,0.0,0.028902669374989882,0.04814907672010645,1.1437813174861288e-06,1.1437813174861289,26,43.40161180496216,PRY,10,Apple M4,1,Apple M4,16.0,23,256,279,0.00018808233093791583,0,8,512,42,15.6.1,0.3.21,3.13.5
2026-06-20T22:49:52.856379,qwen2.5-7b,q8,cpu,7,"Calculate the compound interest on $10,000 at 5% annual rate over 3 years.",Zheng et al. 2023,6,44.89047813415527,256,5.70276839633883,1.5360093778147963,0.0,2.415766021089886,0.019153387607959045,0.0,0.03012358104082523,0.04927696864878429,1.1705743902518707e-06,1.1705743902518706,26,44.89047813415527,PRY,10,Apple M4,1,Apple M4,16.0,23,256,279,0.00019248815878431362,0,8,512,42,15.6.1,0.3.21,3.13.5
2026-06-20T22:50:44.630882,qwen2.5-7b,q8,cpu,7,"Calculate the compound interest on $10,000 at 5% annual rate over 3 years.",Zheng et al. 2023,7,45.02156901359558,256,5.686163445851772,1.5333718640731844,0.0,3.1256773937507494,0.019176335333854603,0.0,0.03908969458249582,0.05826602991635042,1.3841095406629042e-06,1.3841095406629043,26,45.02156901359558,PRY,10,Apple M4,1,Apple M4,16.0,23,256,279,0.00022760167936074384,0,8,512,42,15.6.1,0.3.21,3.13.5
2026-06-20T22:51:36.171621,qwen2.5-7b,q8,cpu,7,"Calculate the compound interest on $10,000 at 5% annual rate over 3 years.",Zheng et al. 2023,8,46.84146785736084,256,5.465242907834521,1.7538274801395282,0.0,3.123418771856349,0.02281995931619774,0.0,0.040640422224162955,0.06346038154036068,1.507501363491268e-06,1.507501363491268,26,46.84146785736084,PRY,10,Apple M4,1,Apple M4,16.0,23,256,279,0.0002478921153920339,0,8,512,42,15.6.1,0.3.21,3.13.5
2026-06-20T22:52:29.562664,qwen2.5-7b,q8,cpu,7,"Calculate the compound interest on $10,000 at 5% annual rate over 3 years.",Zheng et al. 2023,9,46.779141902923584,256,5.47252449673517,1.7176683065667369,0.0,3.127506802211209,0.022319735959733286,0.0,0.04063946791749914,0.06295920387723243,1.4955958881036563e-06,1.4955958881036564,26,46.779141902923584,PRY,10,Apple M4,1,Apple M4,16.0,23,256,279,0.0002459343901454392,0,8,512,42,15.6.1,0.3.21,3.13.5
2026-06-20T22:53:23.035895,qwen2.5-7b,q8,cpu,7,"Calculate the compound interest on $10,000 at 5% annual rate over 3 years.",Zheng et al. 2023,10,48.79051113128662,256,5.246921871983455,2.012603134018189,0.0,3.11616192054069,0.027276648781437995,0.0,0.042233092464175566,0.06950974124561357,1.6512039032895502e-06,1.6512039032895502,26,48.79051113128662,PRY,10,Apple M4,1,Apple M4,16.0,23,256,279,0.000271522426740678,0,8,512,42,15.6.1,0.3.21,3.13.5
2026-06-20T22:54:19.832280,qwen2.5-7b,q8,cpu,8,What is the area of a circle with radius 7 cm?,Zheng et al. 2023,1,50.03126406669617,256,5.116800560120348,1.9083120439895183,0.0,2.222676516942732,0.026520906609582305,0.0,0.03088980993166842,0.057410716541250725,1.363791571437411e-06,1.363791571437411,26,50.03126406669617,PRY,10,Apple M4,1,Apple M4,16.0,13,256,269,0.00022426061148926065,0,8,512,42,15.6.1,0.3.21,3.13.5
2026-06-20T22:55:13.803196,qwen2.5-7b,q8,cpu,8,What is the area of a circle with radius 7 cm?,Zheng et al. 2023,2,49.267300844192505,256,5.196144209515317,1.9658727935591676,0.0,3.1157480315273407,0.02690367953935907,0.0,0.04264013767332169,0.06954381721268077,1.6520133778872316e-06,1.6520133778872317,26,49.267300844192505,PRY,10,Apple M4,1,Apple M4,16.0,13,256,269,0.00027165553598703426,0,8,512,42,15.6.1,0.3.21,3.13.5
2026-06-20T22:56:10.295663,qwen2.5-7b,q8,cpu,8,What is the area of a circle with radius 7 cm?,Zheng et al. 2023,3,49.75014400482178,256,5.14571374859113,1.907966475732046,0.0,2.2046274251058278,0.026367113034455995,0.0,0.030466814409998433,0.05683392744445442,1.3500899464430145e-06,1.3500899464430145,26,49.75014400482178,PRY,10,Apple M4,1,Apple M4,16.0,13,256,269,0.00022200752907990007,0,8,512,42,15.6.1,0.3.21,3.13.5
2026-06-20T22:57:05.236662,qwen2.5-7b,q8,cpu,8,What is the area of a circle with radius 7 cm?,Zheng et al. 2023,4,50.190232276916504,256,5.100594047613913,1.9020955585799686,0.0,2.2191857822543977,0.026518504971672185,0.0,0.03093929163249413,0.05745779660416632,1.3649099583319708e-06,1.3649099583319708,26,50.190232276916504,PRY,10,Apple M4,1,Apple M4,16.0,13,256,269,0.00022444451798502469,0,8,512,42,15.6.1,0.3.21,3.13.5
2026-06-20T22:58:04.115183,qwen2.5-7b,q8,cpu,8,What is the area of a circle with radius 7 cm?,Zheng et al. 2023,5,52.14560103416443,256,4.909330699482695,1.8146439495805056,0.0,2.246116195367283,0.026284916503857066,0.0,0.03253474416666602,0.058819660670523084,1.3972610392282758e-06,1.3972610392282758,26,52.14560103416443,PRY,10,Apple M4,1,Apple M4,16.0,13,256,269,0.0002297642994942308,0,8,512,42,15.6.1,0.3.21,3.13.5
2026-06-20T22:59:00.417888,qwen2.5-7b,q8,cpu,8,What is the area of a circle with radius 7 cm?,Zheng et al. 2023,6,51.56768488883972,256,4.964349292620726,1.8268753574625198,0.0,2.233357120826064,0.026168814656892678,0.0,0.031991404514168,0.05816021917106068,1.3815960064085464e-06,1.3815960064085464,26,51.56768488883972,PRY,10,Apple M4,1,Apple M4,16.0,13,256,269,0.00022718835613695578,0,8,512,42,15.6.1,0.3.21,3.13.5
2026-06-20T23:00:00.817584,qwen2.5-7b,q8,cpu,8,What is the area of a circle with radius 7 cm?,Zheng et al. 2023,7,53.68453311920166,256,4.768598796073631,1.7787165007943366,0.0,2.2729793324835534,0.02652487913793446,0.0,0.03389550951499284,0.06042038865292731,1.435286332450288e-06,1.435286332450288,26,53.68453311920166,PRY,10,Apple M4,1,Apple M4,16.0,13,256,269,0.0002360171431754973,0,8,512,42,15.6.1,0.3.21,3.13.5
2026-06-20T23:00:57.657448,qwen2.5-7b,q8,cpu,8,What is the area of a circle with radius 7 cm?,Zheng et al. 2023,8,52.14076328277588,256,4.909786199554289,1.8066988128850294,0.0,2.23668080222636,0.02616740420164181,0.0,0.032395067846670525,0.05856247204831233,1.3911515235076594e-06,1.3911515235076595,26,52.14076328277588,PRY,10,Apple M4,1,Apple M4,16.0,13,256,269,0.00022875965643872004,0,8,512,42,15.6.1,0.3.21,3.13.5
2026-06-20T23:01:58.931007,qwen2.5-7b,q8,cpu,8,What is the area of a circle with radius 7 cm?,Zheng et al. 2023,9,54.53106093406677,256,4.694572150531388,1.7302832943219026,0.0,2.275073125773349,0.026209495487740406,0.0,0.034461708680834514,0.06067120416857492,1.4412444550244971e-06,1.4412444550244972,26,54.53106093406677,PRY,10,Apple M4,1,Apple M4,16.0,13,256,269,0.00023699689128349577,0,8,512,42,15.6.1,0.3.21,3.13.5
2026-06-20T23:02:57.017486,qwen2.5-7b,q8,cpu,8,What is the area of a circle with radius 7 cm?,Zheng et al. 2023,10,53.340051889419556,256,4.7993954061147015,1.7681263455694702,0.0,2.262439639244594,0.02619776417214592,0.0,0.033521846598329526,0.05971961077047545,1.418639353852644e-06,1.418639353852644,26,53.340051889419556,PRY,10,Apple M4,1,Apple M4,16.0,13,256,269,0.00023327972957216971,0,8,512,42,15.6.1,0.3.21,3.13.5
2026-06-20T23:03:28.468108,qwen2.5-7b,q8,cpu,9,Solve for x: 2x + 5 = 15,Zheng et al. 2023,1,24.69798970222473,109,4.4133146589733,1.5768175246123994,0.0,2.4617419114280716,0.01081783971810126,0.0,0.016888910104995984,0.027706749823097242,6.58173842047675e-07,0.658173842047675,26,24.69798970222473,PRY,10,Apple M4,1,Apple M4,16.0,15,109,124,0.000254190365349516,0,8,512,42,15.6.1,0.3.21,3.13.5
2026-06-20T23:03:56.274918,qwen2.5-7b,q8,cpu,9,Solve for x: 2x + 5 = 15,Zheng et al. 2023,2,23.053103923797607,109,4.728213621918385,1.6915943701071008,0.00067171700942255,2.42493531733411,0.010832361336386096,4.301433896000162e-06,0.015528412744163993,0.02636507551444609,6.263023688456668e-07,0.6263023688456668,26,23.053103923797607,PRY,10,Apple M4,1,Apple M4,16.0,15,109,124,0.00024188142673803754,0,8,512,42,15.6.1,0.3.21,3.13.5
2026-06-20T23:04:25.792337,qwen2.5-7b,q8,cpu,9,Solve for x: 2x + 5 = 15,Zheng et al. 2023,3,22.771432876586914,109,4.7866992204988295,1.6936995021260564,0.0,2.4134534505960343,0.010713323479381157,0.0,0.015266053680837407,0.025979377160218562,6.171401044409919e-07,0.6171401044409919,26,22.771432876586914,PRY,10,Apple M4,1,Apple M4,16.0,15,109,124,0.0002383429097267758,0,8,512,42,15.6.1,0.3.21,3.13.5
2026-06-20T23:04:53.654111,qwen2.5-7b,q8,cpu,9,Solve for x: 2x + 5 = 15,Zheng et al. 2023,4,23.13761591911316,109,4.710943442965487,1.6789938241048787,0.0,2.4364159620891264,0.01079108728686159,0.0,0.015659126875004103,0.02645021416186569,6.283248374151194e-07,0.6283248374151194,26,23.13761591911316,PRY,10,Apple M4,1,Apple M4,16.0,15,109,124,0.00024266251524647422,0,8,512,42,15.6.1,0.3.21,3.13.5
2026-06-20T23:05:24.512302,qwen2.5-7b,q8,cpu,9,Solve for x: 2x + 5 = 15,Zheng et al. 2023,5,24.11847496032715,109,4.519357056335269,1.610220745501488,0.0,2.4586399160624337,0.01078779686971582,0.0,0.01647184590333685,0.027259642773052668,6.47552814073866e-07,0.647552814073866,26,24.11847496032715,PRY,10,Apple M4,1,Apple M4,16.0,15,109,124,0.00025008846580782263,0,8,512,42,15.6.1,0.3.21,3.13.5
2026-06-20T23:05:52.306775,qwen2.5-7b,q8,cpu,9,Solve for x: 2x + 5 = 15,Zheng et al. 2023,6,23.045114994049072,109,4.729852727059379,1.6851622579098808,0.0,2.4306095245555146,0.010787432782545719,0.0,0.015559354444170217,0.026346787226715938,6.25867930570637e-07,0.625867930570637,26,23.045114994049072,PRY,10,Apple M4,1,Apple M4,16.0,15,109,124,0.0002417136442817976,0,8,512,42,15.6.1,0.3.21,3.13.5
2026-06-20T23:06:21.813845,qwen2.5-7b,q8,cpu,9,Solve for x: 2x + 5 = 15,Zheng et al. 2023,7,22.73633885383606,109,4.794087592585717,1.6961852777357334,0.0,2.415735905376205,0.010712512009302129,0.0,0.015256941701669954,0.02596945371097208,6.169043729041418e-07,0.6169043729041418,26,22.73633885383606,PRY,10,Apple M4,1,Apple M4,16.0,15,109,124,0.00023825186890800073,0,8,512,42,15.6.1,0.3.21,3.13.5
2026-06-20T23:06:49.422322,qwen2.5-7b,q8,cpu,9,Solve for x: 2x + 5 = 15,Zheng et al. 2023,8,22.89180898666382,109,4.7615284603982415,1.6967318975615173,0.0,2.426420626361786,0.010789239583488304,0.0,0.015429210416659771,0.02621845000014807,6.228192797535174e-07,0.6228192797535174,26,22.89180898666382,PRY,10,Apple M4,1,Apple M4,16.0,15,109,124,0.00024053623853346852,0,8,512,42,15.6.1,0.3.21,3.13.5
2026-06-20T23:07:19.218574,qwen2.5-7b,q8,cpu,9,Solve for x: 2x + 5 = 15,Zheng et al. 2023,9,23.070335865020752,109,4.724681974191188,1.6858357772353723,0.0,2.4321585012580154,0.010803554887246762,0.0,0.015586309305829976,0.02638986419307674,6.268912239065379e-07,0.6268912239065378,26,23.070335865020752,PRY,10,Apple M4,1,Apple M4,16.0,15,109,124,0.0002421088458080435,0,8,512,42,15.6.1,0.3.21,3.13.5
2026-06-20T23:07:47.061255,qwen2.5-7b,q8,cpu,9,Solve for x: 2x + 5 = 15,Zheng et al. 2023,10,23.095854997634888,109,4.7194615662058,1.66246777923992,0.0,2.428294736468406,0.0106655874354348,0.0,0.015578761979165091,0.02624434941459989,6.234345203438203e-07,0.6234345203438203,26,23.095854997634888,PRY,10,Apple M4,1,Apple M4,16.0,15,109,124,0.00024077384784036595,0,8,512,42,15.6.1,0.3.21,3.13.5
2026-06-20T23:08:49.556686,qwen2.5-7b,q8,cpu,10,"If the probability of rain is 30%, what is the probability of no rain?",Zheng et al. 2023,1,55.763765811920166,253,4.53699631501426,1.6787429194655634,0.0,2.289810711092395,0.026003618616526898,0.0,0.03546901895749519,0.06147263757402207,1.4602825055708943e-06,1.4602825055708943,26,55.763765811920166,PRY,10,Apple M4,1,Apple M4,16.0,18,253,271,0.00024297485207123347,0,8,512,42,15.6.1,0.3.21,3.13.5
2026-06-20T23:09:48.925859,qwen2.5-7b,q8,cpu,10,"If the probability of rain is 30%, what is the probability of no rain?",Zheng et al. 2023,2,54.63530993461609,253,4.630704947089595,1.7084576645040501,0.0,2.2696949902435293,0.025928365002874758,0.0,0.03444596923583352,0.06037433423870826,1.4341923098405147e-06,1.4341923098405147,26,54.63530993461609,PRY,10,Apple M4,1,Apple M4,16.0,18,253,271,0.00023863373216880736,0,8,512,42,15.6.1,0.3.21,3.13.5
2026-06-20T23:10:50.901510,qwen2.5-7b,q8,cpu,10,"If the probability of rain is 30%, what is the probability of no rain?",Zheng et al. 2023,3,55.26356792449951,253,4.578061270775095,1.6945387320973342,0.0,2.280188001454702,0.026012848978321196,0.0,0.03500314569417242,0.06101599467249362,1.4494349534450858e-06,1.4494349534450859,26,55.26356792449951,PRY,10,Apple M4,1,Apple M4,16.0,18,253,271,0.00024116993941697084,0,8,512,42,15.6.1,0.3.21,3.13.5
2026-06-20T23:11:52.722226,qwen2.5-7b,q8,cpu,10,"If the probability of rain is 30%, what is the probability of no rain?",Zheng et al. 2023,4,57.0985050201416,253,4.430939127228529,1.682594508049256,0.0,2.3076790246699947,0.026687119712420312,0.0,0.036601395104165324,0.06328851481658562,1.5034186694679914e-06,1.5034186694679914,26,57.0985050201416,PRY,10,Apple M4,1,Apple M4,16.0,18,253,271,0.00025015223247662303,0,8,512,42,15.6.1,0.3.21,3.13.5
2026-06-20T23:12:55.213821,qwen2.5-7b,q8,cpu,10,"If the probability of rain is 30%, what is the probability of no rain?",Zheng et al. 2023,5,55.760929107666016,253,4.537227123879067,1.6679755737934612,0.0,2.287184755417994,0.02583551881211548,0.0,0.03542654083416589,0.06126205964628136,1.4552802268974135e-06,1.4552802268974134,26,55.760929107666016,PRY,10,Apple M4,1,Apple M4,16.0,18,253,271,0.0002421425282461714,0,8,512,42,15.6.1,0.3.21,3.13.5
2026-06-20T23:13:57.389840,qwen2.5-7b,q8,cpu,10,"If the probability of rain is 30%, what is the probability of no rain?",Zheng et al. 2023,6,57.447919845581055,253,4.403988876882911,1.6788059607945451,0.0,2.3085174490305067,0.026789975075557977,0.0,0.03683875704834161,0.06362873212389958,1.5115005316032342e-06,1.5115005316032342,26,57.447919845581055,PRY,10,Apple M4,1,Apple M4,16.0,18,253,271,0.00025149696491659913,0,8,512,42,15.6.1,0.3.21,3.13.5
2026-06-20T23:15:02.272796,qwen2.5-7b,q8,cpu,10,"If the probability of rain is 30%, what is the probability of no rain?",Zheng et al. 2023,7,58.148921966552734,253,4.3508975135519385,1.5930946523253697,0.0,2.3191442367337496,0.025732426839833438,0.0,0.03745992701416981,0.06319235385400324,1.5011343658018469e-06,1.5011343658018468,26,58.148921966552734,PRY,10,Apple M4,1,Apple M4,16.0,18,253,271,0.00024977214962056615,0,8,512,42,15.6.1,0.3.21,3.13.5
2026-06-20T23:16:05.733309,qwen2.5-7b,q8,cpu,10,"If the probability of rain is 30%, what is the probability of no rain?",Zheng et al. 2023,8,58.72528004646301,253,4.308195717412131,1.5828480730129433,0.0,2.325288438675348,0.025820332321858173,0.0,0.03793144854167015,0.06375178086352833,1.5144235544131155e-06,1.5144235544131155,26,58.72528004646301,PRY,10,Apple M4,1,Apple M4,16.0,18,253,271,0.0002519833235712582,0,8,512,42,15.6.1,0.3.21,3.13.5
2026-06-20T23:17:10.306673,qwen2.5-7b,q8,cpu,10,"If the probability of rain is 30%, what is the probability of no rain?",Zheng et al. 2023,9,57.823883056640625,253,4.375354725869537,1.6011358068793502,0.0,2.3050034704592974,0.025717747126330966,0.0,0.037023403089163666,0.06274115021549465,1.490416023369075e-06,1.490416023369075,26,57.823883056640625,PRY,10,Apple M4,1,Apple M4,16.0,18,253,271,0.0002479887360296231,0,8,512,42,15.6.1,0.3.21,3.13.5
2026-06-20T23:18:13.401210,qwen2.5-7b,q8,cpu,10,"If the probability of rain is 30%, what is the probability of no rain?",Zheng et al. 2023,10,58.35416793823242,253,4.335594336085799,1.5863805482108881,0.0,2.3192469797744364,0.025714421367845387,0.0,0.03759381326333217,0.06330823463117756,1.5038871136636229e-06,1.503887113663623,26,58.35416793823242,PRY,10,Apple M4,1,Apple M4,16.0,18,253,271,0.00025023017640781646,0,8,512,42,15.6.1,0.3.21,3.13.5
2026-06-20T23:18:57.300865,qwen2.5-7b,q8,gpu,1,"If all roses are flowers and some flowers fade quickly, can we conclude that some roses fade quickly",Zheng et al. 2023,1,29.368828058242798,256,8.716725076408004,0.06613231212957,0.9195001040554026,2.6855322025302297,0.0005395079177853851,0.0075012890154276335,0.021908592639162332,0.029949389572375345,7.114477492917763e-07,0.7114477492917763,26,29.368828058242798,PRY,10,Apple M4,1,Apple M4,16.0,24,256,280,0.00011698980301709119,-1,8,512,42,15.6.1,0.3.21,3.13.5
2026-06-20T23:19:37.678270,qwen2.5-7b,q8,gpu,1,"If all roses are flowers and some flowers fade quickly, can we conclude that some roses fade quickly",Zheng et al. 2023,2,35.73219609260559,256,7.1644071172266,0.08778549512251606,1.0251469867890182,2.496803349108233,0.0008713245905011709,0.010175209209913598,0.024782296354169377,0.03582883015458414,8.511138603221463e-07,0.8511138603221463,26,35.73219609260559,PRY,10,Apple M4,1,Apple M4,16.0,24,256,280,0.0001399563677913443,-1,8,512,42,15.6.1,0.3.21,3.13.5
2026-06-20T23:20:22.299131,qwen2.5-7b,q8,gpu,1,"If all roses are flowers and some flowers fade quickly, can we conclude that some roses fade quickly",Zheng et al. 2023,3,38.071160078048706,256,6.724250048466634,0.06179027078970085,0.8543318649931106,2.5275971871291865,0.0006534520251390772,0.009034834775536281,0.02673015475667247,0.03641844155734783,8.651200791947976e-07,0.8651200791947976,26,38.071160078048706,PRY,10,Apple M4,1,Apple M4,16.0,24,256,280,0.00014225953733338996,-1,8,512,42,15.6.1,0.3.21,3.13.5
2026-06-20T23:21:06.312856,qwen2.5-7b,q8,gpu,1,"If all roses are flowers and some flowers fade quickly, can we conclude that some roses fade quickly",Zheng et al. 2023,4,39.38390302658081,256,6.500117569028687,0.08312953901135084,0.8275476617295371,2.5350930919825614,0.0009094349175187245,0.009053349127619386,0.027733850138332253,0.03769663418347036,8.954835450283383e-07,0.8954835450283383,26,39.38390302658081,PRY,10,Apple M4,1,Apple M4,16.0,24,256,280,0.00014725247727918108,-1,8,512,42,15.6.1,0.3.21,3.13.5
2026-06-20T23:21:52.688569,qwen2.5-7b,q8,gpu,1,"If all roses are flowers and some flowers fade quickly, can we conclude that some roses fade quickly",Zheng et al. 2023,5,39.783730268478394,256,6.434791264479162,0.07601230659525664,0.7809483910616543,2.5504576291680543,0.0008400147507418254,0.00863028892877751,0.028185199550001323,0.037655503229520645,8.945064792172629e-07,0.8945064792172629,26,39.783730268478394,PRY,10,Apple M4,1,Apple M4,16.0,24,256,280,0.00014709180949031502,-1,8,512,42,15.6.1,0.3.21,3.13.5
2026-06-20T23:22:37.164761,qwen2.5-7b,q8,gpu,1,"If all roses are flowers and some flowers fade quickly, can we conclude that some roses fade quickly",Zheng et al. 2023,6,39.89233899116516,256,6.417272250110368,0.07839776636924335,0.7424250127895379,2.556107255219521,0.000868741742264451,0.00822696396825566,0.028324749200831625,0.037420454911351736,8.889229064191604e-07,0.8889229064191605,26,39.89233899116516,PRY,10,Apple M4,1,Apple M4,16.0,24,256,280,0.00014617365199746772,-1,8,512,42,15.6.1,0.3.21,3.13.5
2026-06-20T23:23:23.717895,qwen2.5-7b,q8,gpu,1,"If all roses are flowers and some flowers fade quickly, can we conclude that some roses fade quickly",Zheng et al. 2023,7,39.991349935531616,256,6.40138430967414,0.10647476311005936,0.7005834567318199,2.5560648719237378,0.0011827970863436713,0.007782577271446273,0.028394579097506114,0.03735995345529605,8.874856943305576e-07,0.8874856943305577,26,39.991349935531616,PRY,10,Apple M4,1,Apple M4,16.0,24,256,280,0.0001459373181847502,-1,8,512,42,15.6.1,0.3.21,3.13.5
2026-06-20T23:24:07.742609,qwen2.5-7b,q8,gpu,1,"If all roses are flowers and some flowers fade quickly, can we conclude that some roses fade quickly",Zheng et al. 2023,8,39.43179798126221,256,6.492222346078409,0.07487728601286725,0.8147389040092591,2.5475988991354694,0.0008201516709568256,0.008924061075102246,0.02790455697999884,0.03764876972605792,8.943465248425058e-07,0.8943465248425059,26,39.43179798126221,PRY,10,Apple M4,1,Apple M4,16.0,24,256,280,0.00014706550674241375,-1,8,512,42,15.6.1,0.3.21,3.13.5
2026-06-20T23:24:53.622262,qwen2.5-7b,q8,gpu,1,"If all roses are flowers and some flowers fade quickly, can we conclude that some roses fade quickly",Zheng et al. 2023,9,39.27334499359131,256,6.518415990330707,0.06313679613073826,0.8389810351413934,2.5265291227975664,0.0006887758822868124,0.009152664343385639,0.027562569409995682,0.03740400963566813,8.885322488952963e-07,0.8885322488952963,26,39.27334499359131,PRY,10,Apple M4,1,Apple M4,16.0,24,256,280,0.00014610941263932864,-1,8,512,42,15.6.1,0.3.21,3.13.5
2026-06-20T23:25:38.394427,qwen2.5-7b,q8,gpu,1,"If all roses are flowers and some flowers fade quickly, can we conclude that some roses fade quickly",Zheng et al. 2023,10,40.22820496559143,256,6.363694333837804,0.13080725002062618,0.6947407477392149,2.5631217658909247,0.0014617057957819761,0.007763381443889275,0.028641607708341326,0.03786669494801258,8.995233384900386e-07,0.8995233384900386,26,40.22820496559143,PRY,10,Apple M4,1,Apple M4,16.0,24,256,280,0.00014791677714067413,-1,8,512,42,15.6.1,0.3.21,3.13.5
2026-06-20T23:26:12.261943,qwen2.5-7b,q8,gpu,2,A farmer has 17 sheep. All but 9 die. How many sheep does the farmer have left? Explain.,Zheng et al. 2023,1,27.303529977798462,178,6.5193035532306105,0.0651387241831855,0.5973610994824932,2.6661313550363785,0.0004940325301253197,0.004530574079803028,0.020220777049162277,0.025245383659090622,5.997040888216976e-07,0.5997040888216976,26,27.303529977798462,PRY,10,Apple M4,1,Apple M4,16.0,25,178,203,0.00014182799808477877,-1,8,512,42,15.6.1,0.3.21,3.13.5
2026-06-20T23:26:44.341606,qwen2.5-7b,q8,gpu,2,A farmer has 17 sheep. All but 9 die. How many sheep does the farmer have left? Explain.,Zheng et al. 2023,2,27.50652813911438,178,6.4711910968830475,0.08981049788334465,0.645086315533498,2.6707867948452395,0.0006862152742266922,0.004928912469549939,0.02040668670166269,0.02602181444543932,6.181482021514111e-07,0.6181482021514111,26,27.50652813911438,PRY,10,Apple M4,1,Apple M4,16.0,25,178,203,0.00014618996879460294,-1,8,512,42,15.6.1,0.3.21,3.13.5
2026-06-20T23:27:17.871859,qwen2.5-7b,q8,gpu,2,A farmer has 17 sheep. All but 9 die. How many sheep does the farmer have left? Explain.,Zheng et al. 2023,3,27.008145332336426,178,6.590604345826124,0.06519705202314235,0.6727561557383462,2.659574162392824,0.0004891254045224798,0.005047193340945892,0.019952823750008977,0.02548914249547735,6.054945799800643e-07,0.6054945799800643,26,27.008145332336426,PRY,10,Apple M4,1,Apple M4,16.0,25,178,203,0.00014319742974987275,-1,8,512,42,15.6.1,0.3.21,3.13.5
2026-06-20T23:27:50.419577,qwen2.5-7b,q8,gpu,2,A farmer has 17 sheep. All but 9 die. How many sheep does the farmer have left? Explain.,Zheng et al. 2023,4,28.070167064666748,178,6.341251891730172,0.07225416558058939,0.5459547907675867,2.689572538812421,0.0005633851386014551,0.004256956162944816,0.020971319582501265,0.025791660884047534,6.126809043005492e-07,0.6126809043005491,26,28.070167064666748,PRY,10,Apple M4,1,Apple M4,16.0,25,178,203,0.000144896971258694,-1,8,512,42,15.6.1,0.3.21,3.13.5
2026-06-20T23:28:24.907130,qwen2.5-7b,q8,gpu,2,A farmer has 17 sheep. All but 9 die. How many sheep does the farmer have left? Explain.,Zheng et al. 2023,5,27.61861777305603,178,6.444927891129003,0.05849450360396239,0.5424239258932346,2.68261319624336,0.00044876037135069047,0.004161388633390477,0.020580574583333754,0.02519072358807492,5.984056388347197e-07,0.5984056388347198,26,27.61861777305603,PRY,10,Apple M4,1,Apple M4,16.0,25,178,203,0.00014152091903412876,-1,8,512,42,15.6.1,0.3.21,3.13.5
2026-06-20T23:28:58.346248,qwen2.5-7b,q8,gpu,2,A farmer has 17 sheep. All but 9 die. How many sheep does the farmer have left? Explain.,Zheng et al. 2023,6,28.887331008911133,178,6.161870750367722,0.07152717120712886,0.505393517697693,2.6978396203495625,0.0005739525196642747,0.004055408287636457,0.02164816281166471,0.026277523618965442,6.242225735685241e-07,0.6242225735685241,26,28.887331008911133,PRY,10,Apple M4,1,Apple M4,16.0,25,178,203,0.00014762653718519911,-1,8,512,42,15.6.1,0.3.21,3.13.5
2026-06-20T23:29:34.860995,qwen2.5-7b,q8,gpu,2,A farmer has 17 sheep. All but 9 die. How many sheep does the farmer have left? Explain.,Zheng et al. 2023,7,29.654595136642456,178,6.002442426875549,0.059874296128768906,0.5628504319759841,2.6818560541644216,0.0004932077807750224,0.004636417134092256,0.022091487639166494,0.027221112554033765,6.466375287210721e-07,0.6466375287210722,26,29.654595136642456,PRY,10,Apple M4,1,Apple M4,16.0,25,178,203,0.0001529275986181672,-1,8,512,42,15.6.1,0.3.21,3.13.5
2026-06-20T23:30:11.325624,qwen2.5-7b,q8,gpu,2,A farmer has 17 sheep. All but 9 die. How many sheep does the farmer have left? Explain.,Zheng et al. 2023,8,31.802904844284058,178,5.59697300833172,0.1099685229031224,0.47991606698746025,3.83189747432486,0.000971477352709576,0.004239645836568126,0.033851519652501647,0.03906264284177935,9.279330807064683e-07,0.9279330807064683,26,31.802904844284058,PRY,10,Apple M4,1,Apple M4,16.0,25,178,203,0.0002194530496729177,-1,8,512,42,15.6.1,0.3.21,3.13.5
2026-06-20T23:30:48.345426,qwen2.5-7b,q8,gpu,2,A farmer has 17 sheep. All but 9 die. How many sheep does the farmer have left? Explain.,Zheng et al. 2023,9,30.37989592552185,178,5.859137912663616,1.3206943605557968,0.4953404906657416,3.8695707118682114,0.011145154784196872,0.00418010904281171,0.03265476541750104,0.04798002924450962,1.139765594703326e-06,1.139765594703326,26,30.37989592552185,PRY,10,Apple M4,1,Apple M4,16.0,25,178,203,0.00026955072609275067,-1,8,512,42,15.6.1,0.3.21,3.13.5
2026-06-20T23:31:25.257041,qwen2.5-7b,q8,gpu,2,A farmer has 17 sheep. All but 9 die. How many sheep does the farmer have left? Explain.,Zheng et al. 2023,10,32.167547941207886,178,5.533527153680715,0.11163382201078006,0.45964314340317924,3.8348174913574793,0.0009974962003866765,0.0041071091253525715,0.03426574319417341,0.03937034851991266,9.352426290905252e-07,0.9352426290905251,26,32.167547941207886,PRY,10,Apple M4,1,Apple M4,16.0,25,178,203,0.00022118173325793628,-1,8,512,42,15.6.1,0.3.21,3.13.5
2026-06-20T23:31:54.608674,qwen2.5-7b,q8,gpu,3,"If it takes 5 machines 5 minutes to make 5 widgets, how long does it take 100 machines to make 100 w",Zheng et al. 2023,1,22.684782028198242,132,5.8188789222624155,0.0629835990552321,0.7211474166225114,2.5827962245424683,0.0003968803377553814,0.004544186654522205,0.01627504704916646,0.021216114041444047,5.039887890545033e-07,0.5039887890545034,26,22.684782028198242,PRY,10,Apple M4,1,Apple M4,16.0,33,132,165,0.00016072813667760642,-1,8,512,42,15.6.1,0.3.21,3.13.5
2026-06-20T23:32:22.172036,qwen2.5-7b,q8,gpu,3,"If it takes 5 machines 5 minutes to make 5 widgets, how long does it take 100 machines to make 100 w",Zheng et al. 2023,2,22.896655082702637,132,5.76503421671054,0.0635578148840011,0.6389773356681886,2.5959545196587364,0.00040423926811367696,0.004064012127905228,0.01651074312416919,0.020978994520188095,4.983560148270681e-07,0.49835601482706815,26,22.896655082702637,PRY,10,Apple M4,1,Apple M4,16.0,33,132,165,0.00015893177666809162,-1,8,512,42,15.6.1,0.3.21,3.13.5
2026-06-20T23:32:51.105626,qwen2.5-7b,q8,gpu,3,"If it takes 5 machines 5 minutes to make 5 widgets, how long does it take 100 machines to make 100 w",Zheng et al. 2023,3,22.27525305747986,132,5.925858604586106,0.05970383385831573,0.6887350574875988,2.579867554308588,0.0003694216688043658,0.004261596581970612,0.01596311184083485,0.02059413009160983,4.892135603261915e-07,0.4892135603261915,26,22.27525305747986,PRY,10,Apple M4,1,Apple M4,16.0,33,132,165,0.00015601613705765023,-1,8,512,42,15.6.1,0.3.21,3.13.5
2026-06-20T23:33:19.001546,qwen2.5-7b,q8,gpu,3,"If it takes 5 machines 5 minutes to make 5 widgets, how long does it take 100 machines to make 100 w",Zheng et al. 2023,4,23.26361870765686,132,5.674095748334898,0.0910867065327455,0.5942034354867205,2.604739991679119,0.0005886128916983413,0.00383981171053968,0.016832132777502316,0.021260557379740336,5.050445405557317e-07,0.5050445405557317,26,23.26361870765686,PRY,10,Apple M4,1,Apple M4,16.0,33,132,165,0.0001610648286343965,-1,8,512,42,15.6.1,0.3.21,3.13.5
2026-06-20T23:33:47.962418,qwen2.5-7b,q8,gpu,3,"If it takes 5 machines 5 minutes to make 5 widgets, how long does it take 100 machines to make 100 w",Zheng et al. 2023,5,22.427727222442627,132,5.885571850005038,0.0643490818657434,0.598660759267927,2.6060185978411567,0.0004008899041943118,0.003729611168789294,0.0162352984024983,0.020365799475481904,4.837895665400726e-07,0.48378956654007266,26,22.427727222442627,PRY,10,Apple M4,1,Apple M4,16.0,33,132,165,0.0001542863596627417,-1,8,512,42,15.6.1,0.3.21,3.13.5
2026-06-20T23:34:15.408078,qwen2.5-7b,q8,gpu,3,"If it takes 5 machines 5 minutes to make 5 widgets, how long does it take 100 machines to make 100 w",Zheng et al. 2023,6,22.868114948272705,132,5.772229162682705,0.06940774611557134,0.6483262790483423,2.5979452452645875,0.00044089564346428155,0.004118333298128727,0.016502808471674752,0.02106203741326776,5.003286987521755e-07,0.5003286987521756,26,22.868114948272705,PRY,10,Apple M4,1,Apple M4,16.0,33,132,165,0.00015956088949445273,-1,8,512,42,15.6.1,0.3.21,3.13.5
2026-06-20T23:34:44.205727,qwen2.5-7b,q8,gpu,3,"If it takes 5 machines 5 minutes to make 5 widgets, how long does it take 100 machines to make 100 w",Zheng et al. 2023,7,22.215227127075195,132,5.941870377688946,0.06373567158281974,0.7114891791075706,2.5787663532909626,0.0003933062278636147,0.004390526031203046,0.015913300068338382,0.02069713232740504,4.916603784375067e-07,0.49166037843750676,26,22.215227127075195,PRY,10,Apple M4,1,Apple M4,16.0,33,132,165,0.00015679645702579577,-1,8,512,42,15.6.1,0.3.21,3.13.5
2026-06-20T23:35:11.595787,qwen2.5-7b,q8,gpu,3,"If it takes 5 machines 5 minutes to make 5 widgets, how long does it take 100 machines to make 100 w",Zheng et al. 2023,8,22.725816011428833,132,5.808372290509484,0.06165808388277709,0.6719906549857918,2.5906583934053735,0.00038923063053812156,0.00424209332961296,0.016354118332498425,0.020985442292649505,4.985091816618889e-07,0.49850918166188896,26,22.725816011428833,PRY,10,Apple M4,1,Apple M4,16.0,33,132,165,0.00015898062342916292,-1,8,512,42,15.6.1,0.3.21,3.13.5
2026-06-20T23:35:40.550480,qwen2.5-7b,q8,gpu,3,"If it takes 5 machines 5 minutes to make 5 widgets, how long does it take 100 machines to make 100 w",Zheng et al. 2023,9,22.311748266220093,132,5.916165708979763,0.06435280061854387,0.5834443060614557,2.581232880804513,0.0003988398576742232,0.0036160173567229637,0.015997727292500107,0.020012584506897295,4.753989449613452e-07,0.4753989449613452,26,22.311748266220093,PRY,10,Apple M4,1,Apple M4,16.0,33,132,165,0.00015161048868861588,-1,8,512,42,15.6.1,0.3.21,3.13.5
2026-06-20T23:36:08.002288,qwen2.5-7b,q8,gpu,3,"If it takes 5 machines 5 minutes to make 5 widgets, how long does it take 100 machines to make 100 w",Zheng et al. 2023,10,22.77591896057129,132,5.795594910067639,0.06140864221642045,0.6683150158890679,2.5794527645054424,0.00038851062738886363,0.004228191289450646,0.016319279757499316,0.020935981674338824,4.973342446739188e-07,0.4973342446739188,26,22.77591896057129,PRY,10,Apple M4,1,Apple M4,16.0,33,132,165,0.00015860592177529412,-1,8,512,42,15.6.1,0.3.21,3.13.5
2026-06-20T23:36:58.823210,qwen2.5-7b,q8,gpu,4,A bat and ball cost $1.10. The bat costs $1 more than the ball. How much does the ball cost?,Zheng et al. 2023,1,44.2999370098114,256,5.778789255237586,0.0673315845724226,0.5960200762233996,2.5968316044900437,0.0008285513764803084,0.007334347731466554,0.031955410139999,0.04011830924794586,9.53010436184954e-07,0.953010436184954,26,44.2999370098114,PRY,10,Apple M4,1,Apple M4,16.0,28,256,284,0.00015671214549978853,-1,8,512,42,15.6.1,0.3.21,3.13.5
2026-06-20T23:37:47.712139,qwen2.5-7b,q8,gpu,4,A bat and ball cost $1.10. The bat costs $1 more than the ball. How much does the ball cost?,Zheng et al. 2023,2,43.99500107765198,256,5.818842907814807,0.0842672988323286,0.630438620556376,2.592764534718361,0.0010298166397053104,0.007704485497436441,0.03168574402750892,0.04042004616465067,9.601781966412766e-07,0.9601781966412766,26,43.99500107765198,PRY,10,Apple M4,1,Apple M4,16.0,28,256,284,0.00015789080533066668,-1,8,512,42,15.6.1,0.3.21,3.13.5
2026-06-20T23:38:36.742555,qwen2.5-7b,q8,gpu,4,A bat and ball cost $1.10. The bat costs $1 more than the ball. How much does the ball cost?,Zheng et al. 2023,3,42.467313051223755,256,6.02816570220053,0.07207069781891191,0.6777914495073729,2.5749893422287813,0.0008501802461377449,0.007995550463797869,0.030375799583331777,0.03922153029326739,9.317074521165668e-07,0.9317074521165668,26,42.467313051223755,PRY,10,Apple M4,1,Apple M4,16.0,28,256,284,0.00015320910270807573,-1,8,512,42,15.6.1,0.3.21,3.13.5
2026-06-20T23:39:28.035524,qwen2.5-7b,q8,gpu,4,A bat and ball cost $1.10. The bat costs $1 more than the ball. How much does the ball cost?,Zheng et al. 2023,4,46.63006114959717,256,5.490020679550654,0.18475977340621955,0.7408533870554573,3.2712955574008395,0.002393155425532704,0.009596121872578377,0.04237241996666853,0.05436169726477961,1.2913621185248395e-06,1.2913621185248394,26,46.63006114959717,PRY,10,Apple M4,1,Apple M4,16.0,28,256,284,0.00021235037994054535,-1,8,512,42,15.6.1,0.3.21,3.13.5
2026-06-20T23:40:18.835484,qwen2.5-7b,q8,gpu,4,A bat and ball cost $1.10. The bat costs $1 more than the ball. How much does the ball cost?,Zheng et al. 2023,5,43.518430948257446,256,5.882565028697357,0.20667383420161303,0.7126818041390243,2.5836304968961823,0.0024983669395873625,0.008615220522639907,0.031232095937496828,0.042345683399724096,1.0059217091604459e-06,1.005921709160446,26,43.518430948257446,PRY,10,Apple M4,1,Apple M4,16.0,28,256,284,0.00016541282578017225,-1,8,512,42,15.6.1,0.3.21,3.13.5
2026-06-20T23:41:05.988976,qwen2.5-7b,q8,gpu,4,A bat and ball cost $1.10. The bat costs $1 more than the ball. How much does the ball cost?,Zheng et al. 2023,6,42.64899778366089,256,6.0024857160436085,0.05945137673562649,0.7594953289466437,2.5314985401208854,0.0007043171207314785,0.008997698500262835,0.029990521007487895,0.039692536628482204,9.428962076095947e-07,0.9428962076095947,26,42.64899778366089,PRY,10,Apple M4,1,Apple M4,16.0,28,256,284,0.0001550489712050086,-1,8,512,42,15.6.1,0.3.21,3.13.5
2026-06-20T23:41:53.264031,qwen2.5-7b,q8,gpu,4,A bat and ball cost $1.10. The bat costs $1 more than the ball. How much does the ball cost?,Zheng et al. 2023,7,40.7610399723053,256,6.280507076706992,0.2601031565870321,0.7623303740780945,2.5587233071546924,0.002945020878490778,0.008631494124972128,0.02897117305583379,0.0405476880592967,9.63210329848593e-07,0.963210329848593,26,40.7610399723053,PRY,10,Apple M4,1,Apple M4,16.0,28,256,284,0.00015838940648162773,-1,8,512,42,15.6.1,0.3.21,3.13.5
2026-06-20T23:42:42.069914,qwen2.5-7b,q8,gpu,4,A bat and ball cost $1.10. The bat costs $1 more than the ball. How much does the ball cost?,Zheng et al. 2023,8,43.62742590904236,256,5.867868540622302,0.1962505686810995,0.7872451852271224,2.5435749087597674,0.002378307540206138,0.009540411386318504,0.03082489607667109,0.042743615003195734,1.0153745744009146e-06,1.0153745744009146,26,43.62742590904236,PRY,10,Apple M4,1,Apple M4,16.0,28,256,284,0.00016696724610623334,-1,8,512,42,15.6.1,0.3.21,3.13.5
2026-06-20T23:43:36.743044,qwen2.5-7b,q8,gpu,4,A bat and ball cost $1.10. The bat costs $1 more than the ball. How much does the ball cost?,Zheng et al. 2023,9,47.26075077056885,256,5.416756945795736,0.4020457167120264,0.7680535398083956,3.0337905378404395,0.005278050671083835,0.010082996367593824,0.039827560694163065,0.055188607732840726,1.3110053766936313e-06,1.3110053766936314,26,47.26075077056885,PRY,10,Apple M4,1,Apple M4,16.0,28,256,284,0.0002155804989564091,-1,8,512,42,15.6.1,0.3.21,3.13.5
2026-06-20T23:44:31.271087,qwen2.5-7b,q8,gpu,4,A bat and ball cost $1.10. The bat costs $1 more than the ball. How much does the ball cost?,Zheng et al. 2023,10,49.36596393585205,256,5.185759166632618,0.43011093516800697,0.6639704072061592,3.0929574235078,0.00589801136497762,0.009104871993503405,0.04241300684000332,0.057415890198484344,1.3639144716649955e-06,1.3639144716649954,26,49.36596393585205,PRY,10,Apple M4,1,Apple M4,16.0,28,256,284,0.00022428082108782947,-1,8,512,42,15.6.1,0.3.21,3.13.5
2026-06-20T23:45:27.435008,qwen2.5-7b,q8,gpu,5,Three switches control three light bulbs in another room. You can only enter the room once. How do y,Zheng et al. 2023,1,48.96097278594971,256,5.228654281833716,0.38955073070562657,0.6617551618708531,3.0083443556549314,0.005297995201340279,0.009000049019811274,0.04091429614666292,0.05521234036781447,1.3115691454374326e-06,1.3115691454374327,26,48.96097278594971,PRY,10,Apple M4,1,Apple M4,16.0,28,256,284,0.00021567320456177528,-1,8,512,42,15.6.1,0.3.21,3.13.5
2026-06-20T23:46:22.662543,qwen2.5-7b,q8,gpu,5,Three switches control three light bulbs in another room. You can only enter the room once. How do y,Zheng et al. 2023,2,49.970072984695435,256,5.123066361708263,0.24206665085498705,0.9648471982450517,2.1304239621101946,0.0033600245028845804,0.013392634698717815,0.02957151135416401,0.04632417055576641,1.100430671552231e-06,1.100430671552231,26,49.970072984695435,PRY,10,Apple M4,1,Apple M4,16.0,28,256,284,0.00018095379123346254,-1,8,512,42,15.6.1,0.3.21,3.13.5
2026-06-20T23:47:21.021489,qwen2.5-7b,q8,gpu,5,Three switches control three light bulbs in another room. You can only enter the room once. How do y,Zheng et al. 2023,3,51.13259482383728,256,5.00659121411645,0.45661970518050315,0.5977568487918523,3.0894600849855953,0.006485597325992972,0.008490238542346542,0.043881141874996206,0.058856977743335724,1.39814750629294e-06,1.39814750629294,26,51.13259482383728,PRY,10,Apple M4,1,Apple M4,16.0,28,256,284,0.00022991006930990517,-1,8,512,42,15.6.1,0.3.21,3.13.5
2026-06-20T23:48:15.836109,qwen2.5-7b,q8,gpu,5,Three switches control three light bulbs in another room. You can only enter the room once. How do y,Zheng et al. 2023,4,50.577805042266846,256,5.061508695089991,0.23752389315151112,0.964148271000583,2.1241565428008253,0.0033370658779714865,0.013545695356251709,0.02984310430584325,0.04672586554006644,1.1099729359042783e-06,1.1099729359042783,26,50.577805042266846,PRY,10,Apple M4,1,Apple M4,16.0,28,256,284,0.00018252291226588454,-1,8,512,42,15.6.1,0.3.21,3.13.5
2026-06-20T23:49:11.655615,qwen2.5-7b,q8,gpu,5,Three switches control three light bulbs in another room. You can only enter the room once. How do y,Zheng et al. 2023,5,48.54819202423096,256,5.273110888912763,0.508625330431049,0.7207993037494752,3.0572640851158632,0.0068591222805984686,0.009720417502600416,0.04122906774249714,0.057808607525696026,1.373243471772909e-06,1.373243471772909,26,48.54819202423096,PRY,10,Apple M4,1,Apple M4,16.0,28,256,284,0.0002258148731472501,-1,8,512,42,15.6.1,0.3.21,3.13.5
2026-06-20T23:50:05.888257,qwen2.5-7b,q8,gpu,5,Three switches control three light bulbs in another room. You can only enter the room once. How do y,Zheng et al. 2023,6,49.05091190338135,256,5.219067088992336,0.42703949751410253,0.7203364242621813,3.0419888123160272,0.0058185213255079115,0.00981476624646694,0.0414478681233292,0.057081155695304045,1.3559628535419476e-06,1.3559628535419477,26,49.05091190338135,PRY,10,Apple M4,1,Apple M4,16.0,28,256,284,0.00022297326443478143,-1,8,512,42,15.6.1,0.3.21,3.13.5
2026-06-20T23:51:00.531416,qwen2.5-7b,q8,gpu,5,Three switches control three light bulbs in another room. You can only enter the room once. How do y,Zheng et al. 2023,7,47.241051197052,256,5.419015739767773,0.41975967703599193,0.7339929572382914,3.0616369256407383,0.005508302331476474,0.009631833019769368,0.040176374097494166,0.05531650944874,1.3140436819548187e-06,1.3140436819548187,26,47.241051197052,PRY,10,Apple M4,1,Apple M4,16.0,28,256,284,0.00021608011503414064,-1,8,512,42,15.6.1,0.3.21,3.13.5
2026-06-20T23:51:53.369681,qwen2.5-7b,q8,gpu,5,Three switches control three light bulbs in another room. You can only enter the room once. How do y,Zheng et al. 2023,8,47.52229619026184,256,5.386945087313751,0.44255329850091846,0.740237908510247,3.053753895686063,0.005841985814260558,0.009771612538745528,0.04031149920082196,0.05592509755382805,1.3285006923911853e-06,1.3285006923911853,26,47.52229619026184,PRY,10,Apple M4,1,Apple M4,16.0,28,256,284,0.00021845741231964083,-1,8,512,42,15.6.1,0.3.21,3.13.5
2026-06-20T23:52:46.217375,qwen2.5-7b,q8,gpu,5,Three switches control three light bulbs in another room. You can only enter the room once. How do y,Zheng et al. 2023,9,45.49895191192627,256,5.626503232328234,0.8606391220547395,0.779348486865682,3.075709966833928,0.010877271674414176,0.00984987203514838,0.03887266107666923,0.05959980478623178,1.4157933626969359e-06,1.415793362696936,26,45.49895191192627,PRY,10,Apple M4,1,Apple M4,16.0,28,256,284,0.0002328117374462179,-1,8,512,42,15.6.1,0.3.21,3.13.5
2026-06-20T23:53:40.104409,qwen2.5-7b,q8,gpu,5,Three switches control three light bulbs in another room. You can only enter the room once. How do y,Zheng et al. 2023,10,48.66679120063782,256,5.260260512031558,0.4093272601943667,0.7263228566289488,3.0773582418561087,0.0055335123068356645,0.009818834113281069,0.04160143083499254,0.05695377725510929,1.352936978695121e-06,1.352936978695121,26,48.66679120063782,PRY,10,Apple M4,1,Apple M4,16.0,28,256,284,0.00022247569240277067,-1,8,512,42,15.6.1,0.3.21,3.13.5
2026-06-20T23:54:12.547443,qwen2.5-7b,q8,gpu,6,"Given that f(x) = 4x³ - 9x - 14, find the value of f(2).",Zheng et al. 2023,1,25.327805995941162,141,5.567004106972218,0.38026725498300795,0.8213296177326279,2.46462530193043,0.0026753709057829767,0.005778465893514588,0.017339875416661623,0.025793712215959188,6.127296336901105e-07,0.6127296336901105,26,25.327805995941162,PRY,10,Apple M4,1,Apple M4,16.0,27,141,168,0.00018293412919119991,-1,8,512,42,15.6.1,0.3.21,3.13.5
2026-06-20T23:54:44.164221,qwen2.5-7b,q8,gpu,6,"Given that f(x) = 4x³ - 9x - 14, find the value of f(2).",Zheng et al. 2023,2,26.584231853485107,141,5.30389596273083,0.38157726971477496,0.7335313055004418,2.4917338166883787,0.002817760724477055,0.0054167684158926,0.018400230416670337,0.026634759557039988,6.327087132774849e-07,0.6327087132774849,26,26.584231853485107,PRY,10,Apple M4,1,Apple M4,16.0,27,141,168,0.0001888990039506382,-1,8,512,42,15.6.1,0.3.21,3.13.5
2026-06-20T23:55:19.150769,qwen2.5-7b,q8,gpu,6,"Given that f(x) = 4x³ - 9x - 14, find the value of f(2).",Zheng et al. 2023,3,27.906863927841187,141,5.052520425246773,0.4101767871555,0.6312020393620572,2.551301363746629,0.0031796521626410042,0.0048930192842924405,0.019777449999164674,0.02785012144609812,6.615796349520608e-07,0.6615796349520607,26,27.906863927841187,PRY,10,Apple M4,1,Apple M4,16.0,27,141,168,0.00019751859181629873,-1,8,512,42,15.6.1,0.3.21,3.13.5
2026-06-20T23:55:51.563072,qwen2.5-7b,q8,gpu,6,"Given that f(x) = 4x³ - 9x - 14, find the value of f(2).",Zheng et al. 2023,4,27.359126806259155,141,5.153673251287477,0.3870802883855264,0.703205053290845,2.4913033586800766,0.0029417163039286054,0.005344187839940682,0.018933301250829874,0.027219205394699166,6.465922241510786e-07,0.6465922241510786,26,27.359126806259155,PRY,10,Apple M4,1,Apple M4,16.0,27,141,168,0.00019304400989148346,-1,8,512,42,15.6.1,0.3.21,3.13.5
2026-06-20T23:56:24.906823,qwen2.5-7b,q8,gpu,6,"Given that f(x) = 4x³ - 9x - 14, find the value of f(2).",Zheng et al. 2023,5,26.256736993789673,141,5.370050362059451,0.3623816993337416,0.755922218049548,2.4714379976209164,0.002643044714102394,0.0055133474630803085,0.01802552708333072,0.026181919260513418,6.219514920334962e-07,0.6219514920334962,26,26.256736993789673,PRY,10,Apple M4,1,Apple M4,16.0,27,141,168,0.00018568737064193912,-1,8,512,42,15.6.1,0.3.21,3.13.5
2026-06-20T23:56:56.586444,qwen2.5-7b,q8,gpu,6,"Given that f(x) = 4x³ - 9x - 14, find the value of f(2).",Zheng et al. 2023,6,26.629059076309204,141,5.29496741120087,0.4087475606880479,0.7552478085917239,2.4817238637159793,0.0030234897057942528,0.005586538475622801,0.018357214271660875,0.02696724245307793,6.406068444728662e-07,0.6406068444728662,26,26.629059076309204,PRY,10,Apple M4,1,Apple M4,16.0,27,141,168,0.00019125703867431157,-1,8,512,42,15.6.1,0.3.21,3.13.5
2026-06-20T23:57:30.028504,qwen2.5-7b,q8,gpu,6,"Given that f(x) = 4x³ - 9x - 14, find the value of f(2).",Zheng et al. 2023,7,26.40362024307251,141,5.340176790226106,0.31163517051467976,0.7511726920613133,2.410603339203538,0.0022856379712929867,0.0055093551383759345,0.017680181979170203,0.025475175088839123,6.051627842353733e-07,0.6051627842353734,26,26.40362024307251,PRY,10,Apple M4,1,Apple M4,16.0,27,141,168,0.0001806750006300647,-1,8,512,42,15.6.1,0.3.21,3.13.5
2026-06-20T23:58:03.303647,qwen2.5-7b,q8,gpu,6,"Given that f(x) = 4x³ - 9x - 14, find the value of f(2).",Zheng et al. 2023,8,28.261489152908325,141,4.989121388371356,0.4412671539177889,0.6828291814688622,2.541198386094402,0.003464129689995089,0.005360491529269867,0.0199494585066653,0.028774079725930258,6.835282638894732e-07,0.6835282638894733,26,28.261489152908325,PRY,10,Apple M4,1,Apple M4,16.0,27,141,168,0.0002040714874179451,-1,8,512,42,15.6.1,0.3.21,3.13.5
2026-06-20T23:58:37.255279,qwen2.5-7b,q8,gpu,6,"Given that f(x) = 4x³ - 9x - 14, find the value of f(2).",Zheng et al. 2023,9,26.87499690055847,141,5.246512232977038,0.3756725123259863,0.7185128970844957,2.4723558758290847,0.002804499334551638,0.0053638977450436425,0.018456821249995606,0.026625218329590885,6.324820614194314e-07,0.6324820614194313,26,26.87499690055847,PRY,10,Apple M4,1,Apple M4,16.0,27,141,168,0.00018883133567085733,-1,8,512,42,15.6.1,0.3.21,3.13.5
2026-06-20T23:59:10.911589,qwen2.5-7b,q8,gpu,6,"Given that f(x) = 4x³ - 9x - 14, find the value of f(2).",Zheng et al. 2023,10,28.556329011917114,141,4.93760945047096,0.46474421417765643,0.6538803909397757,2.543278307856121,0.0036864968573450084,0.005186784327254783,0.02017408114666978,0.029047362331269574,6.900200921793086e-07,0.6900200921793086,26,28.556329011917114,PRY,10,Apple M4,1,Apple M4,16.0,27,141,168,0.0002060096619238977,-1,8,512,42,15.6.1,0.3.21,3.13.5
2026-06-21T00:00:07.453610,qwen2.5-7b,q8,gpu,7,"Calculate the compound interest on $10,000 at 5% annual rate over 3 years.",Zheng et al. 2023,1,49.26889514923096,256,5.195976066128528,0.399347489222126,0.6966122325079672,3.014605839020724,0.005465391548498212,0.009533698623085203,0.04125730527749207,0.056256395449075486,1.336370673892788e-06,1.336370673892788,26,49.26889514923096,PRY,10,Apple M4,1,Apple M4,16.0,23,256,279,0.00021975154472295112,-1,8,512,42,15.6.1,0.3.21,3.13.5
2026-06-21T00:01:01.871191,qwen2.5-7b,q8,gpu,7,"Calculate the compound interest on $10,000 at 5% annual rate over 3 years.",Zheng et al. 2023,2,49.23828983306885,256,5.199205757712329,0.4512065061486699,0.6874585176269089,3.0754742374567536,0.006171287978976269,0.009402578260868225,0.04206419218834223,0.05763805842818672,1.3691920779615754e-06,1.3691920779615754,26,49.23828983306885,PRY,10,Apple M4,1,Apple M4,16.0,23,256,279,0.00022514866573510438,-1,8,512,42,15.6.1,0.3.21,3.13.5
2026-06-21T00:01:57.273883,qwen2.5-7b,q8,gpu,7,"Calculate the compound interest on $10,000 at 5% annual rate over 3 years.",Zheng et al. 2023,3,48.15891194343567,256,5.315734713871463,0.3743058988484079,0.7125442787171409,3.012585371393283,0.005007268006263615,0.009532043659593797,0.040300787117503206,0.054840098783360616,1.3027265465987314e-06,1.3027265465987314,26,48.15891194343567,PRY,10,Apple M4,1,Apple M4,16.0,23,256,279,0.0002142191358725024,-1,8,512,42,15.6.1,0.3.21,3.13.5
2026-06-21T00:02:50.596704,qwen2.5-7b,q8,gpu,7,"Calculate the compound interest on $10,000 at 5% annual rate over 3 years.",Zheng et al. 2023,4,48.10004425048828,256,5.322240425951401,0.4614887627377761,0.7185165157372726,3.0737646488026646,0.006166008307997255,0.009600187833797076,0.041068948784165206,0.05683514492595954,1.3501188677161688e-06,1.3501188677161688,26,48.10004425048828,PRY,10,Apple M4,1,Apple M4,16.0,23,256,279,0.00022201228486702946,-1,8,512,42,15.6.1,0.3.21,3.13.5
2026-06-21T00:03:45.047586,qwen2.5-7b,q8,gpu,7,"Calculate the compound interest on $10,000 at 5% annual rate over 3 years.",Zheng et al. 2023,5,47.07215595245361,256,5.438459208424171,0.5196828850425599,0.7671197897656177,3.0117605488728416,0.0067951649473734456,0.010030550660572384,0.039380572846663804,0.05620628845460964,1.335180382239252e-06,1.335180382239252,26,47.07215595245361,PRY,10,Apple M4,1,Apple M4,16.0,23,256,279,0.0002195558142758189,-1,8,512,42,15.6.1,0.3.21,3.13.5
2026-06-21T00:04:37.910010,qwen2.5-7b,q8,gpu,7,"Calculate the compound interest on $10,000 at 5% annual rate over 3 years.",Zheng et al. 2023,6,46.65589785575867,256,5.48698046260838,0.5653386681307048,0.7848603347487357,3.0240383635994297,0.007326773098393558,0.010171767669187103,0.039191451389997384,0.05668999215757805,1.3466707637032666e-06,1.3466707637032667,26,46.65589785575867,PRY,10,Apple M4,1,Apple M4,16.0,23,256,279,0.00022144528186553926,-1,8,512,42,15.6.1,0.3.21,3.13.5
2026-06-21T00:05:30.772510,qwen2.5-7b,q8,gpu,7,"Calculate the compound interest on $10,000 at 5% annual rate over 3 years.",Zheng et al. 2023,7,45.6293671131134,256,5.610421888284931,0.7958166990823885,0.7960252786654941,3.0123562399467363,0.010086836754771223,0.010089480464318398,0.03818108576333543,0.058357402982425054,1.3862801078475072e-06,1.386280107847507,26,45.6293671131134,PRY,10,Apple M4,1,Apple M4,16.0,23,256,279,0.00022795860540009787,-1,8,512,42,15.6.1,0.3.21,3.13.5
2026-06-21T00:06:23.819740,qwen2.5-7b,q8,gpu,7,"Calculate the compound interest on $10,000 at 5% annual rate over 3 years.",Zheng et al. 2023,8,47.744112730026245,256,5.36191763469513,0.422752749062313,0.7527197731687645,3.0592870989341896,0.005606654141155436,0.009982760473413687,0.040573041145841364,0.05616245576041049,1.3341391365885513e-06,1.3341391365885513,26,47.744112730026245,PRY,10,Apple M4,1,Apple M4,16.0,23,256,279,0.00021938459281410348,-1,8,512,42,15.6.1,0.3.21,3.13.5
2026-06-21T00:07:18.678722,qwen2.5-7b,q8,gpu,7,"Calculate the compound interest on $10,000 at 5% annual rate over 3 years.",Zheng et al. 2023,9,47.56201791763306,256,5.382446145227388,0.406876638511781,0.7261949194809848,3.0610902459003104,0.005375520547545455,0.009594248825569082,0.04044211920083399,0.05541188857394852,1.316309413074147e-06,1.316309413074147,26,47.56201791763306,PRY,10,Apple M4,1,Apple M4,16.0,23,256,279,0.0002164526897419864,-1,8,512,42,15.6.1,0.3.21,3.13.5
2026-06-21T00:08:12.263111,qwen2.5-7b,q8,gpu,7,"Calculate the compound interest on $10,000 at 5% annual rate over 3 years.",Zheng et al. 2023,10,48.36789512634277,256,5.2927670168672245,0.4058138884558642,0.7193550919985634,3.0215240656690625,0.005452323221568502,0.009664914346774215,0.040595766425000575,0.05571300399334329,1.3234624098618696e-06,1.3234624098618697,26,48.36789512634277,PRY,10,Apple M4,1,Apple M4,16.0,23,256,279,0.0002176289218489972,-1,8,512,42,15.6.1,0.3.21,3.13.5
2026-06-21T00:09:07.563077,qwen2.5-7b,q8,gpu,8,What is the area of a circle with radius 7 cm?,Zheng et al. 2023,1,48.043630838394165,256,5.328489864996154,0.4133871973720806,0.6952462128240439,3.0408428718552227,0.005516839417739618,0.009278375664086107,0.04058142565915963,0.05537664074098535,1.315472100802107e-06,1.3154721008021069,26,48.043630838394165,PRY,10,Apple M4,1,Apple M4,16.0,13,256,269,0.000216315002894474,-1,8,512,42,15.6.1,0.3.21,3.13.5
2026-06-21T00:10:01.359478,qwen2.5-7b,q8,gpu,8,What is the area of a circle with radius 7 cm?,Zheng et al. 2023,2,48.574390172958374,256,5.270266885255032,0.3930753701345343,0.713881446916939,3.016165629734737,0.005303721221193027,0.009632321094383185,0.04069677947916717,0.05563282179474338,1.3215576817341288e-06,1.3215576817341288,26,48.574390172958374,PRY,10,Apple M4,1,Apple M4,16.0,13,256,269,0.00021731571013571633,-1,8,512,42,15.6.1,0.3.21,3.13.5
2026-06-21T00:10:56.241068,qwen2.5-7b,q8,gpu,8,What is the area of a circle with radius 7 cm?,Zheng et al. 2023,3,47.59651184082031,256,5.378545403834533,0.39939545586784375,0.7179011922001882,3.007527880398317,0.0052805084845510145,0.009491553498637577,0.03976328788082659,0.05453534986401517,1.2954872360196804e-06,1.2954872360196803,26,47.59651184082031,PRY,10,Apple M4,1,Apple M4,16.0,13,256,269,0.00021302871040630925,-1,8,512,42,15.6.1,0.3.21,3.13.5
2026-06-21T00:11:50.270690,qwen2.5-7b,q8,gpu,8,What is the area of a circle with radius 7 cm?,Zheng et al. 2023,4,48.78136992454529,256,5.247905099753844,0.35489585471554475,0.7146575083624719,2.979360186128516,0.004808973881546297,0.009683881190217656,0.0403714642716659,0.054864319343429856,1.3033019060031762e-06,1.303301906003176,26,48.78136992454529,PRY,10,Apple M4,1,Apple M4,16.0,13,256,269,0.00021431374743527287,-1,8,512,42,15.6.1,0.3.21,3.13.5
2026-06-21T00:12:45.224937,qwen2.5-7b,q8,gpu,8,What is the area of a circle with radius 7 cm?,Zheng et al. 2023,5,47.659351110458374,256,5.371453744862744,0.39338502906750344,0.7257210296503691,3.0083086091277926,0.005207909783868339,0.009607609266763977,0.039826121180843374,0.0546416402314757,1.298012163698705e-06,1.298012163698705,26,47.659351110458374,PRY,10,Apple M4,1,Apple M4,16.0,13,256,269,0.00021344390715420195,-1,8,512,42,15.6.1,0.3.21,3.13.5
2026-06-21T00:13:39.126549,qwen2.5-7b,q8,gpu,8,What is the area of a circle with radius 7 cm?,Zheng et al. 2023,6,48.65964388847351,256,5.261033158950866,0.3917823549107028,0.7347139087628992,2.9994326476067403,0.00529555274215065,0.009930810322308638,0.040542034583334795,0.05576839764779409,1.3247782861233483e-06,1.3247782861233484,26,48.65964388847351,PRY,10,Apple M4,1,Apple M4,16.0,13,256,269,0.00021784530331169565,-1,8,512,42,15.6.1,0.3.21,3.13.5
2026-06-21T00:14:33.209209,qwen2.5-7b,q8,gpu,8,What is the area of a circle with radius 7 cm?,Zheng et al. 2023,7,46.84826993942261,256,5.46444938801416,0.5195584387731981,0.7576335451151505,3.0455278830674284,0.006761226108042155,0.009859394676865635,0.03963269788166144,0.056253318666569234,1.336297584924352e-06,1.336297584924352,26,46.84826993942261,PRY,10,Apple M4,1,Apple M4,16.0,13,256,269,0.00021973952604128607,-1,8,512,42,15.6.1,0.3.21,3.13.5
2026-06-21T00:15:26.538903,qwen2.5-7b,q8,gpu,8,What is the area of a circle with radius 7 cm?,Zheng et al. 2023,8,48.07709312438965,256,5.3247811663166145,0.3867693819903768,0.7373406180432452,2.8914384994604108,0.005165207665448327,0.009846998210572257,0.038614432778334346,0.05362663865435494,1.2739008012342017e-06,1.2739008012342017,26,48.07709312438965,PRY,10,Apple M4,1,Apple M4,16.0,13,256,269,0.000209479057243574,-1,8,512,42,15.6.1,0.3.21,3.13.5
2026-06-21T00:16:21.368077,qwen2.5-7b,q8,gpu,8,What is the area of a circle with radius 7 cm?,Zheng et al. 2023,9,47.516600131988525,256,5.387590848017321,0.38417717306804006,0.7348917118670559,3.001566833439809,0.0050707758645866146,0.009699876559194284,0.039617847498332893,0.054388499922113795,1.291998815649813e-06,1.291998815649813,26,47.516600131988525,PRY,10,Apple M4,1,Apple M4,16.0,13,256,269,0.000212455077820757,-1,8,512,42,15.6.1,0.3.21,3.13.5
2026-06-21T00:17:15.843359,qwen2.5-7b,q8,gpu,8,What is the area of a circle with radius 7 cm?,Zheng et al. 2023,10,48.229501247406006,256,5.307954537758542,0.3940643347772142,0.7121621122729055,3.0087538954965996,0.005279312868248853,0.009540895411728164,0.04030852770999748,0.0551287359899745,1.3095831234418442e-06,1.3095831234418442,26,48.229501247406006,PRY,10,Apple M4,1,Apple M4,16.0,13,256,269,0.0002153466249608379,-1,8,512,42,15.6.1,0.3.21,3.13.5
2026-06-21T00:17:42.989493,qwen2.5-7b,q8,gpu,9,Solve for x: 2x + 5 = 15,Zheng et al. 2023,1,19.94404101371765,109,5.465291608908598,0.27539627771383857,0.9828138318240641,2.2846743092156134,0.001525698516041659,0.005444799825207816,0.012657121701662012,0.019627620042911492,4.6625411411936243e-07,0.4662541141193624,26,19.94404101371765,PRY,10,Apple M4,1,Apple M4,16.0,15,109,124,0.00018006990865056415,-1,8,512,42,15.6.1,0.3.21,3.13.5
2026-06-21T00:18:08.820496,qwen2.5-7b,q8,gpu,9,Solve for x: 2x + 5 = 15,Zheng et al. 2023,2,20.70219111442566,109,5.265143162747002,0.3087514232359303,0.9823644258256682,2.3198398291536204,0.0017755086029669867,0.005649193357626671,0.01334049097166523,0.020765192932258893,4.932771581058099e-07,0.4932771581058099,26,20.70219111442566,PRY,10,Apple M4,1,Apple M4,16.0,15,109,124,0.0001905063571766871,-1,8,512,42,15.6.1,0.3.21,3.13.5
2026-06-21T00:18:36.105698,qwen2.5-7b,q8,gpu,9,Solve for x: 2x + 5 = 15,Zheng et al. 2023,3,20.085368156433105,109,5.426836050554971,0.246340274671536,0.9927188810185402,2.2652896388876886,0.0013743986412596261,0.0055386456114165815,0.012638660105003509,0.019551704357679715,4.644507370166816e-07,0.4644507370166816,26,20.085368156433105,PRY,10,Apple M4,1,Apple M4,16.0,15,109,124,0.00017937343447412582,-1,8,512,42,15.6.1,0.3.21,3.13.5
2026-06-21T00:19:02.192663,qwen2.5-7b,q8,gpu,9,Solve for x: 2x + 5 = 15,Zheng et al. 2023,4,20.944944858551025,109,5.204119692656982,0.29432716196558045,0.9394431738503541,2.3168450825592517,0.0017124072715952498,0.005465718187232731,0.013479497916669062,0.020657623375497043,4.907218432849322e-07,0.4907218432849322,26,20.944944858551025,PRY,10,Apple M4,1,Apple M4,16.0,15,109,124,0.00018951948050914717,-1,8,512,42,15.6.1,0.3.21,3.13.5
2026-06-21T00:19:30.980650,qwen2.5-7b,q8,gpu,9,Solve for x: 2x + 5 = 15,Zheng et al. 2023,5,21.636679887771606,109,5.037741491087248,0.33669996281319303,0.9286514087740546,2.3545412125714775,0.0020236303648926836,0.005581370349714543,0.014151237360826293,0.021756238075433518,5.168194354819233e-07,0.5168194354819232,26,21.636679887771606,PRY,10,Apple M4,1,Apple M4,16.0,15,109,124,0.00019959851445351852,-1,8,512,42,15.6.1,0.3.21,3.13.5
2026-06-21T00:19:57.934500,qwen2.5-7b,q8,gpu,9,Solve for x: 2x + 5 = 15,Zheng et al. 2023,6,21.831109285354614,109,4.9928750103927415,0.34425646042599517,0.9065215045505113,2.3824286969648996,0.0020876390027081268,0.005497325009823973,0.014447517013334922,0.022032481025867023,5.23381586769471e-07,0.523381586769471,26,21.831109285354614,PRY,10,Apple M4,1,Apple M4,16.0,15,109,124,0.00020213285344832131,-1,8,512,42,15.6.1,0.3.21,3.13.5
2026-06-21T00:20:25.010271,qwen2.5-7b,q8,gpu,9,Solve for x: 2x + 5 = 15,Zheng et al. 2023,7,19.90432071685791,109,5.47619793463651,0.2696988083814141,1.0004085266497549,2.292442456293025,0.0014911587719383533,0.005531236711754449,0.012674863854166081,0.019697259337858885,4.6790839557083775e-07,0.46790839557083774,26,19.90432071685791,PRY,10,Apple M4,1,Apple M4,16.0,15,109,124,0.00018070880126476043,-1,8,512,42,15.6.1,0.3.21,3.13.5
2026-06-21T00:20:50.662350,qwen2.5-7b,q8,gpu,9,Solve for x: 2x + 5 = 15,Zheng et al. 2023,8,20.527699947357178,109,5.3098983461141795,0.2849597012482967,0.9510342339795791,2.313412614407978,0.001624879790087105,0.005422929276332633,0.0131914000008328,0.02023920906725254,4.807824113925841e-07,0.48078241139258404,26,20.527699947357178,PRY,10,Apple M4,1,Apple M4,16.0,15,109,124,0.00018568081713075726,-1,8,512,42,15.6.1,0.3.21,3.13.5
2026-06-21T00:21:17.808033,qwen2.5-7b,q8,gpu,9,Solve for x: 2x + 5 = 15,Zheng et al. 2023,9,19.968497276306152,109,5.458598035283065,0.8113233980661508,0.015946768436899218,5.2543036875146765,0.004500252517913163,8.84536116939186e-05,0.02914459690917283,0.03373330303877991,8.013346136862168e-07,0.8013346136862168,26,19.968497276306152,PRY,10,Apple M4,1,Apple M4,16.0,15,109,124,0.0003094798443924762,-1,8,512,42,15.6.1,0.3.21,3.13.5
2026-06-21T00:21:43.566158,qwen2.5-7b,q8,gpu,9,Solve for x: 2x + 5 = 15,Zheng et al. 2023,10,19.564757108688354,109,5.571242177680554,0.8992987754414122,1.062356999227884,5.301613536359325,0.00488737836379225,0.005773543514613492,0.028812439200834584,0.03947336107924032,9.376896924373537e-07,0.9376896924373538,26,19.564757108688354,PRY,10,Apple M4,1,Apple M4,16.0,15,109,124,0.00036214092733248,-1,8,512,42,15.6.1,0.3.21,3.13.5
2026-06-21T00:22:35.587183,qwen2.5-7b,q8,gpu,10,"If the probability of rain is 30%, what is the probability of no rain?",Zheng et al. 2023,1,44.9196081161499,253,5.632284220864322,0.32543632943798834,0.8192808197934299,2.3389912091694383,0.004060686773642415,0.010222714822833028,0.029185157917502993,0.04346855951397844,1.0325956312545578e-06,1.0325956312545577,26,44.9196081161499,PRY,10,Apple M4,1,Apple M4,16.0,18,253,271,0.00017181248819754324,-1,8,512,42,15.6.1,0.3.21,3.13.5
2026-06-21T00:23:26.361514,qwen2.5-7b,q8,gpu,10,"If the probability of rain is 30%, what is the probability of no rain?",Zheng et al. 2023,2,45.555721044540405,253,5.553638361966408,0.8585262521869038,0.7934505290802093,2.983314148229961,0.010864106237233705,0.010040614157061391,0.03775195197916521,0.05865667237346031,1.3933892522315496e-06,1.3933892522315496,26,45.555721044540405,PRY,10,Apple M4,1,Apple M4,16.0,18,253,271,0.0002318445548358115,-1,8,512,42,15.6.1,0.3.21,3.13.5
2026-06-21T00:24:17.962546,qwen2.5-7b,q8,gpu,10,"If the probability of rain is 30%, what is the probability of no rain?",Zheng et al. 2023,3,44.53530192375183,253,5.680886601670674,0.34883245268613455,0.8192244887755353,2.3506148347718243,0.0043153773892166325,0.010134558319708251,0.029079261492503672,0.04352919720142856,1.0340360795199354e-06,1.0340360795199355,26,44.53530192375183,PRY,10,Apple M4,1,Apple M4,16.0,18,253,271,0.0001720521628514963,-1,8,512,42,15.6.1,0.3.21,3.13.5
2026-06-21T00:25:08.685412,qwen2.5-7b,q8,gpu,10,"If the probability of rain is 30%, what is the probability of no rain?",Zheng et al. 2023,4,45.49209380149841,253,5.561405924817352,0.9217749296969141,0.791232603944057,3.017771999526922,0.011648186546011562,0.009998563288174136,0.038134657465003934,0.05978140729918963,1.4201073303922496e-06,1.4201073303922496,26,45.49209380149841,PRY,10,Apple M4,1,Apple M4,16.0,18,253,271,0.00023629014742762702,-1,8,512,42,15.6.1,0.3.21,3.13.5
2026-06-21T00:26:02.241717,qwen2.5-7b,q8,gpu,10,"If the probability of rain is 30%, what is the probability of no rain?",Zheng et al. 2023,5,46.2918860912323,253,5.465320628789811,0.7239929870856513,0.7728828309940974,2.9890020542539104,0.009309722469172218,0.009938389992846639,0.038435150728328156,0.05768326319034701,1.3702659170866931e-06,1.370265917086693,26,46.2918860912323,PRY,10,Apple M4,1,Apple M4,16.0,18,253,271,0.00022799708770888146,-1,8,512,42,15.6.1,0.3.21,3.13.5
2026-06-21T00:26:54.746504,qwen2.5-7b,q8,gpu,10,"If the probability of rain is 30%, what is the probability of no rain?",Zheng et al. 2023,6,47.210997104644775,253,5.358920919192131,0.48561120811891106,0.7564682021505414,3.0137759680152305,0.006368385927912489,0.009920449472634736,0.03952315791667085,0.05581199331721808,1.3258139012505155e-06,1.3258139012505155,26,47.210997104644775,PRY,10,Apple M4,1,Apple M4,16.0,18,253,271,0.0002206007640996762,-1,8,512,42,15.6.1,0.3.21,3.13.5
2026-06-21T00:27:50.249525,qwen2.5-7b,q8,gpu,10,"If the probability of rain is 30%, what is the probability of no rain?",Zheng et al. 2023,7,48.20124888420105,253,5.2488266560853765,0.3551553797510981,0.6970618210115003,2.907259422647689,0.00475525912554045,0.009333125089513814,0.03892598194499442,0.05301436616004868,1.2593562681319564e-06,1.2593562681319563,26,48.20124888420105,PRY,10,Apple M4,1,Apple M4,16.0,18,253,271,0.00020954294924920429,-1,8,512,42,15.6.1,0.3.21,3.13.5
2026-06-21T00:28:45.073785,qwen2.5-7b,q8,gpu,10,"If the probability of rain is 30%, what is the probability of no rain?",Zheng et al. 2023,8,49.587674140930176,253,5.102074343736384,0.3968457672576736,0.697250633326103,2.986552995570976,0.00546629405305026,0.009604176999981107,0.04113783798583123,0.056208309038862606,1.335228381218181e-06,1.3352283812181809,26,49.587674140930176,PRY,10,Apple M4,1,Apple M4,16.0,18,253,271,0.000222167229402619,-1,8,512,42,15.6.1,0.3.21,3.13.5
2026-06-21T00:29:42.259069,qwen2.5-7b,q8,gpu,10,"If the probability of rain is 30%, what is the probability of no rain?",Zheng et al. 2023,9,49.94867777824402,253,5.065199145475646,0.3691614117321517,0.6841909567524002,2.9472641930291643,0.005121979000769699,0.009492898232670589,0.04089220819582503,0.055507085429265315,1.3185708143721975e-06,1.3185708143721975,26,49.94867777824402,PRY,10,Apple M4,1,Apple M4,16.0,18,253,271,0.00021939559458207633,-1,8,512,42,15.6.1,0.3.21,3.13.5
2026-06-21T00:30:37.341970,qwen2.5-7b,q8,gpu,10,"If the probability of rain is 30%, what is the probability of no rain?",Zheng et al. 2023,10,49.89802694320679,253,5.070340762931587,0.39308293146533957,0.6801321678835879,2.9473176848532603,0.005448350751436728,0.009427014788332475,0.04085148256916606,0.05572684810893525,1.3237912768277569e-06,1.3237912768277569,26,49.89802694320679,PRY,10,Apple M4,1,Apple M4,16.0,18,253,271,0.00022026422177444765,-1,8,512,42,15.6.1,0.3.21,3.13.5
